PROVIDER;DESCRIPTION;ACCOUNTID;REGION;ASSESSMENTDATE;REQUIREMENTS_ID;REQUIREMENTS_DESCRIPTION;REQUIREMENTS_ATTRIBUTES_SECTION;REQUIREMENTS_ATTRIBUTES_SUBSECTION;REQUIREMENTS_ATTRIBUTES_PROFILE;REQUIREMENTS_ATTRIBUTES_ASSESSMENTSTATUS;REQUIREMENTS_ATTRIBUTES_DESCRIPTION;REQUIREMENTS_ATTRIBUTES_RATIONALESTATEMENT;REQUIREMENTS_ATTRIBUTES_IMPACTSTATEMENT;REQUIREMENTS_ATTRIBUTES_REMEDIATIONPROCEDURE;REQUIREMENTS_ATTRIBUTES_AUDITPROCEDURE;REQUIREMENTS_ATTRIBUTES_ADDITIONALINFORMATION;REQUIREMENTS_ATTRIBUTES_DEFAULTVALUE;REQUIREMENTS_ATTRIBUTES_REFERENCES;STATUS;STATUSEXTENDED;RESOURCEID;RESOURCENAME;CHECKID;MUTED;FRAMEWORK;NAME
aws;The CIS Benchmark for CIS Amazon Web Services Foundations Benchmark, v1.4.0, Level 1 and 2 provides prescriptive guidance for configuring security options for a subset of Amazon Web Services. It has an emphasis on foundational, testable, and architecture agnostic settings;<SANDBOX_ACCOUNT_ID>;ap-southeast-7;2026-08-19 02:30:11.271115;1.20;Ensure that IAM Access analyzer is enabled for all regions;1 Identity and Access Management;;Level 1;Automated;Enable IAM Access analyzer for IAM policies about all resources in each region.  IAM Access Analyzer is a technology introduced at AWS reinvent 2019. After the Analyzer is enabled in IAM, scan results are displayed on the console showing the accessible resources. Scans show resources that other accounts and federated users can access, such as KMS keys and IAM roles. So the results allow you to determine if an unintended user is allowed, making it easier for administrators to monitor least privileges access. Access Analyzer analyzes only policies that are applied to resources in the same AWS Region.;AWS IAM Access Analyzer helps you identify the resources in your organization and accounts, such as Amazon S3 buckets or IAM roles, that are shared with an external entity. This lets you identify unintended access to your resources and data. Access Analyzer identifies resources that are shared with external principals by using logic-based reasoning to analyze the resource-based policies in your AWS environment. IAM Access Analyzer continuously monitors all policies for S3 bucket, IAM roles, KMS(Key Management Service) keys, AWS Lambda functions, and Amazon SQS(Simple Queue Service) queues.;;**From Console:**  Perform the following to enable IAM Access analyzer for IAM policies:  1. Open the IAM console at `https://console.aws.amazon.com/iam/.` 2. Choose `Access analyzer`. 3. Choose `Create analyzer`. 4. On the `Create analyzer` page, confirm that the `Region` displayed is the Region where you want to enable Access Analyzer. 5. Enter a name for the analyzer. `Optional as it will generate a name for you automatically`. 6. Add any tags that you want to apply to the analyzer. `Optional`.  7. Choose `Create Analyzer`. 8. Repeat these step for each active region  **From Command Line:**  Run the following command: ``` aws accessanalyzer create-analyzer --analyzer-name <NAME> --type <ACCOUNT|ORGANIZATION> ``` Repeat this command above for each active region.  **Note:** The IAM Access Analyzer is successfully configured only when the account you use has the necessary permissions.;**From Console:**  1. Open the IAM console at `https://console.aws.amazon.com/iam/` 2. Choose `Access analyzer` 3. Click 'Analyzers' 4. Ensure that at least one analyzer is present 5. Ensure that the `STATUS` is set to `Active` 6. Repeat these step for each active region  **From Command Line:**  1. Run the following command: ``` aws accessanalyzer list-analyzers | grep status ``` 2. Ensure that at least one Analyzer the `status` is set to `ACTIVE`  3. Repeat the steps above for each active region.  If an Access analyzer is not listed for each region or the status is not set to active refer to the remediation procedure below.;;;https://docs.aws.amazon.com/IAM/latest/UserGuide/what-is-access-analyzer.html:https://docs.aws.amazon.com/IAM/latest/UserGuide/access-analyzer-getting-started.html:https://docs.aws.amazon.com/cli/latest/reference/accessanalyzer/get-analyzer.html:https://docs.aws.amazon.com/cli/latest/reference/accessanalyzer/create-analyzer.html;FAIL;IAM Access Analyzer in account <SANDBOX_ACCOUNT_ID> is not enabled.;arn:aws:accessanalyzer:ap-southeast-7:<SANDBOX_ACCOUNT_ID>:analyzer/unknown;analyzer/unknown;accessanalyzer_enabled;False;CIS;CIS Amazon Web Services Foundations Benchmark v1.4.0
aws;The CIS Benchmark for CIS Amazon Web Services Foundations Benchmark, v1.4.0, Level 1 and 2 provides prescriptive guidance for configuring security options for a subset of Amazon Web Services. It has an emphasis on foundational, testable, and architecture agnostic settings;<SANDBOX_ACCOUNT_ID>;ap-southeast-7;2026-08-19 02:30:11.271115;1.1;Maintain current contact details;1 Identity and Access Management;;Level 1;Manual;"Ensure contact email and telephone details for AWS accounts are current and map to more than one individual in your organization.  An AWS account supports a number of contact details, and AWS will use these to contact the account owner if activity judged to be in breach of Acceptable Use Policy or indicative of likely security compromise is observed by the AWS Abuse team. Contact details should not be for a single individual, as circumstances may arise where that individual is unavailable. Email contact details should point to a mail alias which forwards email to multiple individuals within the organization; where feasible, phone contact details should point to a PABX hunt group or other call-forwarding system.";If an AWS account is observed to be behaving in a prohibited or suspicious manner, AWS will attempt to contact the account owner by email and phone using the contact details listed. If this is unsuccessful and the account behavior needs urgent mitigation, proactive measures may be taken, including throttling of traffic between the account exhibiting suspicious behavior and the AWS API endpoints and the Internet. This will result in impaired service to and from the account in question, so it is in both the customers' and AWS' best interests that prompt contact can be established. This is best achieved by setting AWS account contact details to point to resources which have multiple individuals as recipients, such as email aliases and PABX hunt groups.;;This activity can only be performed via the AWS Console, with a user who has permission to read and write Billing information (aws-portal:\*Billing ).  1. Sign in to the AWS Management Console and open the `Billing and Cost Management` console at https://console.aws.amazon.com/billing/home#/. 2. On the navigation bar, choose your account name, and then choose `My Account`. 3. On the `Account Settings` page, next to `Account Settings`, choose `Edit`. 4. Next to the field that you need to update, choose `Edit`. 5. After you have entered your changes, choose `Save changes`. 6. After you have made your changes, choose `Done`. 7. To edit your contact information, under `Contact Information`, choose `Edit`. 8. For the fields that you want to change, type your updated information, and then choose `Update`.;This activity can only be performed via the AWS Console, with a user who has permission to read and write Billing information (aws-portal:\*Billing )  1. Sign in to the AWS Management Console and open the `Billing and Cost Management` console at https://console.aws.amazon.com/billing/home#/. 2. On the navigation bar, choose your account name, and then choose `My Account`. 3. On the `Account Settings` page, review and verify the current details. 4. Under `Contact Information`, review and verify the current details.;;;https://docs.aws.amazon.com/awsaccountbilling/latest/aboutv2/manage-account-payment.html#contact-info;MANUAL;Login to the AWS Console. Choose your account name on the top right of the window -> My Account -> Contact Information.;arn:aws:iam::<SANDBOX_ACCOUNT_ID>:root;<SANDBOX_ACCOUNT_ID>;account_maintain_current_contact_details;False;CIS;CIS Amazon Web Services Foundations Benchmark v1.4.0
aws;The CIS Benchmark for CIS Amazon Web Services Foundations Benchmark, v1.4.0, Level 1 and 2 provides prescriptive guidance for configuring security options for a subset of Amazon Web Services. It has an emphasis on foundational, testable, and architecture agnostic settings;<SANDBOX_ACCOUNT_ID>;ap-southeast-7;2026-08-19 02:30:11.271115;1.2;Ensure security contact information is registered;1 Identity and Access Management;;Level 1;Manual;AWS provides customers with the option of specifying the contact information for account's security team. It is recommended that this information be provided.;Specifying security-specific contact information will help ensure that security advisories sent by AWS reach the team in your organization that is best equipped to respond to them.;;Perform the following to establish security contact information:  **From Console:**  1. Click on your account name at the top right corner of the console. 2. From the drop-down menu Click `My Account`  3. Scroll down to the `Alternate Contacts` section 4. Enter contact information in the `Security` section  **Note:** Consider specifying an internal email distribution list to ensure emails are regularly monitored by more than one individual.;Perform the following to determine if security contact information is present:  **From Console:**  1. Click on your account name at the top right corner of the console 2. From the drop-down menu Click `My Account`  3. Scroll down to the `Alternate Contacts` section 4. Ensure contact information is specified in the `Security` section;;;;MANUAL;Login to the AWS Console. Choose your account name on the top right of the window -> My Account -> Alternate Contacts -> Security Section.;arn:aws:iam::<SANDBOX_ACCOUNT_ID>:root;<SANDBOX_ACCOUNT_ID>;account_security_contact_information_is_registered;False;CIS;CIS Amazon Web Services Foundations Benchmark v1.4.0
aws;The CIS Benchmark for CIS Amazon Web Services Foundations Benchmark, v1.4.0, Level 1 and 2 provides prescriptive guidance for configuring security options for a subset of Amazon Web Services. It has an emphasis on foundational, testable, and architecture agnostic settings;<SANDBOX_ACCOUNT_ID>;ap-southeast-7;2026-08-19 02:30:11.271115;1.3;Ensure security questions are registered in the AWS account;1 Identity and Access Management;;Level 1;Manual;The AWS support portal allows account owners to establish security questions that can be used to authenticate individuals calling AWS customer service for support. It is recommended that security questions be established.;When creating a new AWS account, a default super user is automatically created. This account is referred to as the 'root user' or 'root' account. It is recommended that the use of this account be limited and highly controlled. During events in which the 'root' password is no longer accessible or the MFA token associated with 'root' is lost/destroyed it is possible, through authentication using secret questions and associated answers, to recover 'root' user login access.;;**From Console:**  1. Login to the AWS Account as the 'root' user 2. Click on the _<Root\_Account\_Name>_ from the top right of the console 3. From the drop-down menu Click _My Account_ 4. Scroll down to the `Configure Security Questions` section 5. Click on `Edit`  6. Click on each `Question`   - From the drop-down select an appropriate question  - Click on the `Answer` section  - Enter an appropriate answer   - Follow process for all 3 questions 7. Click `Update` when complete 8. Save Questions and Answers and place in a secure physical location;**From Console:**  1. Login to the AWS account as the 'root' user 2. On the top right you will see the _<Root\_Account\_Name>_ 3. Click on the _<Root\_Account\_Name>_ 4. From the drop-down menu Click `My Account`  5. In the `Configure Security Challenge Questions` section on the `Personal Information` page, configure three security challenge questions. 6. Click `Save questions` .;;;;MANUAL;Login to the AWS Console as root. Choose your account name on the top right of the window -> My Account -> Configure Security Challenge Questions.;arn:aws:iam::<SANDBOX_ACCOUNT_ID>:root;<SANDBOX_ACCOUNT_ID>;account_security_questions_are_registered_in_the_aws_account;False;CIS;CIS Amazon Web Services Foundations Benchmark v1.4.0
aws;The CIS Benchmark for CIS Amazon Web Services Foundations Benchmark, v1.4.0, Level 1 and 2 provides prescriptive guidance for configuring security options for a subset of Amazon Web Services. It has an emphasis on foundational, testable, and architecture agnostic settings;<SANDBOX_ACCOUNT_ID>;ap-southeast-7;2026-08-19 02:30:11.271115;3.4;Ensure CloudTrail trails are integrated with CloudWatch Logs;3 Logging;;Level 1;Automated;AWS CloudTrail is a web service that records AWS API calls made in a given AWS account. The recorded information includes the identity of the API caller, the time of the API call, the source IP address of the API caller, the request parameters, and the response elements returned by the AWS service. CloudTrail uses Amazon S3 for log file storage and delivery, so log files are stored durably. In addition to capturing CloudTrail logs within a specified S3 bucket for long term analysis, realtime analysis can be performed by configuring CloudTrail to send logs to CloudWatch Logs. For a trail that is enabled in all regions in an account, CloudTrail sends log files from all those regions to a CloudWatch Logs log group. It is recommended that CloudTrail logs be sent to CloudWatch Logs.  Note: The intent of this recommendation is to ensure AWS account activity is being captured, monitored, and appropriately alarmed on. CloudWatch Logs is a native way to accomplish this using AWS services but does not preclude the use of an alternate solution.;Sending CloudTrail logs to CloudWatch Logs will facilitate real-time and historic activity logging based on user, API, resource, and IP address, and provides opportunity to establish alarms and notifications for anomalous or sensitivity account activity.;Note: By default, CloudWatch Logs will store Logs indefinitely unless a specific retention period is defined for the log group. When choosing the number of days to retain, keep in mind the average days it takes an organization to realize they have been breached is 210 days (at the time of this writing). Since additional time is required to research a breach, a minimum 365 day retention policy allows time for detection and research. You may also wish to archive the logs to a cheaper storage service rather than simply deleting them. See the following AWS resource to manage CloudWatch Logs retention periods:  1. https://docs.aws.amazon.com/AmazonCloudWatch/latest/DeveloperGuide/SettingLogRetention.html;Perform the following to establish the prescribed state:  **From Console:**  1. Login to the CloudTrail console at `https://console.aws.amazon.com/cloudtrail/` 2. Select the `Trail` the needs to be updated. 3. Scroll down to `CloudWatch Logs` 4. Click `Edit` 5. Under `CloudWatch Logs` click the box `Enabled` 6. Under `Log Group` pick new or select an existing log group 7. Edit the `Log group name` to match the CloudTrail or pick the existing CloudWatch Group. 8. Under `IAM Role` pick new or select an existing. 9. Edit the `Role name` to match the CloudTrail or pick the existing IAM Role. 10. Click `Save changes.  **From Command Line:** ``` aws cloudtrail update-trail --name <trail_name> --cloudwatch-logs-log-group-arn <cloudtrail_log_group_arn> --cloudwatch-logs-role-arn <cloudtrail_cloudwatchLogs_role_arn> ```;Perform the following to ensure CloudTrail is configured as prescribed:  **From Console:**  1. Login to the CloudTrail console at `https://console.aws.amazon.com/cloudtrail/` 2. Under `Trails` , click on the CloudTrail you wish to evaluate 3. Under the `CloudWatch Logs` section. 4. Ensure a `CloudWatch Logs` log group is configured and listed. 5. Under `General details` confirm `Last log file delivered` has a recent (~one day old) timestamp.  **From Command Line:**  1. Run the following command to get a listing of existing trails: ```  aws cloudtrail describe-trails ``` 2. Ensure `CloudWatchLogsLogGroupArn` is not empty and note the value of the `Name` property. 3. Using the noted value of the `Name` property, run the following command: ```  aws cloudtrail get-trail-status --name <trail_name> ``` 4. Ensure the `LatestcloudwatchLogdDeliveryTime` property is set to a recent (~one day old) timestamp.  If the `CloudWatch Logs` log group is not setup and the delivery time is not recent refer to the remediation below.;;;https://docs.aws.amazon.com/awscloudtrail/latest/userguide/cloudtrail-user-guide.html:https://docs.aws.amazon.com/awscloudtrail/latest/userguide/how-cloudtrail-works.html:https://docs.aws.amazon.com/awscloudtrail/latest/userguide/cloudtrail-aws-service-specific-topics.html;FAIL;Multiregion trail lz-org-trail has not been logging in the last 24h or is not configured to deliver logs.;arn:aws:cloudtrail:ap-southeast-7:<MANAGEMENT_ACCOUNT_ID>:trail/lz-org-trail;lz-org-trail;cloudtrail_cloudwatch_logging_enabled;False;CIS;CIS Amazon Web Services Foundations Benchmark v1.4.0
aws;The CIS Benchmark for CIS Amazon Web Services Foundations Benchmark, v1.4.0, Level 1 and 2 provides prescriptive guidance for configuring security options for a subset of Amazon Web Services. It has an emphasis on foundational, testable, and architecture agnostic settings;<SANDBOX_ACCOUNT_ID>;ap-southeast-7;2026-08-19 02:30:11.271115;3.4;Ensure CloudTrail trails are integrated with CloudWatch Logs;3 Logging;;Level 1;Automated;AWS CloudTrail is a web service that records AWS API calls made in a given AWS account. The recorded information includes the identity of the API caller, the time of the API call, the source IP address of the API caller, the request parameters, and the response elements returned by the AWS service. CloudTrail uses Amazon S3 for log file storage and delivery, so log files are stored durably. In addition to capturing CloudTrail logs within a specified S3 bucket for long term analysis, realtime analysis can be performed by configuring CloudTrail to send logs to CloudWatch Logs. For a trail that is enabled in all regions in an account, CloudTrail sends log files from all those regions to a CloudWatch Logs log group. It is recommended that CloudTrail logs be sent to CloudWatch Logs.  Note: The intent of this recommendation is to ensure AWS account activity is being captured, monitored, and appropriately alarmed on. CloudWatch Logs is a native way to accomplish this using AWS services but does not preclude the use of an alternate solution.;Sending CloudTrail logs to CloudWatch Logs will facilitate real-time and historic activity logging based on user, API, resource, and IP address, and provides opportunity to establish alarms and notifications for anomalous or sensitivity account activity.;Note: By default, CloudWatch Logs will store Logs indefinitely unless a specific retention period is defined for the log group. When choosing the number of days to retain, keep in mind the average days it takes an organization to realize they have been breached is 210 days (at the time of this writing). Since additional time is required to research a breach, a minimum 365 day retention policy allows time for detection and research. You may also wish to archive the logs to a cheaper storage service rather than simply deleting them. See the following AWS resource to manage CloudWatch Logs retention periods:  1. https://docs.aws.amazon.com/AmazonCloudWatch/latest/DeveloperGuide/SettingLogRetention.html;Perform the following to establish the prescribed state:  **From Console:**  1. Login to the CloudTrail console at `https://console.aws.amazon.com/cloudtrail/` 2. Select the `Trail` the needs to be updated. 3. Scroll down to `CloudWatch Logs` 4. Click `Edit` 5. Under `CloudWatch Logs` click the box `Enabled` 6. Under `Log Group` pick new or select an existing log group 7. Edit the `Log group name` to match the CloudTrail or pick the existing CloudWatch Group. 8. Under `IAM Role` pick new or select an existing. 9. Edit the `Role name` to match the CloudTrail or pick the existing IAM Role. 10. Click `Save changes.  **From Command Line:** ``` aws cloudtrail update-trail --name <trail_name> --cloudwatch-logs-log-group-arn <cloudtrail_log_group_arn> --cloudwatch-logs-role-arn <cloudtrail_cloudwatchLogs_role_arn> ```;Perform the following to ensure CloudTrail is configured as prescribed:  **From Console:**  1. Login to the CloudTrail console at `https://console.aws.amazon.com/cloudtrail/` 2. Under `Trails` , click on the CloudTrail you wish to evaluate 3. Under the `CloudWatch Logs` section. 4. Ensure a `CloudWatch Logs` log group is configured and listed. 5. Under `General details` confirm `Last log file delivered` has a recent (~one day old) timestamp.  **From Command Line:**  1. Run the following command to get a listing of existing trails: ```  aws cloudtrail describe-trails ``` 2. Ensure `CloudWatchLogsLogGroupArn` is not empty and note the value of the `Name` property. 3. Using the noted value of the `Name` property, run the following command: ```  aws cloudtrail get-trail-status --name <trail_name> ``` 4. Ensure the `LatestcloudwatchLogdDeliveryTime` property is set to a recent (~one day old) timestamp.  If the `CloudWatch Logs` log group is not setup and the delivery time is not recent refer to the remediation below.;;;https://docs.aws.amazon.com/awscloudtrail/latest/userguide/cloudtrail-user-guide.html:https://docs.aws.amazon.com/awscloudtrail/latest/userguide/how-cloudtrail-works.html:https://docs.aws.amazon.com/awscloudtrail/latest/userguide/cloudtrail-aws-service-specific-topics.html;PASS;Multiregion trail range-trail has been logging in the last 24h.;arn:aws:cloudtrail:ap-southeast-7:<SANDBOX_ACCOUNT_ID>:trail/range-trail;range-trail;cloudtrail_cloudwatch_logging_enabled;False;CIS;CIS Amazon Web Services Foundations Benchmark v1.4.0
aws;The CIS Benchmark for CIS Amazon Web Services Foundations Benchmark, v1.4.0, Level 1 and 2 provides prescriptive guidance for configuring security options for a subset of Amazon Web Services. It has an emphasis on foundational, testable, and architecture agnostic settings;<SANDBOX_ACCOUNT_ID>;ap-southeast-7;2026-08-19 02:30:11.271115;3.7;Ensure CloudTrail logs are encrypted at rest using KMS CMKs;3 Logging;;Level 2;Automated;AWS CloudTrail is a web service that records AWS API calls for an account and makes those logs available to users and resources in accordance with IAM policies. AWS Key Management Service (KMS) is a managed service that helps create and control the encryption keys used to encrypt account data, and uses Hardware Security Modules (HSMs) to protect the security of encryption keys. CloudTrail logs can be configured to leverage server side encryption (SSE) and KMS customer created master keys (CMK) to further protect CloudTrail logs. It is recommended that CloudTrail be configured to use SSE-KMS.;Configuring CloudTrail to use SSE-KMS provides additional confidentiality controls on log data as a given user must have S3 read permission on the corresponding log bucket and must be granted decrypt permission by the CMK policy.;Customer created keys incur an additional cost. See https://aws.amazon.com/kms/pricing/ for more information.;Perform the following to configure CloudTrail to use SSE-KMS:  **From Console:**  1. Sign in to the AWS Management Console and open the CloudTrail console at [https://console.aws.amazon.com/cloudtrail](https://console.aws.amazon.com/cloudtrail) 2. In the left navigation pane, choose `Trails` . 3. Click on a Trail 4. Under the `S3` section click on the edit button (pencil icon) 5. Click `Advanced`  6. Select an existing CMK from the `KMS key Id` drop-down menu  - Note: Ensure the CMK is located in the same region as the S3 bucket  - Note: You will need to apply a KMS Key policy on the selected CMK in order for CloudTrail as a service to encrypt and decrypt log files using the CMK provided. Steps are provided [here](https://docs.aws.amazon.com/awscloudtrail/latest/userguide/create-kms-key-policy-for-cloudtrail.html) for editing the selected CMK Key policy 7. Click `Save`  8. You will see a notification message stating that you need to have decrypt permissions on the specified KMS key to decrypt log files. 9. Click `Yes`   **From Command Line:** ``` aws cloudtrail update-trail --name <trail_name> --kms-id <cloudtrail_kms_key> aws kms put-key-policy --key-id <cloudtrail_kms_key> --policy <cloudtrail_kms_key_policy> ```;Perform the following to determine if CloudTrail is configured to use SSE-KMS:  **From Console:**  1. Sign in to the AWS Management Console and open the CloudTrail console at [https://console.aws.amazon.com/cloudtrail](https://console.aws.amazon.com/cloudtrail) 2. In the left navigation pane, choose `Trails` . 3. Select a Trail 4. Under the `S3` section, ensure `Encrypt log files` is set to `Yes` and a KMS key ID is specified in the `KSM Key Id` field.  **From Command Line:**  1. Run the following command: ```  aws cloudtrail describe-trails  ``` 2. For each trail listed, SSE-KMS is enabled if the trail has a `KmsKeyId` property defined.;"3 statements which need to be added to the CMK policy:  1\. Enable Cloudtrail to describe CMK properties ``` <pre class=""programlisting"" style=""font-style: normal;"">{  ""Sid"": ""Allow CloudTrail access"",  ""Effect"": ""Allow"",  ""Principal"": {  ""Service"": ""cloudtrail.amazonaws.com""  },  ""Action"": ""kms:DescribeKey"",  ""Resource"": ""*"" } ``` 2\. Granting encrypt permissions ``` <pre class=""programlisting"" style=""font-style: normal;"">{  ""Sid"": ""Allow CloudTrail to encrypt logs"",  ""Effect"": ""Allow"",  ""Principal"": {  ""Service"": ""cloudtrail.amazonaws.com""  },  ""Action"": ""kms:GenerateDataKey*"",  ""Resource"": ""*"",  ""Condition"": {  ""StringLike"": {  ""kms:EncryptionContext:aws:cloudtrail:arn"": [  ""arn:aws:cloudtrail:*:aws-account-id:trail/*""  ]  }  } } ``` 3\. Granting decrypt permissions ``` <pre class=""programlisting"" style=""font-style: normal;"">{  ""Sid"": ""Enable CloudTrail log decrypt permissions"",  ""Effect"": ""Allow"",  ""Principal"": {  ""AWS"": ""arn:aws:iam::aws-account-id:user/username""  },  ""Action"": ""kms:Decrypt"",  ""Resource"": ""*"",  ""Condition"": {  ""Null"": {  ""kms:EncryptionContext:aws:cloudtrail:arn"": ""false""  }  } } ```";;https://docs.aws.amazon.com/awscloudtrail/latest/userguide/encrypting-cloudtrail-log-files-with-aws-kms.html:https://docs.aws.amazon.com/kms/latest/developerguide/create-keys.html;FAIL;Multiregion trail lz-org-trail has encryption disabled.;arn:aws:cloudtrail:ap-southeast-7:<MANAGEMENT_ACCOUNT_ID>:trail/lz-org-trail;lz-org-trail;cloudtrail_kms_encryption_enabled;False;CIS;CIS Amazon Web Services Foundations Benchmark v1.4.0
aws;The CIS Benchmark for CIS Amazon Web Services Foundations Benchmark, v1.4.0, Level 1 and 2 provides prescriptive guidance for configuring security options for a subset of Amazon Web Services. It has an emphasis on foundational, testable, and architecture agnostic settings;<SANDBOX_ACCOUNT_ID>;ap-southeast-7;2026-08-19 02:30:11.271115;3.7;Ensure CloudTrail logs are encrypted at rest using KMS CMKs;3 Logging;;Level 2;Automated;AWS CloudTrail is a web service that records AWS API calls for an account and makes those logs available to users and resources in accordance with IAM policies. AWS Key Management Service (KMS) is a managed service that helps create and control the encryption keys used to encrypt account data, and uses Hardware Security Modules (HSMs) to protect the security of encryption keys. CloudTrail logs can be configured to leverage server side encryption (SSE) and KMS customer created master keys (CMK) to further protect CloudTrail logs. It is recommended that CloudTrail be configured to use SSE-KMS.;Configuring CloudTrail to use SSE-KMS provides additional confidentiality controls on log data as a given user must have S3 read permission on the corresponding log bucket and must be granted decrypt permission by the CMK policy.;Customer created keys incur an additional cost. See https://aws.amazon.com/kms/pricing/ for more information.;Perform the following to configure CloudTrail to use SSE-KMS:  **From Console:**  1. Sign in to the AWS Management Console and open the CloudTrail console at [https://console.aws.amazon.com/cloudtrail](https://console.aws.amazon.com/cloudtrail) 2. In the left navigation pane, choose `Trails` . 3. Click on a Trail 4. Under the `S3` section click on the edit button (pencil icon) 5. Click `Advanced`  6. Select an existing CMK from the `KMS key Id` drop-down menu  - Note: Ensure the CMK is located in the same region as the S3 bucket  - Note: You will need to apply a KMS Key policy on the selected CMK in order for CloudTrail as a service to encrypt and decrypt log files using the CMK provided. Steps are provided [here](https://docs.aws.amazon.com/awscloudtrail/latest/userguide/create-kms-key-policy-for-cloudtrail.html) for editing the selected CMK Key policy 7. Click `Save`  8. You will see a notification message stating that you need to have decrypt permissions on the specified KMS key to decrypt log files. 9. Click `Yes`   **From Command Line:** ``` aws cloudtrail update-trail --name <trail_name> --kms-id <cloudtrail_kms_key> aws kms put-key-policy --key-id <cloudtrail_kms_key> --policy <cloudtrail_kms_key_policy> ```;Perform the following to determine if CloudTrail is configured to use SSE-KMS:  **From Console:**  1. Sign in to the AWS Management Console and open the CloudTrail console at [https://console.aws.amazon.com/cloudtrail](https://console.aws.amazon.com/cloudtrail) 2. In the left navigation pane, choose `Trails` . 3. Select a Trail 4. Under the `S3` section, ensure `Encrypt log files` is set to `Yes` and a KMS key ID is specified in the `KSM Key Id` field.  **From Command Line:**  1. Run the following command: ```  aws cloudtrail describe-trails  ``` 2. For each trail listed, SSE-KMS is enabled if the trail has a `KmsKeyId` property defined.;"3 statements which need to be added to the CMK policy:  1\. Enable Cloudtrail to describe CMK properties ``` <pre class=""programlisting"" style=""font-style: normal;"">{  ""Sid"": ""Allow CloudTrail access"",  ""Effect"": ""Allow"",  ""Principal"": {  ""Service"": ""cloudtrail.amazonaws.com""  },  ""Action"": ""kms:DescribeKey"",  ""Resource"": ""*"" } ``` 2\. Granting encrypt permissions ``` <pre class=""programlisting"" style=""font-style: normal;"">{  ""Sid"": ""Allow CloudTrail to encrypt logs"",  ""Effect"": ""Allow"",  ""Principal"": {  ""Service"": ""cloudtrail.amazonaws.com""  },  ""Action"": ""kms:GenerateDataKey*"",  ""Resource"": ""*"",  ""Condition"": {  ""StringLike"": {  ""kms:EncryptionContext:aws:cloudtrail:arn"": [  ""arn:aws:cloudtrail:*:aws-account-id:trail/*""  ]  }  } } ``` 3\. Granting decrypt permissions ``` <pre class=""programlisting"" style=""font-style: normal;"">{  ""Sid"": ""Enable CloudTrail log decrypt permissions"",  ""Effect"": ""Allow"",  ""Principal"": {  ""AWS"": ""arn:aws:iam::aws-account-id:user/username""  },  ""Action"": ""kms:Decrypt"",  ""Resource"": ""*"",  ""Condition"": {  ""Null"": {  ""kms:EncryptionContext:aws:cloudtrail:arn"": ""false""  }  } } ```";;https://docs.aws.amazon.com/awscloudtrail/latest/userguide/encrypting-cloudtrail-log-files-with-aws-kms.html:https://docs.aws.amazon.com/kms/latest/developerguide/create-keys.html;FAIL;Multiregion trail range-trail has encryption disabled.;arn:aws:cloudtrail:ap-southeast-7:<SANDBOX_ACCOUNT_ID>:trail/range-trail;range-trail;cloudtrail_kms_encryption_enabled;False;CIS;CIS Amazon Web Services Foundations Benchmark v1.4.0
aws;The CIS Benchmark for CIS Amazon Web Services Foundations Benchmark, v1.4.0, Level 1 and 2 provides prescriptive guidance for configuring security options for a subset of Amazon Web Services. It has an emphasis on foundational, testable, and architecture agnostic settings;<SANDBOX_ACCOUNT_ID>;ap-southeast-7;2026-08-19 02:30:11.271115;3.2;Ensure CloudTrail log file validation is enabled;3 Logging;;Level 2;Automated;CloudTrail log file validation creates a digitally signed digest file containing a hash of each log that CloudTrail writes to S3. These digest files can be used to determine whether a log file was changed, deleted, or unchanged after CloudTrail delivered the log. It is recommended that file validation be enabled on all CloudTrails.;Enabling log file validation will provide additional integrity checking of CloudTrail logs.;;Perform the following to enable log file validation on a given trail:  **From Console:**  1. Sign in to the AWS Management Console and open the IAM console at [https://console.aws.amazon.com/cloudtrail](https://console.aws.amazon.com/cloudtrail) 2. Click on `Trails` on the left navigation pane 3. Click on target trail 4. Within the `General details` section click `edit` 5. Under the `Advanced settings` section 6. Check the enable box under `Log file validation`  7. Click `Save changes`   **From Command Line:** ``` aws cloudtrail update-trail --name <trail_name> --enable-log-file-validation ``` Note that periodic validation of logs using these digests can be performed by running the following command: ``` aws cloudtrail validate-logs --trail-arn <trail_arn> --start-time <start_time> --end-time <end_time> ```;Perform the following on each trail to determine if log file validation is enabled:  **From Console:**  1. Sign in to the AWS Management Console and open the IAM console at [https://console.aws.amazon.com/cloudtrail](https://console.aws.amazon.com/cloudtrail) 2. Click on `Trails` on the left navigation pane 3. For Every Trail: - Click on a trail via the link in the _Name_ column - Under the `General details` section, ensure `Log file validation` is set to `Enabled`   **From Command Line:** ``` aws cloudtrail describe-trails ``` Ensure `LogFileValidationEnabled` is set to `true` for each trail;;;https://docs.aws.amazon.com/awscloudtrail/latest/userguide/cloudtrail-log-file-validation-enabling.html;PASS;Multiregion trail lz-org-trail has log file validation enabled.;arn:aws:cloudtrail:ap-southeast-7:<MANAGEMENT_ACCOUNT_ID>:trail/lz-org-trail;lz-org-trail;cloudtrail_log_file_validation_enabled;False;CIS;CIS Amazon Web Services Foundations Benchmark v1.4.0
aws;The CIS Benchmark for CIS Amazon Web Services Foundations Benchmark, v1.4.0, Level 1 and 2 provides prescriptive guidance for configuring security options for a subset of Amazon Web Services. It has an emphasis on foundational, testable, and architecture agnostic settings;<SANDBOX_ACCOUNT_ID>;ap-southeast-7;2026-08-19 02:30:11.271115;3.2;Ensure CloudTrail log file validation is enabled;3 Logging;;Level 2;Automated;CloudTrail log file validation creates a digitally signed digest file containing a hash of each log that CloudTrail writes to S3. These digest files can be used to determine whether a log file was changed, deleted, or unchanged after CloudTrail delivered the log. It is recommended that file validation be enabled on all CloudTrails.;Enabling log file validation will provide additional integrity checking of CloudTrail logs.;;Perform the following to enable log file validation on a given trail:  **From Console:**  1. Sign in to the AWS Management Console and open the IAM console at [https://console.aws.amazon.com/cloudtrail](https://console.aws.amazon.com/cloudtrail) 2. Click on `Trails` on the left navigation pane 3. Click on target trail 4. Within the `General details` section click `edit` 5. Under the `Advanced settings` section 6. Check the enable box under `Log file validation`  7. Click `Save changes`   **From Command Line:** ``` aws cloudtrail update-trail --name <trail_name> --enable-log-file-validation ``` Note that periodic validation of logs using these digests can be performed by running the following command: ``` aws cloudtrail validate-logs --trail-arn <trail_arn> --start-time <start_time> --end-time <end_time> ```;Perform the following on each trail to determine if log file validation is enabled:  **From Console:**  1. Sign in to the AWS Management Console and open the IAM console at [https://console.aws.amazon.com/cloudtrail](https://console.aws.amazon.com/cloudtrail) 2. Click on `Trails` on the left navigation pane 3. For Every Trail: - Click on a trail via the link in the _Name_ column - Under the `General details` section, ensure `Log file validation` is set to `Enabled`   **From Command Line:** ``` aws cloudtrail describe-trails ``` Ensure `LogFileValidationEnabled` is set to `true` for each trail;;;https://docs.aws.amazon.com/awscloudtrail/latest/userguide/cloudtrail-log-file-validation-enabling.html;PASS;Multiregion trail range-trail has log file validation enabled.;arn:aws:cloudtrail:ap-southeast-7:<SANDBOX_ACCOUNT_ID>:trail/range-trail;range-trail;cloudtrail_log_file_validation_enabled;False;CIS;CIS Amazon Web Services Foundations Benchmark v1.4.0
aws;The CIS Benchmark for CIS Amazon Web Services Foundations Benchmark, v1.4.0, Level 1 and 2 provides prescriptive guidance for configuring security options for a subset of Amazon Web Services. It has an emphasis on foundational, testable, and architecture agnostic settings;<SANDBOX_ACCOUNT_ID>;ap-southeast-7;2026-08-19 02:30:11.271115;3.6;Ensure S3 bucket access logging is enabled on the CloudTrail S3 bucket;3 Logging;;Level 1;Automated;S3 Bucket Access Logging generates a log that contains access records for each request made to your S3 bucket. An access log record contains details about the request, such as the request type, the resources specified in the request worked, and the time and date the request was processed. It is recommended that bucket access logging be enabled on the CloudTrail S3 bucket.;By enabling S3 bucket logging on target S3 buckets, it is possible to capture all events which may affect objects within any target buckets. Configuring logs to be placed in a separate bucket allows access to log information which can be useful in security and incident response workflows.;;"Perform the following to enable S3 bucket logging:  **From Console:**  1. Sign in to the AWS Management Console and open the S3 console at [https://console.aws.amazon.com/s3](https://console.aws.amazon.com/s3). 2. Under `All Buckets` click on the target S3 bucket 3. Click on `Properties` in the top right of the console 4. Under `Bucket:` <s3\_bucket\_for\_cloudtrail> click on `Logging`  5. Configure bucket logging  - Click on the `Enabled` checkbox  - Select Target Bucket from list  - Enter a Target Prefix 6. Click `Save`.  **From Command Line:**  1. Get the name of the S3 bucket that CloudTrail is logging to: ``` aws cloudtrail describe-trails --region <region-name> --query trailList[*].S3BucketName ``` 2. Copy and add target bucket name at `<Logging_BucketName>`, Prefix for logfile at `<LogFilePrefix>` and optionally add an email address in the following template and save it as `<FileName.Json>`: ``` {  ""LoggingEnabled"": {  ""TargetBucket"": ""<Logging_BucketName>"",  ""TargetPrefix"": ""<LogFilePrefix>"",  ""TargetGrants"": [  {  ""Grantee"": {  ""Type"": ""AmazonCustomerByEmail"",  ""EmailAddress"": ""<EmailID>""  },  ""Permission"": ""FULL_CONTROL""  }  ]  }  } ``` 3. Run the `put-bucket-logging` command with bucket name and `<FileName.Json>` as input, for more information refer at [put-bucket-logging](https://docs.aws.amazon.com/cli/latest/reference/s3api/put-bucket-logging.html): ``` aws s3api put-bucket-logging --bucket <BucketName> --bucket-logging-status file://<FileName.Json> ```";"Perform the following ensure the CloudTrail S3 bucket has access logging is enabled:  **From Console:**  1. Go to the Amazon CloudTrail console at [https://console.aws.amazon.com/cloudtrail/home](https://console.aws.amazon.com/cloudtrail/home) 2. In the API activity history pane on the left, click Trails 3. In the Trails pane, note the bucket names in the S3 bucket column 4. Sign in to the AWS Management Console and open the S3 console at [https://console.aws.amazon.com/s3](https://console.aws.amazon.com/s3). 5. Under `All Buckets` click on a target S3 bucket 6. Click on `Properties` in the top right of the console 7. Under `Bucket:` _ `<bucket_name>` _ click on `Logging`  8. Ensure `Enabled` is checked.  **From Command Line:**  1. Get the name of the S3 bucket that CloudTrail is logging to: ```  aws cloudtrail describe-trails --query 'trailList[*].S3BucketName'  ``` 2. Ensure Bucket Logging is enabled: ``` aws s3api get-bucket-logging --bucket <s3_bucket_for_cloudtrail> ``` Ensure command does not returns empty output.  Sample Output for a bucket with logging enabled:  ``` {  ""LoggingEnabled"": {  ""TargetPrefix"": ""<Prefix_Test>"",  ""TargetBucket"": ""<Bucket_name_for_Storing_Logs>""  } } ```";;;https://docs.aws.amazon.com/AmazonS3/latest/dev/ServerLogs.html;MANUAL;Trail lz-org-trail is delivering logs to bucket lz-org-cloudtrail-logs-<LOG_ARCHIVE_ACCOUNT_ID> which is a cross-account bucket or out of Prowler's audit scope, please check it manually.;arn:aws:cloudtrail:ap-southeast-7:<MANAGEMENT_ACCOUNT_ID>:trail/lz-org-trail;lz-org-trail;cloudtrail_logs_s3_bucket_access_logging_enabled;False;CIS;CIS Amazon Web Services Foundations Benchmark v1.4.0
aws;The CIS Benchmark for CIS Amazon Web Services Foundations Benchmark, v1.4.0, Level 1 and 2 provides prescriptive guidance for configuring security options for a subset of Amazon Web Services. It has an emphasis on foundational, testable, and architecture agnostic settings;<SANDBOX_ACCOUNT_ID>;ap-southeast-7;2026-08-19 02:30:11.271115;3.6;Ensure S3 bucket access logging is enabled on the CloudTrail S3 bucket;3 Logging;;Level 1;Automated;S3 Bucket Access Logging generates a log that contains access records for each request made to your S3 bucket. An access log record contains details about the request, such as the request type, the resources specified in the request worked, and the time and date the request was processed. It is recommended that bucket access logging be enabled on the CloudTrail S3 bucket.;By enabling S3 bucket logging on target S3 buckets, it is possible to capture all events which may affect objects within any target buckets. Configuring logs to be placed in a separate bucket allows access to log information which can be useful in security and incident response workflows.;;"Perform the following to enable S3 bucket logging:  **From Console:**  1. Sign in to the AWS Management Console and open the S3 console at [https://console.aws.amazon.com/s3](https://console.aws.amazon.com/s3). 2. Under `All Buckets` click on the target S3 bucket 3. Click on `Properties` in the top right of the console 4. Under `Bucket:` <s3\_bucket\_for\_cloudtrail> click on `Logging`  5. Configure bucket logging  - Click on the `Enabled` checkbox  - Select Target Bucket from list  - Enter a Target Prefix 6. Click `Save`.  **From Command Line:**  1. Get the name of the S3 bucket that CloudTrail is logging to: ``` aws cloudtrail describe-trails --region <region-name> --query trailList[*].S3BucketName ``` 2. Copy and add target bucket name at `<Logging_BucketName>`, Prefix for logfile at `<LogFilePrefix>` and optionally add an email address in the following template and save it as `<FileName.Json>`: ``` {  ""LoggingEnabled"": {  ""TargetBucket"": ""<Logging_BucketName>"",  ""TargetPrefix"": ""<LogFilePrefix>"",  ""TargetGrants"": [  {  ""Grantee"": {  ""Type"": ""AmazonCustomerByEmail"",  ""EmailAddress"": ""<EmailID>""  },  ""Permission"": ""FULL_CONTROL""  }  ]  }  } ``` 3. Run the `put-bucket-logging` command with bucket name and `<FileName.Json>` as input, for more information refer at [put-bucket-logging](https://docs.aws.amazon.com/cli/latest/reference/s3api/put-bucket-logging.html): ``` aws s3api put-bucket-logging --bucket <BucketName> --bucket-logging-status file://<FileName.Json> ```";"Perform the following ensure the CloudTrail S3 bucket has access logging is enabled:  **From Console:**  1. Go to the Amazon CloudTrail console at [https://console.aws.amazon.com/cloudtrail/home](https://console.aws.amazon.com/cloudtrail/home) 2. In the API activity history pane on the left, click Trails 3. In the Trails pane, note the bucket names in the S3 bucket column 4. Sign in to the AWS Management Console and open the S3 console at [https://console.aws.amazon.com/s3](https://console.aws.amazon.com/s3). 5. Under `All Buckets` click on a target S3 bucket 6. Click on `Properties` in the top right of the console 7. Under `Bucket:` _ `<bucket_name>` _ click on `Logging`  8. Ensure `Enabled` is checked.  **From Command Line:**  1. Get the name of the S3 bucket that CloudTrail is logging to: ```  aws cloudtrail describe-trails --query 'trailList[*].S3BucketName'  ``` 2. Ensure Bucket Logging is enabled: ``` aws s3api get-bucket-logging --bucket <s3_bucket_for_cloudtrail> ``` Ensure command does not returns empty output.  Sample Output for a bucket with logging enabled:  ``` {  ""LoggingEnabled"": {  ""TargetPrefix"": ""<Prefix_Test>"",  ""TargetBucket"": ""<Bucket_name_for_Storing_Logs>""  } } ```";;;https://docs.aws.amazon.com/AmazonS3/latest/dev/ServerLogs.html;FAIL;Multiregion Trail range-trail S3 bucket access logging is not enabled for bucket range-cloudtrail-<SANDBOX_ACCOUNT_ID>.;arn:aws:cloudtrail:ap-southeast-7:<SANDBOX_ACCOUNT_ID>:trail/range-trail;range-trail;cloudtrail_logs_s3_bucket_access_logging_enabled;False;CIS;CIS Amazon Web Services Foundations Benchmark v1.4.0
aws;The CIS Benchmark for CIS Amazon Web Services Foundations Benchmark, v1.4.0, Level 1 and 2 provides prescriptive guidance for configuring security options for a subset of Amazon Web Services. It has an emphasis on foundational, testable, and architecture agnostic settings;<SANDBOX_ACCOUNT_ID>;ap-southeast-7;2026-08-19 02:30:11.271115;3.3;Ensure the S3 bucket used to store CloudTrail logs is not publicly accessible;3 Logging;;Level 1;Automated;CloudTrail logs a record of every API call made in your AWS account. These logs file are stored in an S3 bucket. It is recommended that the bucket policy or access control list (ACL) applied to the S3 bucket that CloudTrail logs to prevent public access to the CloudTrail logs.;Allowing public access to CloudTrail log content may aid an adversary in identifying weaknesses in the affected account's use or configuration.;;"Perform the following to remove any public access that has been granted to the bucket via an ACL or S3 bucket policy:  1. Go to Amazon S3 console at [https://console.aws.amazon.com/s3/home](https://console.aws.amazon.com/s3/home) 2. Right-click on the bucket and click Properties 3. In the `Properties` pane, click the `Permissions` tab. 4. The tab shows a list of grants, one row per grant, in the bucket ACL. Each row identifies the grantee and the permissions granted. 5. Select the row that grants permission to `Everyone` or `Any Authenticated User`  6. Uncheck all the permissions granted to `Everyone` or `Any Authenticated User` (click `x` to delete the row). 7. Click `Save` to save the ACL. 8. If the `Edit bucket policy` button is present, click it. 9. Remove any `Statement` having an `Effect` set to `Allow` and a `Principal` set to ""\*"" or {""AWS"" : ""\*""}.";"Perform the following to determine if any public access is granted to an S3 bucket via an ACL or S3 bucket policy:  **From Console:**  1. Go to the Amazon CloudTrail console at [https://console.aws.amazon.com/cloudtrail/home](https://console.aws.amazon.com/cloudtrail/home) 2. In the `API activity history` pane on the left, click `Trails`  3. In the `Trails` pane, note the bucket names in the `S3 bucket` column 4. Go to Amazon S3 console at [https://console.aws.amazon.com/s3/home](https://console.aws.amazon.com/s3/home) 5. For each bucket noted in step 3, right-click on the bucket and click `Properties`  6. In the `Properties` pane, click the `Permissions` tab. 7. The tab shows a list of grants, one row per grant, in the bucket ACL. Each row identifies the grantee and the permissions granted. 8. Ensure no rows exists that have the `Grantee` set to `Everyone` or the `Grantee` set to `Any Authenticated User.`  9. If the `Edit bucket policy` button is present, click it to review the bucket policy. 10. Ensure the policy does not contain a `Statement` having an `Effect` set to `Allow` and a `Principal` set to ""\*"" or {""AWS"" : ""\*""}  **From Command Line:**  1. Get the name of the S3 bucket that CloudTrail is logging to: ```  aws cloudtrail describe-trails --query 'trailList[*].S3BucketName' ``` 2. Ensure the `AllUsers` principal is not granted privileges to that `<bucket>` : ```  aws s3api get-bucket-acl --bucket <s3_bucket_for_cloudtrail> --query 'Grants[?Grantee.URI== `https://acs.amazonaws.com/groups/global/AllUsers` ]' ``` 3. Ensure the `AuthenticatedUsers` principal is not granted privileges to that `<bucket>`: ```  aws s3api get-bucket-acl --bucket <s3_bucket_for_cloudtrail> --query 'Grants[?Grantee.URI== `https://acs.amazonaws.com/groups/global/Authenticated Users` ]' ``` 4. Get the S3 Bucket Policy ```  aws s3api get-bucket-policy --bucket <s3_bucket_for_cloudtrail>  ``` 5. Ensure the policy does not contain a `Statement` having an `Effect` set to `Allow` and a `Principal` set to ""\*"" or {""AWS"" : ""\*""}  **Note:** Principal set to ""\*"" or {""AWS"" : ""\*""} allows anonymous access.";;;https://docs.aws.amazon.com/IAM/latest/UserGuide/reference_policies_elements_principal.html;MANUAL;Trail lz-org-trail bucket (lz-org-cloudtrail-logs-<LOG_ARCHIVE_ACCOUNT_ID>) is a cross-account bucket or out of Prowler's audit scope, please check it manually.;arn:aws:cloudtrail:ap-southeast-7:<MANAGEMENT_ACCOUNT_ID>:trail/lz-org-trail;lz-org-trail;cloudtrail_logs_s3_bucket_is_not_publicly_accessible;False;CIS;CIS Amazon Web Services Foundations Benchmark v1.4.0
aws;The CIS Benchmark for CIS Amazon Web Services Foundations Benchmark, v1.4.0, Level 1 and 2 provides prescriptive guidance for configuring security options for a subset of Amazon Web Services. It has an emphasis on foundational, testable, and architecture agnostic settings;<SANDBOX_ACCOUNT_ID>;ap-southeast-7;2026-08-19 02:30:11.271115;3.3;Ensure the S3 bucket used to store CloudTrail logs is not publicly accessible;3 Logging;;Level 1;Automated;CloudTrail logs a record of every API call made in your AWS account. These logs file are stored in an S3 bucket. It is recommended that the bucket policy or access control list (ACL) applied to the S3 bucket that CloudTrail logs to prevent public access to the CloudTrail logs.;Allowing public access to CloudTrail log content may aid an adversary in identifying weaknesses in the affected account's use or configuration.;;"Perform the following to remove any public access that has been granted to the bucket via an ACL or S3 bucket policy:  1. Go to Amazon S3 console at [https://console.aws.amazon.com/s3/home](https://console.aws.amazon.com/s3/home) 2. Right-click on the bucket and click Properties 3. In the `Properties` pane, click the `Permissions` tab. 4. The tab shows a list of grants, one row per grant, in the bucket ACL. Each row identifies the grantee and the permissions granted. 5. Select the row that grants permission to `Everyone` or `Any Authenticated User`  6. Uncheck all the permissions granted to `Everyone` or `Any Authenticated User` (click `x` to delete the row). 7. Click `Save` to save the ACL. 8. If the `Edit bucket policy` button is present, click it. 9. Remove any `Statement` having an `Effect` set to `Allow` and a `Principal` set to ""\*"" or {""AWS"" : ""\*""}.";"Perform the following to determine if any public access is granted to an S3 bucket via an ACL or S3 bucket policy:  **From Console:**  1. Go to the Amazon CloudTrail console at [https://console.aws.amazon.com/cloudtrail/home](https://console.aws.amazon.com/cloudtrail/home) 2. In the `API activity history` pane on the left, click `Trails`  3. In the `Trails` pane, note the bucket names in the `S3 bucket` column 4. Go to Amazon S3 console at [https://console.aws.amazon.com/s3/home](https://console.aws.amazon.com/s3/home) 5. For each bucket noted in step 3, right-click on the bucket and click `Properties`  6. In the `Properties` pane, click the `Permissions` tab. 7. The tab shows a list of grants, one row per grant, in the bucket ACL. Each row identifies the grantee and the permissions granted. 8. Ensure no rows exists that have the `Grantee` set to `Everyone` or the `Grantee` set to `Any Authenticated User.`  9. If the `Edit bucket policy` button is present, click it to review the bucket policy. 10. Ensure the policy does not contain a `Statement` having an `Effect` set to `Allow` and a `Principal` set to ""\*"" or {""AWS"" : ""\*""}  **From Command Line:**  1. Get the name of the S3 bucket that CloudTrail is logging to: ```  aws cloudtrail describe-trails --query 'trailList[*].S3BucketName' ``` 2. Ensure the `AllUsers` principal is not granted privileges to that `<bucket>` : ```  aws s3api get-bucket-acl --bucket <s3_bucket_for_cloudtrail> --query 'Grants[?Grantee.URI== `https://acs.amazonaws.com/groups/global/AllUsers` ]' ``` 3. Ensure the `AuthenticatedUsers` principal is not granted privileges to that `<bucket>`: ```  aws s3api get-bucket-acl --bucket <s3_bucket_for_cloudtrail> --query 'Grants[?Grantee.URI== `https://acs.amazonaws.com/groups/global/Authenticated Users` ]' ``` 4. Get the S3 Bucket Policy ```  aws s3api get-bucket-policy --bucket <s3_bucket_for_cloudtrail>  ``` 5. Ensure the policy does not contain a `Statement` having an `Effect` set to `Allow` and a `Principal` set to ""\*"" or {""AWS"" : ""\*""}  **Note:** Principal set to ""\*"" or {""AWS"" : ""\*""} allows anonymous access.";;;https://docs.aws.amazon.com/IAM/latest/UserGuide/reference_policies_elements_principal.html;PASS;S3 Bucket range-cloudtrail-<SANDBOX_ACCOUNT_ID> from multiregion trail range-trail is not publicly accessible.;arn:aws:cloudtrail:ap-southeast-7:<SANDBOX_ACCOUNT_ID>:trail/range-trail;range-trail;cloudtrail_logs_s3_bucket_is_not_publicly_accessible;False;CIS;CIS Amazon Web Services Foundations Benchmark v1.4.0
aws;The CIS Benchmark for CIS Amazon Web Services Foundations Benchmark, v1.4.0, Level 1 and 2 provides prescriptive guidance for configuring security options for a subset of Amazon Web Services. It has an emphasis on foundational, testable, and architecture agnostic settings;<SANDBOX_ACCOUNT_ID>;ap-southeast-7;2026-08-19 02:30:11.271115;3.1;Ensure CloudTrail is enabled in all regions;3 Logging;;Level 1;Automated;AWS CloudTrail is a web service that records AWS API calls for your account and delivers log files to you. The recorded information includes the identity of the API caller, the time of the API call, the source IP address of the API caller, the request parameters, and the response elements returned by the AWS service. CloudTrail provides a history of AWS API calls for an account, including API calls made via the Management Console, SDKs, command line tools, and higher-level AWS services (such as CloudFormation).;The AWS API call history produced by CloudTrail enables security analysis, resource change tracking, and compliance auditing. Additionally,   - ensuring that a multi-regions trail exists will ensure that unexpected activity occurring in otherwise unused regions is detected  - ensuring that a multi-regions trail exists will ensure that `Global Service Logging` is enabled for a trail by default to capture recording of events generated on  AWS global services  - for a multi-regions trail, ensuring that management events configured for all type of Read/Writes ensures recording of management operations that are performed on all resources in an AWS account;S3 lifecycle features can be used to manage the accumulation and management of logs over time. See the following AWS resource for more information on these features:  1. https://docs.aws.amazon.com/AmazonS3/latest/dev/object-lifecycle-mgmt.html;Perform the following to enable global (Multi-region) CloudTrail logging:  **From Console:**  1. Sign in to the AWS Management Console and open the IAM console at [https://console.aws.amazon.com/cloudtrail](https://console.aws.amazon.com/cloudtrail) 2. Click on _Trails_ on the left navigation pane 3. Click `Get Started Now` , if presented  - Click `Add new trail`   - Enter a trail name in the `Trail name` box  - Set the `Apply trail to all regions` option to `Yes`   - Specify an S3 bucket name in the `S3 bucket` box  - Click `Create`  4. If 1 or more trails already exist, select the target trail to enable for global logging 5. Click the edit icon (pencil) next to `Apply trail to all regions` , Click `Yes` and Click `Save`. 6. Click the edit icon (pencil) next to `Management Events` click `All` for setting `Read/Write Events` and Click `Save`.  **From Command Line:** ``` aws cloudtrail create-trail --name <trail_name> --bucket-name <s3_bucket_for_cloudtrail> --is-multi-region-trail  aws cloudtrail update-trail --name <trail_name> --is-multi-region-trail ```  Note: Creating CloudTrail via CLI without providing any overriding options configures `Management Events` to set `All` type of `Read/Writes` by default.;Perform the following to determine if CloudTrail is enabled for all regions:  **From Console:**  1. Sign in to the AWS Management Console and open the CloudTrail console at [https://console.aws.amazon.com/cloudtrail](https://console.aws.amazon.com/cloudtrail) 2. Click on `Trails` on the left navigation pane  - You will be presented with a list of trails across all regions 3. Ensure at least one Trail has `All` specified in the `Region` column 4. Click on a trail via the link in the _Name_ column 5. Ensure `Logging` is set to `ON`  6. Ensure `Apply trail to all regions` is set to `Yes` 7. In section `Management Events` ensure `Read/Write Events` set to `ALL`  **From Command Line:** ```  aws cloudtrail describe-trails ``` Ensure `IsMultiRegionTrail` is set to `true`  ``` aws cloudtrail get-trail-status --name <trailname shown in describe-trails> ``` Ensure `IsLogging` is set to `true` ``` aws cloudtrail get-event-selectors --trail-name <trailname shown in describe-trails> ``` Ensure there is at least one Event Selector for a Trail with `IncludeManagementEvents` set to `true` and `ReadWriteType` set to `All`;;;https://docs.aws.amazon.com/awscloudtrail/latest/userguide/cloudtrail-concepts.html#cloudtrail-concepts-management-events:https://docs.aws.amazon.com/awscloudtrail/latest/userguide/logging-management-and-data-events-with-cloudtrail.html?icmpid=docs_cloudtrail_console#logging-management-events:https://docs.aws.amazon.com/awscloudtrail/latest/userguide/cloudtrail-supported-services.html#cloud-trail-supported-services-data-events;PASS;Trail lz-org-trail is multiregion and it is logging.;arn:aws:cloudtrail:ap-southeast-7:<MANAGEMENT_ACCOUNT_ID>:trail/lz-org-trail;lz-org-trail;cloudtrail_multi_region_enabled;False;CIS;CIS Amazon Web Services Foundations Benchmark v1.4.0
aws;The CIS Benchmark for CIS Amazon Web Services Foundations Benchmark, v1.4.0, Level 1 and 2 provides prescriptive guidance for configuring security options for a subset of Amazon Web Services. It has an emphasis on foundational, testable, and architecture agnostic settings;<SANDBOX_ACCOUNT_ID>;ap-southeast-7;2026-08-19 02:30:11.271115;3.11;Ensure that Object-level logging for read events is enabled for S3 bucket;3 Logging;;Level 2;Automated;S3 object-level API operations such as GetObject, DeleteObject, and PutObject are called data events. By default, CloudTrail trails don't log data events and so it is recommended to enable Object-level logging for S3 buckets.;Enabling object-level logging will help you meet data compliance requirements within your organization, perform comprehensive security analysis, monitor specific patterns of user behavior in your AWS account or take immediate actions on any object-level API activity using Amazon CloudWatch Events.;;"**From Console:**  1. Login to the AWS Management Console and navigate to S3 dashboard at `https://console.aws.amazon.com/s3/` 2. In the left navigation panel, click `buckets` and then click on the S3 Bucket Name that you want to examine. 3. Click `Properties` tab to see in detail bucket configuration. 4. Click on the `Object-level` logging setting, enter the CloudTrail name for the recording activity. You can choose an existing Cloudtrail or create a new one by navigating to the Cloudtrail console link `https://console.aws.amazon.com/cloudtrail/` 5. Once the Cloudtrail is selected, check the Read event checkbox, so that `object-level` logging for `Read` events is enabled. 6. Repeat steps 2 to 5 to enable `object-level` logging of read events for other S3 buckets.  **From Command Line:** 1. To enable `object-level` data events logging for S3 buckets within your AWS account, run `put-event-selectors` command using the name of the trail that you want to reconfigure as identifier: ``` aws cloudtrail put-event-selectors --region <region-name> --trail-name <trail-name> --event-selectors '[{ ""ReadWriteType"": ""ReadOnly"", ""IncludeManagementEvents"":true, ""DataResources"": [{ ""Type"": ""AWS::S3::Object"", ""Values"": [""arn:aws:s3:::<s3-bucket-name>/""] }] }]' ``` 2. The command output will be `object-level` event trail configuration. 3. If you want to enable it for all buckets at ones then change Values parameter to `[""arn:aws:s3""]` in command given above. 4. Repeat step 1 for each s3 bucket to update `object-level` logging of read events. 5. Change the AWS region by updating the `--region` command parameter and perform the process for other regions.";**From Console:**  1. Login to the AWS Management Console and navigate to S3 dashboard at `https://console.aws.amazon.com/s3/` 2. In the left navigation panel, click `buckets` and then click on the S3 Bucket Name that you want to examine. 3. Click `Properties` tab to see in detail bucket configuration. 4. If the current status for `Object-level` logging is set to `Disabled`, then object-level logging of read events for the selected s3 bucket is not set. 5. If the current status for `Object-level` logging is set to `Enabled`, but the Read event check-box is unchecked, then object-level logging of read events for the selected s3 bucket is not set. 6. Repeat steps 2 to 5 to verify `object-level` logging for `read` events of your other S3 buckets.  **From Command Line:** 1. Run `describe-trails` command to list the names of all Amazon CloudTrail trails currently available in the selected AWS region: ``` aws cloudtrail describe-trails --region <region-name> --output table --query trailList[*].Name ``` 2. The command output will be table of the requested trail names. 3. Run `get-event-selectors` command using the name of the trail returned at the previous step and custom query filters to determine if Data events logging feature is enabled within the selected CloudTrail trail configuration for s3 bucket resources: ``` aws cloudtrail get-event-selectors --region <region-name> --trail-name <trail-name> --query EventSelectors[*].DataResources[] ``` 4. The command output should be an array that contains the configuration of the AWS resource(S3 bucket) defined for the Data events selector. 5. If the `get-event-selectors` command returns an empty array, the Data events are not included into the selected AWS Cloudtrail trail logging configuration, therefore the S3 object-level API operations performed within your AWS account are not recorded. 6. Repeat steps 1 to 5 for auditing each s3 bucket to identify other trails that are missing the capability to log Data events. 7. Change the AWS region by updating the `--region` command parameter and perform the audit process for other regions.;;;https://docs.aws.amazon.com/AmazonS3/latest/user-guide/enable-cloudtrail-events.html;FAIL;No CloudTrail trails have a data event to record all S3 object-level API operations.;arn:aws:cloudtrail:ap-southeast-7:<SANDBOX_ACCOUNT_ID>:trail;<SANDBOX_ACCOUNT_ID>;cloudtrail_s3_dataevents_read_enabled;False;CIS;CIS Amazon Web Services Foundations Benchmark v1.4.0
aws;The CIS Benchmark for CIS Amazon Web Services Foundations Benchmark, v1.4.0, Level 1 and 2 provides prescriptive guidance for configuring security options for a subset of Amazon Web Services. It has an emphasis on foundational, testable, and architecture agnostic settings;<SANDBOX_ACCOUNT_ID>;ap-southeast-7;2026-08-19 02:30:11.271115;3.10;Ensure that Object-level logging for write events is enabled for S3 bucket;3 Logging;;Level 2;Automated;S3 object-level API operations such as GetObject, DeleteObject, and PutObject are called data events. By default, CloudTrail trails don't log data events and so it is recommended to enable Object-level logging for S3 buckets.;Enabling object-level logging will help you meet data compliance requirements within your organization, perform comprehensive security analysis, monitor specific patterns of user behavior in your AWS account or take immediate actions on any object-level API activity within your S3 Buckets using Amazon CloudWatch Events.;;"**From Console:**  1. Login to the AWS Management Console and navigate to S3 dashboard at `https://console.aws.amazon.com/s3/` 2. In the left navigation panel, click `buckets` and then click on the S3 Bucket Name that you want to examine. 3. Click `Properties` tab to see in detail bucket configuration. 4. Click on the `Object-level` logging setting, enter the CloudTrail name for the recording activity. You can choose an existing Cloudtrail or create a new one by navigating to the Cloudtrail console link `https://console.aws.amazon.com/cloudtrail/` 5. Once the Cloudtrail is selected, check the `Write` event checkbox, so that `object-level` logging for Write events is enabled. 6. Repeat steps 2 to 5 to enable object-level logging of write events for other S3 buckets.  **From Command Line:**  1. To enable `object-level` data events logging for S3 buckets within your AWS account, run `put-event-selectors` command using the name of the trail that you want to reconfigure as identifier: ``` aws cloudtrail put-event-selectors --region <region-name> --trail-name <trail-name> --event-selectors '[{ ""ReadWriteType"": ""WriteOnly"", ""IncludeManagementEvents"":true, ""DataResources"": [{ ""Type"": ""AWS::S3::Object"", ""Values"": [""arn:aws:s3:::<s3-bucket-name>/""] }] }]' ``` 2. The command output will be `object-level` event trail configuration. 3. If you want to enable it for all buckets at once then change Values parameter to `[""arn:aws:s3""]` in command given above. 4. Repeat step 1 for each s3 bucket to update `object-level` logging of write events. 5. Change the AWS region by updating the `--region` command parameter and perform the process for other regions.";"**From Console:**  1. Login to the AWS Management Console and navigate to CloudTrail dashboard at `https://console.aws.amazon.com/cloudtrail/` 2. In the left panel, click `Trails` and then click on the CloudTrail Name that you want to examine. 3. Review `General details` 4. Confirm that `Multi-region trail` is set to `Yes` 5. Scroll down to `Data events` 6. Confirm that it reads: Data events: S3 Bucket Name: All current and future S3 buckets Read: Enabled Write: Enabled 7. Repeat steps 2 to 6 to verify that Multi-region trail and Data events logging of S3 buckets in CloudTrail. If the CloudTrails do not have multi-region and data events configured for S3 refer to the remediation below.  **From Command Line:**  1. Run `list-trails` command to list the names of all Amazon CloudTrail trails currently available in all AWS regions: ``` aws cloudtrail list-trails ``` 2. The command output will be a list of all the trail names to include. ""TrailARN"": ""arn:aws:cloudtrail:<region>:<account#>:trail/<trailname>"", ""Name"": ""<trailname>"", ""HomeRegion"": ""<region>"" 3. Next run 'get-trail- command to determine Multi-region. ``` aws cloudtrail get-trail --name <trailname> --region <region_name> ``` 4. The command output should include: ""IsMultiRegionTrail"": true, 5. Next run `get-event-selectors` command using the `Name` of the trail and the `region` returned in step 2 to determine if Data events logging feature is enabled within the selected CloudTrail trail for all S3 buckets: ``` aws cloudtrail get-event-selectors --region <HomeRegion> --trail-name <trailname> --query EventSelectors[*].DataResources[] ``` 6. The command output should be an array that contains the configuration of the AWS resource(S3 bucket) defined for the Data events selector. ""Type"": ""AWS::S3::Object"",  ""Values"": [  ""arn:aws:s3"" 7. If the `get-event-selectors` command returns an empty array '[]', the Data events are not included in the selected AWS Cloudtrail trail logging configuration, therefore the S3 object-level API operations performed within your AWS account are not recorded. 8. Repeat steps 1 to 5 for auditing each CloudTrail to determine if Data events for S3 are covered. If Multi-region is not set to true and the Data events does not show S3 defined as shown refer to the remediation procedure below.";;;https://docs.aws.amazon.com/AmazonS3/latest/user-guide/enable-cloudtrail-events.html;FAIL;No CloudTrail trails have a data event to record all S3 object-level API operations.;arn:aws:cloudtrail:ap-southeast-7:<SANDBOX_ACCOUNT_ID>:trail;<SANDBOX_ACCOUNT_ID>;cloudtrail_s3_dataevents_write_enabled;False;CIS;CIS Amazon Web Services Foundations Benchmark v1.4.0
aws;The CIS Benchmark for CIS Amazon Web Services Foundations Benchmark, v1.4.0, Level 1 and 2 provides prescriptive guidance for configuring security options for a subset of Amazon Web Services. It has an emphasis on foundational, testable, and architecture agnostic settings;<SANDBOX_ACCOUNT_ID>;ap-southeast-7;2026-08-19 02:30:11.271115;4.11;Ensure a log metric filter and alarm exist for changes to Network Access Control Lists (NACL);4 Monitoring;;Level 2;Automated;Real-time monitoring of API calls can be achieved by directing CloudTrail Logs to CloudWatch Logs and establishing corresponding metric filters and alarms. NACLs are used as a stateless packet filter to control ingress and egress traffic for subnets within a VPC. It is recommended that a metric filter and alarm be established for changes made to NACLs.;Monitoring changes to NACLs will help ensure that AWS resources and services are not unintentionally exposed.;;Perform the following to setup the metric filter, alarm, SNS topic, and subscription:  1. Create a metric filter based on filter pattern provided which checks for NACL changes and the `<cloudtrail_log_group_name>` taken from audit step 1. ``` aws logs put-metric-filter --log-group-name <cloudtrail_log_group_name> --filter-name `<nacl_changes_metric>` --metric-transformations metricName= `<nacl_changes_metric>` ,metricNamespace='CISBenchmark',metricValue=1 --filter-pattern '{ ($.eventName = CreateNetworkAcl) || ($.eventName = CreateNetworkAclEntry) || ($.eventName = DeleteNetworkAcl) || ($.eventName = DeleteNetworkAclEntry) || ($.eventName = ReplaceNetworkAclEntry) || ($.eventName = ReplaceNetworkAclAssociation) }' ```  **Note**: You can choose your own metricName and metricNamespace strings. Using the same metricNamespace for all Foundations Benchmark metrics will group them together.  2. Create an SNS topic that the alarm will notify ``` aws sns create-topic --name <sns_topic_name> ```  **Note**: you can execute this command once and then re-use the same topic for all monitoring alarms.  3. Create an SNS subscription to the topic created in step 2 ``` aws sns subscribe --topic-arn <sns_topic_arn> --protocol <protocol_for_sns> --notification-endpoint <sns_subscription_endpoints> ```  **Note**: you can execute this command once and then re-use the SNS subscription for all monitoring alarms.  4. Create an alarm that is associated with the CloudWatch Logs Metric Filter created in step 1 and an SNS topic created in step 2 ``` aws cloudwatch put-metric-alarm --alarm-name `<nacl_changes_alarm>` --metric-name `<nacl_changes_metric>` --statistic Sum --period 300 --threshold 1 --comparison-operator GreaterThanOrEqualToThreshold --evaluation-periods 1 --namespace 'CISBenchmark' --alarm-actions <sns_topic_arn> ```;"Perform the following to ensure that there is at least one active multi-region CloudTrail with prescribed metric filters and alarms configured:  1. Identify the log group name configured for use with active multi-region CloudTrail:  - List all CloudTrails: `aws cloudtrail describe-trails`  - Identify Multi region Cloudtrails: `Trails with ""IsMultiRegionTrail"" set to true`  - From value associated with CloudWatchLogsLogGroupArn note `<cloudtrail_log_group_name>`  Example: for CloudWatchLogsLogGroupArn that looks like `arn:aws:logs:<region>:<aws_account_number>:log-group:NewGroup:*`, `<cloudtrail_log_group_name>` would be `NewGroup`  - Ensure Identified Multi region CloudTrail is active  `aws cloudtrail get-trail-status --name <Name of a Multi-region CloudTrail>`  ensure `IsLogging` is set to `TRUE`  - Ensure identified Multi-region Cloudtrail captures all Management Events  `aws cloudtrail get-event-selectors --trail-name <trailname shown in describe-trails>`  Ensure there is at least one Event Selector for a Trail with `IncludeManagementEvents` set to `true` and `ReadWriteType` set to `All`  2. Get a list of all associated metric filters for this `<cloudtrail_log_group_name>`: ``` aws logs describe-metric-filters --log-group-name ""<cloudtrail_log_group_name>"" ``` 3. Ensure the output from the above command contains the following: ``` ""filterPattern"": ""{ ($.eventName = CreateNetworkAcl) || ($.eventName = CreateNetworkAclEntry) || ($.eventName = DeleteNetworkAcl) || ($.eventName = DeleteNetworkAclEntry) || ($.eventName = ReplaceNetworkAclEntry) || ($.eventName = ReplaceNetworkAclAssociation) }"" ``` 4. Note the `<nacl_changes_metric>` value associated with the `filterPattern` found in step 3.  5. Get a list of CloudWatch alarms and filter on the `<nacl_changes_metric>` captured in step 4. ``` aws cloudwatch describe-alarms --query 'MetricAlarms[?MetricName== `<nacl_changes_metric>`]' ``` 6. Note the `AlarmActions` value - this will provide the SNS topic ARN value.  7. Ensure there is at least one active subscriber to the SNS topic ``` aws sns list-subscriptions-by-topic --topic-arn <sns_topic_arn>  ``` at least one subscription should have ""SubscriptionArn"" with valid aws ARN. ``` Example of valid ""SubscriptionArn"": ""arn:aws:sns:<region>:<aws_account_number>:<SnsTopicName>:<SubscriptionID>"" ```";Configuring log metric filter and alarm on Multi-region (global) CloudTrail - ensures that activities from all regions (used as well as unused) are monitored - ensures that activities on all supported global services are monitored - ensures that all management events across all regions are monitored;;https://docs.aws.amazon.com/awscloudtrail/latest/userguide/receive-cloudtrail-log-files-from-multiple-regions.html:https://docs.aws.amazon.com/awscloudtrail/latest/userguide/cloudwatch-alarms-for-cloudtrail.html:https://docs.aws.amazon.com/sns/latest/dg/SubscribeTopic.html;FAIL;No CloudWatch log groups found with metric filters or alarms associated.;arn:aws:logs:ap-southeast-7:<SANDBOX_ACCOUNT_ID>:log-group;<SANDBOX_ACCOUNT_ID>;cloudwatch_changes_to_network_acls_alarm_configured;False;CIS;CIS Amazon Web Services Foundations Benchmark v1.4.0
aws;The CIS Benchmark for CIS Amazon Web Services Foundations Benchmark, v1.4.0, Level 1 and 2 provides prescriptive guidance for configuring security options for a subset of Amazon Web Services. It has an emphasis on foundational, testable, and architecture agnostic settings;<SANDBOX_ACCOUNT_ID>;ap-southeast-7;2026-08-19 02:30:11.271115;4.12;Ensure a log metric filter and alarm exist for changes to network gateways;4 Monitoring;;Level 1;Automated;Real-time monitoring of API calls can be achieved by directing CloudTrail Logs to CloudWatch Logs and establishing corresponding metric filters and alarms. Network gateways are required to send/receive traffic to a destination outside of a VPC. It is recommended that a metric filter and alarm be established for changes to network gateways.;Monitoring changes to network gateways will help ensure that all ingress/egress traffic traverses the VPC border via a controlled path.;;Perform the following to setup the metric filter, alarm, SNS topic, and subscription:  1. Create a metric filter based on filter pattern provided which checks for network gateways changes and the `<cloudtrail_log_group_name>` taken from audit step 1. ``` aws logs put-metric-filter --log-group-name <cloudtrail_log_group_name> --filter-name `<network_gw_changes_metric>` --metric-transformations metricName= `<network_gw_changes_metric>` ,metricNamespace='CISBenchmark',metricValue=1 --filter-pattern '{ ($.eventName = CreateCustomerGateway) || ($.eventName = DeleteCustomerGateway) || ($.eventName = AttachInternetGateway) || ($.eventName = CreateInternetGateway) || ($.eventName = DeleteInternetGateway) || ($.eventName = DetachInternetGateway) }' ```  **Note**: You can choose your own metricName and metricNamespace strings. Using the same metricNamespace for all Foundations Benchmark metrics will group them together.  2. Create an SNS topic that the alarm will notify ``` aws sns create-topic --name <sns_topic_name> ```  **Note**: you can execute this command once and then re-use the same topic for all monitoring alarms.  3. Create an SNS subscription to the topic created in step 2 ``` aws sns subscribe --topic-arn <sns_topic_arn> --protocol <protocol_for_sns> --notification-endpoint <sns_subscription_endpoints> ```  **Note**: you can execute this command once and then re-use the SNS subscription for all monitoring alarms.  4. Create an alarm that is associated with the CloudWatch Logs Metric Filter created in step 1 and an SNS topic created in step 2 ``` aws cloudwatch put-metric-alarm --alarm-name `<network_gw_changes_alarm>` --metric-name `<network_gw_changes_metric>` --statistic Sum --period 300 --threshold 1 --comparison-operator GreaterThanOrEqualToThreshold --evaluation-periods 1 --namespace 'CISBenchmark' --alarm-actions <sns_topic_arn> ```;"Perform the following to ensure that there is at least one active multi-region CloudTrail with prescribed metric filters and alarms configured:  1. Identify the log group name configured for use with active multi-region CloudTrail:  - List all CloudTrails: `aws cloudtrail describe-trails`  - Identify Multi region Cloudtrails: `Trails with ""IsMultiRegionTrail"" set to true`  - From value associated with CloudWatchLogsLogGroupArn note `<cloudtrail_log_group_name>`  Example: for CloudWatchLogsLogGroupArn that looks like `arn:aws:logs:<region>:<aws_account_number>:log-group:NewGroup:*`, `<cloudtrail_log_group_name>` would be `NewGroup`  - Ensure Identified Multi region CloudTrail is active  `aws cloudtrail get-trail-status --name <Name of a Multi-region CloudTrail>`  ensure `IsLogging` is set to `TRUE`  - Ensure identified Multi-region Cloudtrail captures all Management Events  `aws cloudtrail get-event-selectors --trail-name <trailname shown in describe-trails>`  Ensure there is at least one Event Selector for a Trail with `IncludeManagementEvents` set to `true` and `ReadWriteType` set to `All`  2. Get a list of all associated metric filters for this `<cloudtrail_log_group_name>`: ``` aws logs describe-metric-filters --log-group-name ""<cloudtrail_log_group_name>"" ``` 3. Ensure the output from the above command contains the following: ``` ""filterPattern"": ""{ ($.eventName = CreateCustomerGateway) || ($.eventName = DeleteCustomerGateway) || ($.eventName = AttachInternetGateway) || ($.eventName = CreateInternetGateway) || ($.eventName = DeleteInternetGateway) || ($.eventName = DetachInternetGateway) }"" ``` 4. Note the `<network_gw_changes_metric>` value associated with the `filterPattern` found in step 3.  5. Get a list of CloudWatch alarms and filter on the `<network_gw_changes_metric>` captured in step 4. ``` aws cloudwatch describe-alarms --query 'MetricAlarms[?MetricName== `<network_gw_changes_metric>`]' ``` 6. Note the `AlarmActions` value - this will provide the SNS topic ARN value.  7. Ensure there is at least one active subscriber to the SNS topic ``` aws sns list-subscriptions-by-topic --topic-arn <sns_topic_arn>  ``` at least one subscription should have ""SubscriptionArn"" with valid aws ARN. ``` Example of valid ""SubscriptionArn"": ""arn:aws:sns:<region>:<aws_account_number>:<SnsTopicName>:<SubscriptionID>"" ```";Configuring log metric filter and alarm on Multi-region (global) CloudTrail - ensures that activities from all regions (used as well as unused) are monitored - ensures that activities on all supported global services are monitored - ensures that all management events across all regions are monitored;;https://docs.aws.amazon.com/awscloudtrail/latest/userguide/receive-cloudtrail-log-files-from-multiple-regions.html:https://docs.aws.amazon.com/awscloudtrail/latest/userguide/cloudwatch-alarms-for-cloudtrail.html:https://docs.aws.amazon.com/sns/latest/dg/SubscribeTopic.html;FAIL;No CloudWatch log groups found with metric filters or alarms associated.;arn:aws:logs:ap-southeast-7:<SANDBOX_ACCOUNT_ID>:log-group;<SANDBOX_ACCOUNT_ID>;cloudwatch_changes_to_network_gateways_alarm_configured;False;CIS;CIS Amazon Web Services Foundations Benchmark v1.4.0
aws;The CIS Benchmark for CIS Amazon Web Services Foundations Benchmark, v1.4.0, Level 1 and 2 provides prescriptive guidance for configuring security options for a subset of Amazon Web Services. It has an emphasis on foundational, testable, and architecture agnostic settings;<SANDBOX_ACCOUNT_ID>;ap-southeast-7;2026-08-19 02:30:11.271115;4.13;Ensure a log metric filter and alarm exist for route table changes;4 Monitoring;;Level 1;Automated;Real-time monitoring of API calls can be achieved by directing CloudTrail Logs to CloudWatch Logs and establishing corresponding metric filters and alarms. Routing tables are used to route network traffic between subnets and to network gateways. It is recommended that a metric filter and alarm be established for changes to route tables.;Monitoring changes to route tables will help ensure that all VPC traffic flows through an expected path.;;Perform the following to setup the metric filter, alarm, SNS topic, and subscription:  1. Create a metric filter based on filter pattern provided which checks for route table changes and the `<cloudtrail_log_group_name>` taken from audit step 1. ``` aws logs put-metric-filter --log-group-name <cloudtrail_log_group_name> --filter-name `<route_table_changes_metric>` --metric-transformations metricName= `<route_table_changes_metric>` ,metricNamespace='CISBenchmark',metricValue=1 --filter-pattern '{ ($.eventName = CreateRoute) || ($.eventName = CreateRouteTable) || ($.eventName = ReplaceRoute) || ($.eventName = ReplaceRouteTableAssociation) || ($.eventName = DeleteRouteTable) || ($.eventName = DeleteRoute) || ($.eventName = DisassociateRouteTable) }' ```  **Note**: You can choose your own metricName and metricNamespace strings. Using the same metricNamespace for all Foundations Benchmark metrics will group them together.  2. Create an SNS topic that the alarm will notify ``` aws sns create-topic --name <sns_topic_name> ```  **Note**: you can execute this command once and then re-use the same topic for all monitoring alarms.  3. Create an SNS subscription to the topic created in step 2 ``` aws sns subscribe --topic-arn <sns_topic_arn> --protocol <protocol_for_sns> --notification-endpoint <sns_subscription_endpoints> ```  **Note**: you can execute this command once and then re-use the SNS subscription for all monitoring alarms.  4. Create an alarm that is associated with the CloudWatch Logs Metric Filter created in step 1 and an SNS topic created in step 2 ``` aws cloudwatch put-metric-alarm --alarm-name `<route_table_changes_alarm>` --metric-name `<route_table_changes_metric>` --statistic Sum --period 300 --threshold 1 --comparison-operator GreaterThanOrEqualToThreshold --evaluation-periods 1 --namespace 'CISBenchmark' --alarm-actions <sns_topic_arn> ```;"Perform the following to ensure that there is at least one active multi-region CloudTrail with prescribed metric filters and alarms configured:  1. Identify the log group name configured for use with active multi-region CloudTrail:  - List all CloudTrails: `aws cloudtrail describe-trails`  - Identify Multi region Cloudtrails: `Trails with ""IsMultiRegionTrail"" set to true`  - From value associated with CloudWatchLogsLogGroupArn note `<cloudtrail_log_group_name>`  Example: for CloudWatchLogsLogGroupArn that looks like `arn:aws:logs:<region>:<aws_account_number>:log-group:NewGroup:*`, `<cloudtrail_log_group_name>` would be `NewGroup`  - Ensure Identified Multi region CloudTrail is active  `aws cloudtrail get-trail-status --name <Name of a Multi-region CloudTrail>`  ensure `IsLogging` is set to `TRUE`  - Ensure identified Multi-region Cloudtrail captures all Management Events  `aws cloudtrail get-event-selectors --trail-name <trailname shown in describe-trails>`  Ensure there is at least one Event Selector for a Trail with `IncludeManagementEvents` set to `true` and `ReadWriteType` set to `All`  2. Get a list of all associated metric filters for this `<cloudtrail_log_group_name>`:  ``` aws logs describe-metric-filters --log-group-name ""<cloudtrail_log_group_name>"" ```  3. Ensure the output from the above command contains the following:  ``` ""filterPattern"": ""{ ($.eventName = CreateRoute) || ($.eventName = CreateRouteTable) || ($.eventName = ReplaceRoute) || ($.eventName = ReplaceRouteTableAssociation) || ($.eventName = DeleteRouteTable) || ($.eventName = DeleteRoute) || ($.eventName = DisassociateRouteTable) }"" ```  4. Note the `<route_table_changes_metric>` value associated with the `filterPattern` found in step 3.  5. Get a list of CloudWatch alarms and filter on the `<route_table_changes_metric>` captured in step 4.  ``` aws cloudwatch describe-alarms --query 'MetricAlarms[?MetricName== `<route_table_changes_metric>`]' ```  6. Note the `AlarmActions` value - this will provide the SNS topic ARN value.  7. Ensure there is at least one active subscriber to the SNS topic  ``` aws sns list-subscriptions-by-topic --topic-arn <sns_topic_arn>  ``` at least one subscription should have ""SubscriptionArn"" with valid aws ARN.  ``` Example of valid ""SubscriptionArn"": ""arn:aws:sns:<region>:<aws_account_number>:<SnsTopicName>:<SubscriptionID>"" ```";Configuring log metric filter and alarm on Multi-region (global) CloudTrail - ensures that activities from all regions (used as well as unused) are monitored - ensures that activities on all supported global services are monitored - ensures that all management events across all regions are monitored;;https://docs.aws.amazon.com/awscloudtrail/latest/userguide/receive-cloudtrail-log-files-from-multiple-regions.html:https://docs.aws.amazon.com/awscloudtrail/latest/userguide/cloudwatch-alarms-for-cloudtrail.html:https://docs.aws.amazon.com/sns/latest/dg/SubscribeTopic.html;FAIL;No CloudWatch log groups found with metric filters or alarms associated.;arn:aws:logs:ap-southeast-7:<SANDBOX_ACCOUNT_ID>:log-group;<SANDBOX_ACCOUNT_ID>;cloudwatch_changes_to_network_route_tables_alarm_configured;False;CIS;CIS Amazon Web Services Foundations Benchmark v1.4.0
aws;The CIS Benchmark for CIS Amazon Web Services Foundations Benchmark, v1.4.0, Level 1 and 2 provides prescriptive guidance for configuring security options for a subset of Amazon Web Services. It has an emphasis on foundational, testable, and architecture agnostic settings;<SANDBOX_ACCOUNT_ID>;ap-southeast-7;2026-08-19 02:30:11.271115;4.14;Ensure a log metric filter and alarm exist for VPC changes;4 Monitoring;;Level 1;Automated;Real-time monitoring of API calls can be achieved by directing CloudTrail Logs to CloudWatch Logs and establishing corresponding metric filters and alarms. It is possible to have more than 1 VPC within an account, in addition it is also possible to create a peer connection between 2 VPCs enabling network traffic to route between VPCs. It is recommended that a metric filter and alarm be established for changes made to VPCs.;Monitoring changes to VPC will help ensure VPC traffic flow is not getting impacted.;;Perform the following to setup the metric filter, alarm, SNS topic, and subscription:  1. Create a metric filter based on filter pattern provided which checks for VPC changes and the `<cloudtrail_log_group_name>` taken from audit step 1. ``` aws logs put-metric-filter --log-group-name <cloudtrail_log_group_name> --filter-name `<vpc_changes_metric>` --metric-transformations metricName= `<vpc_changes_metric>` ,metricNamespace='CISBenchmark',metricValue=1 --filter-pattern '{ ($.eventName = CreateVpc) || ($.eventName = DeleteVpc) || ($.eventName = ModifyVpcAttribute) || ($.eventName = AcceptVpcPeeringConnection) || ($.eventName = CreateVpcPeeringConnection) || ($.eventName = DeleteVpcPeeringConnection) || ($.eventName = RejectVpcPeeringConnection) || ($.eventName = AttachClassicLinkVpc) || ($.eventName = DetachClassicLinkVpc) || ($.eventName = DisableVpcClassicLink) || ($.eventName = EnableVpcClassicLink) }' ```  **Note**: You can choose your own metricName and metricNamespace strings. Using the same metricNamespace for all Foundations Benchmark metrics will group them together.  2. Create an SNS topic that the alarm will notify ``` aws sns create-topic --name <sns_topic_name> ```  **Note**: you can execute this command once and then re-use the same topic for all monitoring alarms.  3. Create an SNS subscription to the topic created in step 2 ``` aws sns subscribe --topic-arn <sns_topic_arn> --protocol <protocol_for_sns> --notification-endpoint <sns_subscription_endpoints> ```  **Note**: you can execute this command once and then re-use the SNS subscription for all monitoring alarms.  4. Create an alarm that is associated with the CloudWatch Logs Metric Filter created in step 1 and an SNS topic created in step 2 ``` aws cloudwatch put-metric-alarm --alarm-name `<vpc_changes_alarm>` --metric-name `<vpc_changes_metric>` --statistic Sum --period 300 --threshold 1 --comparison-operator GreaterThanOrEqualToThreshold --evaluation-periods 1 --namespace 'CISBenchmark' --alarm-actions <sns_topic_arn> ```;"Perform the following to ensure that there is at least one active multi-region CloudTrail with prescribed metric filters and alarms configured:  1. Identify the log group name configured for use with active multi-region CloudTrail:  - List all CloudTrails: `aws cloudtrail describe-trails`  - Identify Multi region Cloudtrails: `Trails with ""IsMultiRegionTrail"" set to true`  - From value associated with CloudWatchLogsLogGroupArn note `<cloudtrail_log_group_name>`  Example: for CloudWatchLogsLogGroupArn that looks like `arn:aws:logs:<region>:<aws_account_number>:log-group:NewGroup:*`, `<cloudtrail_log_group_name>` would be `NewGroup`  - Ensure Identified Multi region CloudTrail is active  `aws cloudtrail get-trail-status --name <Name of a Multi-region CloudTrail>`  ensure `IsLogging` is set to `TRUE`  - Ensure identified Multi-region Cloudtrail captures all Management Events  `aws cloudtrail get-event-selectors --trail-name <trailname shown in describe-trails>`  Ensure there is at least one Event Selector for a Trail with `IncludeManagementEvents` set to `true` and `ReadWriteType` set to `All`  2. Get a list of all associated metric filters for this `<cloudtrail_log_group_name>`:  ``` aws logs describe-metric-filters --log-group-name ""<cloudtrail_log_group_name>"" ```  3. Ensure the output from the above command contains the following:  ``` ""filterPattern"": ""{ ($.eventName = CreateVpc) || ($.eventName = DeleteVpc) || ($.eventName = ModifyVpcAttribute) || ($.eventName = AcceptVpcPeeringConnection) || ($.eventName = CreateVpcPeeringConnection) || ($.eventName = DeleteVpcPeeringConnection) || ($.eventName = RejectVpcPeeringConnection) || ($.eventName = AttachClassicLinkVpc) || ($.eventName = DetachClassicLinkVpc) || ($.eventName = DisableVpcClassicLink) || ($.eventName = EnableVpcClassicLink) }"" ```  4. Note the `<vpc_changes_metric>` value associated with the `filterPattern` found in step 3.  5. Get a list of CloudWatch alarms and filter on the `<vpc_changes_metric>` captured in step 4.  ``` aws cloudwatch describe-alarms --query 'MetricAlarms[?MetricName== `<vpc_changes_metric>`]' ```  6. Note the `AlarmActions` value - this will provide the SNS topic ARN value.  7. Ensure there is at least one active subscriber to the SNS topic  ``` aws sns list-subscriptions-by-topic --topic-arn <sns_topic_arn>  ``` at least one subscription should have ""SubscriptionArn"" with valid aws ARN.  ``` Example of valid ""SubscriptionArn"": ""arn:aws:sns:<region>:<aws_account_number>:<SnsTopicName>:<SubscriptionID>"" ```";Configuring log metric filter and alarm on Multi-region (global) CloudTrail - ensures that activities from all regions (used as well as unused) are monitored - ensures that activities on all supported global services are monitored - ensures that all management events across all regions are monitored;;https://docs.aws.amazon.com/awscloudtrail/latest/userguide/receive-cloudtrail-log-files-from-multiple-regions.html:https://docs.aws.amazon.com/awscloudtrail/latest/userguide/cloudwatch-alarms-for-cloudtrail.html:https://docs.aws.amazon.com/sns/latest/dg/SubscribeTopic.html;FAIL;No CloudWatch log groups found with metric filters or alarms associated.;arn:aws:logs:ap-southeast-7:<SANDBOX_ACCOUNT_ID>:log-group;<SANDBOX_ACCOUNT_ID>;cloudwatch_changes_to_vpcs_alarm_configured;False;CIS;CIS Amazon Web Services Foundations Benchmark v1.4.0
aws;The CIS Benchmark for CIS Amazon Web Services Foundations Benchmark, v1.4.0, Level 1 and 2 provides prescriptive guidance for configuring security options for a subset of Amazon Web Services. It has an emphasis on foundational, testable, and architecture agnostic settings;<SANDBOX_ACCOUNT_ID>;ap-southeast-7;2026-08-19 02:30:11.271115;4.9;Ensure a log metric filter and alarm exist for AWS Config configuration changes;4 Monitoring;;Level 2;Automated;Real-time monitoring of API calls can be achieved by directing CloudTrail Logs to CloudWatch Logs and establishing corresponding metric filters and alarms. It is recommended that a metric filter and alarm be established for detecting changes to CloudTrail's configurations.;Monitoring changes to AWS Config configuration will help ensure sustained visibility of configuration items within the AWS account.;;Perform the following to setup the metric filter, alarm, SNS topic, and subscription:  1. Create a metric filter based on filter pattern provided which checks for AWS Configuration changes and the `<cloudtrail_log_group_name>` taken from audit step 1. ``` aws logs put-metric-filter --log-group-name <cloudtrail_log_group_name> --filter-name `<aws_config_changes_metric>` --metric-transformations metricName= `<aws_config_changes_metric>` ,metricNamespace='CISBenchmark',metricValue=1 --filter-pattern '{ ($.eventSource = config.amazonaws.com) && (($.eventName=StopConfigurationRecorder)||($.eventName=DeleteDeliveryChannel)||($.eventName=PutDeliveryChannel)||($.eventName=PutConfigurationRecorder)) }' ```  **Note**: You can choose your own metricName and metricNamespace strings. Using the same metricNamespace for all Foundations Benchmark metrics will group them together.  2. Create an SNS topic that the alarm will notify ``` aws sns create-topic --name <sns_topic_name> ```  **Note**: you can execute this command once and then re-use the same topic for all monitoring alarms.  3. Create an SNS subscription to topic created in step 2 ``` aws sns subscribe --topic-arn <sns_topic_arn> --protocol <protocol_for_sns> --notification-endpoint <sns_subscription_endpoints> ```  **Note**: you can execute this command once and then re-use the SNS subscription for all monitoring alarms.  4. Create an alarm that is associated with the CloudWatch Logs Metric Filter created in step 1 and an SNS topic created in step 2 ``` aws cloudwatch put-metric-alarm --alarm-name `<aws_config_changes_alarm>` --metric-name `<aws_config_changes_metric>` --statistic Sum --period 300 --threshold 1 --comparison-operator GreaterThanOrEqualToThreshold --evaluation-periods 1 --namespace 'CISBenchmark' --alarm-actions <sns_topic_arn> ```;"Perform the following to ensure that there is at least one active multi-region CloudTrail with prescribed metric filters and alarms configured:  1. Identify the log group name configured for use with active multi-region CloudTrail:  - List all CloudTrails: `aws cloudtrail describe-trails`  - Identify Multi region Cloudtrails: `Trails with ""IsMultiRegionTrail"" set to true`  - From value associated with CloudWatchLogsLogGroupArn note `<cloudtrail_log_group_name>`  Example: for CloudWatchLogsLogGroupArn that looks like `arn:aws:logs:<region>:<aws_account_number>:log-group:NewGroup:*`, `<cloudtrail_log_group_name>` would be `NewGroup`  - Ensure Identified Multi region CloudTrail is active  `aws cloudtrail get-trail-status --name <Name of a Multi-region CloudTrail>`  ensure `IsLogging` is set to `TRUE`  - Ensure identified Multi-region Cloudtrail captures all Management Events  `aws cloudtrail get-event-selectors --trail-name <trailname shown in describe-trails>`  Ensure there is at least one Event Selector for a Trail with `IncludeManagementEvents` set to `true` and `ReadWriteType` set to `All`  2. Get a list of all associated metric filters for this `<cloudtrail_log_group_name>`: ``` aws logs describe-metric-filters --log-group-name ""<cloudtrail_log_group_name>"" ``` 3. Ensure the output from the above command contains the following: ``` ""filterPattern"": ""{ ($.eventSource = config.amazonaws.com) && (($.eventName=StopConfigurationRecorder)||($.eventName=DeleteDeliveryChannel)||($.eventName=PutDeliveryChannel)||($.eventName=PutConfigurationRecorder)) }"" ``` 4. Note the `<aws_config_changes_metric>` value associated with the `filterPattern` found in step 3.  5. Get a list of CloudWatch alarms and filter on the `<aws_config_changes_metric>` captured in step 4. ``` aws cloudwatch describe-alarms --query 'MetricAlarms[?MetricName== `<aws_config_changes_metric>`]' ``` 6. Note the `AlarmActions` value - this will provide the SNS topic ARN value.  7. Ensure there is at least one active subscriber to the SNS topic ``` aws sns list-subscriptions-by-topic --topic-arn <sns_topic_arn>  ``` at least one subscription should have ""SubscriptionArn"" with valid aws ARN. ``` Example of valid ""SubscriptionArn"": ""arn:aws:sns:<region>:<aws_account_number>:<SnsTopicName>:<SubscriptionID>"" ```";Configuring log metric filter and alarm on Multi-region (global) CloudTrail - ensures that activities from all regions (used as well as unused) are monitored - ensures that activities on all supported global services are monitored - ensures that all management events across all regions are monitored;;https://docs.aws.amazon.com/awscloudtrail/latest/userguide/cloudwatch-alarms-for-cloudtrail.html:https://docs.aws.amazon.com/awscloudtrail/latest/userguide/receive-cloudtrail-log-files-from-multiple-regions.html:https://docs.aws.amazon.com/sns/latest/dg/SubscribeTopic.html;FAIL;No CloudWatch log groups found with metric filters or alarms associated.;arn:aws:logs:ap-southeast-7:<SANDBOX_ACCOUNT_ID>:log-group;<SANDBOX_ACCOUNT_ID>;cloudwatch_log_metric_filter_and_alarm_for_aws_config_configuration_changes_enabled;False;CIS;CIS Amazon Web Services Foundations Benchmark v1.4.0
aws;The CIS Benchmark for CIS Amazon Web Services Foundations Benchmark, v1.4.0, Level 1 and 2 provides prescriptive guidance for configuring security options for a subset of Amazon Web Services. It has an emphasis on foundational, testable, and architecture agnostic settings;<SANDBOX_ACCOUNT_ID>;ap-southeast-7;2026-08-19 02:30:11.271115;4.5;Ensure a log metric filter and alarm exist for CloudTrail configuration changes;4 Monitoring;;Level 1;Automated;Real-time monitoring of API calls can be achieved by directing CloudTrail Logs to CloudWatch Logs and establishing corresponding metric filters and alarms. It is recommended that a metric filter and alarm be established for detecting changes to CloudTrail's configurations.;Monitoring changes to CloudTrail's configuration will help ensure sustained visibility to activities performed in the AWS account.;;Perform the following to setup the metric filter, alarm, SNS topic, and subscription:  1. Create a metric filter based on filter pattern provided which checks for cloudtrail configuration changes and the `<cloudtrail_log_group_name>` taken from audit step 1. ``` aws logs put-metric-filter --log-group-name <cloudtrail_log_group_name> --filter-name `<cloudtrail_cfg_changes_metric>` --metric-transformations metricName= `<cloudtrail_cfg_changes_metric>` ,metricNamespace='CISBenchmark',metricValue=1 --filter-pattern '{ ($.eventName = CreateTrail) || ($.eventName = UpdateTrail) || ($.eventName = DeleteTrail) || ($.eventName = StartLogging) || ($.eventName = StopLogging) }' ```  **Note**: You can choose your own metricName and metricNamespace strings. Using the same metricNamespace for all Foundations Benchmark metrics will group them together.  2. Create an SNS topic that the alarm will notify ``` aws sns create-topic --name <sns_topic_name> ```  **Note**: you can execute this command once and then re-use the same topic for all monitoring alarms.  3. Create an SNS subscription to the topic created in step 2 ``` aws sns subscribe --topic-arn <sns_topic_arn> --protocol <protocol_for_sns> --notification-endpoint <sns_subscription_endpoints> ```  **Note**: you can execute this command once and then re-use the SNS subscription for all monitoring alarms.  4. Create an alarm that is associated with the CloudWatch Logs Metric Filter created in step 1 and an SNS topic created in step 2 ``` aws cloudwatch put-metric-alarm --alarm-name `<cloudtrail_cfg_changes_alarm>` --metric-name `<cloudtrail_cfg_changes_metric>` --statistic Sum --period 300 --threshold 1 --comparison-operator GreaterThanOrEqualToThreshold --evaluation-periods 1 --namespace 'CISBenchmark' --alarm-actions <sns_topic_arn> ```;"Perform the following to ensure that there is at least one active multi-region CloudTrail with prescribed metric filters and alarms configured:  1. Identify the log group name configured for use with active multi-region CloudTrail:  - List all CloudTrails: `aws cloudtrail describe-trails`  - Identify Multi region Cloudtrails: `Trails with ""IsMultiRegionTrail"" set to true`  - From value associated with CloudWatchLogsLogGroupArn note `<cloudtrail_log_group_name>`  Example: for CloudWatchLogsLogGroupArn that looks like `arn:aws:logs:<region>:<aws_account_number>:log-group:NewGroup:*`, `<cloudtrail_log_group_name>` would be `NewGroup`  - Ensure Identified Multi region CloudTrail is active  `aws cloudtrail get-trail-status --name <Name of a Multi-region CloudTrail>`  ensure `IsLogging` is set to `TRUE`  - Ensure identified Multi-region Cloudtrail captures all Management Events  `aws cloudtrail get-event-selectors --trail-name <trailname shown in describe-trails>`  Ensure there is at least one Event Selector for a Trail with `IncludeManagementEvents` set to `true` and `ReadWriteType` set to `All`  2. Get a list of all associated metric filters for this `<cloudtrail_log_group_name>`:  ``` aws logs describe-metric-filters --log-group-name ""<cloudtrail_log_group_name>"" ```  3. Ensure the output from the above command contains the following:  ``` ""filterPattern"": ""{ ($.eventName = CreateTrail) || ($.eventName = UpdateTrail) || ($.eventName = DeleteTrail) || ($.eventName = StartLogging) || ($.eventName = StopLogging) }"" ```  4. Note the `<cloudtrail_cfg_changes_metric>` value associated with the `filterPattern` found in step 3.  5. Get a list of CloudWatch alarms and filter on the `<cloudtrail_cfg_changes_metric>` captured in step 4.  ``` aws cloudwatch describe-alarms --query 'MetricAlarms[?MetricName== `<cloudtrail_cfg_changes_metric>`]' ```  6. Note the `AlarmActions` value - this will provide the SNS topic ARN value.  7. Ensure there is at least one active subscriber to the SNS topic  ``` aws sns list-subscriptions-by-topic --topic-arn <sns_topic_arn>  ``` at least one subscription should have ""SubscriptionArn"" with valid aws ARN.  ``` Example of valid ""SubscriptionArn"": ""arn:aws:sns:<region>:<aws_account_number>:<SnsTopicName>:<SubscriptionID>"" ```";Configuring log metric filter and alarm on Multi-region (global) CloudTrail - ensures that activities from all regions (used as well as unused) are monitored - ensures that activities on all supported global services are monitored - ensures that all management events across all regions are monitored;;https://docs.aws.amazon.com/awscloudtrail/latest/userguide/receive-cloudtrail-log-files-from-multiple-regions.html:https://docs.aws.amazon.com/awscloudtrail/latest/userguide/cloudwatch-alarms-for-cloudtrail.html:https://docs.aws.amazon.com/sns/latest/dg/SubscribeTopic.html;FAIL;No CloudWatch log groups found with metric filters or alarms associated.;arn:aws:logs:ap-southeast-7:<SANDBOX_ACCOUNT_ID>:log-group;<SANDBOX_ACCOUNT_ID>;cloudwatch_log_metric_filter_and_alarm_for_cloudtrail_configuration_changes_enabled;False;CIS;CIS Amazon Web Services Foundations Benchmark v1.4.0
aws;The CIS Benchmark for CIS Amazon Web Services Foundations Benchmark, v1.4.0, Level 1 and 2 provides prescriptive guidance for configuring security options for a subset of Amazon Web Services. It has an emphasis on foundational, testable, and architecture agnostic settings;<SANDBOX_ACCOUNT_ID>;ap-southeast-7;2026-08-19 02:30:11.271115;4.6;Ensure a log metric filter and alarm exist for AWS Management Console authentication failures;4 Monitoring;;Level 2;Automated;Real-time monitoring of API calls can be achieved by directing CloudTrail Logs to CloudWatch Logs and establishing corresponding metric filters and alarms. It is recommended that a metric filter and alarm be established for failed console authentication attempts.;Monitoring failed console logins may decrease lead time to detect an attempt to brute force a credential, which may provide an indicator, such as source IP, that can be used in other event correlation.;;"Perform the following to setup the metric filter, alarm, SNS topic, and subscription:  1. Create a metric filter based on filter pattern provided which checks for AWS management Console Login Failures and the `<cloudtrail_log_group_name>` taken from audit step 1. ``` aws logs put-metric-filter --log-group-name <cloudtrail_log_group_name> --filter-name `<console_signin_failure_metric>` --metric-transformations metricName= `<console_signin_failure_metric>` ,metricNamespace='CISBenchmark',metricValue=1 --filter-pattern '{ ($.eventName = ConsoleLogin) && ($.errorMessage = ""Failed authentication"") }' ``` **Note**: You can choose your own metricName and metricNamespace strings. Using the same metricNamespace for all Foundations Benchmark metrics will group them together.  2. Create an SNS topic that the alarm will notify ``` aws sns create-topic --name <sns_topic_name> ``` **Note**: you can execute this command once and then re-use the same topic for all monitoring alarms.  3. Create an SNS subscription to the topic created in step 2 ``` aws sns subscribe --topic-arn <sns_topic_arn> --protocol <protocol_for_sns> --notification-endpoint <sns_subscription_endpoints> ``` **Note**: you can execute this command once and then re-use the SNS subscription for all monitoring alarms.  4. Create an alarm that is associated with the CloudWatch Logs Metric Filter created in step 1 and an SNS topic created in step 2 ``` aws cloudwatch put-metric-alarm --alarm-name `<console_signin_failure_alarm>` --metric-name `<console_signin_failure_metric>` --statistic Sum --period 300 --threshold 1 --comparison-operator GreaterThanOrEqualToThreshold --evaluation-periods 1 --namespace 'CISBenchmark' --alarm-actions <sns_topic_arn> ```";"Perform the following to ensure that there is at least one active multi-region CloudTrail with prescribed metric filters and alarms configured:  1. Identify the log group name configured for use with active multi-region CloudTrail:  - List all CloudTrails: `aws cloudtrail describe-trails`  - Identify Multi region Cloudtrails: `Trails with ""IsMultiRegionTrail"" set to true`  - From value associated with CloudWatchLogsLogGroupArn note `<cloudtrail_log_group_name>`  Example: for CloudWatchLogsLogGroupArn that looks like `arn:aws:logs:<region>:<aws_account_number>:log-group:NewGroup:*`, `<cloudtrail_log_group_name>` would be `NewGroup`  - Ensure Identified Multi region CloudTrail is active  `aws cloudtrail get-trail-status --name <Name of a Multi-region CloudTrail>`  ensure `IsLogging` is set to `TRUE`  - Ensure identified Multi-region Cloudtrail captures all Management Events  `aws cloudtrail get-event-selectors --trail-name <trailname shown in describe-trails>`  Ensure there is at least one Event Selector for a Trail with `IncludeManagementEvents` set to `true` and `ReadWriteType` set to `All`  2. Get a list of all associated metric filters for this `<cloudtrail_log_group_name>`: ``` aws logs describe-metric-filters --log-group-name ""<cloudtrail_log_group_name>"" ``` 3. Ensure the output from the above command contains the following: ``` ""filterPattern"": ""{ ($.eventName = ConsoleLogin) && ($.errorMessage = ""Failed authentication"") }"" ```  4. Note the `<console_signin_failure_metric>` value associated with the `filterPattern` found in step 3.  5. Get a list of CloudWatch alarms and filter on the `<console_signin_failure_metric>` captured in step 4. ``` aws cloudwatch describe-alarms --query 'MetricAlarms[?MetricName== `<console_signin_failure_metric>`]' ``` 6. Note the `AlarmActions` value - this will provide the SNS topic ARN value.  7. Ensure there is at least one active subscriber to the SNS topic ``` aws sns list-subscriptions-by-topic --topic-arn <sns_topic_arn>  ``` at least one subscription should have ""SubscriptionArn"" with valid aws ARN. ``` Example of valid ""SubscriptionArn"": ""arn:aws:sns:<region>:<aws_account_number>:<SnsTopicName>:<SubscriptionID>"" ```";Configuring log metric filter and alarm on Multi-region (global) CloudTrail - ensures that activities from all regions (used as well as unused) are monitored - ensures that activities on all supported global services are monitored - ensures that all management events across all regions are monitored;;https://docs.aws.amazon.com/awscloudtrail/latest/userguide/receive-cloudtrail-log-files-from-multiple-regions.html:https://docs.aws.amazon.com/awscloudtrail/latest/userguide/cloudwatch-alarms-for-cloudtrail.html:https://docs.aws.amazon.com/sns/latest/dg/SubscribeTopic.html;FAIL;No CloudWatch log groups found with metric filters or alarms associated.;arn:aws:logs:ap-southeast-7:<SANDBOX_ACCOUNT_ID>:log-group;<SANDBOX_ACCOUNT_ID>;cloudwatch_log_metric_filter_authentication_failures;False;CIS;CIS Amazon Web Services Foundations Benchmark v1.4.0
aws;The CIS Benchmark for CIS Amazon Web Services Foundations Benchmark, v1.4.0, Level 1 and 2 provides prescriptive guidance for configuring security options for a subset of Amazon Web Services. It has an emphasis on foundational, testable, and architecture agnostic settings;<SANDBOX_ACCOUNT_ID>;ap-southeast-7;2026-08-19 02:30:11.271115;4.15;Ensure a log metric filter and alarm exists for AWS Organizations changes;4 Monitoring;;Level 1;Automated;Real-time monitoring of API calls can be achieved by directing CloudTrail Logs to CloudWatch Logs and establishing corresponding metric filters and alarms. It is recommended that a metric filter and alarm be established for AWS Organizations changes made in the master AWS Account.;Monitoring AWS Organizations changes can help you prevent any unwanted, accidental or intentional modifications that may lead to unauthorized access or other security breaches. This monitoring technique helps you to ensure that any unexpected changes performed within your AWS Organizations can be investigated and any unwanted changes can be rolled back.;;"Perform the following to setup the metric filter, alarm, SNS topic, and subscription:  1. Create a metric filter based on filter pattern provided which checks for AWS Organizations changes and the `<cloudtrail_log_group_name>` taken from audit step 1: ``` aws logs put-metric-filter --log-group-name <cloudtrail_log_group_name> --filter-name `<organizations_changes>` --metric-transformations metricName= `<organizations_changes>` ,metricNamespace='CISBenchmark',metricValue=1 --filter-pattern '{ ($.eventSource = organizations.amazonaws.com) && (($.eventName = ""AcceptHandshake"") || ($.eventName = ""AttachPolicy"") || ($.eventName = ""CreateAccount"") || ($.eventName = ""CreateOrganizationalUnit"") || ($.eventName = ""CreatePolicy"") || ($.eventName = ""DeclineHandshake"") || ($.eventName = ""DeleteOrganization"") || ($.eventName = ""DeleteOrganizationalUnit"") || ($.eventName = ""DeletePolicy"") || ($.eventName = ""DetachPolicy"") || ($.eventName = ""DisablePolicyType"") || ($.eventName = ""EnablePolicyType"") || ($.eventName = ""InviteAccountToOrganization"") || ($.eventName = ""LeaveOrganization"") || ($.eventName = ""MoveAccount"") || ($.eventName = ""RemoveAccountFromOrganization"") || ($.eventName = ""UpdatePolicy"") || ($.eventName = ""UpdateOrganizationalUnit"")) }' ``` **Note:** You can choose your own metricName and metricNamespace strings. Using the same metricNamespace for all Foundations Benchmark metrics will group them together.  2. Create an SNS topic that the alarm will notify: ``` aws sns create-topic --name <sns_topic_name> ``` **Note:** you can execute this command once and then re-use the same topic for all monitoring alarms.  3. Create an SNS subscription to the topic created in step 2: ``` aws sns subscribe --topic-arn <sns_topic_arn> --protocol <protocol_for_sns> --notification-endpoint <sns_subscription_endpoints> ``` **Note:** you can execute this command once and then re-use the SNS subscription for all monitoring alarms.  4. Create an alarm that is associated with the CloudWatch Logs Metric Filter created in step 1 and an SNS topic created in step 2: ``` aws cloudwatch put-metric-alarm --alarm-name `<organizations_changes>` --metric-name `<organizations_changes>` --statistic Sum --period 300 --threshold 1 --comparison-operator GreaterThanOrEqualToThreshold --evaluation-periods 1 --namespace 'CISBenchmark' --alarm-actions <sns_topic_arn> ```";"1. Perform the following to ensure that there is at least one active multi-region CloudTrail with prescribed metric filters and alarms configured: - Identify the log group name configured for use with active multi-region CloudTrail: - List all CloudTrails:  ``` aws cloudtrail describe-trails ``` - Identify Multi region Cloudtrails, Trails with `""IsMultiRegionTrail""` set to true - From value associated with CloudWatchLogsLogGroupArn note <cloudtrail_log_group_name>  **Example:** for CloudWatchLogsLogGroupArn that looks like arn:aws:logs:<region>:<aws_account_number>:log-group:NewGroup:*, <cloudtrail_log_group_name> would be NewGroup  - Ensure Identified Multi region CloudTrail is active: ``` aws cloudtrail get-trail-status --name <Name of a Multi-region CloudTrail> ``` Ensure `IsLogging` is set to `TRUE`  - Ensure identified Multi-region Cloudtrail captures all Management Events: ``` aws cloudtrail get-event-selectors --trail-name <trailname shown in describe-trails> ``` - Ensure there is at least one Event Selector for a Trail with `IncludeManagementEvents` set to true and `ReadWriteType` set to `All`.  2. Get a list of all associated metric filters for this <cloudtrail_log_group_name>: ``` aws logs describe-metric-filters --log-group-name ""<cloudtrail_log_group_name>"" ``` 3. Ensure the output from the above command contains the following: ``` ""filterPattern"": ""{ ($.eventSource = organizations.amazonaws.com) && (($.eventName = ""AcceptHandshake"") || ($.eventName = ""AttachPolicy"") || ($.eventName = ""CreateAccount"") || ($.eventName = ""CreateOrganizationalUnit"") || ($.eventName = ""CreatePolicy"") || ($.eventName = ""DeclineHandshake"") || ($.eventName = ""DeleteOrganization"") || ($.eventName = ""DeleteOrganizationalUnit"") || ($.eventName = ""DeletePolicy"") || ($.eventName = ""DetachPolicy"") || ($.eventName = ""DisablePolicyType"") || ($.eventName = ""EnablePolicyType"") || ($.eventName = ""InviteAccountToOrganization"") || ($.eventName = ""LeaveOrganization"") || ($.eventName = ""MoveAccount"") || ($.eventName = ""RemoveAccountFromOrganization"") || ($.eventName = ""UpdatePolicy"") || ($.eventName = ""UpdateOrganizationalUnit"")) }"" ``` 4. Note the `<organizations_changes>` value associated with the filterPattern found in step 3.  5. Get a list of CloudWatch alarms and filter on the `<organizations_changes>` captured in step 4: ``` aws cloudwatch describe-alarms --query 'MetricAlarms[?MetricName== `<organizations_changes>`]' ``` 6. Note the AlarmActions value - this will provide the SNS topic ARN value.  7. Ensure there is at least one active subscriber to the SNS topic: ``` aws sns list-subscriptions-by-topic --topic-arn <sns_topic_arn>  ``` at least one subscription should have ""SubscriptionArn"" with valid aws ARN. Example of valid ""SubscriptionArn"":  ``` ""arn:aws:sns:<region>:<aws_account_number>:<SnsTopicName>:<SubscriptionID>"" ```";;;https://docs.aws.amazon.com/awscloudtrail/latest/userguide/cloudwatch-alarms-for-cloudtrail.html:https://docs.aws.amazon.com/organizations/latest/userguide/orgs_security_incident-response.html;FAIL;No CloudWatch log groups found with metric filters or alarms associated.;arn:aws:logs:ap-southeast-7:<SANDBOX_ACCOUNT_ID>:log-group;<SANDBOX_ACCOUNT_ID>;cloudwatch_log_metric_filter_aws_organizations_changes;False;CIS;CIS Amazon Web Services Foundations Benchmark v1.4.0
aws;The CIS Benchmark for CIS Amazon Web Services Foundations Benchmark, v1.4.0, Level 1 and 2 provides prescriptive guidance for configuring security options for a subset of Amazon Web Services. It has an emphasis on foundational, testable, and architecture agnostic settings;<SANDBOX_ACCOUNT_ID>;ap-southeast-7;2026-08-19 02:30:11.271115;4.7;Ensure a log metric filter and alarm exist for disabling or scheduled deletion of customer created CMKs;4 Monitoring;;Level 2;Automated;Real-time monitoring of API calls can be achieved by directing CloudTrail Logs to CloudWatch Logs and establishing corresponding metric filters and alarms. It is recommended that a metric filter and alarm be established for customer created CMKs which have changed state to disabled or scheduled deletion.;Data encrypted with disabled or deleted keys will no longer be accessible.;;Perform the following to setup the metric filter, alarm, SNS topic, and subscription:  1. Create a metric filter based on filter pattern provided which checks for disabled or scheduled for deletion CMK's and the `<cloudtrail_log_group_name>` taken from audit step 1. ``` aws logs put-metric-filter --log-group-name <cloudtrail_log_group_name> --filter-name `<disable_or_delete_cmk_changes_metric>` --metric-transformations metricName= `<disable_or_delete_cmk_changes_metric>` ,metricNamespace='CISBenchmark',metricValue=1 --filter-pattern '{($.eventSource = kms.amazonaws.com) && (($.eventName=DisableKey)||($.eventName=ScheduleKeyDeletion)) }' ``` **Note**: You can choose your own metricName and metricNamespace strings. Using the same metricNamespace for all Foundations Benchmark metrics will group them together.  2. Create an SNS topic that the alarm will notify ``` aws sns create-topic --name <sns_topic_name> ``` **Note**: you can execute this command once and then re-use the same topic for all monitoring alarms.  3. Create an SNS subscription to the topic created in step 2 ``` aws sns subscribe --topic-arn <sns_topic_arn> --protocol <protocol_for_sns> --notification-endpoint <sns_subscription_endpoints> ``` **Note**: you can execute this command once and then re-use the SNS subscription for all monitoring alarms.  4. Create an alarm that is associated with the CloudWatch Logs Metric Filter created in step 1 and an SNS topic created in step 2 ``` aws cloudwatch put-metric-alarm --alarm-name `<disable_or_delete_cmk_changes_alarm>` --metric-name `<disable_or_delete_cmk_changes_metric>` --statistic Sum --period 300 --threshold 1 --comparison-operator GreaterThanOrEqualToThreshold --evaluation-periods 1 --namespace 'CISBenchmark' --alarm-actions <sns_topic_arn> ```;"Perform the following to ensure that there is at least one active multi-region CloudTrail with prescribed metric filters and alarms configured:  1. Identify the log group name configured for use with active multi-region CloudTrail:  - List all CloudTrails: `aws cloudtrail describe-trails`  - Identify Multi region Cloudtrails: `Trails with ""IsMultiRegionTrail"" set to true`  - From value associated with CloudWatchLogsLogGroupArn note `<cloudtrail_log_group_name>`  Example: for CloudWatchLogsLogGroupArn that looks like `arn:aws:logs:<region>:<aws_account_number>:log-group:NewGroup:*`, `<cloudtrail_log_group_name>` would be `NewGroup`  - Ensure Identified Multi region CloudTrail is active  `aws cloudtrail get-trail-status --name <Name of a Multi-region CloudTrail>`  ensure `IsLogging` is set to `TRUE`  - Ensure identified Multi-region Cloudtrail captures all Management Events  `aws cloudtrail get-event-selectors --trail-name <trailname shown in describe-trails>`  Ensure there is at least one Event Selector for a Trail with `IncludeManagementEvents` set to `true` and `ReadWriteType` set to `All`  2. Get a list of all associated metric filters for this `<cloudtrail_log_group_name>`: ``` aws logs describe-metric-filters --log-group-name ""<cloudtrail_log_group_name>"" ``` 3. Ensure the output from the above command contains the following: ``` ""filterPattern"": ""{($.eventSource = kms.amazonaws.com) && (($.eventName=DisableKey)||($.eventName=ScheduleKeyDeletion)) }"" ``` 4. Note the `<disable_or_delete_cmk_changes_metric>` value associated with the `filterPattern` found in step 3.  5. Get a list of CloudWatch alarms and filter on the `<disable_or_delete_cmk_changes_metric>` captured in step 4. ``` aws cloudwatch describe-alarms --query 'MetricAlarms[?MetricName== `<disable_or_delete_cmk_changes_metric>`]' ``` 6. Note the `AlarmActions` value - this will provide the SNS topic ARN value.  7. Ensure there is at least one active subscriber to the SNS topic ``` aws sns list-subscriptions-by-topic --topic-arn <sns_topic_arn>  ``` at least one subscription should have ""SubscriptionArn"" with valid aws ARN. ``` Example of valid ""SubscriptionArn"": ""arn:aws:sns:<region>:<aws_account_number>:<SnsTopicName>:<SubscriptionID>"" ```";Configuring log metric filter and alarm on Multi-region (global) CloudTrail - ensures that activities from all regions (used as well as unused) are monitored - ensures that activities on all supported global services are monitored - ensures that all management events across all regions are monitored;;https://docs.aws.amazon.com/awscloudtrail/latest/userguide/cloudwatch-alarms-for-cloudtrail.html:https://docs.aws.amazon.com/awscloudtrail/latest/userguide/receive-cloudtrail-log-files-from-multiple-regions.html:https://docs.aws.amazon.com/sns/latest/dg/SubscribeTopic.html;FAIL;No CloudWatch log groups found with metric filters or alarms associated.;arn:aws:logs:ap-southeast-7:<SANDBOX_ACCOUNT_ID>:log-group;<SANDBOX_ACCOUNT_ID>;cloudwatch_log_metric_filter_disable_or_scheduled_deletion_of_kms_cmk;False;CIS;CIS Amazon Web Services Foundations Benchmark v1.4.0
aws;The CIS Benchmark for CIS Amazon Web Services Foundations Benchmark, v1.4.0, Level 1 and 2 provides prescriptive guidance for configuring security options for a subset of Amazon Web Services. It has an emphasis on foundational, testable, and architecture agnostic settings;<SANDBOX_ACCOUNT_ID>;ap-southeast-7;2026-08-19 02:30:11.271115;4.8;Ensure a log metric filter and alarm exist for S3 bucket policy changes;4 Monitoring;;Level 1;Automated;Real-time monitoring of API calls can be achieved by directing CloudTrail Logs to CloudWatch Logs and establishing corresponding metric filters and alarms. It is recommended that a metric filter and alarm be established for changes to S3 bucket policies.;Monitoring changes to S3 bucket policies may reduce time to detect and correct permissive policies on sensitive S3 buckets.;;Perform the following to setup the metric filter, alarm, SNS topic, and subscription:  1. Create a metric filter based on filter pattern provided which checks for S3 bucket policy changes and the `<cloudtrail_log_group_name>` taken from audit step 1. ``` aws logs put-metric-filter --log-group-name <cloudtrail_log_group_name> --filter-name `<s3_bucket_policy_changes_metric>` --metric-transformations metricName= `<s3_bucket_policy_changes_metric>` ,metricNamespace='CISBenchmark',metricValue=1 --filter-pattern '{ ($.eventSource = s3.amazonaws.com) && (($.eventName = PutBucketAcl) || ($.eventName = PutBucketPolicy) || ($.eventName = PutBucketCors) || ($.eventName = PutBucketLifecycle) || ($.eventName = PutBucketReplication) || ($.eventName = DeleteBucketPolicy) || ($.eventName = DeleteBucketCors) || ($.eventName = DeleteBucketLifecycle) || ($.eventName = DeleteBucketReplication)) }' ```  **Note**: You can choose your own metricName and metricNamespace strings. Using the same metricNamespace for all Foundations Benchmark metrics will group them together.  2. Create an SNS topic that the alarm will notify ``` aws sns create-topic --name <sns_topic_name> ```  **Note**: you can execute this command once and then re-use the same topic for all monitoring alarms.  3. Create an SNS subscription to the topic created in step 2 ``` aws sns subscribe --topic-arn <sns_topic_arn> --protocol <protocol_for_sns> --notification-endpoint <sns_subscription_endpoints> ```  **Note**: you can execute this command once and then re-use the SNS subscription for all monitoring alarms.  4. Create an alarm that is associated with the CloudWatch Logs Metric Filter created in step 1 and an SNS topic created in step 2 ``` aws cloudwatch put-metric-alarm --alarm-name `<s3_bucket_policy_changes_alarm>` --metric-name `<s3_bucket_policy_changes_metric>` --statistic Sum --period 300 --threshold 1 --comparison-operator GreaterThanOrEqualToThreshold --evaluation-periods 1 --namespace 'CISBenchmark' --alarm-actions <sns_topic_arn> ```;"Perform the following to ensure that there is at least one active multi-region CloudTrail with prescribed metric filters and alarms configured:  1. Identify the log group name configured for use with active multi-region CloudTrail:  - List all CloudTrails: `aws cloudtrail describe-trails`  - Identify Multi region Cloudtrails: `Trails with ""IsMultiRegionTrail"" set to true`  - From value associated with CloudWatchLogsLogGroupArn note `<cloudtrail_log_group_name>`  Example: for CloudWatchLogsLogGroupArn that looks like `arn:aws:logs:<region>:<aws_account_number>:log-group:NewGroup:*`, `<cloudtrail_log_group_name>` would be `NewGroup`  - Ensure Identified Multi region CloudTrail is active  `aws cloudtrail get-trail-status --name <Name of a Multi-region CloudTrail>`  ensure `IsLogging` is set to `TRUE`  - Ensure identified Multi-region Cloudtrail captures all Management Events  `aws cloudtrail get-event-selectors --trail-name <trailname shown in describe-trails>`  Ensure there is at least one Event Selector for a Trail with `IncludeManagementEvents` set to `true` and `ReadWriteType` set to `All`  2. Get a list of all associated metric filters for this `<cloudtrail_log_group_name>`: ``` aws logs describe-metric-filters --log-group-name ""<cloudtrail_log_group_name>"" ``` 3. Ensure the output from the above command contains the following: ``` ""filterPattern"": ""{ ($.eventSource = s3.amazonaws.com) && (($.eventName = PutBucketAcl) || ($.eventName = PutBucketPolicy) || ($.eventName = PutBucketCors) || ($.eventName = PutBucketLifecycle) || ($.eventName = PutBucketReplication) || ($.eventName = DeleteBucketPolicy) || ($.eventName = DeleteBucketCors) || ($.eventName = DeleteBucketLifecycle) || ($.eventName = DeleteBucketReplication)) }"" ``` 4. Note the `<s3_bucket_policy_changes_metric>` value associated with the `filterPattern` found in step 3.  5. Get a list of CloudWatch alarms and filter on the `<s3_bucket_policy_changes_metric>` captured in step 4. ``` aws cloudwatch describe-alarms --query 'MetricAlarms[?MetricName== `<s3_bucket_policy_changes_metric>`]' ``` 6. Note the `AlarmActions` value - this will provide the SNS topic ARN value.  7. Ensure there is at least one active subscriber to the SNS topic ``` aws sns list-subscriptions-by-topic --topic-arn <sns_topic_arn>  ``` at least one subscription should have ""SubscriptionArn"" with valid aws ARN. ``` Example of valid ""SubscriptionArn"": ""arn:aws:sns:<region>:<aws_account_number>:<SnsTopicName>:<SubscriptionID>"" ```";Configuring log metric filter and alarm on Multi-region (global) CloudTrail - ensures that activities from all regions (used as well as unused) are monitored - ensures that activities on all supported global services are monitored - ensures that all management events across all regions are monitored;;https://docs.aws.amazon.com/awscloudtrail/latest/userguide/cloudwatch-alarms-for-cloudtrail.html:https://docs.aws.amazon.com/awscloudtrail/latest/userguide/receive-cloudtrail-log-files-from-multiple-regions.html:https://docs.aws.amazon.com/sns/latest/dg/SubscribeTopic.html;FAIL;No CloudWatch log groups found with metric filters or alarms associated.;arn:aws:logs:ap-southeast-7:<SANDBOX_ACCOUNT_ID>:log-group;<SANDBOX_ACCOUNT_ID>;cloudwatch_log_metric_filter_for_s3_bucket_policy_changes;False;CIS;CIS Amazon Web Services Foundations Benchmark v1.4.0
aws;The CIS Benchmark for CIS Amazon Web Services Foundations Benchmark, v1.4.0, Level 1 and 2 provides prescriptive guidance for configuring security options for a subset of Amazon Web Services. It has an emphasis on foundational, testable, and architecture agnostic settings;<SANDBOX_ACCOUNT_ID>;ap-southeast-7;2026-08-19 02:30:11.271115;4.4;Ensure a log metric filter and alarm exist for IAM policy changes;4 Monitoring;;Level 1;Automated;Real-time monitoring of API calls can be achieved by directing CloudTrail Logs to CloudWatch Logs and establishing corresponding metric filters and alarms. It is recommended that a metric filter and alarm be established changes made to Identity and Access Management (IAM) policies.;Monitoring changes to IAM policies will help ensure authentication and authorization controls remain intact.;;Perform the following to setup the metric filter, alarm, SNS topic, and subscription:  1. Create a metric filter based on filter pattern provided which checks for IAM policy changes and the `<cloudtrail_log_group_name>` taken from audit step 1. ``` aws logs put-metric-filter --log-group-name `<cloudtrail_log_group_name>` --filter-name `<iam_changes_metric>` --metric-transformations metricName= `<iam_changes_metric>` ,metricNamespace='CISBenchmark',metricValue=1 --filter-pattern '{($.eventName=DeleteGroupPolicy)||($.eventName=DeleteRolePolicy)||($.eventName=DeleteUserPolicy)||($.eventName=PutGroupPolicy)||($.eventName=PutRolePolicy)||($.eventName=PutUserPolicy)||($.eventName=CreatePolicy)||($.eventName=DeletePolicy)||($.eventName=CreatePolicyVersion)||($.eventName=DeletePolicyVersion)||($.eventName=AttachRolePolicy)||($.eventName=DetachRolePolicy)||($.eventName=AttachUserPolicy)||($.eventName=DetachUserPolicy)||($.eventName=AttachGroupPolicy)||($.eventName=DetachGroupPolicy)}' ```  **Note**: You can choose your own metricName and metricNamespace strings. Using the same metricNamespace for all Foundations Benchmark metrics will group them together.  2. Create an SNS topic that the alarm will notify ``` aws sns create-topic --name <sns_topic_name> ```  **Note**: you can execute this command once and then re-use the same topic for all monitoring alarms.  3. Create an SNS subscription to the topic created in step 2 ``` aws sns subscribe --topic-arn <sns_topic_arn> --protocol <protocol_for_sns> --notification-endpoint <sns_subscription_endpoints> ```  **Note**: you can execute this command once and then re-use the SNS subscription for all monitoring alarms.  4. Create an alarm that is associated with the CloudWatch Logs Metric Filter created in step 1 and an SNS topic created in step 2 ``` aws cloudwatch put-metric-alarm --alarm-name `<iam_changes_alarm>` --metric-name `<iam_changes_metric>` --statistic Sum --period 300 --threshold 1 --comparison-operator GreaterThanOrEqualToThreshold --evaluation-periods 1 --namespace 'CISBenchmark' --alarm-actions <sns_topic_arn> ```;"Perform the following to ensure that there is at least one active multi-region CloudTrail with prescribed metric filters and alarms configured:  1. Identify the log group name configured for use with active multi-region CloudTrail:  - List all CloudTrails:  `aws cloudtrail describe-trails`  - Identify Multi region Cloudtrails: `Trails with ""IsMultiRegionTrail"" set to true`  - From value associated with CloudWatchLogsLogGroupArn note `<cloudtrail_log_group_name>`  Example: for CloudWatchLogsLogGroupArn that looks like `arn:aws:logs:<region>:<aws_account_number>:log-group:NewGroup:*`, `<cloudtrail_log_group_name>` would be `NewGroup`  - Ensure Identified Multi region CloudTrail is active  `aws cloudtrail get-trail-status --name <Name of a Multi-region CloudTrail>`  ensure `IsLogging` is set to `TRUE`  - Ensure identified Multi-region Cloudtrail captures all Management Events  `aws cloudtrail get-event-selectors --trail-name <trailname shown in describe-trails>`  Ensure there is at least one Event Selector for a Trail with `IncludeManagementEvents` set to `true` and `ReadWriteType` set to `All`  2. Get a list of all associated metric filters for this `<cloudtrail_log_group_name>`:  ``` aws logs describe-metric-filters --log-group-name ""<cloudtrail_log_group_name>"" ```  3. Ensure the output from the above command contains the following:  ``` ""filterPattern"": ""{($.eventName=DeleteGroupPolicy)||($.eventName=DeleteRolePolicy)||($.eventName=DeleteUserPolicy)||($.eventName=PutGroupPolicy)||($.eventName=PutRolePolicy)||($.eventName=PutUserPolicy)||($.eventName=CreatePolicy)||($.eventName=DeletePolicy)||($.eventName=CreatePolicyVersion)||($.eventName=DeletePolicyVersion)||($.eventName=AttachRolePolicy)||($.eventName=DetachRolePolicy)||($.eventName=AttachUserPolicy)||($.eventName=DetachUserPolicy)||($.eventName=AttachGroupPolicy)||($.eventName=DetachGroupPolicy)}"" ```  4. Note the `<iam_changes_metric>` value associated with the `filterPattern` found in step 3.  5. Get a list of CloudWatch alarms and filter on the `<iam_changes_metric>` captured in step 4.  ``` aws cloudwatch describe-alarms --query 'MetricAlarms[?MetricName== `<iam_changes_metric>`]' ```  6. Note the `AlarmActions` value - this will provide the SNS topic ARN value.  7. Ensure there is at least one active subscriber to the SNS topic  ``` aws sns list-subscriptions-by-topic --topic-arn <sns_topic_arn>  ``` at least one subscription should have ""SubscriptionArn"" with valid aws ARN.  ``` Example of valid ""SubscriptionArn"": ""arn:aws:sns:<region>:<aws_account_number>:<SnsTopicName>:<SubscriptionID>"" ```";Configuring log metric filter and alarm on Multi-region (global) CloudTrail - ensures that activities from all regions (used as well as unused) are monitored - ensures that activities on all supported global services are monitored - ensures that all management events across all regions are monitored;;https://docs.aws.amazon.com/awscloudtrail/latest/userguide/receive-cloudtrail-log-files-from-multiple-regions.html:https://docs.aws.amazon.com/awscloudtrail/latest/userguide/cloudwatch-alarms-for-cloudtrail.html:https://docs.aws.amazon.com/sns/latest/dg/SubscribeTopic.html;FAIL;No CloudWatch log groups found with metric filters or alarms associated.;arn:aws:logs:ap-southeast-7:<SANDBOX_ACCOUNT_ID>:log-group;<SANDBOX_ACCOUNT_ID>;cloudwatch_log_metric_filter_policy_changes;False;CIS;CIS Amazon Web Services Foundations Benchmark v1.4.0
aws;The CIS Benchmark for CIS Amazon Web Services Foundations Benchmark, v1.4.0, Level 1 and 2 provides prescriptive guidance for configuring security options for a subset of Amazon Web Services. It has an emphasis on foundational, testable, and architecture agnostic settings;<SANDBOX_ACCOUNT_ID>;ap-southeast-7;2026-08-19 02:30:11.271115;4.3;Ensure a log metric filter and alarm exist for usage of 'root' account;4 Monitoring;;Level 1;Automated;Real-time monitoring of API calls can be achieved by directing CloudTrail Logs to CloudWatch Logs and establishing corresponding metric filters and alarms. It is recommended that a metric filter and alarm be established for 'root' login attempts.;Monitoring for 'root' account logins will provide visibility into the use of a fully privileged account and an opportunity to reduce the use of it.;;"Perform the following to setup the metric filter, alarm, SNS topic, and subscription:  1. Create a metric filter based on filter pattern provided which checks for 'Root' account usage and the `<cloudtrail_log_group_name>` taken from audit step 1. ``` aws logs put-metric-filter --log-group-name `<cloudtrail_log_group_name>` --filter-name `<root_usage_metric>` --metric-transformations metricName= `<root_usage_metric>` ,metricNamespace='CISBenchmark',metricValue=1 --filter-pattern '{ $.userIdentity.type = ""Root"" && $.userIdentity.invokedBy NOT EXISTS && $.eventType != ""AwsServiceEvent"" }' ```  **Note**: You can choose your own metricName and metricNamespace strings. Using the same metricNamespace for all Foundations Benchmark metrics will group them together.  2. Create an SNS topic that the alarm will notify ``` aws sns create-topic --name <sns_topic_name> ```  **Note**: you can execute this command once and then re-use the same topic for all monitoring alarms.  3. Create an SNS subscription to the topic created in step 2 ``` aws sns subscribe --topic-arn <sns_topic_arn> --protocol <protocol_for_sns> --notification-endpoint <sns_subscription_endpoints> ```  **Note**: you can execute this command once and then re-use the SNS subscription for all monitoring alarms.  4. Create an alarm that is associated with the CloudWatch Logs Metric Filter created in step 1 and an SNS topic created in step 2 ``` aws cloudwatch put-metric-alarm --alarm-name `<root_usage_alarm>` --metric-name `<root_usage_metric>` --statistic Sum --period 300 --threshold 1 --comparison-operator GreaterThanOrEqualToThreshold --evaluation-periods 1 --namespace 'CISBenchmark' --alarm-actions <sns_topic_arn> ```";"Perform the following to ensure that there is at least one active multi-region CloudTrail with prescribed metric filters and alarms configured:  1. Identify the log group name configured for use with active multi-region CloudTrail:  - List all CloudTrails:  `aws cloudtrail describe-trails`  - Identify Multi region Cloudtrails: `Trails with ""IsMultiRegionTrail"" set to true`  - From value associated with CloudWatchLogsLogGroupArn note `<cloudtrail_log_group_name>`  Example: for CloudWatchLogsLogGroupArn that looks like `arn:aws:logs:<region>:<aws_account_number>:log-group:NewGroup:*`, `<cloudtrail_log_group_name>` would be `NewGroup`  - Ensure Identified Multi region CloudTrail is active  `aws cloudtrail get-trail-status --name <Name of a Multi-region CloudTrail>`  ensure `IsLogging` is set to `TRUE`  - Ensure identified Multi-region Cloudtrail captures all Management Events  `aws cloudtrail get-event-selectors --trail-name <trailname shown in describe-trails>`  Ensure there is at least one Event Selector for a Trail with `IncludeManagementEvents` set to `true` and `ReadWriteType` set to `All`  2. Get a list of all associated metric filters for this `<cloudtrail_log_group_name>`:  ``` aws logs describe-metric-filters --log-group-name ""<cloudtrail_log_group_name>"" ```  3. Ensure the output from the above command contains the following:  ``` ""filterPattern"": ""{ $.userIdentity.type = ""Root"" && $.userIdentity.invokedBy NOT EXISTS && $.eventType != ""AwsServiceEvent"" }"" ```  4. Note the `<root_usage_metric>` value associated with the `filterPattern` found in step 3.  5. Get a list of CloudWatch alarms and filter on the `<root_usage_metric>` captured in step 4.  ``` aws cloudwatch describe-alarms --query 'MetricAlarms[?MetricName== `<root_usage_metric>`]' ```  6. Note the `AlarmActions` value - this will provide the SNS topic ARN value.  7. Ensure there is at least one active subscriber to the SNS topic  ``` aws sns list-subscriptions-by-topic --topic-arn <sns_topic_arn>  ``` at least one subscription should have ""SubscriptionArn"" with valid aws ARN.  ``` Example of valid ""SubscriptionArn"": ""arn:aws:sns:<region>:<aws_account_number>:<SnsTopicName>:<SubscriptionID>"" ```";**Configuring log metric filter and alarm on Multi-region (global) CloudTrail**  - ensures that activities from all regions (used as well as unused) are monitored  - ensures that activities on all supported global services are monitored  - ensures that all management events across all regions are monitored;;https://docs.aws.amazon.com/awscloudtrail/latest/userguide/receive-cloudtrail-log-files-from-multiple-regions.html:https://docs.aws.amazon.com/awscloudtrail/latest/userguide/cloudwatch-alarms-for-cloudtrail.html:https://docs.aws.amazon.com/sns/latest/dg/SubscribeTopic.html;FAIL;No CloudWatch log groups found with metric filters or alarms associated.;arn:aws:logs:ap-southeast-7:<SANDBOX_ACCOUNT_ID>:log-group;<SANDBOX_ACCOUNT_ID>;cloudwatch_log_metric_filter_root_usage;False;CIS;CIS Amazon Web Services Foundations Benchmark v1.4.0
aws;The CIS Benchmark for CIS Amazon Web Services Foundations Benchmark, v1.4.0, Level 1 and 2 provides prescriptive guidance for configuring security options for a subset of Amazon Web Services. It has an emphasis on foundational, testable, and architecture agnostic settings;<SANDBOX_ACCOUNT_ID>;ap-southeast-7;2026-08-19 02:30:11.271115;4.10;Ensure a log metric filter and alarm exist for security group changes;4 Monitoring;;Level 2;Automated;Real-time monitoring of API calls can be achieved by directing CloudTrail Logs to CloudWatch Logs and establishing corresponding metric filters and alarms. Security Groups are a stateful packet filter that controls ingress and egress traffic within a VPC. It is recommended that a metric filter and alarm be established for detecting changes to Security Groups.;Monitoring changes to security group will help ensure that resources and services are not unintentionally exposed.;;"Perform the following to setup the metric filter, alarm, SNS topic, and subscription:  1. Create a metric filter based on filter pattern provided which checks for security groups changes and the `<cloudtrail_log_group_name>` taken from audit step 1. ``` aws logs put-metric-filter --log-group-name ""<cloudtrail_log_group_name>"" --filter-name ""<security_group_changes_metric>"" --metric-transformations metricName= ""<security_group_changes_metric>"" ,metricNamespace=""CISBenchmark"",metricValue=1 --filter-pattern ""{ ($.eventName = AuthorizeSecurityGroupIngress) || ($.eventName = AuthorizeSecurityGroupEgress) || ($.eventName = RevokeSecurityGroupIngress) || ($.eventName = RevokeSecurityGroupEgress) || ($.eventName = CreateSecurityGroup) || ($.eventName = DeleteSecurityGroup) }"" ```  **Note**: You can choose your own metricName and metricNamespace strings. Using the same metricNamespace for all Foundations Benchmark metrics will group them together.  2. Create an SNS topic that the alarm will notify ``` aws sns create-topic --name ""<sns_topic_name>"" ```  **Note**: you can execute this command once and then re-use the same topic for all monitoring alarms.  3. Create an SNS subscription to the topic created in step 2 ``` aws sns subscribe --topic-arn ""<sns_topic_arn>"" --protocol <protocol_for_sns> --notification-endpoint ""<sns_subscription_endpoints>"" ```  **Note**: you can execute this command once and then re-use the SNS subscription for all monitoring alarms.  4. Create an alarm that is associated with the CloudWatch Logs Metric Filter created in step 1 and an SNS topic created in step 2 ``` aws cloudwatch put-metric-alarm --alarm-name ""<security_group_changes_alarm>"" --metric-name ""<security_group_changes_metric>"" --statistic Sum --period 300 --threshold 1 --comparison-operator GreaterThanOrEqualToThreshold --evaluation-periods 1 --namespace ""CISBenchmark"" --alarm-actions ""<sns_topic_arn>"" ```";"Perform the following to ensure that there is at least one active multi-region CloudTrail with prescribed metric filters and alarms configured:  1. Identify the log group name configured for use with active multi-region CloudTrail:  - List all CloudTrails: `aws cloudtrail describe-trails`  - Identify Multi region Cloudtrails: `Trails with ""IsMultiRegionTrail"" set to true`  - From value associated with CloudWatchLogsLogGroupArn note `<cloudtrail_log_group_name>`  Example: for CloudWatchLogsLogGroupArn that looks like `arn:aws:logs:<region>:<aws_account_number>:log-group:NewGroup:*`, `<cloudtrail_log_group_name>` would be `NewGroup`  - Ensure Identified Multi region CloudTrail is active  `aws cloudtrail get-trail-status --name <Name of a Multi-region CloudTrail>`  ensure `IsLogging` is set to `TRUE`  - Ensure identified Multi-region Cloudtrail captures all Management Events  `aws cloudtrail get-event-selectors --trail-name <trailname shown in describe-trails>`  Ensure there is at least one Event Selector for a Trail with `IncludeManagementEvents` set to `true` and `ReadWriteType` set to `All`  2. Get a list of all associated metric filters for this `<cloudtrail_log_group_name>`: ``` aws logs describe-metric-filters --log-group-name ""<cloudtrail_log_group_name>"" ``` 3. Ensure the output from the above command contains the following: ``` ""filterPattern"": ""{ ($.eventName = AuthorizeSecurityGroupIngress) || ($.eventName = AuthorizeSecurityGroupEgress) || ($.eventName = RevokeSecurityGroupIngress) || ($.eventName = RevokeSecurityGroupEgress) || ($.eventName = CreateSecurityGroup) || ($.eventName = DeleteSecurityGroup) }"" ``` 4. Note the `<security_group_changes_metric>` value associated with the `filterPattern` found in step 3.  5. Get a list of CloudWatch alarms and filter on the `<security_group_changes_metric>` captured in step 4. ``` aws cloudwatch describe-alarms --query ""MetricAlarms[?MetricName== '<security_group_changes_metric>']"" ``` 6. Note the `AlarmActions` value - this will provide the SNS topic ARN value.  7. Ensure there is at least one active subscriber to the SNS topic ``` aws sns list-subscriptions-by-topic --topic-arn <sns_topic_arn>  ``` at least one subscription should have ""SubscriptionArn"" with valid aws ARN. ``` Example of valid ""SubscriptionArn"": ""arn:aws:sns:<region>:<aws_account_number>:<SnsTopicName>:<SubscriptionID>"" ```";Configuring log metric filter and alarm on Multi-region (global) CloudTrail - ensures that activities from all regions (used as well as unused) are monitored - ensures that activities on all supported global services are monitored - ensures that all management events across all regions are monitored;;https://docs.aws.amazon.com/awscloudtrail/latest/userguide/receive-cloudtrail-log-files-from-multiple-regions.html:https://docs.aws.amazon.com/awscloudtrail/latest/userguide/cloudwatch-alarms-for-cloudtrail.html:https://docs.aws.amazon.com/sns/latest/dg/SubscribeTopic.html;FAIL;No CloudWatch log groups found with metric filters or alarms associated.;arn:aws:logs:ap-southeast-7:<SANDBOX_ACCOUNT_ID>:log-group;<SANDBOX_ACCOUNT_ID>;cloudwatch_log_metric_filter_security_group_changes;False;CIS;CIS Amazon Web Services Foundations Benchmark v1.4.0
aws;The CIS Benchmark for CIS Amazon Web Services Foundations Benchmark, v1.4.0, Level 1 and 2 provides prescriptive guidance for configuring security options for a subset of Amazon Web Services. It has an emphasis on foundational, testable, and architecture agnostic settings;<SANDBOX_ACCOUNT_ID>;ap-southeast-7;2026-08-19 02:30:11.271115;4.2;Ensure a log metric filter and alarm exist for Management Console sign-in without MFA;4 Monitoring;;Level 1;Automated;Real-time monitoring of API calls can be achieved by directing CloudTrail Logs to CloudWatch Logs and establishing corresponding metric filters and alarms. It is recommended that a metric filter and alarm be established for console logins that are not protected by multi-factor authentication (MFA).;Monitoring for single-factor console logins will increase visibility into accounts that are not protected by MFA.;;"Perform the following to setup the metric filter, alarm, SNS topic, and subscription:  1. Create a metric filter based on filter pattern provided which checks for AWS Management Console sign-in without MFA and the `<cloudtrail_log_group_name>` taken from audit step 1.  Use Command:   ``` aws logs put-metric-filter --log-group-name <cloudtrail_log_group_name> --filter-name `<no_mfa_console_signin_metric>` --metric-transformations metricName= `<no_mfa_console_signin_metric>` ,metricNamespace='CISBenchmark',metricValue=1 --filter-pattern '{ ($.eventName = ""ConsoleLogin"") && ($.additionalEventData.MFAUsed != ""Yes"") }' ```  Or (To reduce false positives incase Single Sign-On (SSO) is used in organization):  ``` aws logs put-metric-filter --log-group-name <cloudtrail_log_group_name> --filter-name `<no_mfa_console_signin_metric>` --metric-transformations metricName= `<no_mfa_console_signin_metric>` ,metricNamespace='CISBenchmark',metricValue=1 --filter-pattern '{ ($.eventName = ""ConsoleLogin"") && ($.additionalEventData.MFAUsed != ""Yes"") && ($.userIdentity.type = ""IAMUser"") && ($.responseElements.ConsoleLogin = ""Success"") }' ```  **Note**: You can choose your own metricName and metricNamespace strings. Using the same metricNamespace for all Foundations Benchmark metrics will group them together.  2. Create an SNS topic that the alarm will notify ``` aws sns create-topic --name <sns_topic_name> ```  **Note**: you can execute this command once and then re-use the same topic for all monitoring alarms.  3. Create an SNS subscription to the topic created in step 2 ``` aws sns subscribe --topic-arn <sns_topic_arn> --protocol <protocol_for_sns> --notification-endpoint <sns_subscription_endpoints> ```  **Note**: you can execute this command once and then re-use the SNS subscription for all monitoring alarms.  4. Create an alarm that is associated with the CloudWatch Logs Metric Filter created in step 1 and an SNS topic created in step 2 ``` aws cloudwatch put-metric-alarm --alarm-name `<no_mfa_console_signin_alarm>` --metric-name `<no_mfa_console_signin_metric>` --statistic Sum --period 300 --threshold 1 --comparison-operator GreaterThanOrEqualToThreshold --evaluation-periods 1 --namespace 'CISBenchmark' --alarm-actions <sns_topic_arn> ```";"Perform the following to ensure that there is at least one active multi-region CloudTrail with prescribed metric filters and alarms configured:  1. Identify the log group name configured for use with active multi-region CloudTrail:  - List all `CloudTrails`:  ``` aws cloudtrail describe-trails ```  - Identify Multi region Cloudtrails: `Trails with ""IsMultiRegionTrail"" set to true`  - From value associated with CloudWatchLogsLogGroupArn note `<cloudtrail_log_group_name>`  Example: for CloudWatchLogsLogGroupArn that looks like `arn:aws:logs:<region>:<aws_account_number>:log-group:NewGroup:*`, `<cloudtrail_log_group_name>` would be `NewGroup`  - Ensure Identified Multi region `CloudTrail` is active  ``` aws cloudtrail get-trail-status --name <Name of a Multi-region CloudTrail> ```  Ensure in the output that `IsLogging` is set to `TRUE`  - Ensure identified Multi-region 'Cloudtrail' captures all Management Events  ``` aws cloudtrail get-event-selectors --trail-name <trailname shown in describe-trails> ```  Ensure in the output there is at least one Event Selector for a Trail with `IncludeManagementEvents` set to `true` and `ReadWriteType` set to `All`  2. Get a list of all associated metric filters for this `<cloudtrail_log_group_name>`: ``` aws logs describe-metric-filters --log-group-name ""<cloudtrail_log_group_name>"" ``` 3. Ensure the output from the above command contains the following: ``` ""filterPattern"": ""{ ($.eventName = ""ConsoleLogin"") && ($.additionalEventData.MFAUsed != ""Yes"") }"" ```  Or (To reduce false positives incase Single Sign-On (SSO) is used in organization):  ``` ""filterPattern"": ""{ ($.eventName = ""ConsoleLogin"") && ($.additionalEventData.MFAUsed != ""Yes"") && ($.userIdentity.type = ""IAMUser"") && ($.responseElements.ConsoleLogin = ""Success"") }"" ```  4. Note the `<no_mfa_console_signin_metric>` value associated with the `filterPattern` found in step 3.  5. Get a list of CloudWatch alarms and filter on the `<no_mfa_console_signin_metric>` captured in step 4.  ``` aws cloudwatch describe-alarms --query 'MetricAlarms[?MetricName== `<no_mfa_console_signin_metric>`]' ``` 6. Note the `AlarmActions` value - this will provide the SNS topic ARN value.  7. Ensure there is at least one active subscriber to the SNS topic ``` aws sns list-subscriptions-by-topic --topic-arn <sns_topic_arn>  ``` at least one subscription should have ""SubscriptionArn"" with valid aws ARN. ``` Example of valid ""SubscriptionArn"": ""arn:aws:sns:<region>:<aws_account_number>:<SnsTopicName>:<SubscriptionID>"" ```";"Configuring log metric filter and alarm on Multi-region (global) CloudTrail - ensures that activities from all regions (used as well as unused) are monitored - ensures that activities on all supported global services are monitored - ensures that all management events across all regions are monitored -Filter pattern set to `{ ($.eventName = ""ConsoleLogin"") && ($.additionalEventData.MFAUsed != ""Yes"") && ($.userIdentity.type = ""IAMUser"") && ($.responseElements.ConsoleLogin = ""Success""}` reduces false alarms raised when user logs in via SSO account.";;https://docs.aws.amazon.com/AmazonCloudWatch/latest/DeveloperGuide/viewing_metrics_with_cloudwatch.html:https://docs.aws.amazon.com/awscloudtrail/latest/userguide/receive-cloudtrail-log-files-from-multiple-regions.html:https://docs.aws.amazon.com/awscloudtrail/latest/userguide/cloudwatch-alarms-for-cloudtrail.html:https://docs.aws.amazon.com/sns/latest/dg/SubscribeTopic.html;FAIL;No CloudWatch log groups found with metric filters or alarms associated.;arn:aws:logs:ap-southeast-7:<SANDBOX_ACCOUNT_ID>:log-group;<SANDBOX_ACCOUNT_ID>;cloudwatch_log_metric_filter_sign_in_without_mfa;False;CIS;CIS Amazon Web Services Foundations Benchmark v1.4.0
aws;The CIS Benchmark for CIS Amazon Web Services Foundations Benchmark, v1.4.0, Level 1 and 2 provides prescriptive guidance for configuring security options for a subset of Amazon Web Services. It has an emphasis on foundational, testable, and architecture agnostic settings;<SANDBOX_ACCOUNT_ID>;ap-southeast-7;2026-08-19 02:30:11.271115;4.1;Ensure a log metric filter and alarm exist for unauthorized API calls;4 Monitoring;;Level 1;Automated;Real-time monitoring of API calls can be achieved by directing CloudTrail Logs to CloudWatch Logs and establishing corresponding metric filters and alarms. It is recommended that a metric filter and alarm be established for unauthorized API calls.;Monitoring unauthorized API calls will help reveal application errors and may reduce time to detect malicious activity.;This alert may be triggered by normal read-only console activities that attempt to opportunistically gather optional information, but gracefully fail if they don't have permissions.  If an excessive number of alerts are being generated then an organization may wish to consider adding read access to the limited IAM user permissions simply to quiet the alerts.  In some cases doing this may allow the users to actually view some areas of the system - any additional access given should be reviewed for alignment with the original limited IAM user intent.;"Perform the following to setup the metric filter, alarm, SNS topic, and subscription:  1. Create a metric filter based on filter pattern provided which checks for unauthorized API calls and the `<cloudtrail_log_group_name>` taken from audit step 1. ``` aws logs put-metric-filter --log-group-name ""cloudtrail_log_group_name"" --filter-name ""<unauthorized_api_calls_metric>"" --metric-transformations metricName=unauthorized_api_calls_metric,metricNamespace=CISBenchmark,metricValue=1 --filter-pattern ""{ ($.errorCode = ""*UnauthorizedOperation"") || ($.errorCode = ""AccessDenied*"") || ($.sourceIPAddress!=""delivery.logs.amazonaws.com"") || ($.eventName!=""HeadBucket"") }"" ```  **Note**: You can choose your own metricName and metricNamespace strings. Using the same metricNamespace for all Foundations Benchmark metrics will group them together.  2. Create an SNS topic that the alarm will notify ``` aws sns create-topic --name <sns_topic_name> ``` **Note**: you can execute this command once and then re-use the same topic for all monitoring alarms. **Note**: Capture the TopicArn displayed when creating the SNS Topic in Step 2.  3. Create an SNS subscription to the topic created in step 2 ``` aws sns subscribe --topic-arn <sns_topic_arn from step 2> --protocol <protocol_for_sns> --notification-endpoint <sns_subscription_endpoints> ```  **Note**: you can execute this command once and then re-use the SNS subscription for all monitoring alarms.  4. Create an alarm that is associated with the CloudWatch Logs Metric Filter created in step 1 and an SNS topic created in step 2 ``` aws cloudwatch put-metric-alarm --alarm-name ""unauthorized_api_calls_alarm"" --metric-name ""unauthorized_api_calls_metric"" --statistic Sum --period 300 --threshold 1 --comparison-operator GreaterThanOrEqualToThreshold --evaluation-periods 1 --namespace ""CISBenchmark"" --alarm-actions <sns_topic_arn> ```";"Perform the following to ensure that there is at least one active multi-region CloudTrail with prescribed metric filters and alarms configured:  1. Identify the log group name configured for use with active multi-region CloudTrail:  - List all CloudTrails: `aws cloudtrail describe-trails`  - Identify Multi region Cloudtrails: `Trails with ""IsMultiRegionTrail"" set to true`  - From value associated with ""Name"":` note `<cloudtrail__name>`  - From value associated with ""CloudWatchLogsLogGroupArn"" note <cloudtrail_log_group_name>  Example: for CloudWatchLogsLogGroupArn that looks like arn:aws:logs:<region>:<aws_account_number>:log-group:NewGroup:*, <cloudtrail_log_group_name> would be NewGroup  - Ensure Identified Multi region CloudTrail is active  `aws cloudtrail get-trail-status --name <Name of a Multi-region CloudTrail>`  ensure `IsLogging` is set to `TRUE`  - Ensure identified Multi-region Cloudtrail captures all Management Events  `aws cloudtrail get-event-selectors --trail-name <""Name"" as shown in describe-trails>`  Ensure there is at least one Event Selector for a Trail with `IncludeManagementEvents` set to `true` and `ReadWriteType` set to `All`  2. Get a list of all associated metric filters for this `<cloudtrail_log_group_name>` that you captured in step 1:  ``` aws logs describe-metric-filters --log-group-name ""<cloudtrail_log_group_name>"" ```  3. Ensure the output from the above command contains the following:  ``` ""filterPattern"": ""{ ($.errorCode = *UnauthorizedOperation) || ($.errorCode = AccessDenied*) || ($.sourceIPAddress!=delivery.logs.amazonaws.com) || ($.eventName!=HeadBucket) }"", ```  4. Note the ""filterName"" `<unauthorized_api_calls_metric>` value associated with the `filterPattern` found in step 3.  5. Get a list of CloudWatch alarms and filter on the `<unauthorized_api_calls_metric>` captured in step 4.  ``` aws cloudwatch describe-alarms --query ""MetricAlarms[?MetricName == `unauthorized_api_calls_metric`]"" ```  6. Note the `AlarmActions` value - this will provide the SNS topic ARN value.  7. Ensure there is at least one active subscriber to the SNS topic  ``` aws sns list-subscriptions-by-topic --topic-arn <sns_topic_arn>  ``` at least one subscription should have ""SubscriptionArn"" with valid aws ARN.  ``` Example of valid ""SubscriptionArn"": ""arn:aws:sns:<region>:<aws_account_number>:<SnsTopicName>:<SubscriptionID>"" ```";Configuring log metric filter and alarm on Multi-region (global) CloudTrail - ensures that activities from all regions (used as well as unused) are monitored - ensures that activities on all supported global services are monitored - ensures that all management events across all regions are monitored;;https://aws.amazon.com/sns/:https://docs.aws.amazon.com/awscloudtrail/latest/userguide/receive-cloudtrail-log-files-from-multiple-regions.html:https://docs.aws.amazon.com/awscloudtrail/latest/userguide/cloudwatch-alarms-for-cloudtrail.html:https://docs.aws.amazon.com/sns/latest/dg/SubscribeTopic.html;FAIL;No CloudWatch log groups found with metric filters or alarms associated.;arn:aws:logs:ap-southeast-7:<SANDBOX_ACCOUNT_ID>:log-group;<SANDBOX_ACCOUNT_ID>;cloudwatch_log_metric_filter_unauthorized_api_calls;False;CIS;CIS Amazon Web Services Foundations Benchmark v1.4.0
aws;The CIS Benchmark for CIS Amazon Web Services Foundations Benchmark, v1.4.0, Level 1 and 2 provides prescriptive guidance for configuring security options for a subset of Amazon Web Services. It has an emphasis on foundational, testable, and architecture agnostic settings;<SANDBOX_ACCOUNT_ID>;ap-southeast-7;2026-08-19 02:30:11.271115;3.5;Ensure AWS Config is enabled in all regions;3 Logging;;Level 2;Automated;AWS Config is a web service that performs configuration management of supported AWS resources within your account and delivers log files to you. The recorded information includes the configuration item (AWS resource), relationships between configuration items (AWS resources), any configuration changes between resources. It is recommended AWS Config be enabled in all regions.;The AWS configuration item history captured by AWS Config enables security analysis, resource change tracking, and compliance auditing.;It is recommended AWS Config be enabled in all regions.;To implement AWS Config configuration:  **From Console:**  1. Select the region you want to focus on in the top right of the console 2. Click `Services`  3. Click `Config`  4. Define which resources you want to record in the selected region 5. Choose to include global resources (IAM resources) 6. Specify an S3 bucket in the same account or in another managed AWS account 7. Create an SNS Topic from the same AWS account or another managed AWS account  **From Command Line:**  1. Ensure there is an appropriate S3 bucket, SNS topic, and IAM role per the [AWS Config Service prerequisites](http://docs.aws.amazon.com/config/latest/developerguide/gs-cli-prereq.html). 2. Run this command to set up the configuration recorder ``` aws configservice subscribe --s3-bucket my-config-bucket --sns-topic arn:aws:sns:us-east-1:012345678912:my-config-notice --iam-role arn:aws:iam::012345678912:role/myConfigRole ``` 3. Run this command to start the configuration recorder: ``` start-configuration-recorder --configuration-recorder-name <value> ```;"Process to evaluate AWS Config configuration per region  **From Console:**  1. Sign in to the AWS Management Console and open the AWS Config console at [https://console.aws.amazon.com/config/](https://console.aws.amazon.com/config/). 2. On the top right of the console select target Region. 3. If presented with Setup AWS Config - follow remediation procedure: 4. On the Resource inventory page, Click on edit (the gear icon). The Set Up AWS Config page appears. 5. Ensure 1 or both check-boxes under ""All Resources"" is checked.  - Include global resources related to IAM resources - which needs to be enabled in 1 region only 6. Ensure the correct S3 bucket has been defined. 7. Ensure the correct SNS topic has been defined. 8. Repeat steps 2 to 7 for each region.  **From Command Line:**  1. Run this command to show all AWS Config recorders and their properties: ``` aws configservice describe-configuration-recorders ``` 2. Evaluate the output to ensure that there's at least one recorder for which `recordingGroup` object includes `""allSupported"": true` AND `""includeGlobalResourceTypes"": true`  Note: There is one more parameter ""ResourceTypes"" in recordingGroup object. We don't need to check the same as whenever we set ""allSupported"": true, AWS enforces resource types to be empty (""ResourceTypes"":[])  Sample Output:  ``` {  ""ConfigurationRecorders"": [  {  ""recordingGroup"": {  ""allSupported"": true,  ""resourceTypes"": [],  ""includeGlobalResourceTypes"": true  },  ""roleARN"": ""arn:aws:iam::<AWS_Account_ID>:role/service-role/<config-role-name>"",  ""name"": ""default""  }  ] } ```  3. Run this command to show the status for all AWS Config recorders: ``` aws configservice describe-configuration-recorder-status ``` 4. In the output, find recorders with `name` key matching the recorders that met criteria in step 2. Ensure that at least one of them includes `""recording"": true` and `""lastStatus"": ""SUCCESS""`";;;https://docs.aws.amazon.com/cli/latest/reference/configservice/describe-configuration-recorder-status.html;FAIL;AWS Config recorder <SANDBOX_ACCOUNT_ID> is disabled.;arn:aws:config:ap-southeast-7:<SANDBOX_ACCOUNT_ID>:recorder;<SANDBOX_ACCOUNT_ID>;config_recorder_all_regions_enabled;False;CIS;CIS Amazon Web Services Foundations Benchmark v1.4.0
aws;The CIS Benchmark for CIS Amazon Web Services Foundations Benchmark, v1.4.0, Level 1 and 2 provides prescriptive guidance for configuring security options for a subset of Amazon Web Services. It has an emphasis on foundational, testable, and architecture agnostic settings;<SANDBOX_ACCOUNT_ID>;ap-southeast-7;2026-08-19 02:30:11.271115;1.7;Eliminate use of the 'root' user for administrative and daily tasks;1 Identity and Access Management;;Level 1;Automated;With the creation of an AWS account, a 'root user' is created that cannot be disabled or deleted. That user has unrestricted access to and control over all resources in the AWS account. It is highly recommended that the use of this account be avoided for everyday tasks.;The 'root user' has unrestricted access to and control over all account resources. Use of it is inconsistent with the principles of least privilege and separation of duties, and can lead to unnecessary harm due to error or account compromise.;;If you find that the 'root' user account is being used for daily activity to include administrative tasks that do not require the 'root' user:  1. Change the 'root' user password. 2. Deactivate or delete any access keys associate with the 'root' user.  **Remember, anyone who has 'root' user credentials for your AWS account has unrestricted access to and control of all the resources in your account, including billing information.;**From Console:**  1. Login to the AWS Management Console at `https://console.aws.amazon.com/iam/` 2. In the left pane, click `Credential Report` 3. Click on `Download Report` 4. Open of Save the file locally 5. Locate the `<root account>` under the user column 6. Review `password_last_used, access_key_1_last_used_date, access_key_2_last_used_date` to determine when the 'root user' was last used.  **From Command Line:**  Run the following CLI commands to provide a credential report for determining the last time the 'root user' was used: ``` aws iam generate-credential-report ``` ``` aws iam get-credential-report --query 'Content' --output text | base64 -d | cut -d, -f1,5,11,16 | grep -B1 '<root_account>' ```  Review `password_last_used`, `access_key_1_last_used_date`, `access_key_2_last_used_date` to determine when the _root user_ was last used.  **Note:** There are a few conditions under which the use of the 'root' user account is required. Please see the reference links for all of the tasks that require use of the 'root' user.;The 'root' user for us-gov cloud regions is not enabled by default. However, on request to AWS support, they can enable the 'root' user and grant access only through access-keys (CLI, API methods) for us-gov cloud region. If the 'root' user for us-gov cloud regions is enabled, this recommendation is applicable.  Monitoring usage of the 'root' user can be accomplished by implementing recommendation 3.3 Ensure a log metric filter and alarm exist for usage of the 'root' user.;;https://docs.aws.amazon.com/IAM/latest/UserGuide/best-practices.html:https://docs.aws.amazon.com/IAM/latest/UserGuide/id_root-user.html:https://docs.aws.amazon.com/general/latest/gr/aws_tasks-that-require-root.html;PASS;Root user in the account wasn't accessed in the last 1 days.;arn:aws:iam::<SANDBOX_ACCOUNT_ID>:root;<root_account>;iam_avoid_root_usage;False;CIS;CIS Amazon Web Services Foundations Benchmark v1.4.0
aws;The CIS Benchmark for CIS Amazon Web Services Foundations Benchmark, v1.4.0, Level 1 and 2 provides prescriptive guidance for configuring security options for a subset of Amazon Web Services. It has an emphasis on foundational, testable, and architecture agnostic settings;<SANDBOX_ACCOUNT_ID>;ap-southeast-7;2026-08-19 02:30:11.271115;1.16;"Ensure IAM policies that allow full ""*:*"" administrative privileges are not attached";1 Identity and Access Management;;Level 1;Automated;IAM policies are the means by which privileges are granted to users, groups, or roles. It is recommended and considered a standard security advice to grant _least privilege_ -that is, granting only the permissions required to perform a task. Determine what users need to do and then craft policies for them that let the users perform _only_ those tasks, instead of allowing full administrative privileges.;"It's more secure to start with a minimum set of permissions and grant additional permissions as necessary, rather than starting with permissions that are too lenient and then trying to tighten them later.  Providing full administrative privileges instead of restricting to the minimum set of permissions that the user is required to do exposes the resources to potentially unwanted actions.  IAM policies that have a statement with ""Effect"": ""Allow"" with ""Action"": ""\*"" over ""Resource"": ""\*"" should be removed.";;**From Console:**  Perform the following to detach the policy that has full administrative privileges:  1. Sign in to the AWS Management Console and open the IAM console at [https://console.aws.amazon.com/iam/](https://console.aws.amazon.com/iam/). 2. In the navigation pane, click Policies and then search for the policy name found in the audit step. 3. Select the policy that needs to be deleted. 4. In the policy action menu, select first `Detach`  5. Select all Users, Groups, Roles that have this policy attached 6. Click `Detach Policy`  7. In the policy action menu, select `Detach`   **From Command Line:**  Perform the following to detach the policy that has full administrative privileges as found in the audit step:  1. Lists all IAM users, groups, and roles that the specified managed policy is attached to.  ```  aws iam list-entities-for-policy --policy-arn <policy_arn> ``` 2. Detach the policy from all IAM Users: ```  aws iam detach-user-policy --user-name <iam_user> --policy-arn <policy_arn> ``` 3. Detach the policy from all IAM Groups: ```  aws iam detach-group-policy --group-name <iam_group> --policy-arn <policy_arn> ``` 4. Detach the policy from all IAM Roles: ```  aws iam detach-role-policy --role-name <iam_role> --policy-arn <policy_arn> ```;"Perform the following to determine what policies are created:  **From Command Line:**  1. Run the following to get a list of IAM policies: ```  aws iam list-policies --only-attached --output text ``` 2. For each policy returned, run the following command to determine if any policies is allowing full administrative privileges on the account: ```  aws iam get-policy-version --policy-arn <policy_arn> --version-id <version> ``` 3. In output ensure policy should not have any Statement block with `""Effect"": ""Allow""` and `Action` set to `""*""` and `Resource` set to `""*""`";;;https://docs.aws.amazon.com/IAM/latest/UserGuide/best-practices.html:https://docs.aws.amazon.com/IAM/latest/UserGuide/access_policies_managed-vs-inline.html:https://docs.aws.amazon.com/cli/latest/reference/iam/index.html#cli-aws-iam;PASS;AWS policy AWSSSOServiceRolePolicy is attached but does not allow '*:*' administrative privileges.;arn:aws:iam::aws:policy/aws-service-role/AWSSSOServiceRolePolicy;AWSSSOServiceRolePolicy;iam_aws_attached_policy_no_administrative_privileges;False;CIS;CIS Amazon Web Services Foundations Benchmark v1.4.0
aws;The CIS Benchmark for CIS Amazon Web Services Foundations Benchmark, v1.4.0, Level 1 and 2 provides prescriptive guidance for configuring security options for a subset of Amazon Web Services. It has an emphasis on foundational, testable, and architecture agnostic settings;<SANDBOX_ACCOUNT_ID>;ap-southeast-7;2026-08-19 02:30:11.271115;1.16;"Ensure IAM policies that allow full ""*:*"" administrative privileges are not attached";1 Identity and Access Management;;Level 1;Automated;IAM policies are the means by which privileges are granted to users, groups, or roles. It is recommended and considered a standard security advice to grant _least privilege_ -that is, granting only the permissions required to perform a task. Determine what users need to do and then craft policies for them that let the users perform _only_ those tasks, instead of allowing full administrative privileges.;"It's more secure to start with a minimum set of permissions and grant additional permissions as necessary, rather than starting with permissions that are too lenient and then trying to tighten them later.  Providing full administrative privileges instead of restricting to the minimum set of permissions that the user is required to do exposes the resources to potentially unwanted actions.  IAM policies that have a statement with ""Effect"": ""Allow"" with ""Action"": ""\*"" over ""Resource"": ""\*"" should be removed.";;**From Console:**  Perform the following to detach the policy that has full administrative privileges:  1. Sign in to the AWS Management Console and open the IAM console at [https://console.aws.amazon.com/iam/](https://console.aws.amazon.com/iam/). 2. In the navigation pane, click Policies and then search for the policy name found in the audit step. 3. Select the policy that needs to be deleted. 4. In the policy action menu, select first `Detach`  5. Select all Users, Groups, Roles that have this policy attached 6. Click `Detach Policy`  7. In the policy action menu, select `Detach`   **From Command Line:**  Perform the following to detach the policy that has full administrative privileges as found in the audit step:  1. Lists all IAM users, groups, and roles that the specified managed policy is attached to.  ```  aws iam list-entities-for-policy --policy-arn <policy_arn> ``` 2. Detach the policy from all IAM Users: ```  aws iam detach-user-policy --user-name <iam_user> --policy-arn <policy_arn> ``` 3. Detach the policy from all IAM Groups: ```  aws iam detach-group-policy --group-name <iam_group> --policy-arn <policy_arn> ``` 4. Detach the policy from all IAM Roles: ```  aws iam detach-role-policy --role-name <iam_role> --policy-arn <policy_arn> ```;"Perform the following to determine what policies are created:  **From Command Line:**  1. Run the following to get a list of IAM policies: ```  aws iam list-policies --only-attached --output text ``` 2. For each policy returned, run the following command to determine if any policies is allowing full administrative privileges on the account: ```  aws iam get-policy-version --policy-arn <policy_arn> --version-id <version> ``` 3. In output ensure policy should not have any Statement block with `""Effect"": ""Allow""` and `Action` set to `""*""` and `Resource` set to `""*""`";;;https://docs.aws.amazon.com/IAM/latest/UserGuide/best-practices.html:https://docs.aws.amazon.com/IAM/latest/UserGuide/access_policies_managed-vs-inline.html:https://docs.aws.amazon.com/cli/latest/reference/iam/index.html#cli-aws-iam;PASS;AWS policy AWSOrganizationsServiceTrustPolicy is attached but does not allow '*:*' administrative privileges.;arn:aws:iam::aws:policy/aws-service-role/AWSOrganizationsServiceTrustPolicy;AWSOrganizationsServiceTrustPolicy;iam_aws_attached_policy_no_administrative_privileges;False;CIS;CIS Amazon Web Services Foundations Benchmark v1.4.0
aws;The CIS Benchmark for CIS Amazon Web Services Foundations Benchmark, v1.4.0, Level 1 and 2 provides prescriptive guidance for configuring security options for a subset of Amazon Web Services. It has an emphasis on foundational, testable, and architecture agnostic settings;<SANDBOX_ACCOUNT_ID>;ap-southeast-7;2026-08-19 02:30:11.271115;1.16;"Ensure IAM policies that allow full ""*:*"" administrative privileges are not attached";1 Identity and Access Management;;Level 1;Automated;IAM policies are the means by which privileges are granted to users, groups, or roles. It is recommended and considered a standard security advice to grant _least privilege_ -that is, granting only the permissions required to perform a task. Determine what users need to do and then craft policies for them that let the users perform _only_ those tasks, instead of allowing full administrative privileges.;"It's more secure to start with a minimum set of permissions and grant additional permissions as necessary, rather than starting with permissions that are too lenient and then trying to tighten them later.  Providing full administrative privileges instead of restricting to the minimum set of permissions that the user is required to do exposes the resources to potentially unwanted actions.  IAM policies that have a statement with ""Effect"": ""Allow"" with ""Action"": ""\*"" over ""Resource"": ""\*"" should be removed.";;**From Console:**  Perform the following to detach the policy that has full administrative privileges:  1. Sign in to the AWS Management Console and open the IAM console at [https://console.aws.amazon.com/iam/](https://console.aws.amazon.com/iam/). 2. In the navigation pane, click Policies and then search for the policy name found in the audit step. 3. Select the policy that needs to be deleted. 4. In the policy action menu, select first `Detach`  5. Select all Users, Groups, Roles that have this policy attached 6. Click `Detach Policy`  7. In the policy action menu, select `Detach`   **From Command Line:**  Perform the following to detach the policy that has full administrative privileges as found in the audit step:  1. Lists all IAM users, groups, and roles that the specified managed policy is attached to.  ```  aws iam list-entities-for-policy --policy-arn <policy_arn> ``` 2. Detach the policy from all IAM Users: ```  aws iam detach-user-policy --user-name <iam_user> --policy-arn <policy_arn> ``` 3. Detach the policy from all IAM Groups: ```  aws iam detach-group-policy --group-name <iam_group> --policy-arn <policy_arn> ``` 4. Detach the policy from all IAM Roles: ```  aws iam detach-role-policy --role-name <iam_role> --policy-arn <policy_arn> ```;"Perform the following to determine what policies are created:  **From Command Line:**  1. Run the following to get a list of IAM policies: ```  aws iam list-policies --only-attached --output text ``` 2. For each policy returned, run the following command to determine if any policies is allowing full administrative privileges on the account: ```  aws iam get-policy-version --policy-arn <policy_arn> --version-id <version> ``` 3. In output ensure policy should not have any Statement block with `""Effect"": ""Allow""` and `Action` set to `""*""` and `Resource` set to `""*""`";;;https://docs.aws.amazon.com/IAM/latest/UserGuide/best-practices.html:https://docs.aws.amazon.com/IAM/latest/UserGuide/access_policies_managed-vs-inline.html:https://docs.aws.amazon.com/cli/latest/reference/iam/index.html#cli-aws-iam;PASS;AWS policy AmazonGuardDutyServiceRolePolicy is attached but does not allow '*:*' administrative privileges.;arn:aws:iam::aws:policy/aws-service-role/AmazonGuardDutyServiceRolePolicy;AmazonGuardDutyServiceRolePolicy;iam_aws_attached_policy_no_administrative_privileges;False;CIS;CIS Amazon Web Services Foundations Benchmark v1.4.0
aws;The CIS Benchmark for CIS Amazon Web Services Foundations Benchmark, v1.4.0, Level 1 and 2 provides prescriptive guidance for configuring security options for a subset of Amazon Web Services. It has an emphasis on foundational, testable, and architecture agnostic settings;<SANDBOX_ACCOUNT_ID>;ap-southeast-7;2026-08-19 02:30:11.271115;1.16;"Ensure IAM policies that allow full ""*:*"" administrative privileges are not attached";1 Identity and Access Management;;Level 1;Automated;IAM policies are the means by which privileges are granted to users, groups, or roles. It is recommended and considered a standard security advice to grant _least privilege_ -that is, granting only the permissions required to perform a task. Determine what users need to do and then craft policies for them that let the users perform _only_ those tasks, instead of allowing full administrative privileges.;"It's more secure to start with a minimum set of permissions and grant additional permissions as necessary, rather than starting with permissions that are too lenient and then trying to tighten them later.  Providing full administrative privileges instead of restricting to the minimum set of permissions that the user is required to do exposes the resources to potentially unwanted actions.  IAM policies that have a statement with ""Effect"": ""Allow"" with ""Action"": ""\*"" over ""Resource"": ""\*"" should be removed.";;**From Console:**  Perform the following to detach the policy that has full administrative privileges:  1. Sign in to the AWS Management Console and open the IAM console at [https://console.aws.amazon.com/iam/](https://console.aws.amazon.com/iam/). 2. In the navigation pane, click Policies and then search for the policy name found in the audit step. 3. Select the policy that needs to be deleted. 4. In the policy action menu, select first `Detach`  5. Select all Users, Groups, Roles that have this policy attached 6. Click `Detach Policy`  7. In the policy action menu, select `Detach`   **From Command Line:**  Perform the following to detach the policy that has full administrative privileges as found in the audit step:  1. Lists all IAM users, groups, and roles that the specified managed policy is attached to.  ```  aws iam list-entities-for-policy --policy-arn <policy_arn> ``` 2. Detach the policy from all IAM Users: ```  aws iam detach-user-policy --user-name <iam_user> --policy-arn <policy_arn> ``` 3. Detach the policy from all IAM Groups: ```  aws iam detach-group-policy --group-name <iam_group> --policy-arn <policy_arn> ``` 4. Detach the policy from all IAM Roles: ```  aws iam detach-role-policy --role-name <iam_role> --policy-arn <policy_arn> ```;"Perform the following to determine what policies are created:  **From Command Line:**  1. Run the following to get a list of IAM policies: ```  aws iam list-policies --only-attached --output text ``` 2. For each policy returned, run the following command to determine if any policies is allowing full administrative privileges on the account: ```  aws iam get-policy-version --policy-arn <policy_arn> --version-id <version> ``` 3. In output ensure policy should not have any Statement block with `""Effect"": ""Allow""` and `Action` set to `""*""` and `Resource` set to `""*""`";;;https://docs.aws.amazon.com/IAM/latest/UserGuide/best-practices.html:https://docs.aws.amazon.com/IAM/latest/UserGuide/access_policies_managed-vs-inline.html:https://docs.aws.amazon.com/cli/latest/reference/iam/index.html#cli-aws-iam;PASS;AWS policy AWSTrustedAdvisorServiceRolePolicy is attached but does not allow '*:*' administrative privileges.;arn:aws:iam::aws:policy/aws-service-role/AWSTrustedAdvisorServiceRolePolicy;AWSTrustedAdvisorServiceRolePolicy;iam_aws_attached_policy_no_administrative_privileges;False;CIS;CIS Amazon Web Services Foundations Benchmark v1.4.0
aws;The CIS Benchmark for CIS Amazon Web Services Foundations Benchmark, v1.4.0, Level 1 and 2 provides prescriptive guidance for configuring security options for a subset of Amazon Web Services. It has an emphasis on foundational, testable, and architecture agnostic settings;<SANDBOX_ACCOUNT_ID>;ap-southeast-7;2026-08-19 02:30:11.271115;1.16;"Ensure IAM policies that allow full ""*:*"" administrative privileges are not attached";1 Identity and Access Management;;Level 1;Automated;IAM policies are the means by which privileges are granted to users, groups, or roles. It is recommended and considered a standard security advice to grant _least privilege_ -that is, granting only the permissions required to perform a task. Determine what users need to do and then craft policies for them that let the users perform _only_ those tasks, instead of allowing full administrative privileges.;"It's more secure to start with a minimum set of permissions and grant additional permissions as necessary, rather than starting with permissions that are too lenient and then trying to tighten them later.  Providing full administrative privileges instead of restricting to the minimum set of permissions that the user is required to do exposes the resources to potentially unwanted actions.  IAM policies that have a statement with ""Effect"": ""Allow"" with ""Action"": ""\*"" over ""Resource"": ""\*"" should be removed.";;**From Console:**  Perform the following to detach the policy that has full administrative privileges:  1. Sign in to the AWS Management Console and open the IAM console at [https://console.aws.amazon.com/iam/](https://console.aws.amazon.com/iam/). 2. In the navigation pane, click Policies and then search for the policy name found in the audit step. 3. Select the policy that needs to be deleted. 4. In the policy action menu, select first `Detach`  5. Select all Users, Groups, Roles that have this policy attached 6. Click `Detach Policy`  7. In the policy action menu, select `Detach`   **From Command Line:**  Perform the following to detach the policy that has full administrative privileges as found in the audit step:  1. Lists all IAM users, groups, and roles that the specified managed policy is attached to.  ```  aws iam list-entities-for-policy --policy-arn <policy_arn> ``` 2. Detach the policy from all IAM Users: ```  aws iam detach-user-policy --user-name <iam_user> --policy-arn <policy_arn> ``` 3. Detach the policy from all IAM Groups: ```  aws iam detach-group-policy --group-name <iam_group> --policy-arn <policy_arn> ``` 4. Detach the policy from all IAM Roles: ```  aws iam detach-role-policy --role-name <iam_role> --policy-arn <policy_arn> ```;"Perform the following to determine what policies are created:  **From Command Line:**  1. Run the following to get a list of IAM policies: ```  aws iam list-policies --only-attached --output text ``` 2. For each policy returned, run the following command to determine if any policies is allowing full administrative privileges on the account: ```  aws iam get-policy-version --policy-arn <policy_arn> --version-id <version> ``` 3. In output ensure policy should not have any Statement block with `""Effect"": ""Allow""` and `Action` set to `""*""` and `Resource` set to `""*""`";;;https://docs.aws.amazon.com/IAM/latest/UserGuide/best-practices.html:https://docs.aws.amazon.com/IAM/latest/UserGuide/access_policies_managed-vs-inline.html:https://docs.aws.amazon.com/cli/latest/reference/iam/index.html#cli-aws-iam;FAIL;AWS policy AdministratorAccess is attached and allows '*:*' administrative privileges.;arn:aws:iam::aws:policy/AdministratorAccess;AdministratorAccess;iam_aws_attached_policy_no_administrative_privileges;False;CIS;CIS Amazon Web Services Foundations Benchmark v1.4.0
aws;The CIS Benchmark for CIS Amazon Web Services Foundations Benchmark, v1.4.0, Level 1 and 2 provides prescriptive guidance for configuring security options for a subset of Amazon Web Services. It has an emphasis on foundational, testable, and architecture agnostic settings;<SANDBOX_ACCOUNT_ID>;ap-southeast-7;2026-08-19 02:30:11.271115;1.16;"Ensure IAM policies that allow full ""*:*"" administrative privileges are not attached";1 Identity and Access Management;;Level 1;Automated;IAM policies are the means by which privileges are granted to users, groups, or roles. It is recommended and considered a standard security advice to grant _least privilege_ -that is, granting only the permissions required to perform a task. Determine what users need to do and then craft policies for them that let the users perform _only_ those tasks, instead of allowing full administrative privileges.;"It's more secure to start with a minimum set of permissions and grant additional permissions as necessary, rather than starting with permissions that are too lenient and then trying to tighten them later.  Providing full administrative privileges instead of restricting to the minimum set of permissions that the user is required to do exposes the resources to potentially unwanted actions.  IAM policies that have a statement with ""Effect"": ""Allow"" with ""Action"": ""\*"" over ""Resource"": ""\*"" should be removed.";;**From Console:**  Perform the following to detach the policy that has full administrative privileges:  1. Sign in to the AWS Management Console and open the IAM console at [https://console.aws.amazon.com/iam/](https://console.aws.amazon.com/iam/). 2. In the navigation pane, click Policies and then search for the policy name found in the audit step. 3. Select the policy that needs to be deleted. 4. In the policy action menu, select first `Detach`  5. Select all Users, Groups, Roles that have this policy attached 6. Click `Detach Policy`  7. In the policy action menu, select `Detach`   **From Command Line:**  Perform the following to detach the policy that has full administrative privileges as found in the audit step:  1. Lists all IAM users, groups, and roles that the specified managed policy is attached to.  ```  aws iam list-entities-for-policy --policy-arn <policy_arn> ``` 2. Detach the policy from all IAM Users: ```  aws iam detach-user-policy --user-name <iam_user> --policy-arn <policy_arn> ``` 3. Detach the policy from all IAM Groups: ```  aws iam detach-group-policy --group-name <iam_group> --policy-arn <policy_arn> ``` 4. Detach the policy from all IAM Roles: ```  aws iam detach-role-policy --role-name <iam_role> --policy-arn <policy_arn> ```;"Perform the following to determine what policies are created:  **From Command Line:**  1. Run the following to get a list of IAM policies: ```  aws iam list-policies --only-attached --output text ``` 2. For each policy returned, run the following command to determine if any policies is allowing full administrative privileges on the account: ```  aws iam get-policy-version --policy-arn <policy_arn> --version-id <version> ``` 3. In output ensure policy should not have any Statement block with `""Effect"": ""Allow""` and `Action` set to `""*""` and `Resource` set to `""*""`";;;https://docs.aws.amazon.com/IAM/latest/UserGuide/best-practices.html:https://docs.aws.amazon.com/IAM/latest/UserGuide/access_policies_managed-vs-inline.html:https://docs.aws.amazon.com/cli/latest/reference/iam/index.html#cli-aws-iam;PASS;AWS policy AWSSupportServiceRolePolicy is attached but does not allow '*:*' administrative privileges.;arn:aws:iam::aws:policy/aws-service-role/AWSSupportServiceRolePolicy;AWSSupportServiceRolePolicy;iam_aws_attached_policy_no_administrative_privileges;False;CIS;CIS Amazon Web Services Foundations Benchmark v1.4.0
aws;The CIS Benchmark for CIS Amazon Web Services Foundations Benchmark, v1.4.0, Level 1 and 2 provides prescriptive guidance for configuring security options for a subset of Amazon Web Services. It has an emphasis on foundational, testable, and architecture agnostic settings;<SANDBOX_ACCOUNT_ID>;ap-southeast-7;2026-08-19 02:30:11.271115;1.16;"Ensure IAM policies that allow full ""*:*"" administrative privileges are not attached";1 Identity and Access Management;;Level 1;Automated;IAM policies are the means by which privileges are granted to users, groups, or roles. It is recommended and considered a standard security advice to grant _least privilege_ -that is, granting only the permissions required to perform a task. Determine what users need to do and then craft policies for them that let the users perform _only_ those tasks, instead of allowing full administrative privileges.;"It's more secure to start with a minimum set of permissions and grant additional permissions as necessary, rather than starting with permissions that are too lenient and then trying to tighten them later.  Providing full administrative privileges instead of restricting to the minimum set of permissions that the user is required to do exposes the resources to potentially unwanted actions.  IAM policies that have a statement with ""Effect"": ""Allow"" with ""Action"": ""\*"" over ""Resource"": ""\*"" should be removed.";;**From Console:**  Perform the following to detach the policy that has full administrative privileges:  1. Sign in to the AWS Management Console and open the IAM console at [https://console.aws.amazon.com/iam/](https://console.aws.amazon.com/iam/). 2. In the navigation pane, click Policies and then search for the policy name found in the audit step. 3. Select the policy that needs to be deleted. 4. In the policy action menu, select first `Detach`  5. Select all Users, Groups, Roles that have this policy attached 6. Click `Detach Policy`  7. In the policy action menu, select `Detach`   **From Command Line:**  Perform the following to detach the policy that has full administrative privileges as found in the audit step:  1. Lists all IAM users, groups, and roles that the specified managed policy is attached to.  ```  aws iam list-entities-for-policy --policy-arn <policy_arn> ``` 2. Detach the policy from all IAM Users: ```  aws iam detach-user-policy --user-name <iam_user> --policy-arn <policy_arn> ``` 3. Detach the policy from all IAM Groups: ```  aws iam detach-group-policy --group-name <iam_group> --policy-arn <policy_arn> ``` 4. Detach the policy from all IAM Roles: ```  aws iam detach-role-policy --role-name <iam_role> --policy-arn <policy_arn> ```;"Perform the following to determine what policies are created:  **From Command Line:**  1. Run the following to get a list of IAM policies: ```  aws iam list-policies --only-attached --output text ``` 2. For each policy returned, run the following command to determine if any policies is allowing full administrative privileges on the account: ```  aws iam get-policy-version --policy-arn <policy_arn> --version-id <version> ``` 3. In output ensure policy should not have any Statement block with `""Effect"": ""Allow""` and `Action` set to `""*""` and `Resource` set to `""*""`";;;https://docs.aws.amazon.com/IAM/latest/UserGuide/best-practices.html:https://docs.aws.amazon.com/IAM/latest/UserGuide/access_policies_managed-vs-inline.html:https://docs.aws.amazon.com/cli/latest/reference/iam/index.html#cli-aws-iam;PASS;AWS policy CloudTrailServiceRolePolicy is attached but does not allow '*:*' administrative privileges.;arn:aws:iam::aws:policy/aws-service-role/CloudTrailServiceRolePolicy;CloudTrailServiceRolePolicy;iam_aws_attached_policy_no_administrative_privileges;False;CIS;CIS Amazon Web Services Foundations Benchmark v1.4.0
aws;The CIS Benchmark for CIS Amazon Web Services Foundations Benchmark, v1.4.0, Level 1 and 2 provides prescriptive guidance for configuring security options for a subset of Amazon Web Services. It has an emphasis on foundational, testable, and architecture agnostic settings;<SANDBOX_ACCOUNT_ID>;ap-southeast-7;2026-08-19 02:30:11.271115;1.16;"Ensure IAM policies that allow full ""*:*"" administrative privileges are not attached";1 Identity and Access Management;;Level 1;Automated;IAM policies are the means by which privileges are granted to users, groups, or roles. It is recommended and considered a standard security advice to grant _least privilege_ -that is, granting only the permissions required to perform a task. Determine what users need to do and then craft policies for them that let the users perform _only_ those tasks, instead of allowing full administrative privileges.;"It's more secure to start with a minimum set of permissions and grant additional permissions as necessary, rather than starting with permissions that are too lenient and then trying to tighten them later.  Providing full administrative privileges instead of restricting to the minimum set of permissions that the user is required to do exposes the resources to potentially unwanted actions.  IAM policies that have a statement with ""Effect"": ""Allow"" with ""Action"": ""\*"" over ""Resource"": ""\*"" should be removed.";;**From Console:**  Perform the following to detach the policy that has full administrative privileges:  1. Sign in to the AWS Management Console and open the IAM console at [https://console.aws.amazon.com/iam/](https://console.aws.amazon.com/iam/). 2. In the navigation pane, click Policies and then search for the policy name found in the audit step. 3. Select the policy that needs to be deleted. 4. In the policy action menu, select first `Detach`  5. Select all Users, Groups, Roles that have this policy attached 6. Click `Detach Policy`  7. In the policy action menu, select `Detach`   **From Command Line:**  Perform the following to detach the policy that has full administrative privileges as found in the audit step:  1. Lists all IAM users, groups, and roles that the specified managed policy is attached to.  ```  aws iam list-entities-for-policy --policy-arn <policy_arn> ``` 2. Detach the policy from all IAM Users: ```  aws iam detach-user-policy --user-name <iam_user> --policy-arn <policy_arn> ``` 3. Detach the policy from all IAM Groups: ```  aws iam detach-group-policy --group-name <iam_group> --policy-arn <policy_arn> ``` 4. Detach the policy from all IAM Roles: ```  aws iam detach-role-policy --role-name <iam_role> --policy-arn <policy_arn> ```;"Perform the following to determine what policies are created:  **From Command Line:**  1. Run the following to get a list of IAM policies: ```  aws iam list-policies --only-attached --output text ``` 2. For each policy returned, run the following command to determine if any policies is allowing full administrative privileges on the account: ```  aws iam get-policy-version --policy-arn <policy_arn> --version-id <version> ``` 3. In output ensure policy should not have any Statement block with `""Effect"": ""Allow""` and `Action` set to `""*""` and `Resource` set to `""*""`";;;https://docs.aws.amazon.com/IAM/latest/UserGuide/best-practices.html:https://docs.aws.amazon.com/IAM/latest/UserGuide/access_policies_managed-vs-inline.html:https://docs.aws.amazon.com/cli/latest/reference/iam/index.html#cli-aws-iam;PASS;AWS policy AWSResourceExplorerServiceRolePolicy is attached but does not allow '*:*' administrative privileges.;arn:aws:iam::aws:policy/aws-service-role/AWSResourceExplorerServiceRolePolicy;AWSResourceExplorerServiceRolePolicy;iam_aws_attached_policy_no_administrative_privileges;False;CIS;CIS Amazon Web Services Foundations Benchmark v1.4.0
aws;The CIS Benchmark for CIS Amazon Web Services Foundations Benchmark, v1.4.0, Level 1 and 2 provides prescriptive guidance for configuring security options for a subset of Amazon Web Services. It has an emphasis on foundational, testable, and architecture agnostic settings;<SANDBOX_ACCOUNT_ID>;ap-southeast-7;2026-08-19 02:30:11.271115;1.21;Ensure IAM users are managed centrally via identity federation or AWS Organizations for multi-account environments;1 Identity and Access Management;;Level 2;Manual;In multi-account environments, IAM user centralization facilitates greater user control. User access beyond the initial account is then provided via role assumption. Centralization of users can be accomplished through federation with an external identity provider or through the use of AWS Organizations.;Centralizing IAM user management to a single identity store reduces complexity and thus the likelihood of access management errors.;;The remediation procedure will vary based on the individual organization's implementation of identity federation and/or AWS Organizations with the acceptance criteria that no non-service IAM users, and non-root accounts, are present outside the account providing centralized IAM user management.;For multi-account AWS environments with an external identity provider...   1. Determine the master account for identity federation or IAM user management 2. Login to that account through the AWS Management Console 3. Click `Services`  4. Click `IAM`  5. Click `Identity providers` 6. Verify the configuration  Then..., determine all accounts that should not have local users present. For each account...  1. Determine all accounts that should not have local users present 2. Log into the AWS Management Console 3. Switch role into each identified account 4. Click `Services`  5. Click `IAM`  6. Click `Users` 7. Confirm that no IAM users representing individuals are present  For multi-account AWS environments implementing AWS Organizations without an external identity provider...   1. Determine all accounts that should not have local users present 2. Log into the AWS Management Console 3. Switch role into each identified account 4. Click `Services`  5. Click `IAM`  6. Click `Users` 7. Confirm that no IAM users representing individuals are present;;;;PASS;SAML Provider AWSSSO_77a540654c26be8c_DO_NOT_DELETE has been found.;arn:aws:iam::<SANDBOX_ACCOUNT_ID>:saml-provider/AWSSSO_77a540654c26be8c_DO_NOT_DELETE;AWSSSO_77a540654c26be8c_DO_NOT_DELETE;iam_check_saml_providers_sts;False;CIS;CIS Amazon Web Services Foundations Benchmark v1.4.0
aws;The CIS Benchmark for CIS Amazon Web Services Foundations Benchmark, v1.4.0, Level 1 and 2 provides prescriptive guidance for configuring security options for a subset of Amazon Web Services. It has an emphasis on foundational, testable, and architecture agnostic settings;<SANDBOX_ACCOUNT_ID>;ap-southeast-7;2026-08-19 02:30:11.271115;1.4;Ensure no 'root' user account access key exists;1 Identity and Access Management;;Level 1;Automated;The 'root' user account is the most privileged user in an AWS account. AWS Access Keys provide programmatic access to a given AWS account. It is recommended that all access keys associated with the 'root' user account be removed.;Removing access keys associated with the 'root' user account limits vectors by which the account can be compromised. Additionally, removing the 'root' access keys encourages the creation and use of role based accounts that are least privileged.;;Perform the following to delete or disable active 'root' user access keys  **From Console:**  1. Sign in to the AWS Management Console as 'root' and open the IAM console at [https://console.aws.amazon.com/iam/](https://console.aws.amazon.com/iam/). 2. Click on _<Root\_Account\_Name>_ at the top right and select `My Security Credentials` from the drop down list 3. On the pop out screen Click on `Continue to Security Credentials`  4. Click on `Access Keys` _(Access Key ID and Secret Access Key)_ 5. Under the `Status` column if there are any Keys which are Active  - Click on `Make Inactive` - (Temporarily disable Key - may be needed again)  - Click `Delete` - (Deleted keys cannot be recovered);"Perform the following to determine if the 'root' user account has access keys:  **From Console:**  1. Login to the AWS Management Console 2. Click `Services`  3. Click `IAM`  4. Click on `Credential Report`  5. This will download a `.csv` file which contains credential usage for all IAM users within an AWS Account - open this file 6. For the `<root_account>` user, ensure the `access_key_1_active` and `access_key_2_active` fields are set to `FALSE` .  **From Command Line:**  Run the following command: ```  aws iam get-account-summary | grep ""AccountAccessKeysPresent""  ``` If no 'root' access keys exist the output will show ""AccountAccessKeysPresent"": 0,.   If the output shows a ""1"" than 'root' keys exist, refer to the remediation procedure below.";"IAM User account ""root"" for us-gov cloud regions is not enabled by default. However, on request to AWS support enables 'root' access only through access-keys (CLI, API methods) for us-gov cloud region.";;http://docs.aws.amazon.com/general/latest/gr/aws-access-keys-best-practices.html:http://docs.aws.amazon.com/general/latest/gr/managing-aws-access-keys.html:http://docs.aws.amazon.com/IAM/latest/APIReference/API_GetAccountSummary.html:https://aws.amazon.com/blogs/security/an-easier-way-to-determine-the-presence-of-aws-account-access-keys/;PASS;Root account does not have access keys.;arn:aws:iam::<SANDBOX_ACCOUNT_ID>:root;<root_account>;iam_no_root_access_key;False;CIS;CIS Amazon Web Services Foundations Benchmark v1.4.0
aws;The CIS Benchmark for CIS Amazon Web Services Foundations Benchmark, v1.4.0, Level 1 and 2 provides prescriptive guidance for configuring security options for a subset of Amazon Web Services. It has an emphasis on foundational, testable, and architecture agnostic settings;<SANDBOX_ACCOUNT_ID>;ap-southeast-7;2026-08-19 02:30:11.271115;1.8;Ensure IAM password policy requires minimum length of 14 or greater;1 Identity and Access Management;;Level 1;Automated;Password policies are, in part, used to enforce password complexity requirements. IAM password policies can be used to ensure password are at least a given length. It is recommended that the password policy require a minimum password length 14.;Setting a password complexity policy increases account resiliency against brute force login attempts.;;"Perform the following to set the password policy as prescribed:  **From Console:**  1. Login to AWS Console (with appropriate permissions to View Identity Access Management Account Settings) 2. Go to IAM Service on the AWS Console 3. Click on Account Settings on the Left Pane 4. Set ""Minimum password length"" to `14` or greater. 5. Click ""Apply password policy""  **From Command Line:** ```  aws iam update-account-password-policy --minimum-password-length 14 ``` Note: All commands starting with ""aws iam update-account-password-policy"" can be combined into a single command.";"Perform the following to ensure the password policy is configured as prescribed:  **From Console:**  1. Login to AWS Console (with appropriate permissions to View Identity Access Management Account Settings) 2. Go to IAM Service on the AWS Console 3. Click on Account Settings on the Left Pane 4. Ensure ""Minimum password length"" is set to 14 or greater.  **From Command Line:** ``` aws iam get-account-password-policy ``` Ensure the output of the above command includes ""MinimumPasswordLength"": 14 (or higher)";;;https://docs.aws.amazon.com/IAM/latest/UserGuide/id_credentials_passwords_account-policy.html:https://docs.aws.amazon.com/IAM/latest/UserGuide/best-practices.html#configure-strong-password-policy;FAIL;IAM password policy does not require minimum length of 14 characters.;arn:aws:iam:ap-southeast-7:<SANDBOX_ACCOUNT_ID>:password-policy;<SANDBOX_ACCOUNT_ID>;iam_password_policy_minimum_length_14;False;CIS;CIS Amazon Web Services Foundations Benchmark v1.4.0
aws;The CIS Benchmark for CIS Amazon Web Services Foundations Benchmark, v1.4.0, Level 1 and 2 provides prescriptive guidance for configuring security options for a subset of Amazon Web Services. It has an emphasis on foundational, testable, and architecture agnostic settings;<SANDBOX_ACCOUNT_ID>;ap-southeast-7;2026-08-19 02:30:11.271115;1.9;Ensure IAM password policy prevents password reuse;1 Identity and Access Management;;Level 1;Automated;IAM password policies can prevent the reuse of a given password by the same user. It is recommended that the password policy prevent the reuse of passwords.;Preventing password reuse increases account resiliency against brute force login attempts.;;"Perform the following to set the password policy as prescribed:  **From Console:**  1. Login to AWS Console (with appropriate permissions to View Identity Access Management Account Settings) 2. Go to IAM Service on the AWS Console 3. Click on Account Settings on the Left Pane 4. Check ""Prevent password reuse"" 5. Set ""Number of passwords to remember"" is set to `24`   **From Command Line:** ```  aws iam update-account-password-policy --password-reuse-prevention 24 ``` Note: All commands starting with ""aws iam update-account-password-policy"" can be combined into a single command.";"Perform the following to ensure the password policy is configured as prescribed:  **From Console:**  1. Login to AWS Console (with appropriate permissions to View Identity Access Management Account Settings) 2. Go to IAM Service on the AWS Console 3. Click on Account Settings on the Left Pane 4. Ensure ""Prevent password reuse"" is checked 5. Ensure ""Number of passwords to remember"" is set to 24  **From Command Line:** ``` aws iam get-account-password-policy  ``` Ensure the output of the above command includes ""PasswordReusePrevention"": 24";;;https://docs.aws.amazon.com/IAM/latest/UserGuide/id_credentials_passwords_account-policy.html:https://docs.aws.amazon.com/IAM/latest/UserGuide/best-practices.html#configure-strong-password-policy;FAIL;IAM password policy reuse prevention is less than 24 or not set.;arn:aws:iam:ap-southeast-7:<SANDBOX_ACCOUNT_ID>:password-policy;<SANDBOX_ACCOUNT_ID>;iam_password_policy_reuse_24;False;CIS;CIS Amazon Web Services Foundations Benchmark v1.4.0
aws;The CIS Benchmark for CIS Amazon Web Services Foundations Benchmark, v1.4.0, Level 1 and 2 provides prescriptive guidance for configuring security options for a subset of Amazon Web Services. It has an emphasis on foundational, testable, and architecture agnostic settings;<SANDBOX_ACCOUNT_ID>;ap-southeast-7;2026-08-19 02:30:11.271115;1.6;Ensure hardware MFA is enabled for the 'root' user account;1 Identity and Access Management;;Level 2;Automated;The 'root' user account is the most privileged user in an AWS account. MFA adds an extra layer of protection on top of a user name and password. With MFA enabled, when a user signs in to an AWS website, they will be prompted for their user name and password as well as for an authentication code from their AWS MFA device. For Level 2, it is recommended that the 'root' user account be protected with a hardware MFA.;A hardware MFA has a smaller attack surface than a virtual MFA. For example, a hardware MFA does not suffer the attack surface introduced by the mobile smartphone on which a virtual MFA resides.  **Note**: Using hardware MFA for many, many AWS accounts may create a logistical device management issue. If this is the case, consider implementing this Level 2 recommendation selectively to the highest security AWS accounts and the Level 1 recommendation applied to the remaining accounts.;;Perform the following to establish a hardware MFA for the 'root' user account:  1. Sign in to the AWS Management Console and open the IAM console at [https://console.aws.amazon.com/iam/](https://console.aws.amazon.com/iam/). Note: to manage MFA devices for the AWS 'root' user account, you must use your 'root' account credentials to sign in to AWS. You cannot manage MFA devices for the 'root' account using other credentials. 2. Choose `Dashboard` , and under `Security Status` , expand `Activate MFA` on your root account. 3. Choose `Activate MFA`  4. In the wizard, choose `A hardware MFA` device and then choose `Next Step` . 5. In the `Serial Number` box, enter the serial number that is found on the back of the MFA device. 6. In the `Authentication Code 1` box, enter the six-digit number displayed by the MFA device. You might need to press the button on the front of the device to display the number. 7. Wait 30 seconds while the device refreshes the code, and then enter the next six-digit number into the `Authentication Code 2` box. You might need to press the button on the front of the device again to display the second number. 8. Choose `Next Step` . The MFA device is now associated with the AWS account. The next time you use your AWS account credentials to sign in, you must type a code from the hardware MFA device.  Remediation for this recommendation is not available through AWS CLI.;"Perform the following to determine if the 'root' user account has a hardware MFA setup:  1. Run the following command to determine if the 'root' account has MFA setup: ```  aws iam get-account-summary | grep ""AccountMFAEnabled"" ```  The `AccountMFAEnabled` property is set to `1` will ensure that the 'root' user account has MFA (Virtual or Hardware) Enabled. If `AccountMFAEnabled` property is set to `0` the account is not compliant with this recommendation.  2. If `AccountMFAEnabled` property is set to `1`, determine 'root' account has Hardware MFA enabled. Run the following command to list all virtual MFA devices: ```  aws iam list-virtual-mfa-devices  ``` If the output contains one MFA with the following Serial Number, it means the MFA is virtual, not hardware and the account is not compliant with this recommendation:   `""SerialNumber"": ""arn:aws:iam::_<aws_account_number>_:mfa/root-account-mfa-device""`";IAM User account 'root' for us-gov cloud regions does not have console access. This control is not applicable for us-gov cloud regions.;;https://docs.aws.amazon.com/IAM/latest/UserGuide/id_credentials_mfa_enable_virtual.html:https://docs.aws.amazon.com/IAM/latest/UserGuide/id_credentials_mfa_enable_physical.html#enable-hw-mfa-for-root;FAIL;MFA is not enabled for root account.;arn:aws:iam::<SANDBOX_ACCOUNT_ID>:mfa;<root_account>;iam_root_hardware_mfa_enabled;False;CIS;CIS Amazon Web Services Foundations Benchmark v1.4.0
aws;The CIS Benchmark for CIS Amazon Web Services Foundations Benchmark, v1.4.0, Level 1 and 2 provides prescriptive guidance for configuring security options for a subset of Amazon Web Services. It has an emphasis on foundational, testable, and architecture agnostic settings;<SANDBOX_ACCOUNT_ID>;ap-southeast-7;2026-08-19 02:30:11.271115;1.5;Ensure MFA is enabled for the 'root' user account;1 Identity and Access Management;;Level 1;Automated;"The 'root' user account is the most privileged user in an AWS account. Multi-factor Authentication (MFA) adds an extra layer of protection on top of a username and password. With MFA enabled, when a user signs in to an AWS website, they will be prompted for their username and password as well as for an authentication code from their AWS MFA device.  **Note:** When virtual MFA is used for 'root' accounts, it is recommended that the device used is NOT a personal device, but rather a dedicated mobile device (tablet or phone) that is managed to be kept charged and secured independent of any individual personal devices. (""non-personal virtual MFA"") This lessens the risks of losing access to the MFA due to device loss, device trade-in or if the individual owning the device is no longer employed at the company.";Enabling MFA provides increased security for console access as it requires the authenticating principal to possess a device that emits a time-sensitive key and have knowledge of a credential.;;Perform the following to establish MFA for the 'root' user account:  1. Sign in to the AWS Management Console and open the IAM console at [https://console.aws.amazon.com/iam/](https://console.aws.amazon.com/iam/).   Note: to manage MFA devices for the 'root' AWS account, you must use your 'root' account credentials to sign in to AWS. You cannot manage MFA devices for the 'root' account using other credentials.  2. Choose `Dashboard` , and under `Security Status` , expand `Activate MFA` on your root account. 3. Choose `Activate MFA`  4. In the wizard, choose `A virtual MFA` device and then choose `Next Step` . 5. IAM generates and displays configuration information for the virtual MFA device, including a QR code graphic. The graphic is a representation of the 'secret configuration key' that is available for manual entry on devices that do not support QR codes. 6. Open your virtual MFA application. (For a list of apps that you can use for hosting virtual MFA devices, see [Virtual MFA Applications](http://aws.amazon.com/iam/details/mfa/#Virtual_MFA_Applications).) If the virtual MFA application supports multiple accounts (multiple virtual MFA devices), choose the option to create a new account (a new virtual MFA device). 7. Determine whether the MFA app supports QR codes, and then do one of the following:   - Use the app to scan the QR code. For example, you might choose the camera icon or choose an option similar to Scan code, and then use the device's camera to scan the code.  - In the Manage MFA Device wizard, choose Show secret key for manual configuration, and then type the secret configuration key into your MFA application.  When you are finished, the virtual MFA device starts generating one-time passwords.  In the Manage MFA Device wizard, in the Authentication Code 1 box, type the one-time password that currently appears in the virtual MFA device. Wait up to 30 seconds for the device to generate a new one-time password. Then type the second one-time password into the Authentication Code 2 box. Choose Assign Virtual MFA.;"Perform the following to determine if the 'root' user account has MFA setup:  **From Console:**  1. Login to the AWS Management Console 2. Click `Services`  3. Click `IAM`  4. Click on `Credential Report`  5. This will download a `.csv` file which contains credential usage for all IAM users within an AWS Account - open this file 6. For the `<root_account>` user, ensure the `mfa_active` field is set to `TRUE` .  **From Command Line:**  1. Run the following command: ```  aws iam get-account-summary | grep ""AccountMFAEnabled"" ``` 2. Ensure the AccountMFAEnabled property is set to 1";"IAM User account ""root"" for us-gov cloud regions does not have console access. This recommendation is not applicable for us-gov cloud regions.";;https://docs.aws.amazon.com/IAM/latest/UserGuide/id_root-user.html#id_root-user_manage_mfa:https://docs.aws.amazon.com/IAM/latest/UserGuide/id_credentials_mfa_enable_virtual.html#enable-virt-mfa-for-root;FAIL;MFA is not enabled for root account.;arn:aws:iam::<SANDBOX_ACCOUNT_ID>:root;<root_account>;iam_root_mfa_enabled;False;CIS;CIS Amazon Web Services Foundations Benchmark v1.4.0
aws;The CIS Benchmark for CIS Amazon Web Services Foundations Benchmark, v1.4.0, Level 1 and 2 provides prescriptive guidance for configuring security options for a subset of Amazon Web Services. It has an emphasis on foundational, testable, and architecture agnostic settings;<SANDBOX_ACCOUNT_ID>;ap-southeast-7;2026-08-19 02:30:11.271115;1.14;Ensure access keys are rotated every 90 days or less;1 Identity and Access Management;;Level 1;Automated;Access keys consist of an access key ID and secret access key, which are used to sign programmatic requests that you make to AWS. AWS users need their own access keys to make programmatic calls to AWS from the AWS Command Line Interface (AWS CLI), Tools for Windows PowerShell, the AWS SDKs, or direct HTTP calls using the APIs for individual AWS services. It is recommended that all access keys be regularly rotated.;Rotating access keys will reduce the window of opportunity for an access key that is associated with a compromised or terminated account to be used.  Access keys should be rotated to ensure that data cannot be accessed with an old key which might have been lost, cracked, or stolen.;;Perform the following to rotate access keys:  **From Console:**  1. Go to Management Console (https://console.aws.amazon.com/iam) 2. Click on `Users` 3. Click on `Security Credentials`  4. As an Administrator   - Click on `Make Inactive` for keys that have not been rotated in `90` Days 5. As an IAM User  - Click on `Make Inactive` or `Delete` for keys which have not been rotated or used in `90` Days 6. Click on `Create Access Key`  7. Update programmatic call with new Access Key credentials  **From Command Line:**  1. While the first access key is still active, create a second access key, which is active by default. Run the following command: ``` aws iam create-access-key ```  At this point, the user has two active access keys.  2. Update all applications and tools to use the new access key. 3. Determine whether the first access key is still in use by using this command: ``` aws iam get-access-key-last-used ``` 4. One approach is to wait several days and then check the old access key for any use before proceeding.  Even if step Step 3 indicates no use of the old key, it is recommended that you do not immediately delete the first access key. Instead, change the state of the first access key to Inactive using this command: ``` aws iam update-access-key ``` 5. Use only the new access key to confirm that your applications are working. Any applications and tools that still use the original access key will stop working at this point because they no longer have access to AWS resources. If you find such an application or tool, you can switch its state back to Active to reenable the first access key. Then return to step Step 2 and update this application to use the new key.  6. After you wait some period of time to ensure that all applications and tools have been updated, you can delete the first access key with this command: ``` aws iam delete-access-key ```;Perform the following to determine if access keys are rotated as prescribed:  **From Console:**  1. Go to Management Console (https://console.aws.amazon.com/iam) 2. Click on `Users` 3. Click `setting` icon 4. Select `Console last sign-in` 5. Click `Close` 6. Ensure that `Access key age` is less than 90 days ago. note) `None` in the `Access key age` means the user has not used the access key.  **From Command Line:**  ``` aws iam generate-credential-report aws iam get-credential-report --query 'Content' --output text | base64 -d ``` The `access_key_1_last_rotated` field in this file notes The date and time, in ISO 8601 date-time format, when the user's access key was created or last changed. If the user does not have an active access key, the value in this field is N/A (not applicable).;;;https://docs.aws.amazon.com/IAM/latest/UserGuide/best-practices.html#rotate-credentials:https://docs.aws.amazon.com/IAM/latest/UserGuide/id_credentials_finding-unused.html:https://docs.aws.amazon.com/general/latest/gr/managing-aws-access-keys.html:https://docs.aws.amazon.com/IAM/latest/UserGuide/id_credentials_access-keys.html;PASS;User <root_account> does not have access keys.;arn:aws:iam::<SANDBOX_ACCOUNT_ID>:root;<root_account>;iam_rotate_access_key_90_days;False;CIS;CIS Amazon Web Services Foundations Benchmark v1.4.0
aws;The CIS Benchmark for CIS Amazon Web Services Foundations Benchmark, v1.4.0, Level 1 and 2 provides prescriptive guidance for configuring security options for a subset of Amazon Web Services. It has an emphasis on foundational, testable, and architecture agnostic settings;<SANDBOX_ACCOUNT_ID>;ap-southeast-7;2026-08-19 02:30:11.271115;1.17;Ensure a support role has been created to manage incidents with AWS Support;1 Identity and Access Management;;Level 1;Automated;AWS provides a support center that can be used for incident notification and response, as well as technical support and customer services. Create an IAM Role to allow authorized users to manage incidents with AWS Support.;By implementing least privilege for access control, an IAM Role will require an appropriate IAM Policy to allow Support Center Access in order to manage Incidents with AWS Support.;All AWS Support plans include an unlimited number of account and billing support cases, with no long-term contracts. Support billing calculations are performed on a per-account basis for all plans. Enterprise Support plan customers have the option to include multiple enabled accounts in an aggregated monthly billing calculation. Monthly charges for the Business and Enterprise support plans are based on each month's AWS usage charges, subject to a monthly minimum, billed in advance.;"**From Command Line:**  1. Create an IAM role for managing incidents with AWS:  - Create a trust relationship policy document that allows <iam_user> to manage AWS incidents, and save it locally as /tmp/TrustPolicy.json: ```  {  ""Version"": ""2012-10-17"",  ""Statement"": [  {  ""Effect"": ""Allow"",  ""Principal"": {  ""AWS"": ""<iam_user>""  },  ""Action"": ""sts:AssumeRole""  }  ]  } ``` 2. Create the IAM role using the above trust policy: ``` aws iam create-role --role-name <aws_support_iam_role> --assume-role-policy-document file:///tmp/TrustPolicy.json ``` 3. Attach 'AWSSupportAccess' managed policy to the created IAM role: ``` aws iam attach-role-policy --policy-arn arn:aws:iam::aws:policy/AWSSupportAccess --role-name <aws_support_iam_role> ```";"**From Command Line:**  1. List IAM policies, filter for the 'AWSSupportAccess' managed policy, and note the ""Arn"" element value: ``` aws iam list-policies --query ""Policies[?PolicyName == 'AWSSupportAccess']"" ``` 2. Check if the 'AWSSupportAccess' policy is attached to any role:  ``` aws iam list-entities-for-policy --policy-arn arn:aws:iam::aws:policy/AWSSupportAccess ```  3. In Output, Ensure `PolicyRoles` does not return empty. 'Example: Example: PolicyRoles: [ ]'  If it returns empty refer to the remediation below.";AWSSupportAccess policy is a global AWS resource. It has same ARN as `arn:aws:iam::aws:policy/AWSSupportAccess` for every account.;;https://docs.aws.amazon.com/IAM/latest/UserGuide/access_policies_managed-vs-inline.html:https://aws.amazon.com/premiumsupport/pricing/:https://docs.aws.amazon.com/cli/latest/reference/iam/list-policies.html:https://docs.aws.amazon.com/cli/latest/reference/iam/attach-role-policy.html:https://docs.aws.amazon.com/cli/latest/reference/iam/list-entities-for-policy.html;FAIL;AWS Support Access policy is not attached to any role.;arn:aws:iam::aws:policy/AWSSupportAccess;<SANDBOX_ACCOUNT_ID>;iam_support_role_created;False;CIS;CIS Amazon Web Services Foundations Benchmark v1.4.0
aws;The CIS Benchmark for CIS Amazon Web Services Foundations Benchmark, v1.4.0, Level 1 and 2 provides prescriptive guidance for configuring security options for a subset of Amazon Web Services. It has an emphasis on foundational, testable, and architecture agnostic settings;<SANDBOX_ACCOUNT_ID>;ap-southeast-7;2026-08-19 02:30:11.271115;1.12;Ensure credentials unused for 45 days or greater are disabled;1 Identity and Access Management;;Level 1;Automated;AWS IAM users can access AWS resources using different types of credentials, such as passwords or access keys. It is recommended that all credentials that have been unused in 45 or greater days be deactivated or removed.;Disabling or removing unnecessary credentials will reduce the window of opportunity for credentials associated with a compromised or abandoned account to be used.;;**From Console:**  Perform the following to manage Unused Password (IAM user console access)  1. Login to the AWS Management Console: 2. Click `Services`  3. Click `IAM`  4. Click on `Users`  5. Click on `Security Credentials`  6. Select user whose `Console last sign-in` is greater than 45 days 7. Click `Security credentials` 8. In section `Sign-in credentials`, `Console password` click `Manage`  9. Under Console Access select `Disable` 10.Click `Apply`  Perform the following to deactivate Access Keys:  1. Login to the AWS Management Console: 2. Click `Services`  3. Click `IAM`  4. Click on `Users`  5. Click on `Security Credentials`  6. Select any access keys that are over 45 days old and that have been used and   - Click on `Make Inactive` 7. Select any access keys that are over 45 days old and that have not been used and   - Click the X to `Delete`;Perform the following to determine if unused credentials exist:  **From Console:**  1. Login to the AWS Management Console 2. Click `Services`  3. Click `IAM` 4. Click on `Users` 5. Click the `Settings` (gear) icon. 6. Select `Console last sign-in`, `Access key last used`, and `Access Key Id` 7. Click on `Close`  8. Check and ensure that `Console last sign-in` is less than 45 days ago.  **Note** - `Never` means the user has never logged in.  9. Check and ensure that `Access key age` is less than 45 days and that `Access key last used` does not say `None`  If the user hasn't signed into the Console in the last 45 days or Access keys are over 45 days old refer to the remediation.  **From Command Line:**  **Download Credential Report:**  1. Run the following commands: ```  aws iam generate-credential-report   aws iam get-credential-report --query 'Content' --output text | base64 -d | cut -d, -f1,4,5,6,9,10,11,14,15,16 | grep -v '^<root_account>' ```  **Ensure unused credentials do not exist:**  2. For each user having `password_enabled` set to `TRUE` , ensure `password_last_used_date` is less than `45` days ago.  - When `password_enabled` is set to `TRUE` and `password_last_used` is set to `No_Information` , ensure `password_last_changed` is less than 45 days ago.  3. For each user having an `access_key_1_active` or `access_key_2_active` to `TRUE` , ensure the corresponding `access_key_n_last_used_date` is less than `45` days ago.  - When a user having an `access_key_x_active` (where x is 1 or 2) to `TRUE` and corresponding access_key_x_last_used_date is set to `N/A', ensure `access_key_x_last_rotated` is less than 45 days ago.;<root_account> is excluded in the audit since the root account should not be used for day to day business and would likely be unused for more than 45 days.;;https://docs.aws.amazon.com/IAM/latest/UserGuide/best-practices.html#remove-credentials:https://docs.aws.amazon.com/IAM/latest/UserGuide/id_credentials_finding-unused.html:https://docs.aws.amazon.com/IAM/latest/UserGuide/id_credentials_passwords_admin-change-user.html:https://docs.aws.amazon.com/IAM/latest/UserGuide/id_credentials_access-keys.html;PASS;User <root_account> does not have access keys.;arn:aws:iam::<SANDBOX_ACCOUNT_ID>:root;<root_account>;iam_user_accesskey_unused;False;CIS;CIS Amazon Web Services Foundations Benchmark v1.4.0
aws;The CIS Benchmark for CIS Amazon Web Services Foundations Benchmark, v1.4.0, Level 1 and 2 provides prescriptive guidance for configuring security options for a subset of Amazon Web Services. It has an emphasis on foundational, testable, and architecture agnostic settings;<SANDBOX_ACCOUNT_ID>;ap-southeast-7;2026-08-19 02:30:11.271115;1.11;Do not setup access keys during initial user setup for all IAM users that have a console password;1 Identity and Access Management;;Level 1;Automated;AWS console defaults to no check boxes selected when creating a new IAM user. When cerating the IAM User credentials you have to determine what type of access they require.   Programmatic access: The IAM user might need to make API calls, use the AWS CLI, or use the Tools for Windows PowerShell. In that case, create an access key (access key ID and a secret access key) for that user.   AWS Management Console access: If the user needs to access the AWS Management Console, create a password for the user.;Requiring the additional steps be taken by the user for programmatic access after their profile has been created will give a stronger indication of intent that access keys are [a] necessary for their work and [b] once the access key is established on an account that the keys may be in use somewhere in the organization.  **Note**: Even if it is known the user will need access keys, require them to create the keys themselves or put in a support ticket to have them created as a separate step from user creation.;;Perform the following to delete access keys that do not pass the audit:  **From Console:**  1. Login to the AWS Management Console: 2. Click `Services`  3. Click `IAM`  4. Click on `Users`  5. Click on `Security Credentials`  6. As an Administrator   - Click on the X `(Delete)` for keys that were created at the same time as the user profile but have not been used. 7. As an IAM User  - Click on the X `(Delete)` for keys that were created at the same time as the user profile but have not been used.  **From Command Line:** ``` aws iam delete-access-key --access-key-id <access-key-id-listed> --user-name <users-name> ```;Perform the following to determine if access keys were created upon user creation and are being used and rotated as prescribed:  **From Console:**  1. Login to the AWS Management Console 2. Click `Services`  3. Click `IAM`  4. Click on a User where column `Password age` and `Access key age` is not set to `None` 5. Click on `Security credentials` Tab 6. Compare the user 'Creation time` to the Access Key `Created` date. 6. For any that match, the key was created during initial user setup.  - Keys that were created at the same time as the user profile and do not have a last used date should be deleted. Refer to the remediation below.  **From Command Line:**  1. Run the following command (OSX/Linux/UNIX) to generate a list of all IAM users along with their access keys utilization: ```  aws iam generate-credential-report ``` ```  aws iam get-credential-report --query 'Content' --output text | base64 -d | cut -d, -f1,4,9,11,14,16 ``` 2. The output of this command will produce a table similar to the following: ``` user,password_enabled,access_key_1_active,access_key_1_last_used_date,access_key_2_active,access_key_2_last_used_date  elise,false,true,2015-04-16T15:14:00+00:00,false,N/A  brandon,true,true,N/A,false,N/A  rakesh,false,false,N/A,false,N/A  helene,false,true,2015-11-18T17:47:00+00:00,false,N/A  paras,true,true,2016-08-28T12:04:00+00:00,true,2016-03-04T10:11:00+00:00  anitha,true,true,2016-06-08T11:43:00+00:00,true,N/A  ``` 3. For any user having `password_enabled` set to `true` AND `access_key_last_used_date` set to `N/A` refer to the remediation below.;"Credential report does not appear to contain ""Key Creation Date""";;https://docs.aws.amazon.com/cli/latest/reference/iam/delete-access-key.html:https://docs.aws.amazon.com/IAM/latest/UserGuide/id_users_create.html;PASS;User <root_account> does not have access keys or uses the access keys configured.;arn:aws:iam::<SANDBOX_ACCOUNT_ID>:root;<root_account>;iam_user_no_setup_initial_access_key;False;CIS;CIS Amazon Web Services Foundations Benchmark v1.4.0
aws;The CIS Benchmark for CIS Amazon Web Services Foundations Benchmark, v1.4.0, Level 1 and 2 provides prescriptive guidance for configuring security options for a subset of Amazon Web Services. It has an emphasis on foundational, testable, and architecture agnostic settings;<SANDBOX_ACCOUNT_ID>;ap-southeast-7;2026-08-19 02:30:11.271115;1.13;Ensure there is only one active access key available for any single IAM user;1 Identity and Access Management;;Level 1;Automated;Access keys are long-term credentials for an IAM user or the AWS account 'root' user. You can use access keys to sign programmatic requests to the AWS CLI or AWS API (directly or using the AWS SDK);Access keys are long-term credentials for an IAM user or the AWS account 'root' user. You can use access keys to sign programmatic requests to the AWS CLI or AWS API. One of the best ways to protect your account is to not allow users to have multiple access keys.;;**From Console:**  1. Sign in to the AWS Management Console and navigate to IAM dashboard at `https://console.aws.amazon.com/iam/`. 2. In the left navigation panel, choose `Users`. 3. Click on the IAM user name that you want to examine. 4. On the IAM user configuration page, select `Security Credentials` tab. 5. In `Access Keys` section, choose one access key that is less than 90 days old. This should be the only active key used by this IAM user to access AWS resources programmatically. Test your application(s) to make sure that the chosen access key is working. 6. In the same `Access Keys` section, identify your non-operational access keys (other than the chosen one) and deactivate it by clicking the `Make Inactive` link. 7. If you receive the `Change Key Status` confirmation box, click `Deactivate` to switch off the selected key. 8. Repeat steps no. 3 – 7 for each IAM user in your AWS account.  **From Command Line:**  1. Using the IAM user and access key information provided in the `Audit CLI`, choose one access key that is less than 90 days old. This should be the only active key used by this IAM user to access AWS resources programmatically. Test your application(s) to make sure that the chosen access key is working.  2. Run the `update-access-key` command below using the IAM user name and the non-operational access key IDs to deactivate the unnecessary key(s). Refer to the Audit section to identify the unnecessary access key ID for the selected IAM user  **Note** - the command does not return any output: ``` aws iam update-access-key --access-key-id <access-key-id> --status Inactive --user-name <user-name> ``` 3. To confirm that the selected access key pair has been successfully `deactivated` run the `list-access-keys` audit command again for that IAM User: ``` aws iam list-access-keys --user-name <user-name> ``` - The command output should expose the metadata for each access key associated with the IAM user. If the non-operational key pair(s) `Status` is set to `Inactive`, the key has been successfully deactivated and the IAM user access configuration adheres now to this recommendation.  4. Repeat steps no. 1 – 3 for each IAM user in your AWS account.;"**From Console:**  1. Sign in to the AWS Management Console and navigate to IAM dashboard at `https://console.aws.amazon.com/iam/`. 2. In the left navigation panel, choose `Users`. 3. Click on the IAM user name that you want to examine. 4. On the IAM user configuration page, select `Security Credentials` tab. 5. Under `Access Keys` section, in the Status column, check the current status for each access key associated with the IAM user. If the selected IAM user has more than one access key activated then the users access configuration does not adhere to security best practices and the risk of accidental exposures increases. - Repeat steps no. 3 – 5 for each IAM user in your AWS account.  **From Command Line:**  1. Run `list-users` command to list all IAM users within your account: ``` aws iam list-users --query ""Users[*].UserName"" ``` The command output should return an array that contains all your IAM user names.  2. Run `list-access-keys` command using the IAM user name list to return the current status of each access key associated with the selected IAM user: ``` aws iam list-access-keys --user-name <user-name> ``` The command output should expose the metadata `(""Username"", ""AccessKeyId"", ""Status"", ""CreateDate"")` for each access key on that user account.  3. Check the `Status` property value for each key returned to determine each keys current state. If the `Status` property value for more than one IAM access key is set to `Active`, the user access configuration does not adhere to this recommendation, refer to the remediation below.  - Repeat steps no. 2 and 3 for each IAM user in your AWS account.";;;https://docs.aws.amazon.com/general/latest/gr/aws-access-keys-best-practices.html:https://docs.aws.amazon.com/IAM/latest/UserGuide/id_credentials_access-keys.html;PASS;User <root_account> does not have 2 active access keys.;arn:aws:iam::<SANDBOX_ACCOUNT_ID>:root;<root_account>;iam_user_two_active_access_key;False;CIS;CIS Amazon Web Services Foundations Benchmark v1.4.0
aws;The CIS Benchmark for CIS Amazon Web Services Foundations Benchmark, v1.4.0, Level 1 and 2 provides prescriptive guidance for configuring security options for a subset of Amazon Web Services. It has an emphasis on foundational, testable, and architecture agnostic settings;<SANDBOX_ACCOUNT_ID>;ap-southeast-7;2026-08-19 02:30:11.271115;2.1.5;Ensure that S3 Buckets are configured with 'Block public access (bucket settings)';2 Storage;2.1 Simple Storage Service (S3);Level 1;Automated;Amazon S3 provides `Block public access (bucket settings)` and `Block public access (account settings)` to help you manage public access to Amazon S3 resources. By default, S3 buckets and objects are created with public access disabled. However, an IAM principal with sufficient S3 permissions can enable public access at the bucket and/or object level. While enabled, `Block public access (bucket settings)` prevents an individual bucket, and its contained objects, from becoming publicly accessible. Similarly, `Block public access (account settings)` prevents all buckets, and contained objects, from becoming publicly accessible across the entire account.;Amazon S3 `Block public access (bucket settings)` prevents the accidental or malicious public exposure of data contained within the respective bucket(s).   Amazon S3 `Block public access (account settings)` prevents the accidental or malicious public exposure of data contained within all buckets of the respective AWS account.  Whether blocking public access to all or some buckets is an organizational decision that should be based on data sensitivity, least privilege, and use case.;When you apply Block Public Access settings to an account, the settings apply to all AWS Regions globally. The settings might not take effect in all Regions immediately or simultaneously, but they eventually propagate to all Regions.;"**If utilizing Block Public Access (bucket settings)**  **From Console:**  1. Login to AWS Management Console and open the Amazon S3 console using https://console.aws.amazon.com/s3/  2. Select the Check box next to the Bucket. 3. Click on 'Edit public access settings'. 4. Click 'Block all public access' 5. Repeat for all the buckets in your AWS account that contain sensitive data.  **From Command Line:**  1. List all of the S3 Buckets ``` aws s3 ls ``` 2. Set the Block Public Access to true on that bucket ``` aws s3api put-public-access-block --bucket <name-of-bucket> --public-access-block-configuration ""BlockPublicAcls=true,IgnorePublicAcls=true,BlockPublicPolicy=true,RestrictPublicBuckets=true"" ```  **If utilizing Block Public Access (account settings)**  **From Console:**  If the output reads `true` for the separate configuration settings then it is set on the account.  1. Login to AWS Management Console and open the Amazon S3 console using https://console.aws.amazon.com/s3/  2. Choose `Block Public Access (account settings)` 3. Choose `Edit` to change the block public access settings for all the buckets in your AWS account 4. Choose the settings you want to change, and then choose `Save`. For details about each setting, pause on the `i` icons. 5. When you're asked for confirmation, enter `confirm`. Then Click `Confirm` to save your changes.  **From Command Line:**  To set Block Public access settings for this account, run the following command: ``` aws s3control put-public-access-block --public-access-block-configuration BlockPublicAcls=true, IgnorePublicAcls=true, BlockPublicPolicy=true, RestrictPublicBuckets=true --account-id <value> ```";"**If utilizing Block Public Access (bucket settings)**  **From Console:**  1. Login to AWS Management Console and open the Amazon S3 console using https://console.aws.amazon.com/s3/  2. Select the Check box next to the Bucket. 3. Click on 'Edit public access settings'. 4. Ensure that block public access settings are set appropriately for this bucket 5. Repeat for all the buckets in your AWS account.  **From Command Line:**  1. List all of the S3 Buckets ``` aws s3 ls ``` 2. Find the public access setting on that bucket ``` aws s3api get-public-access-block --bucket <name-of-the-bucket> ``` Output if Block Public access is enabled:  ``` {  ""PublicAccessBlockConfiguration"": {  ""BlockPublicAcls"": true,  ""IgnorePublicAcls"": true,  ""BlockPublicPolicy"": true,  ""RestrictPublicBuckets"": true  } } ```  If the output reads `false` for the separate configuration settings then proceed to the remediation.  **If utilizing Block Public Access (account settings)**  **From Console:**  1. Login to AWS Management Console and open the Amazon S3 console using https://console.aws.amazon.com/s3/  2. Choose `Block public access (account settings)` 3. Ensure that block public access settings are set appropriately for your AWS account.  **From Command Line:**  To check Public access settings for this account status, run the following command, `aws s3control get-public-access-block --account-id <ACCT_ID> --region <REGION_NAME>`  Output if Block Public access is enabled:  ``` {  ""PublicAccessBlockConfiguration"": {  ""IgnorePublicAcls"": true,   ""BlockPublicPolicy"": true,   ""BlockPublicAcls"": true,   ""RestrictPublicBuckets"": true  } } ```  If the output reads `false` for the separate configuration settings then proceed to the remediation.";;;https://docs.aws.amazon.com/AmazonS3/latest/user-guide/block-public-access-account.html;FAIL;Block Public Access is not configured for the account <SANDBOX_ACCOUNT_ID>.;arn:aws:s3:ap-southeast-7:<SANDBOX_ACCOUNT_ID>:account;<SANDBOX_ACCOUNT_ID>;s3_account_level_public_access_blocks;False;CIS;CIS Amazon Web Services Foundations Benchmark v1.4.0
aws;The CIS Benchmark for CIS Amazon Web Services Foundations Benchmark, v1.4.0, Level 1 and 2 provides prescriptive guidance for configuring security options for a subset of Amazon Web Services. It has an emphasis on foundational, testable, and architecture agnostic settings;<SANDBOX_ACCOUNT_ID>;ap-southeast-7;2026-08-19 02:30:11.271115;2.1.1;Ensure all S3 buckets employ encryption-at-rest;2 Storage;2.1 Simple Storage Service (S3);Level 2;Automated;Amazon S3 provides a variety of no, or low, cost encryption options to protect data at rest.;Encrypting data at rest reduces the likelihood that it is unintentionally exposed and can nullify the impact of disclosure if the encryption remains unbroken.;Amazon S3 buckets with default bucket encryption using SSE-KMS cannot be used as destination buckets for Amazon S3 server access logging. Only SSE-S3 default encryption is supported for server access log destination buckets.;"**From Console:**  1. Login to AWS Management Console and open the Amazon S3 console using https://console.aws.amazon.com/s3/  2. Select a Bucket. 3. Click on 'Properties'. 4. Click edit on `Default Encryption`. 5. Select either `AES-256`, `AWS-KMS`, `SSE-KMS` or `SSE-S3`. 6. Click `Save` 7. Repeat for all the buckets in your AWS account lacking encryption.  **From Command Line:**  Run either  ``` aws s3api put-bucket-encryption --bucket <bucket name> --server-side-encryption-configuration '{""Rules"": [{""ApplyServerSideEncryptionByDefault"": {""SSEAlgorithm"": ""AES256""}}]}' ```  or  ``` aws s3api put-bucket-encryption --bucket <bucket name> --server-side-encryption-configuration '{""Rules"": [{""ApplyServerSideEncryptionByDefault"": {""SSEAlgorithm"": ""aws:kms"",""KMSMasterKeyID"": ""aws/s3""}}]}' ```  **Note:** the KMSMasterKeyID can be set to the master key of your choosing; aws/s3 is an AWS preconfigured default.";"**From Console:**  1. Login to AWS Management Console and open the Amazon S3 console using https://console.aws.amazon.com/s3/  2. Select a Bucket. 3. Click on 'Properties'. 4. Verify that `Default Encryption` is enabled, and displays either `AES-256`, `AWS-KMS`, `SSE-KMS` or `SSE-S3`. 5. Repeat for all the buckets in your AWS account.  **From Command Line:**  1. Run command to list buckets ``` aws s3 ls ``` 2. For each bucket, run  ``` aws s3api get-bucket-encryption --bucket <bucket name> ``` 3. Verify that either  ``` ""SSEAlgorithm"": ""AES256"" ```  or  ``` ""SSEAlgorithm"": ""aws:kms""```  is displayed.";S3 bucket encryption only applies to objects as they are placed in the bucket. Enabling S3 bucket encryption does **not** encrypt objects previously stored within the bucket.;;https://docs.aws.amazon.com/AmazonS3/latest/user-guide/default-bucket-encryption.html:https://docs.aws.amazon.com/AmazonS3/latest/dev/bucket-encryption.html#bucket-encryption-related-resources;PASS;S3 Bucket range-cloudtrail-<SANDBOX_ACCOUNT_ID> has Server Side Encryption with AES256.;arn:aws:s3:::range-cloudtrail-<SANDBOX_ACCOUNT_ID>;range-cloudtrail-<SANDBOX_ACCOUNT_ID>;s3_bucket_default_encryption;False;CIS;CIS Amazon Web Services Foundations Benchmark v1.4.0
aws;The CIS Benchmark for CIS Amazon Web Services Foundations Benchmark, v1.4.0, Level 1 and 2 provides prescriptive guidance for configuring security options for a subset of Amazon Web Services. It has an emphasis on foundational, testable, and architecture agnostic settings;<SANDBOX_ACCOUNT_ID>;ap-southeast-7;2026-08-19 02:30:11.271115;2.1.1;Ensure all S3 buckets employ encryption-at-rest;2 Storage;2.1 Simple Storage Service (S3);Level 2;Automated;Amazon S3 provides a variety of no, or low, cost encryption options to protect data at rest.;Encrypting data at rest reduces the likelihood that it is unintentionally exposed and can nullify the impact of disclosure if the encryption remains unbroken.;Amazon S3 buckets with default bucket encryption using SSE-KMS cannot be used as destination buckets for Amazon S3 server access logging. Only SSE-S3 default encryption is supported for server access log destination buckets.;"**From Console:**  1. Login to AWS Management Console and open the Amazon S3 console using https://console.aws.amazon.com/s3/  2. Select a Bucket. 3. Click on 'Properties'. 4. Click edit on `Default Encryption`. 5. Select either `AES-256`, `AWS-KMS`, `SSE-KMS` or `SSE-S3`. 6. Click `Save` 7. Repeat for all the buckets in your AWS account lacking encryption.  **From Command Line:**  Run either  ``` aws s3api put-bucket-encryption --bucket <bucket name> --server-side-encryption-configuration '{""Rules"": [{""ApplyServerSideEncryptionByDefault"": {""SSEAlgorithm"": ""AES256""}}]}' ```  or  ``` aws s3api put-bucket-encryption --bucket <bucket name> --server-side-encryption-configuration '{""Rules"": [{""ApplyServerSideEncryptionByDefault"": {""SSEAlgorithm"": ""aws:kms"",""KMSMasterKeyID"": ""aws/s3""}}]}' ```  **Note:** the KMSMasterKeyID can be set to the master key of your choosing; aws/s3 is an AWS preconfigured default.";"**From Console:**  1. Login to AWS Management Console and open the Amazon S3 console using https://console.aws.amazon.com/s3/  2. Select a Bucket. 3. Click on 'Properties'. 4. Verify that `Default Encryption` is enabled, and displays either `AES-256`, `AWS-KMS`, `SSE-KMS` or `SSE-S3`. 5. Repeat for all the buckets in your AWS account.  **From Command Line:**  1. Run command to list buckets ``` aws s3 ls ``` 2. For each bucket, run  ``` aws s3api get-bucket-encryption --bucket <bucket name> ``` 3. Verify that either  ``` ""SSEAlgorithm"": ""AES256"" ```  or  ``` ""SSEAlgorithm"": ""aws:kms""```  is displayed.";S3 bucket encryption only applies to objects as they are placed in the bucket. Enabling S3 bucket encryption does **not** encrypt objects previously stored within the bucket.;;https://docs.aws.amazon.com/AmazonS3/latest/user-guide/default-bucket-encryption.html:https://docs.aws.amazon.com/AmazonS3/latest/dev/bucket-encryption.html#bucket-encryption-related-resources;PASS;S3 Bucket range-customer-data-<SANDBOX_ACCOUNT_ID> has Server Side Encryption with AES256.;arn:aws:s3:::range-customer-data-<SANDBOX_ACCOUNT_ID>;range-customer-data-<SANDBOX_ACCOUNT_ID>;s3_bucket_default_encryption;False;CIS;CIS Amazon Web Services Foundations Benchmark v1.4.0
aws;The CIS Benchmark for CIS Amazon Web Services Foundations Benchmark, v1.4.0, Level 1 and 2 provides prescriptive guidance for configuring security options for a subset of Amazon Web Services. It has an emphasis on foundational, testable, and architecture agnostic settings;<SANDBOX_ACCOUNT_ID>;ap-southeast-7;2026-08-19 02:30:11.271115;2.1.5;Ensure that S3 Buckets are configured with 'Block public access (bucket settings)';2 Storage;2.1 Simple Storage Service (S3);Level 1;Automated;Amazon S3 provides `Block public access (bucket settings)` and `Block public access (account settings)` to help you manage public access to Amazon S3 resources. By default, S3 buckets and objects are created with public access disabled. However, an IAM principal with sufficient S3 permissions can enable public access at the bucket and/or object level. While enabled, `Block public access (bucket settings)` prevents an individual bucket, and its contained objects, from becoming publicly accessible. Similarly, `Block public access (account settings)` prevents all buckets, and contained objects, from becoming publicly accessible across the entire account.;Amazon S3 `Block public access (bucket settings)` prevents the accidental or malicious public exposure of data contained within the respective bucket(s).   Amazon S3 `Block public access (account settings)` prevents the accidental or malicious public exposure of data contained within all buckets of the respective AWS account.  Whether blocking public access to all or some buckets is an organizational decision that should be based on data sensitivity, least privilege, and use case.;When you apply Block Public Access settings to an account, the settings apply to all AWS Regions globally. The settings might not take effect in all Regions immediately or simultaneously, but they eventually propagate to all Regions.;"**If utilizing Block Public Access (bucket settings)**  **From Console:**  1. Login to AWS Management Console and open the Amazon S3 console using https://console.aws.amazon.com/s3/  2. Select the Check box next to the Bucket. 3. Click on 'Edit public access settings'. 4. Click 'Block all public access' 5. Repeat for all the buckets in your AWS account that contain sensitive data.  **From Command Line:**  1. List all of the S3 Buckets ``` aws s3 ls ``` 2. Set the Block Public Access to true on that bucket ``` aws s3api put-public-access-block --bucket <name-of-bucket> --public-access-block-configuration ""BlockPublicAcls=true,IgnorePublicAcls=true,BlockPublicPolicy=true,RestrictPublicBuckets=true"" ```  **If utilizing Block Public Access (account settings)**  **From Console:**  If the output reads `true` for the separate configuration settings then it is set on the account.  1. Login to AWS Management Console and open the Amazon S3 console using https://console.aws.amazon.com/s3/  2. Choose `Block Public Access (account settings)` 3. Choose `Edit` to change the block public access settings for all the buckets in your AWS account 4. Choose the settings you want to change, and then choose `Save`. For details about each setting, pause on the `i` icons. 5. When you're asked for confirmation, enter `confirm`. Then Click `Confirm` to save your changes.  **From Command Line:**  To set Block Public access settings for this account, run the following command: ``` aws s3control put-public-access-block --public-access-block-configuration BlockPublicAcls=true, IgnorePublicAcls=true, BlockPublicPolicy=true, RestrictPublicBuckets=true --account-id <value> ```";"**If utilizing Block Public Access (bucket settings)**  **From Console:**  1. Login to AWS Management Console and open the Amazon S3 console using https://console.aws.amazon.com/s3/  2. Select the Check box next to the Bucket. 3. Click on 'Edit public access settings'. 4. Ensure that block public access settings are set appropriately for this bucket 5. Repeat for all the buckets in your AWS account.  **From Command Line:**  1. List all of the S3 Buckets ``` aws s3 ls ``` 2. Find the public access setting on that bucket ``` aws s3api get-public-access-block --bucket <name-of-the-bucket> ``` Output if Block Public access is enabled:  ``` {  ""PublicAccessBlockConfiguration"": {  ""BlockPublicAcls"": true,  ""IgnorePublicAcls"": true,  ""BlockPublicPolicy"": true,  ""RestrictPublicBuckets"": true  } } ```  If the output reads `false` for the separate configuration settings then proceed to the remediation.  **If utilizing Block Public Access (account settings)**  **From Console:**  1. Login to AWS Management Console and open the Amazon S3 console using https://console.aws.amazon.com/s3/  2. Choose `Block public access (account settings)` 3. Ensure that block public access settings are set appropriately for your AWS account.  **From Command Line:**  To check Public access settings for this account status, run the following command, `aws s3control get-public-access-block --account-id <ACCT_ID> --region <REGION_NAME>`  Output if Block Public access is enabled:  ``` {  ""PublicAccessBlockConfiguration"": {  ""IgnorePublicAcls"": true,   ""BlockPublicPolicy"": true,   ""BlockPublicAcls"": true,   ""RestrictPublicBuckets"": true  } } ```  If the output reads `false` for the separate configuration settings then proceed to the remediation.";;;https://docs.aws.amazon.com/AmazonS3/latest/user-guide/block-public-access-account.html;PASS;Block Public Access is configured for the S3 Bucket range-cloudtrail-<SANDBOX_ACCOUNT_ID>.;arn:aws:s3:::range-cloudtrail-<SANDBOX_ACCOUNT_ID>;range-cloudtrail-<SANDBOX_ACCOUNT_ID>;s3_bucket_level_public_access_block;False;CIS;CIS Amazon Web Services Foundations Benchmark v1.4.0
aws;The CIS Benchmark for CIS Amazon Web Services Foundations Benchmark, v1.4.0, Level 1 and 2 provides prescriptive guidance for configuring security options for a subset of Amazon Web Services. It has an emphasis on foundational, testable, and architecture agnostic settings;<SANDBOX_ACCOUNT_ID>;ap-southeast-7;2026-08-19 02:30:11.271115;2.1.5;Ensure that S3 Buckets are configured with 'Block public access (bucket settings)';2 Storage;2.1 Simple Storage Service (S3);Level 1;Automated;Amazon S3 provides `Block public access (bucket settings)` and `Block public access (account settings)` to help you manage public access to Amazon S3 resources. By default, S3 buckets and objects are created with public access disabled. However, an IAM principal with sufficient S3 permissions can enable public access at the bucket and/or object level. While enabled, `Block public access (bucket settings)` prevents an individual bucket, and its contained objects, from becoming publicly accessible. Similarly, `Block public access (account settings)` prevents all buckets, and contained objects, from becoming publicly accessible across the entire account.;Amazon S3 `Block public access (bucket settings)` prevents the accidental or malicious public exposure of data contained within the respective bucket(s).   Amazon S3 `Block public access (account settings)` prevents the accidental or malicious public exposure of data contained within all buckets of the respective AWS account.  Whether blocking public access to all or some buckets is an organizational decision that should be based on data sensitivity, least privilege, and use case.;When you apply Block Public Access settings to an account, the settings apply to all AWS Regions globally. The settings might not take effect in all Regions immediately or simultaneously, but they eventually propagate to all Regions.;"**If utilizing Block Public Access (bucket settings)**  **From Console:**  1. Login to AWS Management Console and open the Amazon S3 console using https://console.aws.amazon.com/s3/  2. Select the Check box next to the Bucket. 3. Click on 'Edit public access settings'. 4. Click 'Block all public access' 5. Repeat for all the buckets in your AWS account that contain sensitive data.  **From Command Line:**  1. List all of the S3 Buckets ``` aws s3 ls ``` 2. Set the Block Public Access to true on that bucket ``` aws s3api put-public-access-block --bucket <name-of-bucket> --public-access-block-configuration ""BlockPublicAcls=true,IgnorePublicAcls=true,BlockPublicPolicy=true,RestrictPublicBuckets=true"" ```  **If utilizing Block Public Access (account settings)**  **From Console:**  If the output reads `true` for the separate configuration settings then it is set on the account.  1. Login to AWS Management Console and open the Amazon S3 console using https://console.aws.amazon.com/s3/  2. Choose `Block Public Access (account settings)` 3. Choose `Edit` to change the block public access settings for all the buckets in your AWS account 4. Choose the settings you want to change, and then choose `Save`. For details about each setting, pause on the `i` icons. 5. When you're asked for confirmation, enter `confirm`. Then Click `Confirm` to save your changes.  **From Command Line:**  To set Block Public access settings for this account, run the following command: ``` aws s3control put-public-access-block --public-access-block-configuration BlockPublicAcls=true, IgnorePublicAcls=true, BlockPublicPolicy=true, RestrictPublicBuckets=true --account-id <value> ```";"**If utilizing Block Public Access (bucket settings)**  **From Console:**  1. Login to AWS Management Console and open the Amazon S3 console using https://console.aws.amazon.com/s3/  2. Select the Check box next to the Bucket. 3. Click on 'Edit public access settings'. 4. Ensure that block public access settings are set appropriately for this bucket 5. Repeat for all the buckets in your AWS account.  **From Command Line:**  1. List all of the S3 Buckets ``` aws s3 ls ``` 2. Find the public access setting on that bucket ``` aws s3api get-public-access-block --bucket <name-of-the-bucket> ``` Output if Block Public access is enabled:  ``` {  ""PublicAccessBlockConfiguration"": {  ""BlockPublicAcls"": true,  ""IgnorePublicAcls"": true,  ""BlockPublicPolicy"": true,  ""RestrictPublicBuckets"": true  } } ```  If the output reads `false` for the separate configuration settings then proceed to the remediation.  **If utilizing Block Public Access (account settings)**  **From Console:**  1. Login to AWS Management Console and open the Amazon S3 console using https://console.aws.amazon.com/s3/  2. Choose `Block public access (account settings)` 3. Ensure that block public access settings are set appropriately for your AWS account.  **From Command Line:**  To check Public access settings for this account status, run the following command, `aws s3control get-public-access-block --account-id <ACCT_ID> --region <REGION_NAME>`  Output if Block Public access is enabled:  ``` {  ""PublicAccessBlockConfiguration"": {  ""IgnorePublicAcls"": true,   ""BlockPublicPolicy"": true,   ""BlockPublicAcls"": true,   ""RestrictPublicBuckets"": true  } } ```  If the output reads `false` for the separate configuration settings then proceed to the remediation.";;;https://docs.aws.amazon.com/AmazonS3/latest/user-guide/block-public-access-account.html;PASS;Block Public Access is configured for the S3 Bucket range-customer-data-<SANDBOX_ACCOUNT_ID>.;arn:aws:s3:::range-customer-data-<SANDBOX_ACCOUNT_ID>;range-customer-data-<SANDBOX_ACCOUNT_ID>;s3_bucket_level_public_access_block;False;CIS;CIS Amazon Web Services Foundations Benchmark v1.4.0
aws;The CIS Benchmark for CIS Amazon Web Services Foundations Benchmark, v1.4.0, Level 1 and 2 provides prescriptive guidance for configuring security options for a subset of Amazon Web Services. It has an emphasis on foundational, testable, and architecture agnostic settings;<SANDBOX_ACCOUNT_ID>;ap-southeast-7;2026-08-19 02:30:11.271115;2.1.3;Ensure MFA Delete is enabled on S3 buckets;2 Storage;2.1 Simple Storage Service (S3);Level 1;Automated;Once MFA Delete is enabled on your sensitive and classified S3 bucket it requires the user to have two forms of authentication.;Adding MFA delete to an S3 bucket, requires additional authentication when you change the version state of your bucket or you delete and object version adding another layer of security in the event your security credentials are compromised or unauthorized access is granted.;;Perform the steps below to enable MFA delete on an S3 bucket.  Note: -You cannot enable MFA Delete using the AWS Management Console. You must use the AWS CLI or API. -You must use your 'root' account to enable MFA Delete on S3 buckets.  **From Command line:**  1. Run the s3api put-bucket-versioning command  ``` aws s3api put-bucket-versioning --profile my-root-profile --bucket Bucket_Name --versioning-configuration Status=Enabled,MFADelete=Enabled --mfa “arn:aws:iam::aws_account_id:mfa/root-account-mfa-device passcode” ```;"Perform the steps below to confirm MFA delete is configured on an S3 Bucket  **From Console:**  1. Login to the S3 console at `https://console.aws.amazon.com/s3/`  2. Click the `Check` box next to the Bucket name you want to confirm  3. In the window under `Properties`  4. Confirm that Versioning is `Enabled`  5. Confirm that MFA Delete is `Enabled`  **From Command Line:**  1. Run the `get-bucket-versioning` ``` aws s3api get-bucket-versioning --bucket my-bucket ```  Output example: ``` <VersioningConfiguration xmlns=""http://s3.amazonaws.com/doc/2006-03-01/"">   <Status>Enabled</Status>  <MfaDelete>Enabled</MfaDelete>  </VersioningConfiguration> ```  If the Console or the CLI output does not show Versioning and MFA Delete `enabled` refer to the remediation below.";;;https://docs.aws.amazon.com/AmazonS3/latest/dev/Versioning.html#MultiFactorAuthenticationDelete:https://docs.aws.amazon.com/AmazonS3/latest/dev/UsingMFADelete.html:https://aws.amazon.com/blogs/security/securing-access-to-aws-using-mfa-part-3/:https://docs.aws.amazon.com/IAM/latest/UserGuide/id_credentials_mfa_lost-or-broken.html;FAIL;S3 Bucket range-cloudtrail-<SANDBOX_ACCOUNT_ID> has MFA Delete disabled.;arn:aws:s3:::range-cloudtrail-<SANDBOX_ACCOUNT_ID>;range-cloudtrail-<SANDBOX_ACCOUNT_ID>;s3_bucket_no_mfa_delete;False;CIS;CIS Amazon Web Services Foundations Benchmark v1.4.0
aws;The CIS Benchmark for CIS Amazon Web Services Foundations Benchmark, v1.4.0, Level 1 and 2 provides prescriptive guidance for configuring security options for a subset of Amazon Web Services. It has an emphasis on foundational, testable, and architecture agnostic settings;<SANDBOX_ACCOUNT_ID>;ap-southeast-7;2026-08-19 02:30:11.271115;2.1.3;Ensure MFA Delete is enabled on S3 buckets;2 Storage;2.1 Simple Storage Service (S3);Level 1;Automated;Once MFA Delete is enabled on your sensitive and classified S3 bucket it requires the user to have two forms of authentication.;Adding MFA delete to an S3 bucket, requires additional authentication when you change the version state of your bucket or you delete and object version adding another layer of security in the event your security credentials are compromised or unauthorized access is granted.;;Perform the steps below to enable MFA delete on an S3 bucket.  Note: -You cannot enable MFA Delete using the AWS Management Console. You must use the AWS CLI or API. -You must use your 'root' account to enable MFA Delete on S3 buckets.  **From Command line:**  1. Run the s3api put-bucket-versioning command  ``` aws s3api put-bucket-versioning --profile my-root-profile --bucket Bucket_Name --versioning-configuration Status=Enabled,MFADelete=Enabled --mfa “arn:aws:iam::aws_account_id:mfa/root-account-mfa-device passcode” ```;"Perform the steps below to confirm MFA delete is configured on an S3 Bucket  **From Console:**  1. Login to the S3 console at `https://console.aws.amazon.com/s3/`  2. Click the `Check` box next to the Bucket name you want to confirm  3. In the window under `Properties`  4. Confirm that Versioning is `Enabled`  5. Confirm that MFA Delete is `Enabled`  **From Command Line:**  1. Run the `get-bucket-versioning` ``` aws s3api get-bucket-versioning --bucket my-bucket ```  Output example: ``` <VersioningConfiguration xmlns=""http://s3.amazonaws.com/doc/2006-03-01/"">   <Status>Enabled</Status>  <MfaDelete>Enabled</MfaDelete>  </VersioningConfiguration> ```  If the Console or the CLI output does not show Versioning and MFA Delete `enabled` refer to the remediation below.";;;https://docs.aws.amazon.com/AmazonS3/latest/dev/Versioning.html#MultiFactorAuthenticationDelete:https://docs.aws.amazon.com/AmazonS3/latest/dev/UsingMFADelete.html:https://aws.amazon.com/blogs/security/securing-access-to-aws-using-mfa-part-3/:https://docs.aws.amazon.com/IAM/latest/UserGuide/id_credentials_mfa_lost-or-broken.html;FAIL;S3 Bucket range-customer-data-<SANDBOX_ACCOUNT_ID> has MFA Delete disabled.;arn:aws:s3:::range-customer-data-<SANDBOX_ACCOUNT_ID>;range-customer-data-<SANDBOX_ACCOUNT_ID>;s3_bucket_no_mfa_delete;False;CIS;CIS Amazon Web Services Foundations Benchmark v1.4.0
aws;The CIS Benchmark for CIS Amazon Web Services Foundations Benchmark, v1.4.0, Level 1 and 2 provides prescriptive guidance for configuring security options for a subset of Amazon Web Services. It has an emphasis on foundational, testable, and architecture agnostic settings;<SANDBOX_ACCOUNT_ID>;ap-southeast-7;2026-08-19 02:30:11.271115;2.1.2;Ensure S3 Bucket Policy is set to deny HTTP requests;2 Storage;2.1 Simple Storage Service (S3);Level 2;Automated;At the Amazon S3 bucket level, you can configure permissions through a bucket policy making the objects accessible only through HTTPS.;By default, Amazon S3 allows both HTTP and HTTPS requests. To achieve only allowing access to Amazon S3 objects through HTTPS you also have to explicitly deny access to HTTP requests. Bucket policies that allow HTTPS requests without explicitly denying HTTP requests will not comply with this recommendation.;;"**From Console:**  1. Login to AWS Management Console and open the Amazon S3 console using https://console.aws.amazon.com/s3/ 2. Select the Check box next to the Bucket. 3. Click on 'Permissions'. 4. Click 'Bucket Policy' 5. Add this to the existing policy filling in the required information ``` {  ""Sid"": <optional>"",  ""Effect"": ""Deny"",  ""Principal"": ""*"",  ""Action"": ""s3:*"",  ""Resource"": ""arn:aws:s3:::<bucket_name>/*"",  ""Condition"": {  ""Bool"": {  ""aws:SecureTransport"": ""false""  }  }  } ``` 6. Save 7. Repeat for all the buckets in your AWS account that contain sensitive data.  **From Console**   using AWS Policy Generator:  1. Repeat steps 1-4 above. 2. Click on `Policy Generator` at the bottom of the Bucket Policy Editor 3. Select Policy Type `S3 Bucket Policy` 4. Add Statements - `Effect` = Deny - `Principal` = * - `AWS Service` = Amazon S3 - `Actions` = * - `Amazon Resource Name` = <ARN of the S3 Bucket> 5. Generate Policy 6. Copy the text and add it to the Bucket Policy.  **From Command Line:**  1. Export the bucket policy to a json file. ``` aws s3api get-bucket-policy --bucket <bucket_name> --query Policy --output text > policy.json ```  2. Modify the policy.json file by adding in this statement: ``` {  ""Sid"": <optional>"",  ""Effect"": ""Deny"",  ""Principal"": ""*"",  ""Action"": ""s3:*"",  ""Resource"": ""arn:aws:s3:::<bucket_name>/*"",  ""Condition"": {  ""Bool"": {  ""aws:SecureTransport"": ""false""  }  }  } ``` 3. Apply this modified policy back to the S3 bucket: ``` aws s3api put-bucket-policy --bucket <bucket_name> --policy file://policy.json ```";"To allow access to HTTPS you can use a condition that checks for the key `""aws:SecureTransport: true""`. This means that the request is sent through HTTPS but that HTTP can still be used. So to make sure you do not allow HTTP access confirm that there is a bucket policy that explicitly denies access for HTTP requests and that it contains the key ""aws:SecureTransport"": ""false"".  **From Console:**  1. Login to AWS Management Console and open the Amazon S3 console using https://console.aws.amazon.com/s3/ 2. Select the Check box next to the Bucket. 3. Click on 'Permissions', then Click on `Bucket Policy`. 4. Ensure that a policy is listed that matches: ``` '{  ""Sid"": <optional>,  ""Effect"": ""Deny"",  ""Principal"": ""*"",  ""Action"": ""s3:*"",  ""Resource"": ""arn:aws:s3:::<bucket_name>/*"",  ""Condition"": {  ""Bool"": {  ""aws:SecureTransport"": ""false""  }' ``` `<optional>` and `<bucket_name>` will be specific to your account  5. Repeat for all the buckets in your AWS account.  **From Command Line:**  1. List all of the S3 Buckets  ``` aws s3 ls ``` 2. Using the list of buckets run this command on each of them: ``` aws s3api get-bucket-policy --bucket <bucket_name> | grep aws:SecureTransport ``` 3. Confirm that `aws:SecureTransport` is set to false `aws:SecureTransport:false` 4. Confirm that the policy line has Effect set to Deny 'Effect:Deny'";;;https://aws.amazon.com/premiumsupport/knowledge-center/s3-bucket-policy-for-config-rule/:https://aws.amazon.com/blogs/security/how-to-use-bucket-policies-and-apply-defense-in-depth-to-help-secure-your-amazon-s3-data/:https://awscli.amazonaws.com/v2/documentation/api/latest/reference/s3api/get-bucket-policy.html;FAIL;S3 Bucket range-cloudtrail-<SANDBOX_ACCOUNT_ID> allows requests over insecure transport in the bucket policy.;arn:aws:s3:::range-cloudtrail-<SANDBOX_ACCOUNT_ID>;range-cloudtrail-<SANDBOX_ACCOUNT_ID>;s3_bucket_secure_transport_policy;False;CIS;CIS Amazon Web Services Foundations Benchmark v1.4.0
aws;The CIS Benchmark for CIS Amazon Web Services Foundations Benchmark, v1.4.0, Level 1 and 2 provides prescriptive guidance for configuring security options for a subset of Amazon Web Services. It has an emphasis on foundational, testable, and architecture agnostic settings;<SANDBOX_ACCOUNT_ID>;ap-southeast-7;2026-08-19 02:30:11.271115;2.1.2;Ensure S3 Bucket Policy is set to deny HTTP requests;2 Storage;2.1 Simple Storage Service (S3);Level 2;Automated;At the Amazon S3 bucket level, you can configure permissions through a bucket policy making the objects accessible only through HTTPS.;By default, Amazon S3 allows both HTTP and HTTPS requests. To achieve only allowing access to Amazon S3 objects through HTTPS you also have to explicitly deny access to HTTP requests. Bucket policies that allow HTTPS requests without explicitly denying HTTP requests will not comply with this recommendation.;;"**From Console:**  1. Login to AWS Management Console and open the Amazon S3 console using https://console.aws.amazon.com/s3/ 2. Select the Check box next to the Bucket. 3. Click on 'Permissions'. 4. Click 'Bucket Policy' 5. Add this to the existing policy filling in the required information ``` {  ""Sid"": <optional>"",  ""Effect"": ""Deny"",  ""Principal"": ""*"",  ""Action"": ""s3:*"",  ""Resource"": ""arn:aws:s3:::<bucket_name>/*"",  ""Condition"": {  ""Bool"": {  ""aws:SecureTransport"": ""false""  }  }  } ``` 6. Save 7. Repeat for all the buckets in your AWS account that contain sensitive data.  **From Console**   using AWS Policy Generator:  1. Repeat steps 1-4 above. 2. Click on `Policy Generator` at the bottom of the Bucket Policy Editor 3. Select Policy Type `S3 Bucket Policy` 4. Add Statements - `Effect` = Deny - `Principal` = * - `AWS Service` = Amazon S3 - `Actions` = * - `Amazon Resource Name` = <ARN of the S3 Bucket> 5. Generate Policy 6. Copy the text and add it to the Bucket Policy.  **From Command Line:**  1. Export the bucket policy to a json file. ``` aws s3api get-bucket-policy --bucket <bucket_name> --query Policy --output text > policy.json ```  2. Modify the policy.json file by adding in this statement: ``` {  ""Sid"": <optional>"",  ""Effect"": ""Deny"",  ""Principal"": ""*"",  ""Action"": ""s3:*"",  ""Resource"": ""arn:aws:s3:::<bucket_name>/*"",  ""Condition"": {  ""Bool"": {  ""aws:SecureTransport"": ""false""  }  }  } ``` 3. Apply this modified policy back to the S3 bucket: ``` aws s3api put-bucket-policy --bucket <bucket_name> --policy file://policy.json ```";"To allow access to HTTPS you can use a condition that checks for the key `""aws:SecureTransport: true""`. This means that the request is sent through HTTPS but that HTTP can still be used. So to make sure you do not allow HTTP access confirm that there is a bucket policy that explicitly denies access for HTTP requests and that it contains the key ""aws:SecureTransport"": ""false"".  **From Console:**  1. Login to AWS Management Console and open the Amazon S3 console using https://console.aws.amazon.com/s3/ 2. Select the Check box next to the Bucket. 3. Click on 'Permissions', then Click on `Bucket Policy`. 4. Ensure that a policy is listed that matches: ``` '{  ""Sid"": <optional>,  ""Effect"": ""Deny"",  ""Principal"": ""*"",  ""Action"": ""s3:*"",  ""Resource"": ""arn:aws:s3:::<bucket_name>/*"",  ""Condition"": {  ""Bool"": {  ""aws:SecureTransport"": ""false""  }' ``` `<optional>` and `<bucket_name>` will be specific to your account  5. Repeat for all the buckets in your AWS account.  **From Command Line:**  1. List all of the S3 Buckets  ``` aws s3 ls ``` 2. Using the list of buckets run this command on each of them: ``` aws s3api get-bucket-policy --bucket <bucket_name> | grep aws:SecureTransport ``` 3. Confirm that `aws:SecureTransport` is set to false `aws:SecureTransport:false` 4. Confirm that the policy line has Effect set to Deny 'Effect:Deny'";;;https://aws.amazon.com/premiumsupport/knowledge-center/s3-bucket-policy-for-config-rule/:https://aws.amazon.com/blogs/security/how-to-use-bucket-policies-and-apply-defense-in-depth-to-help-secure-your-amazon-s3-data/:https://awscli.amazonaws.com/v2/documentation/api/latest/reference/s3api/get-bucket-policy.html;FAIL;S3 Bucket range-customer-data-<SANDBOX_ACCOUNT_ID> allows requests over insecure transport in the bucket policy.;arn:aws:s3:::range-customer-data-<SANDBOX_ACCOUNT_ID>;range-customer-data-<SANDBOX_ACCOUNT_ID>;s3_bucket_secure_transport_policy;False;CIS;CIS Amazon Web Services Foundations Benchmark v1.4.0
