PROVIDER;DESCRIPTION;ACCOUNTID;REGION;ASSESSMENTDATE;REQUIREMENTS_ID;REQUIREMENTS_DESCRIPTION;REQUIREMENTS_ATTRIBUTES_SECTION;REQUIREMENTS_ATTRIBUTES_SUBSECTION;REQUIREMENTS_ATTRIBUTES_SUBGROUP;REQUIREMENTS_ATTRIBUTES_SERVICE;REQUIREMENTS_ATTRIBUTES_TYPE;STATUS;STATUSEXTENDED;RESOURCEID;CHECKID;MUTED;RESOURCENAME;FRAMEWORK;NAME;REQUIREMENTS_ATTRIBUTES_COMMENT
aws;In light of the increasing volume and sophistication of cyber threats, the Federal Financial Institutions Examination Council (FFIEC) developed the Cybersecurity Assessment Tool (Assessment), on behalf of its members, to help institutions identify their risks and determine their cybersecurity maturity.;<SANDBOX_ACCOUNT_ID>;ap-southeast-7;2026-08-19 02:30:11.271115;d2-ma-ma-b-2;Computer event logs are used for investigations once an event has occurred.;Threat Intelligence and Collaboration (Domain 2);Monitoring and Analyzing (MA);;aws;;PASS;Trail lz-org-trail from home region ap-southeast-7 has management events enabled to log Amazon Bedrock control-plane API calls.;arn:aws:cloudtrail:ap-southeast-7:<MANAGEMENT_ACCOUNT_ID>:trail/lz-org-trail;cloudtrail_bedrock_logging_enabled;False;lz-org-trail;FFIEC;FFIEC Cybersecurity Assessment Tool framework;
aws;In light of the increasing volume and sophistication of cyber threats, the Federal Financial Institutions Examination Council (FFIEC) developed the Cybersecurity Assessment Tool (Assessment), on behalf of its members, to help institutions identify their risks and determine their cybersecurity maturity.;<SANDBOX_ACCOUNT_ID>;ap-southeast-7;2026-08-19 02:30:11.271115;d2-ma-ma-b-2;Computer event logs are used for investigations once an event has occurred.;Threat Intelligence and Collaboration (Domain 2);Monitoring and Analyzing (MA);;aws;;PASS;Trail range-trail from home region ap-southeast-7 has management events enabled to log Amazon Bedrock control-plane API calls.;arn:aws:cloudtrail:ap-southeast-7:<SANDBOX_ACCOUNT_ID>:trail/range-trail;cloudtrail_bedrock_logging_enabled;False;range-trail;FFIEC;FFIEC Cybersecurity Assessment Tool framework;
aws;In light of the increasing volume and sophistication of cyber threats, the Federal Financial Institutions Examination Council (FFIEC) developed the Cybersecurity Assessment Tool (Assessment), on behalf of its members, to help institutions identify their risks and determine their cybersecurity maturity.;<SANDBOX_ACCOUNT_ID>;ap-southeast-7;2026-08-19 02:30:11.271115;d2-is-is-b-1;Information security threats are gathered and shared with applicable internal employees.;Threat Intelligence and Collaboration (Domain 2);Information Sharing (IS);;aws;;FAIL;Multiregion trail lz-org-trail has not been logging in the last 24h or is not configured to deliver logs.;arn:aws:cloudtrail:ap-southeast-7:<MANAGEMENT_ACCOUNT_ID>:trail/lz-org-trail;cloudtrail_cloudwatch_logging_enabled;False;lz-org-trail;FFIEC;FFIEC Cybersecurity Assessment Tool framework;
aws;In light of the increasing volume and sophistication of cyber threats, the Federal Financial Institutions Examination Council (FFIEC) developed the Cybersecurity Assessment Tool (Assessment), on behalf of its members, to help institutions identify their risks and determine their cybersecurity maturity.;<SANDBOX_ACCOUNT_ID>;ap-southeast-7;2026-08-19 02:30:11.271115;d2-ma-ma-b-1;Information security threats are gathered and shared with applicable internal employees.;Threat Intelligence and Collaboration (Domain 2);Monitoring and Analyzing (MA);;aws;;FAIL;Multiregion trail lz-org-trail has not been logging in the last 24h or is not configured to deliver logs.;arn:aws:cloudtrail:ap-southeast-7:<MANAGEMENT_ACCOUNT_ID>:trail/lz-org-trail;cloudtrail_cloudwatch_logging_enabled;False;lz-org-trail;FFIEC;FFIEC Cybersecurity Assessment Tool framework;
aws;In light of the increasing volume and sophistication of cyber threats, the Federal Financial Institutions Examination Council (FFIEC) developed the Cybersecurity Assessment Tool (Assessment), on behalf of its members, to help institutions identify their risks and determine their cybersecurity maturity.;<SANDBOX_ACCOUNT_ID>;ap-southeast-7;2026-08-19 02:30:11.271115;d2-ma-ma-b-2;Computer event logs are used for investigations once an event has occurred.;Threat Intelligence and Collaboration (Domain 2);Monitoring and Analyzing (MA);;aws;;FAIL;Multiregion trail lz-org-trail has not been logging in the last 24h or is not configured to deliver logs.;arn:aws:cloudtrail:ap-southeast-7:<MANAGEMENT_ACCOUNT_ID>:trail/lz-org-trail;cloudtrail_cloudwatch_logging_enabled;False;lz-org-trail;FFIEC;FFIEC Cybersecurity Assessment Tool framework;
aws;In light of the increasing volume and sophistication of cyber threats, the Federal Financial Institutions Examination Council (FFIEC) developed the Cybersecurity Assessment Tool (Assessment), on behalf of its members, to help institutions identify their risks and determine their cybersecurity maturity.;<SANDBOX_ACCOUNT_ID>;ap-southeast-7;2026-08-19 02:30:11.271115;d3-dc-an-b-3;Logs of physical and/or logical access are reviewed following events.;Cybersecurity Controls (Domain 3);Detective Controls (DC);;aws;;FAIL;Multiregion trail lz-org-trail has not been logging in the last 24h or is not configured to deliver logs.;arn:aws:cloudtrail:ap-southeast-7:<MANAGEMENT_ACCOUNT_ID>:trail/lz-org-trail;cloudtrail_cloudwatch_logging_enabled;False;lz-org-trail;FFIEC;FFIEC Cybersecurity Assessment Tool framework;
aws;In light of the increasing volume and sophistication of cyber threats, the Federal Financial Institutions Examination Council (FFIEC) developed the Cybersecurity Assessment Tool (Assessment), on behalf of its members, to help institutions identify their risks and determine their cybersecurity maturity.;<SANDBOX_ACCOUNT_ID>;ap-southeast-7;2026-08-19 02:30:11.271115;d3-dc-an-b-4;Access to critical systems by third parties is monitored for unauthorized or unusual activity.;Cybersecurity Controls (Domain 3);Detective Controls (DC);;aws;;FAIL;Multiregion trail lz-org-trail has not been logging in the last 24h or is not configured to deliver logs.;arn:aws:cloudtrail:ap-southeast-7:<MANAGEMENT_ACCOUNT_ID>:trail/lz-org-trail;cloudtrail_cloudwatch_logging_enabled;False;lz-org-trail;FFIEC;FFIEC Cybersecurity Assessment Tool framework;
aws;In light of the increasing volume and sophistication of cyber threats, the Federal Financial Institutions Examination Council (FFIEC) developed the Cybersecurity Assessment Tool (Assessment), on behalf of its members, to help institutions identify their risks and determine their cybersecurity maturity.;<SANDBOX_ACCOUNT_ID>;ap-southeast-7;2026-08-19 02:30:11.271115;d3-dc-an-b-5;Elevated privileges are monitored.;Cybersecurity Controls (Domain 3);Detective Controls (DC);;aws;;FAIL;Multiregion trail lz-org-trail has not been logging in the last 24h or is not configured to deliver logs.;arn:aws:cloudtrail:ap-southeast-7:<MANAGEMENT_ACCOUNT_ID>:trail/lz-org-trail;cloudtrail_cloudwatch_logging_enabled;False;lz-org-trail;FFIEC;FFIEC Cybersecurity Assessment Tool framework;
aws;In light of the increasing volume and sophistication of cyber threats, the Federal Financial Institutions Examination Council (FFIEC) developed the Cybersecurity Assessment Tool (Assessment), on behalf of its members, to help institutions identify their risks and determine their cybersecurity maturity.;<SANDBOX_ACCOUNT_ID>;ap-southeast-7;2026-08-19 02:30:11.271115;d3-dc-ev-b-1;A normal network activity baseline is established.;Cybersecurity Controls (Domain 3);Detective Controls (DC);;aws;;FAIL;Multiregion trail lz-org-trail has not been logging in the last 24h or is not configured to deliver logs.;arn:aws:cloudtrail:ap-southeast-7:<MANAGEMENT_ACCOUNT_ID>:trail/lz-org-trail;cloudtrail_cloudwatch_logging_enabled;False;lz-org-trail;FFIEC;FFIEC Cybersecurity Assessment Tool framework;
aws;In light of the increasing volume and sophistication of cyber threats, the Federal Financial Institutions Examination Council (FFIEC) developed the Cybersecurity Assessment Tool (Assessment), on behalf of its members, to help institutions identify their risks and determine their cybersecurity maturity.;<SANDBOX_ACCOUNT_ID>;ap-southeast-7;2026-08-19 02:30:11.271115;d3-pc-im-b-3;All ports are monitored.;Cybersecurity Controls (Domain 3);Preventative Controls (PC);;aws;;FAIL;Multiregion trail lz-org-trail has not been logging in the last 24h or is not configured to deliver logs.;arn:aws:cloudtrail:ap-southeast-7:<MANAGEMENT_ACCOUNT_ID>:trail/lz-org-trail;cloudtrail_cloudwatch_logging_enabled;False;lz-org-trail;FFIEC;FFIEC Cybersecurity Assessment Tool framework;
aws;In light of the increasing volume and sophistication of cyber threats, the Federal Financial Institutions Examination Council (FFIEC) developed the Cybersecurity Assessment Tool (Assessment), on behalf of its members, to help institutions identify their risks and determine their cybersecurity maturity.;<SANDBOX_ACCOUNT_ID>;ap-southeast-7;2026-08-19 02:30:11.271115;d3-pc-im-b-7;Access to make changes to systems configurations (including virtual machines and hypervisors) is controlled and monitored.;Cybersecurity Controls (Domain 3);Preventative Controls (PC);;aws;;FAIL;Multiregion trail lz-org-trail has not been logging in the last 24h or is not configured to deliver logs.;arn:aws:cloudtrail:ap-southeast-7:<MANAGEMENT_ACCOUNT_ID>:trail/lz-org-trail;cloudtrail_cloudwatch_logging_enabled;False;lz-org-trail;FFIEC;FFIEC Cybersecurity Assessment Tool framework;
aws;In light of the increasing volume and sophistication of cyber threats, the Federal Financial Institutions Examination Council (FFIEC) developed the Cybersecurity Assessment Tool (Assessment), on behalf of its members, to help institutions identify their risks and determine their cybersecurity maturity.;<SANDBOX_ACCOUNT_ID>;ap-southeast-7;2026-08-19 02:30:11.271115;d5-dr-de-b-3;Tools and processes are in place to detect, alert, and trigger the incident response program.;Cyber Incident Management and Resilience (Domain 5);Detection, Response, & Mitigation (DR);;aws;;FAIL;Multiregion trail lz-org-trail has not been logging in the last 24h or is not configured to deliver logs.;arn:aws:cloudtrail:ap-southeast-7:<MANAGEMENT_ACCOUNT_ID>:trail/lz-org-trail;cloudtrail_cloudwatch_logging_enabled;False;lz-org-trail;FFIEC;FFIEC Cybersecurity Assessment Tool framework;
aws;In light of the increasing volume and sophistication of cyber threats, the Federal Financial Institutions Examination Council (FFIEC) developed the Cybersecurity Assessment Tool (Assessment), on behalf of its members, to help institutions identify their risks and determine their cybersecurity maturity.;<SANDBOX_ACCOUNT_ID>;ap-southeast-7;2026-08-19 02:30:11.271115;d2-is-is-b-1;Information security threats are gathered and shared with applicable internal employees.;Threat Intelligence and Collaboration (Domain 2);Information Sharing (IS);;aws;;PASS;Multiregion trail range-trail has been logging in the last 24h.;arn:aws:cloudtrail:ap-southeast-7:<SANDBOX_ACCOUNT_ID>:trail/range-trail;cloudtrail_cloudwatch_logging_enabled;False;range-trail;FFIEC;FFIEC Cybersecurity Assessment Tool framework;
aws;In light of the increasing volume and sophistication of cyber threats, the Federal Financial Institutions Examination Council (FFIEC) developed the Cybersecurity Assessment Tool (Assessment), on behalf of its members, to help institutions identify their risks and determine their cybersecurity maturity.;<SANDBOX_ACCOUNT_ID>;ap-southeast-7;2026-08-19 02:30:11.271115;d2-ma-ma-b-1;Information security threats are gathered and shared with applicable internal employees.;Threat Intelligence and Collaboration (Domain 2);Monitoring and Analyzing (MA);;aws;;PASS;Multiregion trail range-trail has been logging in the last 24h.;arn:aws:cloudtrail:ap-southeast-7:<SANDBOX_ACCOUNT_ID>:trail/range-trail;cloudtrail_cloudwatch_logging_enabled;False;range-trail;FFIEC;FFIEC Cybersecurity Assessment Tool framework;
aws;In light of the increasing volume and sophistication of cyber threats, the Federal Financial Institutions Examination Council (FFIEC) developed the Cybersecurity Assessment Tool (Assessment), on behalf of its members, to help institutions identify their risks and determine their cybersecurity maturity.;<SANDBOX_ACCOUNT_ID>;ap-southeast-7;2026-08-19 02:30:11.271115;d2-ma-ma-b-2;Computer event logs are used for investigations once an event has occurred.;Threat Intelligence and Collaboration (Domain 2);Monitoring and Analyzing (MA);;aws;;PASS;Multiregion trail range-trail has been logging in the last 24h.;arn:aws:cloudtrail:ap-southeast-7:<SANDBOX_ACCOUNT_ID>:trail/range-trail;cloudtrail_cloudwatch_logging_enabled;False;range-trail;FFIEC;FFIEC Cybersecurity Assessment Tool framework;
aws;In light of the increasing volume and sophistication of cyber threats, the Federal Financial Institutions Examination Council (FFIEC) developed the Cybersecurity Assessment Tool (Assessment), on behalf of its members, to help institutions identify their risks and determine their cybersecurity maturity.;<SANDBOX_ACCOUNT_ID>;ap-southeast-7;2026-08-19 02:30:11.271115;d3-dc-an-b-3;Logs of physical and/or logical access are reviewed following events.;Cybersecurity Controls (Domain 3);Detective Controls (DC);;aws;;PASS;Multiregion trail range-trail has been logging in the last 24h.;arn:aws:cloudtrail:ap-southeast-7:<SANDBOX_ACCOUNT_ID>:trail/range-trail;cloudtrail_cloudwatch_logging_enabled;False;range-trail;FFIEC;FFIEC Cybersecurity Assessment Tool framework;
aws;In light of the increasing volume and sophistication of cyber threats, the Federal Financial Institutions Examination Council (FFIEC) developed the Cybersecurity Assessment Tool (Assessment), on behalf of its members, to help institutions identify their risks and determine their cybersecurity maturity.;<SANDBOX_ACCOUNT_ID>;ap-southeast-7;2026-08-19 02:30:11.271115;d3-dc-an-b-4;Access to critical systems by third parties is monitored for unauthorized or unusual activity.;Cybersecurity Controls (Domain 3);Detective Controls (DC);;aws;;PASS;Multiregion trail range-trail has been logging in the last 24h.;arn:aws:cloudtrail:ap-southeast-7:<SANDBOX_ACCOUNT_ID>:trail/range-trail;cloudtrail_cloudwatch_logging_enabled;False;range-trail;FFIEC;FFIEC Cybersecurity Assessment Tool framework;
aws;In light of the increasing volume and sophistication of cyber threats, the Federal Financial Institutions Examination Council (FFIEC) developed the Cybersecurity Assessment Tool (Assessment), on behalf of its members, to help institutions identify their risks and determine their cybersecurity maturity.;<SANDBOX_ACCOUNT_ID>;ap-southeast-7;2026-08-19 02:30:11.271115;d3-dc-an-b-5;Elevated privileges are monitored.;Cybersecurity Controls (Domain 3);Detective Controls (DC);;aws;;PASS;Multiregion trail range-trail has been logging in the last 24h.;arn:aws:cloudtrail:ap-southeast-7:<SANDBOX_ACCOUNT_ID>:trail/range-trail;cloudtrail_cloudwatch_logging_enabled;False;range-trail;FFIEC;FFIEC Cybersecurity Assessment Tool framework;
aws;In light of the increasing volume and sophistication of cyber threats, the Federal Financial Institutions Examination Council (FFIEC) developed the Cybersecurity Assessment Tool (Assessment), on behalf of its members, to help institutions identify their risks and determine their cybersecurity maturity.;<SANDBOX_ACCOUNT_ID>;ap-southeast-7;2026-08-19 02:30:11.271115;d3-dc-ev-b-1;A normal network activity baseline is established.;Cybersecurity Controls (Domain 3);Detective Controls (DC);;aws;;PASS;Multiregion trail range-trail has been logging in the last 24h.;arn:aws:cloudtrail:ap-southeast-7:<SANDBOX_ACCOUNT_ID>:trail/range-trail;cloudtrail_cloudwatch_logging_enabled;False;range-trail;FFIEC;FFIEC Cybersecurity Assessment Tool framework;
aws;In light of the increasing volume and sophistication of cyber threats, the Federal Financial Institutions Examination Council (FFIEC) developed the Cybersecurity Assessment Tool (Assessment), on behalf of its members, to help institutions identify their risks and determine their cybersecurity maturity.;<SANDBOX_ACCOUNT_ID>;ap-southeast-7;2026-08-19 02:30:11.271115;d3-pc-im-b-3;All ports are monitored.;Cybersecurity Controls (Domain 3);Preventative Controls (PC);;aws;;PASS;Multiregion trail range-trail has been logging in the last 24h.;arn:aws:cloudtrail:ap-southeast-7:<SANDBOX_ACCOUNT_ID>:trail/range-trail;cloudtrail_cloudwatch_logging_enabled;False;range-trail;FFIEC;FFIEC Cybersecurity Assessment Tool framework;
aws;In light of the increasing volume and sophistication of cyber threats, the Federal Financial Institutions Examination Council (FFIEC) developed the Cybersecurity Assessment Tool (Assessment), on behalf of its members, to help institutions identify their risks and determine their cybersecurity maturity.;<SANDBOX_ACCOUNT_ID>;ap-southeast-7;2026-08-19 02:30:11.271115;d3-pc-im-b-7;Access to make changes to systems configurations (including virtual machines and hypervisors) is controlled and monitored.;Cybersecurity Controls (Domain 3);Preventative Controls (PC);;aws;;PASS;Multiregion trail range-trail has been logging in the last 24h.;arn:aws:cloudtrail:ap-southeast-7:<SANDBOX_ACCOUNT_ID>:trail/range-trail;cloudtrail_cloudwatch_logging_enabled;False;range-trail;FFIEC;FFIEC Cybersecurity Assessment Tool framework;
aws;In light of the increasing volume and sophistication of cyber threats, the Federal Financial Institutions Examination Council (FFIEC) developed the Cybersecurity Assessment Tool (Assessment), on behalf of its members, to help institutions identify their risks and determine their cybersecurity maturity.;<SANDBOX_ACCOUNT_ID>;ap-southeast-7;2026-08-19 02:30:11.271115;d5-dr-de-b-3;Tools and processes are in place to detect, alert, and trigger the incident response program.;Cyber Incident Management and Resilience (Domain 5);Detection, Response, & Mitigation (DR);;aws;;PASS;Multiregion trail range-trail has been logging in the last 24h.;arn:aws:cloudtrail:ap-southeast-7:<SANDBOX_ACCOUNT_ID>:trail/range-trail;cloudtrail_cloudwatch_logging_enabled;False;range-trail;FFIEC;FFIEC Cybersecurity Assessment Tool framework;
aws;In light of the increasing volume and sophistication of cyber threats, the Federal Financial Institutions Examination Council (FFIEC) developed the Cybersecurity Assessment Tool (Assessment), on behalf of its members, to help institutions identify their risks and determine their cybersecurity maturity.;<SANDBOX_ACCOUNT_ID>;ap-southeast-7;2026-08-19 02:30:11.271115;d2-ma-ma-b-1;Information security threats are gathered and shared with applicable internal employees.;Threat Intelligence and Collaboration (Domain 2);Monitoring and Analyzing (MA);;aws;;PASS;Trail lz-org-trail is multiregion and it is logging.;arn:aws:cloudtrail:ap-southeast-7:<MANAGEMENT_ACCOUNT_ID>:trail/lz-org-trail;cloudtrail_multi_region_enabled;False;lz-org-trail;FFIEC;FFIEC Cybersecurity Assessment Tool framework;
aws;In light of the increasing volume and sophistication of cyber threats, the Federal Financial Institutions Examination Council (FFIEC) developed the Cybersecurity Assessment Tool (Assessment), on behalf of its members, to help institutions identify their risks and determine their cybersecurity maturity.;<SANDBOX_ACCOUNT_ID>;ap-southeast-7;2026-08-19 02:30:11.271115;d2-ma-ma-b-2;Computer event logs are used for investigations once an event has occurred.;Threat Intelligence and Collaboration (Domain 2);Monitoring and Analyzing (MA);;aws;;PASS;Trail lz-org-trail is multiregion and it is logging.;arn:aws:cloudtrail:ap-southeast-7:<MANAGEMENT_ACCOUNT_ID>:trail/lz-org-trail;cloudtrail_multi_region_enabled;False;lz-org-trail;FFIEC;FFIEC Cybersecurity Assessment Tool framework;
aws;In light of the increasing volume and sophistication of cyber threats, the Federal Financial Institutions Examination Council (FFIEC) developed the Cybersecurity Assessment Tool (Assessment), on behalf of its members, to help institutions identify their risks and determine their cybersecurity maturity.;<SANDBOX_ACCOUNT_ID>;ap-southeast-7;2026-08-19 02:30:11.271115;d3-dc-an-b-3;Logs of physical and/or logical access are reviewed following events.;Cybersecurity Controls (Domain 3);Detective Controls (DC);;aws;;PASS;Trail lz-org-trail is multiregion and it is logging.;arn:aws:cloudtrail:ap-southeast-7:<MANAGEMENT_ACCOUNT_ID>:trail/lz-org-trail;cloudtrail_multi_region_enabled;False;lz-org-trail;FFIEC;FFIEC Cybersecurity Assessment Tool framework;
aws;In light of the increasing volume and sophistication of cyber threats, the Federal Financial Institutions Examination Council (FFIEC) developed the Cybersecurity Assessment Tool (Assessment), on behalf of its members, to help institutions identify their risks and determine their cybersecurity maturity.;<SANDBOX_ACCOUNT_ID>;ap-southeast-7;2026-08-19 02:30:11.271115;d3-dc-an-b-4;Access to critical systems by third parties is monitored for unauthorized or unusual activity.;Cybersecurity Controls (Domain 3);Detective Controls (DC);;aws;;PASS;Trail lz-org-trail is multiregion and it is logging.;arn:aws:cloudtrail:ap-southeast-7:<MANAGEMENT_ACCOUNT_ID>:trail/lz-org-trail;cloudtrail_multi_region_enabled;False;lz-org-trail;FFIEC;FFIEC Cybersecurity Assessment Tool framework;
aws;In light of the increasing volume and sophistication of cyber threats, the Federal Financial Institutions Examination Council (FFIEC) developed the Cybersecurity Assessment Tool (Assessment), on behalf of its members, to help institutions identify their risks and determine their cybersecurity maturity.;<SANDBOX_ACCOUNT_ID>;ap-southeast-7;2026-08-19 02:30:11.271115;d3-dc-an-b-5;Elevated privileges are monitored.;Cybersecurity Controls (Domain 3);Detective Controls (DC);;aws;;PASS;Trail lz-org-trail is multiregion and it is logging.;arn:aws:cloudtrail:ap-southeast-7:<MANAGEMENT_ACCOUNT_ID>:trail/lz-org-trail;cloudtrail_multi_region_enabled;False;lz-org-trail;FFIEC;FFIEC Cybersecurity Assessment Tool framework;
aws;In light of the increasing volume and sophistication of cyber threats, the Federal Financial Institutions Examination Council (FFIEC) developed the Cybersecurity Assessment Tool (Assessment), on behalf of its members, to help institutions identify their risks and determine their cybersecurity maturity.;<SANDBOX_ACCOUNT_ID>;ap-southeast-7;2026-08-19 02:30:11.271115;d3-dc-ev-b-1;A normal network activity baseline is established.;Cybersecurity Controls (Domain 3);Detective Controls (DC);;aws;;PASS;Trail lz-org-trail is multiregion and it is logging.;arn:aws:cloudtrail:ap-southeast-7:<MANAGEMENT_ACCOUNT_ID>:trail/lz-org-trail;cloudtrail_multi_region_enabled;False;lz-org-trail;FFIEC;FFIEC Cybersecurity Assessment Tool framework;
aws;In light of the increasing volume and sophistication of cyber threats, the Federal Financial Institutions Examination Council (FFIEC) developed the Cybersecurity Assessment Tool (Assessment), on behalf of its members, to help institutions identify their risks and determine their cybersecurity maturity.;<SANDBOX_ACCOUNT_ID>;ap-southeast-7;2026-08-19 02:30:11.271115;d3-dc-ev-b-3;Processes are in place to monitor for the presence of unauthorized users, devices, connections, and software.;Cybersecurity Controls (Domain 3);Detective Controls (DC);;aws;;PASS;Trail lz-org-trail is multiregion and it is logging.;arn:aws:cloudtrail:ap-southeast-7:<MANAGEMENT_ACCOUNT_ID>:trail/lz-org-trail;cloudtrail_multi_region_enabled;False;lz-org-trail;FFIEC;FFIEC Cybersecurity Assessment Tool framework;
aws;In light of the increasing volume and sophistication of cyber threats, the Federal Financial Institutions Examination Council (FFIEC) developed the Cybersecurity Assessment Tool (Assessment), on behalf of its members, to help institutions identify their risks and determine their cybersecurity maturity.;<SANDBOX_ACCOUNT_ID>;ap-southeast-7;2026-08-19 02:30:11.271115;d3-pc-im-b-3;All ports are monitored.;Cybersecurity Controls (Domain 3);Preventative Controls (PC);;aws;;PASS;Trail lz-org-trail is multiregion and it is logging.;arn:aws:cloudtrail:ap-southeast-7:<MANAGEMENT_ACCOUNT_ID>:trail/lz-org-trail;cloudtrail_multi_region_enabled;False;lz-org-trail;FFIEC;FFIEC Cybersecurity Assessment Tool framework;
aws;In light of the increasing volume and sophistication of cyber threats, the Federal Financial Institutions Examination Council (FFIEC) developed the Cybersecurity Assessment Tool (Assessment), on behalf of its members, to help institutions identify their risks and determine their cybersecurity maturity.;<SANDBOX_ACCOUNT_ID>;ap-southeast-7;2026-08-19 02:30:11.271115;d3-pc-im-b-7;Access to make changes to systems configurations (including virtual machines and hypervisors) is controlled and monitored.;Cybersecurity Controls (Domain 3);Preventative Controls (PC);;aws;;PASS;Trail lz-org-trail is multiregion and it is logging.;arn:aws:cloudtrail:ap-southeast-7:<MANAGEMENT_ACCOUNT_ID>:trail/lz-org-trail;cloudtrail_multi_region_enabled;False;lz-org-trail;FFIEC;FFIEC Cybersecurity Assessment Tool framework;
aws;In light of the increasing volume and sophistication of cyber threats, the Federal Financial Institutions Examination Council (FFIEC) developed the Cybersecurity Assessment Tool (Assessment), on behalf of its members, to help institutions identify their risks and determine their cybersecurity maturity.;<SANDBOX_ACCOUNT_ID>;ap-southeast-7;2026-08-19 02:30:11.271115;d5-dr-de-b-3;Tools and processes are in place to detect, alert, and trigger the incident response program.;Cyber Incident Management and Resilience (Domain 5);Detection, Response, & Mitigation (DR);;aws;;PASS;Trail lz-org-trail is multiregion and it is logging.;arn:aws:cloudtrail:ap-southeast-7:<MANAGEMENT_ACCOUNT_ID>:trail/lz-org-trail;cloudtrail_multi_region_enabled;False;lz-org-trail;FFIEC;FFIEC Cybersecurity Assessment Tool framework;
aws;In light of the increasing volume and sophistication of cyber threats, the Federal Financial Institutions Examination Council (FFIEC) developed the Cybersecurity Assessment Tool (Assessment), on behalf of its members, to help institutions identify their risks and determine their cybersecurity maturity.;<SANDBOX_ACCOUNT_ID>;ap-southeast-7;2026-08-19 02:30:11.271115;d2-ma-ma-b-1;Information security threats are gathered and shared with applicable internal employees.;Threat Intelligence and Collaboration (Domain 2);Monitoring and Analyzing (MA);;aws;;FAIL;No CloudTrail trails have a data event to record all S3 object-level API operations.;arn:aws:cloudtrail:ap-southeast-7:<SANDBOX_ACCOUNT_ID>:trail;cloudtrail_s3_dataevents_read_enabled;False;<SANDBOX_ACCOUNT_ID>;FFIEC;FFIEC Cybersecurity Assessment Tool framework;
aws;In light of the increasing volume and sophistication of cyber threats, the Federal Financial Institutions Examination Council (FFIEC) developed the Cybersecurity Assessment Tool (Assessment), on behalf of its members, to help institutions identify their risks and determine their cybersecurity maturity.;<SANDBOX_ACCOUNT_ID>;ap-southeast-7;2026-08-19 02:30:11.271115;d2-ma-ma-b-2;Computer event logs are used for investigations once an event has occurred.;Threat Intelligence and Collaboration (Domain 2);Monitoring and Analyzing (MA);;aws;;FAIL;No CloudTrail trails have a data event to record all S3 object-level API operations.;arn:aws:cloudtrail:ap-southeast-7:<SANDBOX_ACCOUNT_ID>:trail;cloudtrail_s3_dataevents_read_enabled;False;<SANDBOX_ACCOUNT_ID>;FFIEC;FFIEC Cybersecurity Assessment Tool framework;
aws;In light of the increasing volume and sophistication of cyber threats, the Federal Financial Institutions Examination Council (FFIEC) developed the Cybersecurity Assessment Tool (Assessment), on behalf of its members, to help institutions identify their risks and determine their cybersecurity maturity.;<SANDBOX_ACCOUNT_ID>;ap-southeast-7;2026-08-19 02:30:11.271115;d3-dc-an-b-3;Logs of physical and/or logical access are reviewed following events.;Cybersecurity Controls (Domain 3);Detective Controls (DC);;aws;;FAIL;No CloudTrail trails have a data event to record all S3 object-level API operations.;arn:aws:cloudtrail:ap-southeast-7:<SANDBOX_ACCOUNT_ID>:trail;cloudtrail_s3_dataevents_read_enabled;False;<SANDBOX_ACCOUNT_ID>;FFIEC;FFIEC Cybersecurity Assessment Tool framework;
aws;In light of the increasing volume and sophistication of cyber threats, the Federal Financial Institutions Examination Council (FFIEC) developed the Cybersecurity Assessment Tool (Assessment), on behalf of its members, to help institutions identify their risks and determine their cybersecurity maturity.;<SANDBOX_ACCOUNT_ID>;ap-southeast-7;2026-08-19 02:30:11.271115;d3-dc-an-b-4;Access to critical systems by third parties is monitored for unauthorized or unusual activity.;Cybersecurity Controls (Domain 3);Detective Controls (DC);;aws;;FAIL;No CloudTrail trails have a data event to record all S3 object-level API operations.;arn:aws:cloudtrail:ap-southeast-7:<SANDBOX_ACCOUNT_ID>:trail;cloudtrail_s3_dataevents_read_enabled;False;<SANDBOX_ACCOUNT_ID>;FFIEC;FFIEC Cybersecurity Assessment Tool framework;
aws;In light of the increasing volume and sophistication of cyber threats, the Federal Financial Institutions Examination Council (FFIEC) developed the Cybersecurity Assessment Tool (Assessment), on behalf of its members, to help institutions identify their risks and determine their cybersecurity maturity.;<SANDBOX_ACCOUNT_ID>;ap-southeast-7;2026-08-19 02:30:11.271115;d3-dc-ev-b-1;A normal network activity baseline is established.;Cybersecurity Controls (Domain 3);Detective Controls (DC);;aws;;FAIL;No CloudTrail trails have a data event to record all S3 object-level API operations.;arn:aws:cloudtrail:ap-southeast-7:<SANDBOX_ACCOUNT_ID>:trail;cloudtrail_s3_dataevents_read_enabled;False;<SANDBOX_ACCOUNT_ID>;FFIEC;FFIEC Cybersecurity Assessment Tool framework;
aws;In light of the increasing volume and sophistication of cyber threats, the Federal Financial Institutions Examination Council (FFIEC) developed the Cybersecurity Assessment Tool (Assessment), on behalf of its members, to help institutions identify their risks and determine their cybersecurity maturity.;<SANDBOX_ACCOUNT_ID>;ap-southeast-7;2026-08-19 02:30:11.271115;d5-dr-de-b-3;Tools and processes are in place to detect, alert, and trigger the incident response program.;Cyber Incident Management and Resilience (Domain 5);Detection, Response, & Mitigation (DR);;aws;;FAIL;No CloudTrail trails have a data event to record all S3 object-level API operations.;arn:aws:cloudtrail:ap-southeast-7:<SANDBOX_ACCOUNT_ID>:trail;cloudtrail_s3_dataevents_read_enabled;False;<SANDBOX_ACCOUNT_ID>;FFIEC;FFIEC Cybersecurity Assessment Tool framework;
aws;In light of the increasing volume and sophistication of cyber threats, the Federal Financial Institutions Examination Council (FFIEC) developed the Cybersecurity Assessment Tool (Assessment), on behalf of its members, to help institutions identify their risks and determine their cybersecurity maturity.;<SANDBOX_ACCOUNT_ID>;ap-southeast-7;2026-08-19 02:30:11.271115;d2-ma-ma-b-1;Information security threats are gathered and shared with applicable internal employees.;Threat Intelligence and Collaboration (Domain 2);Monitoring and Analyzing (MA);;aws;;FAIL;No CloudTrail trails have a data event to record all S3 object-level API operations.;arn:aws:cloudtrail:ap-southeast-7:<SANDBOX_ACCOUNT_ID>:trail;cloudtrail_s3_dataevents_write_enabled;False;<SANDBOX_ACCOUNT_ID>;FFIEC;FFIEC Cybersecurity Assessment Tool framework;
aws;In light of the increasing volume and sophistication of cyber threats, the Federal Financial Institutions Examination Council (FFIEC) developed the Cybersecurity Assessment Tool (Assessment), on behalf of its members, to help institutions identify their risks and determine their cybersecurity maturity.;<SANDBOX_ACCOUNT_ID>;ap-southeast-7;2026-08-19 02:30:11.271115;d2-ma-ma-b-2;Computer event logs are used for investigations once an event has occurred.;Threat Intelligence and Collaboration (Domain 2);Monitoring and Analyzing (MA);;aws;;FAIL;No CloudTrail trails have a data event to record all S3 object-level API operations.;arn:aws:cloudtrail:ap-southeast-7:<SANDBOX_ACCOUNT_ID>:trail;cloudtrail_s3_dataevents_write_enabled;False;<SANDBOX_ACCOUNT_ID>;FFIEC;FFIEC Cybersecurity Assessment Tool framework;
aws;In light of the increasing volume and sophistication of cyber threats, the Federal Financial Institutions Examination Council (FFIEC) developed the Cybersecurity Assessment Tool (Assessment), on behalf of its members, to help institutions identify their risks and determine their cybersecurity maturity.;<SANDBOX_ACCOUNT_ID>;ap-southeast-7;2026-08-19 02:30:11.271115;d3-dc-an-b-3;Logs of physical and/or logical access are reviewed following events.;Cybersecurity Controls (Domain 3);Detective Controls (DC);;aws;;FAIL;No CloudTrail trails have a data event to record all S3 object-level API operations.;arn:aws:cloudtrail:ap-southeast-7:<SANDBOX_ACCOUNT_ID>:trail;cloudtrail_s3_dataevents_write_enabled;False;<SANDBOX_ACCOUNT_ID>;FFIEC;FFIEC Cybersecurity Assessment Tool framework;
aws;In light of the increasing volume and sophistication of cyber threats, the Federal Financial Institutions Examination Council (FFIEC) developed the Cybersecurity Assessment Tool (Assessment), on behalf of its members, to help institutions identify their risks and determine their cybersecurity maturity.;<SANDBOX_ACCOUNT_ID>;ap-southeast-7;2026-08-19 02:30:11.271115;d3-dc-an-b-4;Access to critical systems by third parties is monitored for unauthorized or unusual activity.;Cybersecurity Controls (Domain 3);Detective Controls (DC);;aws;;FAIL;No CloudTrail trails have a data event to record all S3 object-level API operations.;arn:aws:cloudtrail:ap-southeast-7:<SANDBOX_ACCOUNT_ID>:trail;cloudtrail_s3_dataevents_write_enabled;False;<SANDBOX_ACCOUNT_ID>;FFIEC;FFIEC Cybersecurity Assessment Tool framework;
aws;In light of the increasing volume and sophistication of cyber threats, the Federal Financial Institutions Examination Council (FFIEC) developed the Cybersecurity Assessment Tool (Assessment), on behalf of its members, to help institutions identify their risks and determine their cybersecurity maturity.;<SANDBOX_ACCOUNT_ID>;ap-southeast-7;2026-08-19 02:30:11.271115;d3-dc-ev-b-1;A normal network activity baseline is established.;Cybersecurity Controls (Domain 3);Detective Controls (DC);;aws;;FAIL;No CloudTrail trails have a data event to record all S3 object-level API operations.;arn:aws:cloudtrail:ap-southeast-7:<SANDBOX_ACCOUNT_ID>:trail;cloudtrail_s3_dataevents_write_enabled;False;<SANDBOX_ACCOUNT_ID>;FFIEC;FFIEC Cybersecurity Assessment Tool framework;
aws;In light of the increasing volume and sophistication of cyber threats, the Federal Financial Institutions Examination Council (FFIEC) developed the Cybersecurity Assessment Tool (Assessment), on behalf of its members, to help institutions identify their risks and determine their cybersecurity maturity.;<SANDBOX_ACCOUNT_ID>;ap-southeast-7;2026-08-19 02:30:11.271115;d5-dr-de-b-3;Tools and processes are in place to detect, alert, and trigger the incident response program.;Cyber Incident Management and Resilience (Domain 5);Detection, Response, & Mitigation (DR);;aws;;FAIL;No CloudTrail trails have a data event to record all S3 object-level API operations.;arn:aws:cloudtrail:ap-southeast-7:<SANDBOX_ACCOUNT_ID>:trail;cloudtrail_s3_dataevents_write_enabled;False;<SANDBOX_ACCOUNT_ID>;FFIEC;FFIEC Cybersecurity Assessment Tool framework;
aws;In light of the increasing volume and sophistication of cyber threats, the Federal Financial Institutions Examination Council (FFIEC) developed the Cybersecurity Assessment Tool (Assessment), on behalf of its members, to help institutions identify their risks and determine their cybersecurity maturity.;<SANDBOX_ACCOUNT_ID>;ap-southeast-7;2026-08-19 02:30:11.271115;d5-dr-de-b-1;Alert parameters are set for detecting information security incidents that prompt mitigating actions.;Cyber Incident Management and Resilience (Domain 5);Detection, Response, & Mitigation (DR);;aws;;FAIL;No CloudWatch log groups found with metric filters or alarms associated.;arn:aws:logs:ap-southeast-7:<SANDBOX_ACCOUNT_ID>:log-group;cloudwatch_changes_to_network_acls_alarm_configured;False;<SANDBOX_ACCOUNT_ID>;FFIEC;FFIEC Cybersecurity Assessment Tool framework;
aws;In light of the increasing volume and sophistication of cyber threats, the Federal Financial Institutions Examination Council (FFIEC) developed the Cybersecurity Assessment Tool (Assessment), on behalf of its members, to help institutions identify their risks and determine their cybersecurity maturity.;<SANDBOX_ACCOUNT_ID>;ap-southeast-7;2026-08-19 02:30:11.271115;d5-dr-de-b-3;Tools and processes are in place to detect, alert, and trigger the incident response program.;Cyber Incident Management and Resilience (Domain 5);Detection, Response, & Mitigation (DR);;aws;;FAIL;No CloudWatch log groups found with metric filters or alarms associated.;arn:aws:logs:ap-southeast-7:<SANDBOX_ACCOUNT_ID>:log-group;cloudwatch_changes_to_network_acls_alarm_configured;False;<SANDBOX_ACCOUNT_ID>;FFIEC;FFIEC Cybersecurity Assessment Tool framework;
aws;In light of the increasing volume and sophistication of cyber threats, the Federal Financial Institutions Examination Council (FFIEC) developed the Cybersecurity Assessment Tool (Assessment), on behalf of its members, to help institutions identify their risks and determine their cybersecurity maturity.;<SANDBOX_ACCOUNT_ID>;ap-southeast-7;2026-08-19 02:30:11.271115;d5-dr-de-b-1;Alert parameters are set for detecting information security incidents that prompt mitigating actions.;Cyber Incident Management and Resilience (Domain 5);Detection, Response, & Mitigation (DR);;aws;;FAIL;No CloudWatch log groups found with metric filters or alarms associated.;arn:aws:logs:ap-southeast-7:<SANDBOX_ACCOUNT_ID>:log-group;cloudwatch_changes_to_network_gateways_alarm_configured;False;<SANDBOX_ACCOUNT_ID>;FFIEC;FFIEC Cybersecurity Assessment Tool framework;
aws;In light of the increasing volume and sophistication of cyber threats, the Federal Financial Institutions Examination Council (FFIEC) developed the Cybersecurity Assessment Tool (Assessment), on behalf of its members, to help institutions identify their risks and determine their cybersecurity maturity.;<SANDBOX_ACCOUNT_ID>;ap-southeast-7;2026-08-19 02:30:11.271115;d5-dr-de-b-3;Tools and processes are in place to detect, alert, and trigger the incident response program.;Cyber Incident Management and Resilience (Domain 5);Detection, Response, & Mitigation (DR);;aws;;FAIL;No CloudWatch log groups found with metric filters or alarms associated.;arn:aws:logs:ap-southeast-7:<SANDBOX_ACCOUNT_ID>:log-group;cloudwatch_changes_to_network_gateways_alarm_configured;False;<SANDBOX_ACCOUNT_ID>;FFIEC;FFIEC Cybersecurity Assessment Tool framework;
aws;In light of the increasing volume and sophistication of cyber threats, the Federal Financial Institutions Examination Council (FFIEC) developed the Cybersecurity Assessment Tool (Assessment), on behalf of its members, to help institutions identify their risks and determine their cybersecurity maturity.;<SANDBOX_ACCOUNT_ID>;ap-southeast-7;2026-08-19 02:30:11.271115;d5-dr-de-b-1;Alert parameters are set for detecting information security incidents that prompt mitigating actions.;Cyber Incident Management and Resilience (Domain 5);Detection, Response, & Mitigation (DR);;aws;;FAIL;No CloudWatch log groups found with metric filters or alarms associated.;arn:aws:logs:ap-southeast-7:<SANDBOX_ACCOUNT_ID>:log-group;cloudwatch_changes_to_network_route_tables_alarm_configured;False;<SANDBOX_ACCOUNT_ID>;FFIEC;FFIEC Cybersecurity Assessment Tool framework;
aws;In light of the increasing volume and sophistication of cyber threats, the Federal Financial Institutions Examination Council (FFIEC) developed the Cybersecurity Assessment Tool (Assessment), on behalf of its members, to help institutions identify their risks and determine their cybersecurity maturity.;<SANDBOX_ACCOUNT_ID>;ap-southeast-7;2026-08-19 02:30:11.271115;d5-dr-de-b-3;Tools and processes are in place to detect, alert, and trigger the incident response program.;Cyber Incident Management and Resilience (Domain 5);Detection, Response, & Mitigation (DR);;aws;;FAIL;No CloudWatch log groups found with metric filters or alarms associated.;arn:aws:logs:ap-southeast-7:<SANDBOX_ACCOUNT_ID>:log-group;cloudwatch_changes_to_network_route_tables_alarm_configured;False;<SANDBOX_ACCOUNT_ID>;FFIEC;FFIEC Cybersecurity Assessment Tool framework;
aws;In light of the increasing volume and sophistication of cyber threats, the Federal Financial Institutions Examination Council (FFIEC) developed the Cybersecurity Assessment Tool (Assessment), on behalf of its members, to help institutions identify their risks and determine their cybersecurity maturity.;<SANDBOX_ACCOUNT_ID>;ap-southeast-7;2026-08-19 02:30:11.271115;d5-dr-de-b-1;Alert parameters are set for detecting information security incidents that prompt mitigating actions.;Cyber Incident Management and Resilience (Domain 5);Detection, Response, & Mitigation (DR);;aws;;FAIL;No CloudWatch log groups found with metric filters or alarms associated.;arn:aws:logs:ap-southeast-7:<SANDBOX_ACCOUNT_ID>:log-group;cloudwatch_changes_to_vpcs_alarm_configured;False;<SANDBOX_ACCOUNT_ID>;FFIEC;FFIEC Cybersecurity Assessment Tool framework;
aws;In light of the increasing volume and sophistication of cyber threats, the Federal Financial Institutions Examination Council (FFIEC) developed the Cybersecurity Assessment Tool (Assessment), on behalf of its members, to help institutions identify their risks and determine their cybersecurity maturity.;<SANDBOX_ACCOUNT_ID>;ap-southeast-7;2026-08-19 02:30:11.271115;d5-dr-de-b-3;Tools and processes are in place to detect, alert, and trigger the incident response program.;Cyber Incident Management and Resilience (Domain 5);Detection, Response, & Mitigation (DR);;aws;;FAIL;No CloudWatch log groups found with metric filters or alarms associated.;arn:aws:logs:ap-southeast-7:<SANDBOX_ACCOUNT_ID>:log-group;cloudwatch_changes_to_vpcs_alarm_configured;False;<SANDBOX_ACCOUNT_ID>;FFIEC;FFIEC Cybersecurity Assessment Tool framework;
aws;In light of the increasing volume and sophistication of cyber threats, the Federal Financial Institutions Examination Council (FFIEC) developed the Cybersecurity Assessment Tool (Assessment), on behalf of its members, to help institutions identify their risks and determine their cybersecurity maturity.;<SANDBOX_ACCOUNT_ID>;ap-southeast-7;2026-08-19 02:30:11.271115;d2-ma-ma-b-1;Information security threats are gathered and shared with applicable internal employees.;Threat Intelligence and Collaboration (Domain 2);Monitoring and Analyzing (MA);;aws;;FAIL;Log Group /aws/cloudtrail/range has less than 365 days retention period (7 days).;arn:aws:logs:ap-southeast-7:<SANDBOX_ACCOUNT_ID>:log-group:/aws/cloudtrail/range:*;cloudwatch_log_group_retention_policy_specific_days_enabled;False;/aws/cloudtrail/range;FFIEC;FFIEC Cybersecurity Assessment Tool framework;
aws;In light of the increasing volume and sophistication of cyber threats, the Federal Financial Institutions Examination Council (FFIEC) developed the Cybersecurity Assessment Tool (Assessment), on behalf of its members, to help institutions identify their risks and determine their cybersecurity maturity.;<SANDBOX_ACCOUNT_ID>;ap-southeast-7;2026-08-19 02:30:11.271115;d1-rm-ra-b-2;The risk assessment identifies Internet- based systems and high-risk transactions that warrant additional authentication controls.;Cyber Risk Management and Oversight (Domain 1);Risk Management (RM);;aws;;PASS;GuardDuty detector c0cfc223468df81e40fec5257649bb70 enabled.;arn:aws:guardduty:ap-southeast-7:<SANDBOX_ACCOUNT_ID>:detector/c0cfc223468df81e40fec5257649bb70;guardduty_is_enabled;False;c0cfc223468df81e40fec5257649bb70;FFIEC;FFIEC Cybersecurity Assessment Tool framework;
aws;In light of the increasing volume and sophistication of cyber threats, the Federal Financial Institutions Examination Council (FFIEC) developed the Cybersecurity Assessment Tool (Assessment), on behalf of its members, to help institutions identify their risks and determine their cybersecurity maturity.;<SANDBOX_ACCOUNT_ID>;ap-southeast-7;2026-08-19 02:30:11.271115;d2-is-is-b-1;Information security threats are gathered and shared with applicable internal employees.;Threat Intelligence and Collaboration (Domain 2);Information Sharing (IS);;aws;;PASS;GuardDuty detector c0cfc223468df81e40fec5257649bb70 enabled.;arn:aws:guardduty:ap-southeast-7:<SANDBOX_ACCOUNT_ID>:detector/c0cfc223468df81e40fec5257649bb70;guardduty_is_enabled;False;c0cfc223468df81e40fec5257649bb70;FFIEC;FFIEC Cybersecurity Assessment Tool framework;
aws;In light of the increasing volume and sophistication of cyber threats, the Federal Financial Institutions Examination Council (FFIEC) developed the Cybersecurity Assessment Tool (Assessment), on behalf of its members, to help institutions identify their risks and determine their cybersecurity maturity.;<SANDBOX_ACCOUNT_ID>;ap-southeast-7;2026-08-19 02:30:11.271115;d2-ti-ti-b-1;The institution belongs or subscribes to a threat and vulnerability information-sharing source(s) that provides information on threats (e.g., FS-ISAC, US- CERT).;Threat Intelligence and Collaboration (Domain 2);Threat Intelligence (TI);;aws;;PASS;GuardDuty detector c0cfc223468df81e40fec5257649bb70 enabled.;arn:aws:guardduty:ap-southeast-7:<SANDBOX_ACCOUNT_ID>:detector/c0cfc223468df81e40fec5257649bb70;guardduty_is_enabled;False;c0cfc223468df81e40fec5257649bb70;FFIEC;FFIEC Cybersecurity Assessment Tool framework;
aws;In light of the increasing volume and sophistication of cyber threats, the Federal Financial Institutions Examination Council (FFIEC) developed the Cybersecurity Assessment Tool (Assessment), on behalf of its members, to help institutions identify their risks and determine their cybersecurity maturity.;<SANDBOX_ACCOUNT_ID>;ap-southeast-7;2026-08-19 02:30:11.271115;d2-ti-ti-b-2;Threat information is used to monitor threats and vulnerabilities.;Threat Intelligence and Collaboration (Domain 2);Threat Intelligence (TI);;aws;;PASS;GuardDuty detector c0cfc223468df81e40fec5257649bb70 enabled.;arn:aws:guardduty:ap-southeast-7:<SANDBOX_ACCOUNT_ID>:detector/c0cfc223468df81e40fec5257649bb70;guardduty_is_enabled;False;c0cfc223468df81e40fec5257649bb70;FFIEC;FFIEC Cybersecurity Assessment Tool framework;
aws;In light of the increasing volume and sophistication of cyber threats, the Federal Financial Institutions Examination Council (FFIEC) developed the Cybersecurity Assessment Tool (Assessment), on behalf of its members, to help institutions identify their risks and determine their cybersecurity maturity.;<SANDBOX_ACCOUNT_ID>;ap-southeast-7;2026-08-19 02:30:11.271115;d2-ti-ti-b-3;Threat information is used to enhance internal risk management and controls.;Threat Intelligence and Collaboration (Domain 2);Threat Intelligence (TI);;aws;;PASS;GuardDuty detector c0cfc223468df81e40fec5257649bb70 enabled.;arn:aws:guardduty:ap-southeast-7:<SANDBOX_ACCOUNT_ID>:detector/c0cfc223468df81e40fec5257649bb70;guardduty_is_enabled;False;c0cfc223468df81e40fec5257649bb70;FFIEC;FFIEC Cybersecurity Assessment Tool framework;
aws;In light of the increasing volume and sophistication of cyber threats, the Federal Financial Institutions Examination Council (FFIEC) developed the Cybersecurity Assessment Tool (Assessment), on behalf of its members, to help institutions identify their risks and determine their cybersecurity maturity.;<SANDBOX_ACCOUNT_ID>;ap-southeast-7;2026-08-19 02:30:11.271115;d3-dc-an-b-1;The institution is able to detect anomalous activities through monitoring across the environment.;Cybersecurity Controls (Domain 3);Detective Controls (DC);;aws;;PASS;GuardDuty detector c0cfc223468df81e40fec5257649bb70 enabled.;arn:aws:guardduty:ap-southeast-7:<SANDBOX_ACCOUNT_ID>:detector/c0cfc223468df81e40fec5257649bb70;guardduty_is_enabled;False;c0cfc223468df81e40fec5257649bb70;FFIEC;FFIEC Cybersecurity Assessment Tool framework;
aws;In light of the increasing volume and sophistication of cyber threats, the Federal Financial Institutions Examination Council (FFIEC) developed the Cybersecurity Assessment Tool (Assessment), on behalf of its members, to help institutions identify their risks and determine their cybersecurity maturity.;<SANDBOX_ACCOUNT_ID>;ap-southeast-7;2026-08-19 02:30:11.271115;d3-dc-an-b-2;Customer transactions generating anomalous activity alerts are monitored and reviewed.;Cybersecurity Controls (Domain 3);Detective Controls (DC);;aws;;PASS;GuardDuty detector c0cfc223468df81e40fec5257649bb70 enabled.;arn:aws:guardduty:ap-southeast-7:<SANDBOX_ACCOUNT_ID>:detector/c0cfc223468df81e40fec5257649bb70;guardduty_is_enabled;False;c0cfc223468df81e40fec5257649bb70;FFIEC;FFIEC Cybersecurity Assessment Tool framework;
aws;In light of the increasing volume and sophistication of cyber threats, the Federal Financial Institutions Examination Council (FFIEC) developed the Cybersecurity Assessment Tool (Assessment), on behalf of its members, to help institutions identify their risks and determine their cybersecurity maturity.;<SANDBOX_ACCOUNT_ID>;ap-southeast-7;2026-08-19 02:30:11.271115;d3-dc-ev-b-2;Mechanisms (e.g., antivirus alerts, log event alerts) are in place to alert management to potential attacks.;Cybersecurity Controls (Domain 3);Detective Controls (DC);;aws;;PASS;GuardDuty detector c0cfc223468df81e40fec5257649bb70 enabled.;arn:aws:guardduty:ap-southeast-7:<SANDBOX_ACCOUNT_ID>:detector/c0cfc223468df81e40fec5257649bb70;guardduty_is_enabled;False;c0cfc223468df81e40fec5257649bb70;FFIEC;FFIEC Cybersecurity Assessment Tool framework;
aws;In light of the increasing volume and sophistication of cyber threats, the Federal Financial Institutions Examination Council (FFIEC) developed the Cybersecurity Assessment Tool (Assessment), on behalf of its members, to help institutions identify their risks and determine their cybersecurity maturity.;<SANDBOX_ACCOUNT_ID>;ap-southeast-7;2026-08-19 02:30:11.271115;d3-dc-ev-b-3;Processes are in place to monitor for the presence of unauthorized users, devices, connections, and software.;Cybersecurity Controls (Domain 3);Detective Controls (DC);;aws;;PASS;GuardDuty detector c0cfc223468df81e40fec5257649bb70 enabled.;arn:aws:guardduty:ap-southeast-7:<SANDBOX_ACCOUNT_ID>:detector/c0cfc223468df81e40fec5257649bb70;guardduty_is_enabled;False;c0cfc223468df81e40fec5257649bb70;FFIEC;FFIEC Cybersecurity Assessment Tool framework;
aws;In light of the increasing volume and sophistication of cyber threats, the Federal Financial Institutions Examination Council (FFIEC) developed the Cybersecurity Assessment Tool (Assessment), on behalf of its members, to help institutions identify their risks and determine their cybersecurity maturity.;<SANDBOX_ACCOUNT_ID>;ap-southeast-7;2026-08-19 02:30:11.271115;d3-dc-th-b-1;Independent testing (including penetration testing and vulnerability scanning) is conducted according to the risk assessment for external-facing systems and the internal network.;Cybersecurity Controls (Domain 3);Detective Controls (DC);;aws;;PASS;GuardDuty detector c0cfc223468df81e40fec5257649bb70 enabled.;arn:aws:guardduty:ap-southeast-7:<SANDBOX_ACCOUNT_ID>:detector/c0cfc223468df81e40fec5257649bb70;guardduty_is_enabled;False;c0cfc223468df81e40fec5257649bb70;FFIEC;FFIEC Cybersecurity Assessment Tool framework;
aws;In light of the increasing volume and sophistication of cyber threats, the Federal Financial Institutions Examination Council (FFIEC) developed the Cybersecurity Assessment Tool (Assessment), on behalf of its members, to help institutions identify their risks and determine their cybersecurity maturity.;<SANDBOX_ACCOUNT_ID>;ap-southeast-7;2026-08-19 02:30:11.271115;d5-dr-de-b-1;Alert parameters are set for detecting information security incidents that prompt mitigating actions.;Cyber Incident Management and Resilience (Domain 5);Detection, Response, & Mitigation (DR);;aws;;PASS;GuardDuty detector c0cfc223468df81e40fec5257649bb70 enabled.;arn:aws:guardduty:ap-southeast-7:<SANDBOX_ACCOUNT_ID>:detector/c0cfc223468df81e40fec5257649bb70;guardduty_is_enabled;False;c0cfc223468df81e40fec5257649bb70;FFIEC;FFIEC Cybersecurity Assessment Tool framework;
aws;In light of the increasing volume and sophistication of cyber threats, the Federal Financial Institutions Examination Council (FFIEC) developed the Cybersecurity Assessment Tool (Assessment), on behalf of its members, to help institutions identify their risks and determine their cybersecurity maturity.;<SANDBOX_ACCOUNT_ID>;ap-southeast-7;2026-08-19 02:30:11.271115;d5-dr-de-b-3;Tools and processes are in place to detect, alert, and trigger the incident response program.;Cyber Incident Management and Resilience (Domain 5);Detection, Response, & Mitigation (DR);;aws;;PASS;GuardDuty detector c0cfc223468df81e40fec5257649bb70 enabled.;arn:aws:guardduty:ap-southeast-7:<SANDBOX_ACCOUNT_ID>:detector/c0cfc223468df81e40fec5257649bb70;guardduty_is_enabled;False;c0cfc223468df81e40fec5257649bb70;FFIEC;FFIEC Cybersecurity Assessment Tool framework;
aws;In light of the increasing volume and sophistication of cyber threats, the Federal Financial Institutions Examination Council (FFIEC) developed the Cybersecurity Assessment Tool (Assessment), on behalf of its members, to help institutions identify their risks and determine their cybersecurity maturity.;<SANDBOX_ACCOUNT_ID>;ap-southeast-7;2026-08-19 02:30:11.271115;d3-dc-an-b-1;The institution is able to detect anomalous activities through monitoring across the environment.;Cybersecurity Controls (Domain 3);Detective Controls (DC);;aws;;FAIL;GuardDuty detector c0cfc223468df81e40fec5257649bb70 has 162 high severity findings.;arn:aws:guardduty:ap-southeast-7:<SANDBOX_ACCOUNT_ID>:detector/c0cfc223468df81e40fec5257649bb70;guardduty_no_high_severity_findings;False;c0cfc223468df81e40fec5257649bb70;FFIEC;FFIEC Cybersecurity Assessment Tool framework;
aws;In light of the increasing volume and sophistication of cyber threats, the Federal Financial Institutions Examination Council (FFIEC) developed the Cybersecurity Assessment Tool (Assessment), on behalf of its members, to help institutions identify their risks and determine their cybersecurity maturity.;<SANDBOX_ACCOUNT_ID>;ap-southeast-7;2026-08-19 02:30:11.271115;d5-er-es-b-4;Incidents are classified, logged and tracked.;Cyber Incident Management and Resilience (Domain 5);Escalation and Reporting (ER);;aws;;FAIL;GuardDuty detector c0cfc223468df81e40fec5257649bb70 has 162 high severity findings.;arn:aws:guardduty:ap-southeast-7:<SANDBOX_ACCOUNT_ID>:detector/c0cfc223468df81e40fec5257649bb70;guardduty_no_high_severity_findings;False;c0cfc223468df81e40fec5257649bb70;FFIEC;FFIEC Cybersecurity Assessment Tool framework;
aws;In light of the increasing volume and sophistication of cyber threats, the Federal Financial Institutions Examination Council (FFIEC) developed the Cybersecurity Assessment Tool (Assessment), on behalf of its members, to help institutions identify their risks and determine their cybersecurity maturity.;<SANDBOX_ACCOUNT_ID>;ap-southeast-7;2026-08-19 02:30:11.271115;d3-pc-am-b-1;Employee access is granted to systems and confidential data based on job responsibilities and the principles of least privilege.;Cybersecurity Controls (Domain 3);Preventative Controls (PC);;aws;;PASS;AWS policy AWSSSOServiceRolePolicy is attached but does not allow '*:*' administrative privileges.;arn:aws:iam::aws:policy/aws-service-role/AWSSSOServiceRolePolicy;iam_aws_attached_policy_no_administrative_privileges;False;AWSSSOServiceRolePolicy;FFIEC;FFIEC Cybersecurity Assessment Tool framework;
aws;In light of the increasing volume and sophistication of cyber threats, the Federal Financial Institutions Examination Council (FFIEC) developed the Cybersecurity Assessment Tool (Assessment), on behalf of its members, to help institutions identify their risks and determine their cybersecurity maturity.;<SANDBOX_ACCOUNT_ID>;ap-southeast-7;2026-08-19 02:30:11.271115;d3-pc-am-b-16;Administrative, physical, or technical controls are in place to prevent users without administrative responsibilities from installing unauthorized software.;Cybersecurity Controls (Domain 3);Preventative Controls (PC);;aws;;PASS;AWS policy AWSSSOServiceRolePolicy is attached but does not allow '*:*' administrative privileges.;arn:aws:iam::aws:policy/aws-service-role/AWSSSOServiceRolePolicy;iam_aws_attached_policy_no_administrative_privileges;False;AWSSSOServiceRolePolicy;FFIEC;FFIEC Cybersecurity Assessment Tool framework;
aws;In light of the increasing volume and sophistication of cyber threats, the Federal Financial Institutions Examination Council (FFIEC) developed the Cybersecurity Assessment Tool (Assessment), on behalf of its members, to help institutions identify their risks and determine their cybersecurity maturity.;<SANDBOX_ACCOUNT_ID>;ap-southeast-7;2026-08-19 02:30:11.271115;d3-pc-am-b-2;Employee access to systems and confidential data provides for separation of duties.;Cybersecurity Controls (Domain 3);Preventative Controls (PC);;aws;;PASS;AWS policy AWSSSOServiceRolePolicy is attached but does not allow '*:*' administrative privileges.;arn:aws:iam::aws:policy/aws-service-role/AWSSSOServiceRolePolicy;iam_aws_attached_policy_no_administrative_privileges;False;AWSSSOServiceRolePolicy;FFIEC;FFIEC Cybersecurity Assessment Tool framework;
aws;In light of the increasing volume and sophistication of cyber threats, the Federal Financial Institutions Examination Council (FFIEC) developed the Cybersecurity Assessment Tool (Assessment), on behalf of its members, to help institutions identify their risks and determine their cybersecurity maturity.;<SANDBOX_ACCOUNT_ID>;ap-southeast-7;2026-08-19 02:30:11.271115;d3-pc-am-b-3;Elevated privileges (e.g., administrator privileges) are limited and tightly controlled (e.g., assigned to individuals, not shared, and require stronger password controls;Cybersecurity Controls (Domain 3);Preventative Controls (PC);;aws;;PASS;AWS policy AWSSSOServiceRolePolicy is attached but does not allow '*:*' administrative privileges.;arn:aws:iam::aws:policy/aws-service-role/AWSSSOServiceRolePolicy;iam_aws_attached_policy_no_administrative_privileges;False;AWSSSOServiceRolePolicy;FFIEC;FFIEC Cybersecurity Assessment Tool framework;
aws;In light of the increasing volume and sophistication of cyber threats, the Federal Financial Institutions Examination Council (FFIEC) developed the Cybersecurity Assessment Tool (Assessment), on behalf of its members, to help institutions identify their risks and determine their cybersecurity maturity.;<SANDBOX_ACCOUNT_ID>;ap-southeast-7;2026-08-19 02:30:11.271115;d3-pc-am-b-6;Identification and authentication are required and managed for access to systems, applications, and hardware.;Cybersecurity Controls (Domain 3);Preventative Controls (PC);;aws;;PASS;AWS policy AWSSSOServiceRolePolicy is attached but does not allow '*:*' administrative privileges.;arn:aws:iam::aws:policy/aws-service-role/AWSSSOServiceRolePolicy;iam_aws_attached_policy_no_administrative_privileges;False;AWSSSOServiceRolePolicy;FFIEC;FFIEC Cybersecurity Assessment Tool framework;
aws;In light of the increasing volume and sophistication of cyber threats, the Federal Financial Institutions Examination Council (FFIEC) developed the Cybersecurity Assessment Tool (Assessment), on behalf of its members, to help institutions identify their risks and determine their cybersecurity maturity.;<SANDBOX_ACCOUNT_ID>;ap-southeast-7;2026-08-19 02:30:11.271115;d3-pc-im-b-7;Access to make changes to systems configurations (including virtual machines and hypervisors) is controlled and monitored.;Cybersecurity Controls (Domain 3);Preventative Controls (PC);;aws;;PASS;AWS policy AWSSSOServiceRolePolicy is attached but does not allow '*:*' administrative privileges.;arn:aws:iam::aws:policy/aws-service-role/AWSSSOServiceRolePolicy;iam_aws_attached_policy_no_administrative_privileges;False;AWSSSOServiceRolePolicy;FFIEC;FFIEC Cybersecurity Assessment Tool framework;
aws;In light of the increasing volume and sophistication of cyber threats, the Federal Financial Institutions Examination Council (FFIEC) developed the Cybersecurity Assessment Tool (Assessment), on behalf of its members, to help institutions identify their risks and determine their cybersecurity maturity.;<SANDBOX_ACCOUNT_ID>;ap-southeast-7;2026-08-19 02:30:11.271115;d3-pc-am-b-1;Employee access is granted to systems and confidential data based on job responsibilities and the principles of least privilege.;Cybersecurity Controls (Domain 3);Preventative Controls (PC);;aws;;PASS;AWS policy AWSOrganizationsServiceTrustPolicy is attached but does not allow '*:*' administrative privileges.;arn:aws:iam::aws:policy/aws-service-role/AWSOrganizationsServiceTrustPolicy;iam_aws_attached_policy_no_administrative_privileges;False;AWSOrganizationsServiceTrustPolicy;FFIEC;FFIEC Cybersecurity Assessment Tool framework;
aws;In light of the increasing volume and sophistication of cyber threats, the Federal Financial Institutions Examination Council (FFIEC) developed the Cybersecurity Assessment Tool (Assessment), on behalf of its members, to help institutions identify their risks and determine their cybersecurity maturity.;<SANDBOX_ACCOUNT_ID>;ap-southeast-7;2026-08-19 02:30:11.271115;d3-pc-am-b-16;Administrative, physical, or technical controls are in place to prevent users without administrative responsibilities from installing unauthorized software.;Cybersecurity Controls (Domain 3);Preventative Controls (PC);;aws;;PASS;AWS policy AWSOrganizationsServiceTrustPolicy is attached but does not allow '*:*' administrative privileges.;arn:aws:iam::aws:policy/aws-service-role/AWSOrganizationsServiceTrustPolicy;iam_aws_attached_policy_no_administrative_privileges;False;AWSOrganizationsServiceTrustPolicy;FFIEC;FFIEC Cybersecurity Assessment Tool framework;
aws;In light of the increasing volume and sophistication of cyber threats, the Federal Financial Institutions Examination Council (FFIEC) developed the Cybersecurity Assessment Tool (Assessment), on behalf of its members, to help institutions identify their risks and determine their cybersecurity maturity.;<SANDBOX_ACCOUNT_ID>;ap-southeast-7;2026-08-19 02:30:11.271115;d3-pc-am-b-2;Employee access to systems and confidential data provides for separation of duties.;Cybersecurity Controls (Domain 3);Preventative Controls (PC);;aws;;PASS;AWS policy AWSOrganizationsServiceTrustPolicy is attached but does not allow '*:*' administrative privileges.;arn:aws:iam::aws:policy/aws-service-role/AWSOrganizationsServiceTrustPolicy;iam_aws_attached_policy_no_administrative_privileges;False;AWSOrganizationsServiceTrustPolicy;FFIEC;FFIEC Cybersecurity Assessment Tool framework;
aws;In light of the increasing volume and sophistication of cyber threats, the Federal Financial Institutions Examination Council (FFIEC) developed the Cybersecurity Assessment Tool (Assessment), on behalf of its members, to help institutions identify their risks and determine their cybersecurity maturity.;<SANDBOX_ACCOUNT_ID>;ap-southeast-7;2026-08-19 02:30:11.271115;d3-pc-am-b-3;Elevated privileges (e.g., administrator privileges) are limited and tightly controlled (e.g., assigned to individuals, not shared, and require stronger password controls;Cybersecurity Controls (Domain 3);Preventative Controls (PC);;aws;;PASS;AWS policy AWSOrganizationsServiceTrustPolicy is attached but does not allow '*:*' administrative privileges.;arn:aws:iam::aws:policy/aws-service-role/AWSOrganizationsServiceTrustPolicy;iam_aws_attached_policy_no_administrative_privileges;False;AWSOrganizationsServiceTrustPolicy;FFIEC;FFIEC Cybersecurity Assessment Tool framework;
aws;In light of the increasing volume and sophistication of cyber threats, the Federal Financial Institutions Examination Council (FFIEC) developed the Cybersecurity Assessment Tool (Assessment), on behalf of its members, to help institutions identify their risks and determine their cybersecurity maturity.;<SANDBOX_ACCOUNT_ID>;ap-southeast-7;2026-08-19 02:30:11.271115;d3-pc-am-b-6;Identification and authentication are required and managed for access to systems, applications, and hardware.;Cybersecurity Controls (Domain 3);Preventative Controls (PC);;aws;;PASS;AWS policy AWSOrganizationsServiceTrustPolicy is attached but does not allow '*:*' administrative privileges.;arn:aws:iam::aws:policy/aws-service-role/AWSOrganizationsServiceTrustPolicy;iam_aws_attached_policy_no_administrative_privileges;False;AWSOrganizationsServiceTrustPolicy;FFIEC;FFIEC Cybersecurity Assessment Tool framework;
aws;In light of the increasing volume and sophistication of cyber threats, the Federal Financial Institutions Examination Council (FFIEC) developed the Cybersecurity Assessment Tool (Assessment), on behalf of its members, to help institutions identify their risks and determine their cybersecurity maturity.;<SANDBOX_ACCOUNT_ID>;ap-southeast-7;2026-08-19 02:30:11.271115;d3-pc-im-b-7;Access to make changes to systems configurations (including virtual machines and hypervisors) is controlled and monitored.;Cybersecurity Controls (Domain 3);Preventative Controls (PC);;aws;;PASS;AWS policy AWSOrganizationsServiceTrustPolicy is attached but does not allow '*:*' administrative privileges.;arn:aws:iam::aws:policy/aws-service-role/AWSOrganizationsServiceTrustPolicy;iam_aws_attached_policy_no_administrative_privileges;False;AWSOrganizationsServiceTrustPolicy;FFIEC;FFIEC Cybersecurity Assessment Tool framework;
aws;In light of the increasing volume and sophistication of cyber threats, the Federal Financial Institutions Examination Council (FFIEC) developed the Cybersecurity Assessment Tool (Assessment), on behalf of its members, to help institutions identify their risks and determine their cybersecurity maturity.;<SANDBOX_ACCOUNT_ID>;ap-southeast-7;2026-08-19 02:30:11.271115;d3-pc-am-b-1;Employee access is granted to systems and confidential data based on job responsibilities and the principles of least privilege.;Cybersecurity Controls (Domain 3);Preventative Controls (PC);;aws;;PASS;AWS policy AmazonGuardDutyServiceRolePolicy is attached but does not allow '*:*' administrative privileges.;arn:aws:iam::aws:policy/aws-service-role/AmazonGuardDutyServiceRolePolicy;iam_aws_attached_policy_no_administrative_privileges;False;AmazonGuardDutyServiceRolePolicy;FFIEC;FFIEC Cybersecurity Assessment Tool framework;
aws;In light of the increasing volume and sophistication of cyber threats, the Federal Financial Institutions Examination Council (FFIEC) developed the Cybersecurity Assessment Tool (Assessment), on behalf of its members, to help institutions identify their risks and determine their cybersecurity maturity.;<SANDBOX_ACCOUNT_ID>;ap-southeast-7;2026-08-19 02:30:11.271115;d3-pc-am-b-16;Administrative, physical, or technical controls are in place to prevent users without administrative responsibilities from installing unauthorized software.;Cybersecurity Controls (Domain 3);Preventative Controls (PC);;aws;;PASS;AWS policy AmazonGuardDutyServiceRolePolicy is attached but does not allow '*:*' administrative privileges.;arn:aws:iam::aws:policy/aws-service-role/AmazonGuardDutyServiceRolePolicy;iam_aws_attached_policy_no_administrative_privileges;False;AmazonGuardDutyServiceRolePolicy;FFIEC;FFIEC Cybersecurity Assessment Tool framework;
aws;In light of the increasing volume and sophistication of cyber threats, the Federal Financial Institutions Examination Council (FFIEC) developed the Cybersecurity Assessment Tool (Assessment), on behalf of its members, to help institutions identify their risks and determine their cybersecurity maturity.;<SANDBOX_ACCOUNT_ID>;ap-southeast-7;2026-08-19 02:30:11.271115;d3-pc-am-b-2;Employee access to systems and confidential data provides for separation of duties.;Cybersecurity Controls (Domain 3);Preventative Controls (PC);;aws;;PASS;AWS policy AmazonGuardDutyServiceRolePolicy is attached but does not allow '*:*' administrative privileges.;arn:aws:iam::aws:policy/aws-service-role/AmazonGuardDutyServiceRolePolicy;iam_aws_attached_policy_no_administrative_privileges;False;AmazonGuardDutyServiceRolePolicy;FFIEC;FFIEC Cybersecurity Assessment Tool framework;
aws;In light of the increasing volume and sophistication of cyber threats, the Federal Financial Institutions Examination Council (FFIEC) developed the Cybersecurity Assessment Tool (Assessment), on behalf of its members, to help institutions identify their risks and determine their cybersecurity maturity.;<SANDBOX_ACCOUNT_ID>;ap-southeast-7;2026-08-19 02:30:11.271115;d3-pc-am-b-3;Elevated privileges (e.g., administrator privileges) are limited and tightly controlled (e.g., assigned to individuals, not shared, and require stronger password controls;Cybersecurity Controls (Domain 3);Preventative Controls (PC);;aws;;PASS;AWS policy AmazonGuardDutyServiceRolePolicy is attached but does not allow '*:*' administrative privileges.;arn:aws:iam::aws:policy/aws-service-role/AmazonGuardDutyServiceRolePolicy;iam_aws_attached_policy_no_administrative_privileges;False;AmazonGuardDutyServiceRolePolicy;FFIEC;FFIEC Cybersecurity Assessment Tool framework;
aws;In light of the increasing volume and sophistication of cyber threats, the Federal Financial Institutions Examination Council (FFIEC) developed the Cybersecurity Assessment Tool (Assessment), on behalf of its members, to help institutions identify their risks and determine their cybersecurity maturity.;<SANDBOX_ACCOUNT_ID>;ap-southeast-7;2026-08-19 02:30:11.271115;d3-pc-am-b-6;Identification and authentication are required and managed for access to systems, applications, and hardware.;Cybersecurity Controls (Domain 3);Preventative Controls (PC);;aws;;PASS;AWS policy AmazonGuardDutyServiceRolePolicy is attached but does not allow '*:*' administrative privileges.;arn:aws:iam::aws:policy/aws-service-role/AmazonGuardDutyServiceRolePolicy;iam_aws_attached_policy_no_administrative_privileges;False;AmazonGuardDutyServiceRolePolicy;FFIEC;FFIEC Cybersecurity Assessment Tool framework;
aws;In light of the increasing volume and sophistication of cyber threats, the Federal Financial Institutions Examination Council (FFIEC) developed the Cybersecurity Assessment Tool (Assessment), on behalf of its members, to help institutions identify their risks and determine their cybersecurity maturity.;<SANDBOX_ACCOUNT_ID>;ap-southeast-7;2026-08-19 02:30:11.271115;d3-pc-im-b-7;Access to make changes to systems configurations (including virtual machines and hypervisors) is controlled and monitored.;Cybersecurity Controls (Domain 3);Preventative Controls (PC);;aws;;PASS;AWS policy AmazonGuardDutyServiceRolePolicy is attached but does not allow '*:*' administrative privileges.;arn:aws:iam::aws:policy/aws-service-role/AmazonGuardDutyServiceRolePolicy;iam_aws_attached_policy_no_administrative_privileges;False;AmazonGuardDutyServiceRolePolicy;FFIEC;FFIEC Cybersecurity Assessment Tool framework;
aws;In light of the increasing volume and sophistication of cyber threats, the Federal Financial Institutions Examination Council (FFIEC) developed the Cybersecurity Assessment Tool (Assessment), on behalf of its members, to help institutions identify their risks and determine their cybersecurity maturity.;<SANDBOX_ACCOUNT_ID>;ap-southeast-7;2026-08-19 02:30:11.271115;d3-pc-am-b-1;Employee access is granted to systems and confidential data based on job responsibilities and the principles of least privilege.;Cybersecurity Controls (Domain 3);Preventative Controls (PC);;aws;;PASS;AWS policy AWSTrustedAdvisorServiceRolePolicy is attached but does not allow '*:*' administrative privileges.;arn:aws:iam::aws:policy/aws-service-role/AWSTrustedAdvisorServiceRolePolicy;iam_aws_attached_policy_no_administrative_privileges;False;AWSTrustedAdvisorServiceRolePolicy;FFIEC;FFIEC Cybersecurity Assessment Tool framework;
aws;In light of the increasing volume and sophistication of cyber threats, the Federal Financial Institutions Examination Council (FFIEC) developed the Cybersecurity Assessment Tool (Assessment), on behalf of its members, to help institutions identify their risks and determine their cybersecurity maturity.;<SANDBOX_ACCOUNT_ID>;ap-southeast-7;2026-08-19 02:30:11.271115;d3-pc-am-b-16;Administrative, physical, or technical controls are in place to prevent users without administrative responsibilities from installing unauthorized software.;Cybersecurity Controls (Domain 3);Preventative Controls (PC);;aws;;PASS;AWS policy AWSTrustedAdvisorServiceRolePolicy is attached but does not allow '*:*' administrative privileges.;arn:aws:iam::aws:policy/aws-service-role/AWSTrustedAdvisorServiceRolePolicy;iam_aws_attached_policy_no_administrative_privileges;False;AWSTrustedAdvisorServiceRolePolicy;FFIEC;FFIEC Cybersecurity Assessment Tool framework;
aws;In light of the increasing volume and sophistication of cyber threats, the Federal Financial Institutions Examination Council (FFIEC) developed the Cybersecurity Assessment Tool (Assessment), on behalf of its members, to help institutions identify their risks and determine their cybersecurity maturity.;<SANDBOX_ACCOUNT_ID>;ap-southeast-7;2026-08-19 02:30:11.271115;d3-pc-am-b-2;Employee access to systems and confidential data provides for separation of duties.;Cybersecurity Controls (Domain 3);Preventative Controls (PC);;aws;;PASS;AWS policy AWSTrustedAdvisorServiceRolePolicy is attached but does not allow '*:*' administrative privileges.;arn:aws:iam::aws:policy/aws-service-role/AWSTrustedAdvisorServiceRolePolicy;iam_aws_attached_policy_no_administrative_privileges;False;AWSTrustedAdvisorServiceRolePolicy;FFIEC;FFIEC Cybersecurity Assessment Tool framework;
aws;In light of the increasing volume and sophistication of cyber threats, the Federal Financial Institutions Examination Council (FFIEC) developed the Cybersecurity Assessment Tool (Assessment), on behalf of its members, to help institutions identify their risks and determine their cybersecurity maturity.;<SANDBOX_ACCOUNT_ID>;ap-southeast-7;2026-08-19 02:30:11.271115;d3-pc-am-b-3;Elevated privileges (e.g., administrator privileges) are limited and tightly controlled (e.g., assigned to individuals, not shared, and require stronger password controls;Cybersecurity Controls (Domain 3);Preventative Controls (PC);;aws;;PASS;AWS policy AWSTrustedAdvisorServiceRolePolicy is attached but does not allow '*:*' administrative privileges.;arn:aws:iam::aws:policy/aws-service-role/AWSTrustedAdvisorServiceRolePolicy;iam_aws_attached_policy_no_administrative_privileges;False;AWSTrustedAdvisorServiceRolePolicy;FFIEC;FFIEC Cybersecurity Assessment Tool framework;
aws;In light of the increasing volume and sophistication of cyber threats, the Federal Financial Institutions Examination Council (FFIEC) developed the Cybersecurity Assessment Tool (Assessment), on behalf of its members, to help institutions identify their risks and determine their cybersecurity maturity.;<SANDBOX_ACCOUNT_ID>;ap-southeast-7;2026-08-19 02:30:11.271115;d3-pc-am-b-6;Identification and authentication are required and managed for access to systems, applications, and hardware.;Cybersecurity Controls (Domain 3);Preventative Controls (PC);;aws;;PASS;AWS policy AWSTrustedAdvisorServiceRolePolicy is attached but does not allow '*:*' administrative privileges.;arn:aws:iam::aws:policy/aws-service-role/AWSTrustedAdvisorServiceRolePolicy;iam_aws_attached_policy_no_administrative_privileges;False;AWSTrustedAdvisorServiceRolePolicy;FFIEC;FFIEC Cybersecurity Assessment Tool framework;
aws;In light of the increasing volume and sophistication of cyber threats, the Federal Financial Institutions Examination Council (FFIEC) developed the Cybersecurity Assessment Tool (Assessment), on behalf of its members, to help institutions identify their risks and determine their cybersecurity maturity.;<SANDBOX_ACCOUNT_ID>;ap-southeast-7;2026-08-19 02:30:11.271115;d3-pc-im-b-7;Access to make changes to systems configurations (including virtual machines and hypervisors) is controlled and monitored.;Cybersecurity Controls (Domain 3);Preventative Controls (PC);;aws;;PASS;AWS policy AWSTrustedAdvisorServiceRolePolicy is attached but does not allow '*:*' administrative privileges.;arn:aws:iam::aws:policy/aws-service-role/AWSTrustedAdvisorServiceRolePolicy;iam_aws_attached_policy_no_administrative_privileges;False;AWSTrustedAdvisorServiceRolePolicy;FFIEC;FFIEC Cybersecurity Assessment Tool framework;
aws;In light of the increasing volume and sophistication of cyber threats, the Federal Financial Institutions Examination Council (FFIEC) developed the Cybersecurity Assessment Tool (Assessment), on behalf of its members, to help institutions identify their risks and determine their cybersecurity maturity.;<SANDBOX_ACCOUNT_ID>;ap-southeast-7;2026-08-19 02:30:11.271115;d3-pc-am-b-1;Employee access is granted to systems and confidential data based on job responsibilities and the principles of least privilege.;Cybersecurity Controls (Domain 3);Preventative Controls (PC);;aws;;FAIL;AWS policy AdministratorAccess is attached and allows '*:*' administrative privileges.;arn:aws:iam::aws:policy/AdministratorAccess;iam_aws_attached_policy_no_administrative_privileges;False;AdministratorAccess;FFIEC;FFIEC Cybersecurity Assessment Tool framework;
aws;In light of the increasing volume and sophistication of cyber threats, the Federal Financial Institutions Examination Council (FFIEC) developed the Cybersecurity Assessment Tool (Assessment), on behalf of its members, to help institutions identify their risks and determine their cybersecurity maturity.;<SANDBOX_ACCOUNT_ID>;ap-southeast-7;2026-08-19 02:30:11.271115;d3-pc-am-b-16;Administrative, physical, or technical controls are in place to prevent users without administrative responsibilities from installing unauthorized software.;Cybersecurity Controls (Domain 3);Preventative Controls (PC);;aws;;FAIL;AWS policy AdministratorAccess is attached and allows '*:*' administrative privileges.;arn:aws:iam::aws:policy/AdministratorAccess;iam_aws_attached_policy_no_administrative_privileges;False;AdministratorAccess;FFIEC;FFIEC Cybersecurity Assessment Tool framework;
aws;In light of the increasing volume and sophistication of cyber threats, the Federal Financial Institutions Examination Council (FFIEC) developed the Cybersecurity Assessment Tool (Assessment), on behalf of its members, to help institutions identify their risks and determine their cybersecurity maturity.;<SANDBOX_ACCOUNT_ID>;ap-southeast-7;2026-08-19 02:30:11.271115;d3-pc-am-b-2;Employee access to systems and confidential data provides for separation of duties.;Cybersecurity Controls (Domain 3);Preventative Controls (PC);;aws;;FAIL;AWS policy AdministratorAccess is attached and allows '*:*' administrative privileges.;arn:aws:iam::aws:policy/AdministratorAccess;iam_aws_attached_policy_no_administrative_privileges;False;AdministratorAccess;FFIEC;FFIEC Cybersecurity Assessment Tool framework;
aws;In light of the increasing volume and sophistication of cyber threats, the Federal Financial Institutions Examination Council (FFIEC) developed the Cybersecurity Assessment Tool (Assessment), on behalf of its members, to help institutions identify their risks and determine their cybersecurity maturity.;<SANDBOX_ACCOUNT_ID>;ap-southeast-7;2026-08-19 02:30:11.271115;d3-pc-am-b-3;Elevated privileges (e.g., administrator privileges) are limited and tightly controlled (e.g., assigned to individuals, not shared, and require stronger password controls;Cybersecurity Controls (Domain 3);Preventative Controls (PC);;aws;;FAIL;AWS policy AdministratorAccess is attached and allows '*:*' administrative privileges.;arn:aws:iam::aws:policy/AdministratorAccess;iam_aws_attached_policy_no_administrative_privileges;False;AdministratorAccess;FFIEC;FFIEC Cybersecurity Assessment Tool framework;
aws;In light of the increasing volume and sophistication of cyber threats, the Federal Financial Institutions Examination Council (FFIEC) developed the Cybersecurity Assessment Tool (Assessment), on behalf of its members, to help institutions identify their risks and determine their cybersecurity maturity.;<SANDBOX_ACCOUNT_ID>;ap-southeast-7;2026-08-19 02:30:11.271115;d3-pc-am-b-6;Identification and authentication are required and managed for access to systems, applications, and hardware.;Cybersecurity Controls (Domain 3);Preventative Controls (PC);;aws;;FAIL;AWS policy AdministratorAccess is attached and allows '*:*' administrative privileges.;arn:aws:iam::aws:policy/AdministratorAccess;iam_aws_attached_policy_no_administrative_privileges;False;AdministratorAccess;FFIEC;FFIEC Cybersecurity Assessment Tool framework;
aws;In light of the increasing volume and sophistication of cyber threats, the Federal Financial Institutions Examination Council (FFIEC) developed the Cybersecurity Assessment Tool (Assessment), on behalf of its members, to help institutions identify their risks and determine their cybersecurity maturity.;<SANDBOX_ACCOUNT_ID>;ap-southeast-7;2026-08-19 02:30:11.271115;d3-pc-im-b-7;Access to make changes to systems configurations (including virtual machines and hypervisors) is controlled and monitored.;Cybersecurity Controls (Domain 3);Preventative Controls (PC);;aws;;FAIL;AWS policy AdministratorAccess is attached and allows '*:*' administrative privileges.;arn:aws:iam::aws:policy/AdministratorAccess;iam_aws_attached_policy_no_administrative_privileges;False;AdministratorAccess;FFIEC;FFIEC Cybersecurity Assessment Tool framework;
aws;In light of the increasing volume and sophistication of cyber threats, the Federal Financial Institutions Examination Council (FFIEC) developed the Cybersecurity Assessment Tool (Assessment), on behalf of its members, to help institutions identify their risks and determine their cybersecurity maturity.;<SANDBOX_ACCOUNT_ID>;ap-southeast-7;2026-08-19 02:30:11.271115;d3-pc-am-b-1;Employee access is granted to systems and confidential data based on job responsibilities and the principles of least privilege.;Cybersecurity Controls (Domain 3);Preventative Controls (PC);;aws;;PASS;AWS policy AWSSupportServiceRolePolicy is attached but does not allow '*:*' administrative privileges.;arn:aws:iam::aws:policy/aws-service-role/AWSSupportServiceRolePolicy;iam_aws_attached_policy_no_administrative_privileges;False;AWSSupportServiceRolePolicy;FFIEC;FFIEC Cybersecurity Assessment Tool framework;
aws;In light of the increasing volume and sophistication of cyber threats, the Federal Financial Institutions Examination Council (FFIEC) developed the Cybersecurity Assessment Tool (Assessment), on behalf of its members, to help institutions identify their risks and determine their cybersecurity maturity.;<SANDBOX_ACCOUNT_ID>;ap-southeast-7;2026-08-19 02:30:11.271115;d3-pc-am-b-16;Administrative, physical, or technical controls are in place to prevent users without administrative responsibilities from installing unauthorized software.;Cybersecurity Controls (Domain 3);Preventative Controls (PC);;aws;;PASS;AWS policy AWSSupportServiceRolePolicy is attached but does not allow '*:*' administrative privileges.;arn:aws:iam::aws:policy/aws-service-role/AWSSupportServiceRolePolicy;iam_aws_attached_policy_no_administrative_privileges;False;AWSSupportServiceRolePolicy;FFIEC;FFIEC Cybersecurity Assessment Tool framework;
aws;In light of the increasing volume and sophistication of cyber threats, the Federal Financial Institutions Examination Council (FFIEC) developed the Cybersecurity Assessment Tool (Assessment), on behalf of its members, to help institutions identify their risks and determine their cybersecurity maturity.;<SANDBOX_ACCOUNT_ID>;ap-southeast-7;2026-08-19 02:30:11.271115;d3-pc-am-b-2;Employee access to systems and confidential data provides for separation of duties.;Cybersecurity Controls (Domain 3);Preventative Controls (PC);;aws;;PASS;AWS policy AWSSupportServiceRolePolicy is attached but does not allow '*:*' administrative privileges.;arn:aws:iam::aws:policy/aws-service-role/AWSSupportServiceRolePolicy;iam_aws_attached_policy_no_administrative_privileges;False;AWSSupportServiceRolePolicy;FFIEC;FFIEC Cybersecurity Assessment Tool framework;
aws;In light of the increasing volume and sophistication of cyber threats, the Federal Financial Institutions Examination Council (FFIEC) developed the Cybersecurity Assessment Tool (Assessment), on behalf of its members, to help institutions identify their risks and determine their cybersecurity maturity.;<SANDBOX_ACCOUNT_ID>;ap-southeast-7;2026-08-19 02:30:11.271115;d3-pc-am-b-3;Elevated privileges (e.g., administrator privileges) are limited and tightly controlled (e.g., assigned to individuals, not shared, and require stronger password controls;Cybersecurity Controls (Domain 3);Preventative Controls (PC);;aws;;PASS;AWS policy AWSSupportServiceRolePolicy is attached but does not allow '*:*' administrative privileges.;arn:aws:iam::aws:policy/aws-service-role/AWSSupportServiceRolePolicy;iam_aws_attached_policy_no_administrative_privileges;False;AWSSupportServiceRolePolicy;FFIEC;FFIEC Cybersecurity Assessment Tool framework;
aws;In light of the increasing volume and sophistication of cyber threats, the Federal Financial Institutions Examination Council (FFIEC) developed the Cybersecurity Assessment Tool (Assessment), on behalf of its members, to help institutions identify their risks and determine their cybersecurity maturity.;<SANDBOX_ACCOUNT_ID>;ap-southeast-7;2026-08-19 02:30:11.271115;d3-pc-am-b-6;Identification and authentication are required and managed for access to systems, applications, and hardware.;Cybersecurity Controls (Domain 3);Preventative Controls (PC);;aws;;PASS;AWS policy AWSSupportServiceRolePolicy is attached but does not allow '*:*' administrative privileges.;arn:aws:iam::aws:policy/aws-service-role/AWSSupportServiceRolePolicy;iam_aws_attached_policy_no_administrative_privileges;False;AWSSupportServiceRolePolicy;FFIEC;FFIEC Cybersecurity Assessment Tool framework;
aws;In light of the increasing volume and sophistication of cyber threats, the Federal Financial Institutions Examination Council (FFIEC) developed the Cybersecurity Assessment Tool (Assessment), on behalf of its members, to help institutions identify their risks and determine their cybersecurity maturity.;<SANDBOX_ACCOUNT_ID>;ap-southeast-7;2026-08-19 02:30:11.271115;d3-pc-im-b-7;Access to make changes to systems configurations (including virtual machines and hypervisors) is controlled and monitored.;Cybersecurity Controls (Domain 3);Preventative Controls (PC);;aws;;PASS;AWS policy AWSSupportServiceRolePolicy is attached but does not allow '*:*' administrative privileges.;arn:aws:iam::aws:policy/aws-service-role/AWSSupportServiceRolePolicy;iam_aws_attached_policy_no_administrative_privileges;False;AWSSupportServiceRolePolicy;FFIEC;FFIEC Cybersecurity Assessment Tool framework;
aws;In light of the increasing volume and sophistication of cyber threats, the Federal Financial Institutions Examination Council (FFIEC) developed the Cybersecurity Assessment Tool (Assessment), on behalf of its members, to help institutions identify their risks and determine their cybersecurity maturity.;<SANDBOX_ACCOUNT_ID>;ap-southeast-7;2026-08-19 02:30:11.271115;d3-pc-am-b-1;Employee access is granted to systems and confidential data based on job responsibilities and the principles of least privilege.;Cybersecurity Controls (Domain 3);Preventative Controls (PC);;aws;;PASS;AWS policy CloudTrailServiceRolePolicy is attached but does not allow '*:*' administrative privileges.;arn:aws:iam::aws:policy/aws-service-role/CloudTrailServiceRolePolicy;iam_aws_attached_policy_no_administrative_privileges;False;CloudTrailServiceRolePolicy;FFIEC;FFIEC Cybersecurity Assessment Tool framework;
aws;In light of the increasing volume and sophistication of cyber threats, the Federal Financial Institutions Examination Council (FFIEC) developed the Cybersecurity Assessment Tool (Assessment), on behalf of its members, to help institutions identify their risks and determine their cybersecurity maturity.;<SANDBOX_ACCOUNT_ID>;ap-southeast-7;2026-08-19 02:30:11.271115;d3-pc-am-b-16;Administrative, physical, or technical controls are in place to prevent users without administrative responsibilities from installing unauthorized software.;Cybersecurity Controls (Domain 3);Preventative Controls (PC);;aws;;PASS;AWS policy CloudTrailServiceRolePolicy is attached but does not allow '*:*' administrative privileges.;arn:aws:iam::aws:policy/aws-service-role/CloudTrailServiceRolePolicy;iam_aws_attached_policy_no_administrative_privileges;False;CloudTrailServiceRolePolicy;FFIEC;FFIEC Cybersecurity Assessment Tool framework;
aws;In light of the increasing volume and sophistication of cyber threats, the Federal Financial Institutions Examination Council (FFIEC) developed the Cybersecurity Assessment Tool (Assessment), on behalf of its members, to help institutions identify their risks and determine their cybersecurity maturity.;<SANDBOX_ACCOUNT_ID>;ap-southeast-7;2026-08-19 02:30:11.271115;d3-pc-am-b-2;Employee access to systems and confidential data provides for separation of duties.;Cybersecurity Controls (Domain 3);Preventative Controls (PC);;aws;;PASS;AWS policy CloudTrailServiceRolePolicy is attached but does not allow '*:*' administrative privileges.;arn:aws:iam::aws:policy/aws-service-role/CloudTrailServiceRolePolicy;iam_aws_attached_policy_no_administrative_privileges;False;CloudTrailServiceRolePolicy;FFIEC;FFIEC Cybersecurity Assessment Tool framework;
aws;In light of the increasing volume and sophistication of cyber threats, the Federal Financial Institutions Examination Council (FFIEC) developed the Cybersecurity Assessment Tool (Assessment), on behalf of its members, to help institutions identify their risks and determine their cybersecurity maturity.;<SANDBOX_ACCOUNT_ID>;ap-southeast-7;2026-08-19 02:30:11.271115;d3-pc-am-b-3;Elevated privileges (e.g., administrator privileges) are limited and tightly controlled (e.g., assigned to individuals, not shared, and require stronger password controls;Cybersecurity Controls (Domain 3);Preventative Controls (PC);;aws;;PASS;AWS policy CloudTrailServiceRolePolicy is attached but does not allow '*:*' administrative privileges.;arn:aws:iam::aws:policy/aws-service-role/CloudTrailServiceRolePolicy;iam_aws_attached_policy_no_administrative_privileges;False;CloudTrailServiceRolePolicy;FFIEC;FFIEC Cybersecurity Assessment Tool framework;
aws;In light of the increasing volume and sophistication of cyber threats, the Federal Financial Institutions Examination Council (FFIEC) developed the Cybersecurity Assessment Tool (Assessment), on behalf of its members, to help institutions identify their risks and determine their cybersecurity maturity.;<SANDBOX_ACCOUNT_ID>;ap-southeast-7;2026-08-19 02:30:11.271115;d3-pc-am-b-6;Identification and authentication are required and managed for access to systems, applications, and hardware.;Cybersecurity Controls (Domain 3);Preventative Controls (PC);;aws;;PASS;AWS policy CloudTrailServiceRolePolicy is attached but does not allow '*:*' administrative privileges.;arn:aws:iam::aws:policy/aws-service-role/CloudTrailServiceRolePolicy;iam_aws_attached_policy_no_administrative_privileges;False;CloudTrailServiceRolePolicy;FFIEC;FFIEC Cybersecurity Assessment Tool framework;
aws;In light of the increasing volume and sophistication of cyber threats, the Federal Financial Institutions Examination Council (FFIEC) developed the Cybersecurity Assessment Tool (Assessment), on behalf of its members, to help institutions identify their risks and determine their cybersecurity maturity.;<SANDBOX_ACCOUNT_ID>;ap-southeast-7;2026-08-19 02:30:11.271115;d3-pc-im-b-7;Access to make changes to systems configurations (including virtual machines and hypervisors) is controlled and monitored.;Cybersecurity Controls (Domain 3);Preventative Controls (PC);;aws;;PASS;AWS policy CloudTrailServiceRolePolicy is attached but does not allow '*:*' administrative privileges.;arn:aws:iam::aws:policy/aws-service-role/CloudTrailServiceRolePolicy;iam_aws_attached_policy_no_administrative_privileges;False;CloudTrailServiceRolePolicy;FFIEC;FFIEC Cybersecurity Assessment Tool framework;
aws;In light of the increasing volume and sophistication of cyber threats, the Federal Financial Institutions Examination Council (FFIEC) developed the Cybersecurity Assessment Tool (Assessment), on behalf of its members, to help institutions identify their risks and determine their cybersecurity maturity.;<SANDBOX_ACCOUNT_ID>;ap-southeast-7;2026-08-19 02:30:11.271115;d3-pc-am-b-1;Employee access is granted to systems and confidential data based on job responsibilities and the principles of least privilege.;Cybersecurity Controls (Domain 3);Preventative Controls (PC);;aws;;PASS;AWS policy AWSResourceExplorerServiceRolePolicy is attached but does not allow '*:*' administrative privileges.;arn:aws:iam::aws:policy/aws-service-role/AWSResourceExplorerServiceRolePolicy;iam_aws_attached_policy_no_administrative_privileges;False;AWSResourceExplorerServiceRolePolicy;FFIEC;FFIEC Cybersecurity Assessment Tool framework;
aws;In light of the increasing volume and sophistication of cyber threats, the Federal Financial Institutions Examination Council (FFIEC) developed the Cybersecurity Assessment Tool (Assessment), on behalf of its members, to help institutions identify their risks and determine their cybersecurity maturity.;<SANDBOX_ACCOUNT_ID>;ap-southeast-7;2026-08-19 02:30:11.271115;d3-pc-am-b-16;Administrative, physical, or technical controls are in place to prevent users without administrative responsibilities from installing unauthorized software.;Cybersecurity Controls (Domain 3);Preventative Controls (PC);;aws;;PASS;AWS policy AWSResourceExplorerServiceRolePolicy is attached but does not allow '*:*' administrative privileges.;arn:aws:iam::aws:policy/aws-service-role/AWSResourceExplorerServiceRolePolicy;iam_aws_attached_policy_no_administrative_privileges;False;AWSResourceExplorerServiceRolePolicy;FFIEC;FFIEC Cybersecurity Assessment Tool framework;
aws;In light of the increasing volume and sophistication of cyber threats, the Federal Financial Institutions Examination Council (FFIEC) developed the Cybersecurity Assessment Tool (Assessment), on behalf of its members, to help institutions identify their risks and determine their cybersecurity maturity.;<SANDBOX_ACCOUNT_ID>;ap-southeast-7;2026-08-19 02:30:11.271115;d3-pc-am-b-2;Employee access to systems and confidential data provides for separation of duties.;Cybersecurity Controls (Domain 3);Preventative Controls (PC);;aws;;PASS;AWS policy AWSResourceExplorerServiceRolePolicy is attached but does not allow '*:*' administrative privileges.;arn:aws:iam::aws:policy/aws-service-role/AWSResourceExplorerServiceRolePolicy;iam_aws_attached_policy_no_administrative_privileges;False;AWSResourceExplorerServiceRolePolicy;FFIEC;FFIEC Cybersecurity Assessment Tool framework;
aws;In light of the increasing volume and sophistication of cyber threats, the Federal Financial Institutions Examination Council (FFIEC) developed the Cybersecurity Assessment Tool (Assessment), on behalf of its members, to help institutions identify their risks and determine their cybersecurity maturity.;<SANDBOX_ACCOUNT_ID>;ap-southeast-7;2026-08-19 02:30:11.271115;d3-pc-am-b-3;Elevated privileges (e.g., administrator privileges) are limited and tightly controlled (e.g., assigned to individuals, not shared, and require stronger password controls;Cybersecurity Controls (Domain 3);Preventative Controls (PC);;aws;;PASS;AWS policy AWSResourceExplorerServiceRolePolicy is attached but does not allow '*:*' administrative privileges.;arn:aws:iam::aws:policy/aws-service-role/AWSResourceExplorerServiceRolePolicy;iam_aws_attached_policy_no_administrative_privileges;False;AWSResourceExplorerServiceRolePolicy;FFIEC;FFIEC Cybersecurity Assessment Tool framework;
aws;In light of the increasing volume and sophistication of cyber threats, the Federal Financial Institutions Examination Council (FFIEC) developed the Cybersecurity Assessment Tool (Assessment), on behalf of its members, to help institutions identify their risks and determine their cybersecurity maturity.;<SANDBOX_ACCOUNT_ID>;ap-southeast-7;2026-08-19 02:30:11.271115;d3-pc-am-b-6;Identification and authentication are required and managed for access to systems, applications, and hardware.;Cybersecurity Controls (Domain 3);Preventative Controls (PC);;aws;;PASS;AWS policy AWSResourceExplorerServiceRolePolicy is attached but does not allow '*:*' administrative privileges.;arn:aws:iam::aws:policy/aws-service-role/AWSResourceExplorerServiceRolePolicy;iam_aws_attached_policy_no_administrative_privileges;False;AWSResourceExplorerServiceRolePolicy;FFIEC;FFIEC Cybersecurity Assessment Tool framework;
aws;In light of the increasing volume and sophistication of cyber threats, the Federal Financial Institutions Examination Council (FFIEC) developed the Cybersecurity Assessment Tool (Assessment), on behalf of its members, to help institutions identify their risks and determine their cybersecurity maturity.;<SANDBOX_ACCOUNT_ID>;ap-southeast-7;2026-08-19 02:30:11.271115;d3-pc-im-b-7;Access to make changes to systems configurations (including virtual machines and hypervisors) is controlled and monitored.;Cybersecurity Controls (Domain 3);Preventative Controls (PC);;aws;;PASS;AWS policy AWSResourceExplorerServiceRolePolicy is attached but does not allow '*:*' administrative privileges.;arn:aws:iam::aws:policy/aws-service-role/AWSResourceExplorerServiceRolePolicy;iam_aws_attached_policy_no_administrative_privileges;False;AWSResourceExplorerServiceRolePolicy;FFIEC;FFIEC Cybersecurity Assessment Tool framework;
aws;In light of the increasing volume and sophistication of cyber threats, the Federal Financial Institutions Examination Council (FFIEC) developed the Cybersecurity Assessment Tool (Assessment), on behalf of its members, to help institutions identify their risks and determine their cybersecurity maturity.;<SANDBOX_ACCOUNT_ID>;ap-southeast-7;2026-08-19 02:30:11.271115;d3-pc-am-b-1;Employee access is granted to systems and confidential data based on job responsibilities and the principles of least privilege.;Cybersecurity Controls (Domain 3);Preventative Controls (PC);;aws;;PASS;Inline policy range-app-deploy-policy attached to role range-app-deploy-role does not allow '*:*' administrative privileges.;arn:aws:iam::<SANDBOX_ACCOUNT_ID>:role/range-app-deploy-role;iam_inline_policy_no_administrative_privileges;False;range-app-deploy-role/range-app-deploy-policy;FFIEC;FFIEC Cybersecurity Assessment Tool framework;
aws;In light of the increasing volume and sophistication of cyber threats, the Federal Financial Institutions Examination Council (FFIEC) developed the Cybersecurity Assessment Tool (Assessment), on behalf of its members, to help institutions identify their risks and determine their cybersecurity maturity.;<SANDBOX_ACCOUNT_ID>;ap-southeast-7;2026-08-19 02:30:11.271115;d3-pc-am-b-16;Administrative, physical, or technical controls are in place to prevent users without administrative responsibilities from installing unauthorized software.;Cybersecurity Controls (Domain 3);Preventative Controls (PC);;aws;;PASS;Inline policy range-app-deploy-policy attached to role range-app-deploy-role does not allow '*:*' administrative privileges.;arn:aws:iam::<SANDBOX_ACCOUNT_ID>:role/range-app-deploy-role;iam_inline_policy_no_administrative_privileges;False;range-app-deploy-role/range-app-deploy-policy;FFIEC;FFIEC Cybersecurity Assessment Tool framework;
aws;In light of the increasing volume and sophistication of cyber threats, the Federal Financial Institutions Examination Council (FFIEC) developed the Cybersecurity Assessment Tool (Assessment), on behalf of its members, to help institutions identify their risks and determine their cybersecurity maturity.;<SANDBOX_ACCOUNT_ID>;ap-southeast-7;2026-08-19 02:30:11.271115;d3-pc-am-b-2;Employee access to systems and confidential data provides for separation of duties.;Cybersecurity Controls (Domain 3);Preventative Controls (PC);;aws;;PASS;Inline policy range-app-deploy-policy attached to role range-app-deploy-role does not allow '*:*' administrative privileges.;arn:aws:iam::<SANDBOX_ACCOUNT_ID>:role/range-app-deploy-role;iam_inline_policy_no_administrative_privileges;False;range-app-deploy-role/range-app-deploy-policy;FFIEC;FFIEC Cybersecurity Assessment Tool framework;
aws;In light of the increasing volume and sophistication of cyber threats, the Federal Financial Institutions Examination Council (FFIEC) developed the Cybersecurity Assessment Tool (Assessment), on behalf of its members, to help institutions identify their risks and determine their cybersecurity maturity.;<SANDBOX_ACCOUNT_ID>;ap-southeast-7;2026-08-19 02:30:11.271115;d3-pc-am-b-3;Elevated privileges (e.g., administrator privileges) are limited and tightly controlled (e.g., assigned to individuals, not shared, and require stronger password controls;Cybersecurity Controls (Domain 3);Preventative Controls (PC);;aws;;PASS;Inline policy range-app-deploy-policy attached to role range-app-deploy-role does not allow '*:*' administrative privileges.;arn:aws:iam::<SANDBOX_ACCOUNT_ID>:role/range-app-deploy-role;iam_inline_policy_no_administrative_privileges;False;range-app-deploy-role/range-app-deploy-policy;FFIEC;FFIEC Cybersecurity Assessment Tool framework;
aws;In light of the increasing volume and sophistication of cyber threats, the Federal Financial Institutions Examination Council (FFIEC) developed the Cybersecurity Assessment Tool (Assessment), on behalf of its members, to help institutions identify their risks and determine their cybersecurity maturity.;<SANDBOX_ACCOUNT_ID>;ap-southeast-7;2026-08-19 02:30:11.271115;d3-pc-am-b-6;Identification and authentication are required and managed for access to systems, applications, and hardware.;Cybersecurity Controls (Domain 3);Preventative Controls (PC);;aws;;PASS;Inline policy range-app-deploy-policy attached to role range-app-deploy-role does not allow '*:*' administrative privileges.;arn:aws:iam::<SANDBOX_ACCOUNT_ID>:role/range-app-deploy-role;iam_inline_policy_no_administrative_privileges;False;range-app-deploy-role/range-app-deploy-policy;FFIEC;FFIEC Cybersecurity Assessment Tool framework;
aws;In light of the increasing volume and sophistication of cyber threats, the Federal Financial Institutions Examination Council (FFIEC) developed the Cybersecurity Assessment Tool (Assessment), on behalf of its members, to help institutions identify their risks and determine their cybersecurity maturity.;<SANDBOX_ACCOUNT_ID>;ap-southeast-7;2026-08-19 02:30:11.271115;d3-pc-im-b-7;Access to make changes to systems configurations (including virtual machines and hypervisors) is controlled and monitored.;Cybersecurity Controls (Domain 3);Preventative Controls (PC);;aws;;PASS;Inline policy range-app-deploy-policy attached to role range-app-deploy-role does not allow '*:*' administrative privileges.;arn:aws:iam::<SANDBOX_ACCOUNT_ID>:role/range-app-deploy-role;iam_inline_policy_no_administrative_privileges;False;range-app-deploy-role/range-app-deploy-policy;FFIEC;FFIEC Cybersecurity Assessment Tool framework;
aws;In light of the increasing volume and sophistication of cyber threats, the Federal Financial Institutions Examination Council (FFIEC) developed the Cybersecurity Assessment Tool (Assessment), on behalf of its members, to help institutions identify their risks and determine their cybersecurity maturity.;<SANDBOX_ACCOUNT_ID>;ap-southeast-7;2026-08-19 02:30:11.271115;d3-pc-am-b-1;Employee access is granted to systems and confidential data based on job responsibilities and the principles of least privilege.;Cybersecurity Controls (Domain 3);Preventative Controls (PC);;aws;;PASS;Inline policy range-cloudtrail-to-cwl attached to role range-cloudtrail-to-cwl does not allow '*:*' administrative privileges.;arn:aws:iam::<SANDBOX_ACCOUNT_ID>:role/range-cloudtrail-to-cwl;iam_inline_policy_no_administrative_privileges;False;range-cloudtrail-to-cwl/range-cloudtrail-to-cwl;FFIEC;FFIEC Cybersecurity Assessment Tool framework;
aws;In light of the increasing volume and sophistication of cyber threats, the Federal Financial Institutions Examination Council (FFIEC) developed the Cybersecurity Assessment Tool (Assessment), on behalf of its members, to help institutions identify their risks and determine their cybersecurity maturity.;<SANDBOX_ACCOUNT_ID>;ap-southeast-7;2026-08-19 02:30:11.271115;d3-pc-am-b-16;Administrative, physical, or technical controls are in place to prevent users without administrative responsibilities from installing unauthorized software.;Cybersecurity Controls (Domain 3);Preventative Controls (PC);;aws;;PASS;Inline policy range-cloudtrail-to-cwl attached to role range-cloudtrail-to-cwl does not allow '*:*' administrative privileges.;arn:aws:iam::<SANDBOX_ACCOUNT_ID>:role/range-cloudtrail-to-cwl;iam_inline_policy_no_administrative_privileges;False;range-cloudtrail-to-cwl/range-cloudtrail-to-cwl;FFIEC;FFIEC Cybersecurity Assessment Tool framework;
aws;In light of the increasing volume and sophistication of cyber threats, the Federal Financial Institutions Examination Council (FFIEC) developed the Cybersecurity Assessment Tool (Assessment), on behalf of its members, to help institutions identify their risks and determine their cybersecurity maturity.;<SANDBOX_ACCOUNT_ID>;ap-southeast-7;2026-08-19 02:30:11.271115;d3-pc-am-b-2;Employee access to systems and confidential data provides for separation of duties.;Cybersecurity Controls (Domain 3);Preventative Controls (PC);;aws;;PASS;Inline policy range-cloudtrail-to-cwl attached to role range-cloudtrail-to-cwl does not allow '*:*' administrative privileges.;arn:aws:iam::<SANDBOX_ACCOUNT_ID>:role/range-cloudtrail-to-cwl;iam_inline_policy_no_administrative_privileges;False;range-cloudtrail-to-cwl/range-cloudtrail-to-cwl;FFIEC;FFIEC Cybersecurity Assessment Tool framework;
aws;In light of the increasing volume and sophistication of cyber threats, the Federal Financial Institutions Examination Council (FFIEC) developed the Cybersecurity Assessment Tool (Assessment), on behalf of its members, to help institutions identify their risks and determine their cybersecurity maturity.;<SANDBOX_ACCOUNT_ID>;ap-southeast-7;2026-08-19 02:30:11.271115;d3-pc-am-b-3;Elevated privileges (e.g., administrator privileges) are limited and tightly controlled (e.g., assigned to individuals, not shared, and require stronger password controls;Cybersecurity Controls (Domain 3);Preventative Controls (PC);;aws;;PASS;Inline policy range-cloudtrail-to-cwl attached to role range-cloudtrail-to-cwl does not allow '*:*' administrative privileges.;arn:aws:iam::<SANDBOX_ACCOUNT_ID>:role/range-cloudtrail-to-cwl;iam_inline_policy_no_administrative_privileges;False;range-cloudtrail-to-cwl/range-cloudtrail-to-cwl;FFIEC;FFIEC Cybersecurity Assessment Tool framework;
aws;In light of the increasing volume and sophistication of cyber threats, the Federal Financial Institutions Examination Council (FFIEC) developed the Cybersecurity Assessment Tool (Assessment), on behalf of its members, to help institutions identify their risks and determine their cybersecurity maturity.;<SANDBOX_ACCOUNT_ID>;ap-southeast-7;2026-08-19 02:30:11.271115;d3-pc-am-b-6;Identification and authentication are required and managed for access to systems, applications, and hardware.;Cybersecurity Controls (Domain 3);Preventative Controls (PC);;aws;;PASS;Inline policy range-cloudtrail-to-cwl attached to role range-cloudtrail-to-cwl does not allow '*:*' administrative privileges.;arn:aws:iam::<SANDBOX_ACCOUNT_ID>:role/range-cloudtrail-to-cwl;iam_inline_policy_no_administrative_privileges;False;range-cloudtrail-to-cwl/range-cloudtrail-to-cwl;FFIEC;FFIEC Cybersecurity Assessment Tool framework;
aws;In light of the increasing volume and sophistication of cyber threats, the Federal Financial Institutions Examination Council (FFIEC) developed the Cybersecurity Assessment Tool (Assessment), on behalf of its members, to help institutions identify their risks and determine their cybersecurity maturity.;<SANDBOX_ACCOUNT_ID>;ap-southeast-7;2026-08-19 02:30:11.271115;d3-pc-im-b-7;Access to make changes to systems configurations (including virtual machines and hypervisors) is controlled and monitored.;Cybersecurity Controls (Domain 3);Preventative Controls (PC);;aws;;PASS;Inline policy range-cloudtrail-to-cwl attached to role range-cloudtrail-to-cwl does not allow '*:*' administrative privileges.;arn:aws:iam::<SANDBOX_ACCOUNT_ID>:role/range-cloudtrail-to-cwl;iam_inline_policy_no_administrative_privileges;False;range-cloudtrail-to-cwl/range-cloudtrail-to-cwl;FFIEC;FFIEC Cybersecurity Assessment Tool framework;
aws;In light of the increasing volume and sophistication of cyber threats, the Federal Financial Institutions Examination Council (FFIEC) developed the Cybersecurity Assessment Tool (Assessment), on behalf of its members, to help institutions identify their risks and determine their cybersecurity maturity.;<SANDBOX_ACCOUNT_ID>;ap-southeast-7;2026-08-19 02:30:11.271115;d3-pc-am-b-1;Employee access is granted to systems and confidential data based on job responsibilities and the principles of least privilege.;Cybersecurity Controls (Domain 3);Preventative Controls (PC);;aws;;PASS;Inline policy range-app-deploy-policy attached to role range-app-deploy-role does not allow 'aws-marketplace:Subscribe' on all resources.;arn:aws:iam::<SANDBOX_ACCOUNT_ID>:role/range-app-deploy-role;iam_inline_policy_no_wildcard_marketplace_subscribe;False;range-app-deploy-role/range-app-deploy-policy;FFIEC;FFIEC Cybersecurity Assessment Tool framework;
aws;In light of the increasing volume and sophistication of cyber threats, the Federal Financial Institutions Examination Council (FFIEC) developed the Cybersecurity Assessment Tool (Assessment), on behalf of its members, to help institutions identify their risks and determine their cybersecurity maturity.;<SANDBOX_ACCOUNT_ID>;ap-southeast-7;2026-08-19 02:30:11.271115;d3-pc-am-b-1;Employee access is granted to systems and confidential data based on job responsibilities and the principles of least privilege.;Cybersecurity Controls (Domain 3);Preventative Controls (PC);;aws;;PASS;Inline policy range-cloudtrail-to-cwl attached to role range-cloudtrail-to-cwl does not allow 'aws-marketplace:Subscribe' on all resources.;arn:aws:iam::<SANDBOX_ACCOUNT_ID>:role/range-cloudtrail-to-cwl;iam_inline_policy_no_wildcard_marketplace_subscribe;False;range-cloudtrail-to-cwl/range-cloudtrail-to-cwl;FFIEC;FFIEC Cybersecurity Assessment Tool framework;
aws;In light of the increasing volume and sophistication of cyber threats, the Federal Financial Institutions Examination Council (FFIEC) developed the Cybersecurity Assessment Tool (Assessment), on behalf of its members, to help institutions identify their risks and determine their cybersecurity maturity.;<SANDBOX_ACCOUNT_ID>;ap-southeast-7;2026-08-19 02:30:11.271115;d3-pc-am-b-1;Employee access is granted to systems and confidential data based on job responsibilities and the principles of least privilege.;Cybersecurity Controls (Domain 3);Preventative Controls (PC);;aws;;PASS;Root account does not have access keys.;arn:aws:iam::<SANDBOX_ACCOUNT_ID>:root;iam_no_root_access_key;False;<root_account>;FFIEC;FFIEC Cybersecurity Assessment Tool framework;
aws;In light of the increasing volume and sophistication of cyber threats, the Federal Financial Institutions Examination Council (FFIEC) developed the Cybersecurity Assessment Tool (Assessment), on behalf of its members, to help institutions identify their risks and determine their cybersecurity maturity.;<SANDBOX_ACCOUNT_ID>;ap-southeast-7;2026-08-19 02:30:11.271115;d3-pc-am-b-3;Elevated privileges (e.g., administrator privileges) are limited and tightly controlled (e.g., assigned to individuals, not shared, and require stronger password controls;Cybersecurity Controls (Domain 3);Preventative Controls (PC);;aws;;PASS;Root account does not have access keys.;arn:aws:iam::<SANDBOX_ACCOUNT_ID>:root;iam_no_root_access_key;False;<root_account>;FFIEC;FFIEC Cybersecurity Assessment Tool framework;
aws;In light of the increasing volume and sophistication of cyber threats, the Federal Financial Institutions Examination Council (FFIEC) developed the Cybersecurity Assessment Tool (Assessment), on behalf of its members, to help institutions identify their risks and determine their cybersecurity maturity.;<SANDBOX_ACCOUNT_ID>;ap-southeast-7;2026-08-19 02:30:11.271115;d3-pc-am-b-8;All default passwords and unnecessary default accounts are changed before system implementation.;Cybersecurity Controls (Domain 3);Preventative Controls (PC);;aws;;PASS;Root account does not have access keys.;arn:aws:iam::<SANDBOX_ACCOUNT_ID>:root;iam_no_root_access_key;False;<root_account>;FFIEC;FFIEC Cybersecurity Assessment Tool framework;
aws;In light of the increasing volume and sophistication of cyber threats, the Federal Financial Institutions Examination Council (FFIEC) developed the Cybersecurity Assessment Tool (Assessment), on behalf of its members, to help institutions identify their risks and determine their cybersecurity maturity.;<SANDBOX_ACCOUNT_ID>;ap-southeast-7;2026-08-19 02:30:11.271115;d3-pc-am-b-6;Identification and authentication are required and managed for access to systems, applications, and hardware.;Cybersecurity Controls (Domain 3);Preventative Controls (PC);;aws;;FAIL;IAM password policy does not require at least one lowercase letter.;arn:aws:iam:ap-southeast-7:<SANDBOX_ACCOUNT_ID>:password-policy;iam_password_policy_lowercase;False;<SANDBOX_ACCOUNT_ID>;FFIEC;FFIEC Cybersecurity Assessment Tool framework;
aws;In light of the increasing volume and sophistication of cyber threats, the Federal Financial Institutions Examination Council (FFIEC) developed the Cybersecurity Assessment Tool (Assessment), on behalf of its members, to help institutions identify their risks and determine their cybersecurity maturity.;<SANDBOX_ACCOUNT_ID>;ap-southeast-7;2026-08-19 02:30:11.271115;d3-pc-am-b-7;Access controls include password complexity and limits to password attempts and reuse.;Cybersecurity Controls (Domain 3);Preventative Controls (PC);;aws;;FAIL;IAM password policy does not require at least one lowercase letter.;arn:aws:iam:ap-southeast-7:<SANDBOX_ACCOUNT_ID>:password-policy;iam_password_policy_lowercase;False;<SANDBOX_ACCOUNT_ID>;FFIEC;FFIEC Cybersecurity Assessment Tool framework;
aws;In light of the increasing volume and sophistication of cyber threats, the Federal Financial Institutions Examination Council (FFIEC) developed the Cybersecurity Assessment Tool (Assessment), on behalf of its members, to help institutions identify their risks and determine their cybersecurity maturity.;<SANDBOX_ACCOUNT_ID>;ap-southeast-7;2026-08-19 02:30:11.271115;d3-pc-am-b-6;Identification and authentication are required and managed for access to systems, applications, and hardware.;Cybersecurity Controls (Domain 3);Preventative Controls (PC);;aws;;FAIL;IAM password policy does not require minimum length of 14 characters.;arn:aws:iam:ap-southeast-7:<SANDBOX_ACCOUNT_ID>:password-policy;iam_password_policy_minimum_length_14;False;<SANDBOX_ACCOUNT_ID>;FFIEC;FFIEC Cybersecurity Assessment Tool framework;
aws;In light of the increasing volume and sophistication of cyber threats, the Federal Financial Institutions Examination Council (FFIEC) developed the Cybersecurity Assessment Tool (Assessment), on behalf of its members, to help institutions identify their risks and determine their cybersecurity maturity.;<SANDBOX_ACCOUNT_ID>;ap-southeast-7;2026-08-19 02:30:11.271115;d3-pc-am-b-7;Access controls include password complexity and limits to password attempts and reuse.;Cybersecurity Controls (Domain 3);Preventative Controls (PC);;aws;;FAIL;IAM password policy does not require minimum length of 14 characters.;arn:aws:iam:ap-southeast-7:<SANDBOX_ACCOUNT_ID>:password-policy;iam_password_policy_minimum_length_14;False;<SANDBOX_ACCOUNT_ID>;FFIEC;FFIEC Cybersecurity Assessment Tool framework;
aws;In light of the increasing volume and sophistication of cyber threats, the Federal Financial Institutions Examination Council (FFIEC) developed the Cybersecurity Assessment Tool (Assessment), on behalf of its members, to help institutions identify their risks and determine their cybersecurity maturity.;<SANDBOX_ACCOUNT_ID>;ap-southeast-7;2026-08-19 02:30:11.271115;d3-pc-am-b-6;Identification and authentication are required and managed for access to systems, applications, and hardware.;Cybersecurity Controls (Domain 3);Preventative Controls (PC);;aws;;FAIL;IAM password policy does not require at least one number.;arn:aws:iam:ap-southeast-7:<SANDBOX_ACCOUNT_ID>:password-policy;iam_password_policy_number;False;<SANDBOX_ACCOUNT_ID>;FFIEC;FFIEC Cybersecurity Assessment Tool framework;
aws;In light of the increasing volume and sophistication of cyber threats, the Federal Financial Institutions Examination Council (FFIEC) developed the Cybersecurity Assessment Tool (Assessment), on behalf of its members, to help institutions identify their risks and determine their cybersecurity maturity.;<SANDBOX_ACCOUNT_ID>;ap-southeast-7;2026-08-19 02:30:11.271115;d3-pc-am-b-7;Access controls include password complexity and limits to password attempts and reuse.;Cybersecurity Controls (Domain 3);Preventative Controls (PC);;aws;;FAIL;IAM password policy does not require at least one number.;arn:aws:iam:ap-southeast-7:<SANDBOX_ACCOUNT_ID>:password-policy;iam_password_policy_number;False;<SANDBOX_ACCOUNT_ID>;FFIEC;FFIEC Cybersecurity Assessment Tool framework;
aws;In light of the increasing volume and sophistication of cyber threats, the Federal Financial Institutions Examination Council (FFIEC) developed the Cybersecurity Assessment Tool (Assessment), on behalf of its members, to help institutions identify their risks and determine their cybersecurity maturity.;<SANDBOX_ACCOUNT_ID>;ap-southeast-7;2026-08-19 02:30:11.271115;d3-pc-am-b-6;Identification and authentication are required and managed for access to systems, applications, and hardware.;Cybersecurity Controls (Domain 3);Preventative Controls (PC);;aws;;FAIL;IAM password policy does not require at least one symbol.;arn:aws:iam:ap-southeast-7:<SANDBOX_ACCOUNT_ID>:password-policy;iam_password_policy_symbol;False;<SANDBOX_ACCOUNT_ID>;FFIEC;FFIEC Cybersecurity Assessment Tool framework;
aws;In light of the increasing volume and sophistication of cyber threats, the Federal Financial Institutions Examination Council (FFIEC) developed the Cybersecurity Assessment Tool (Assessment), on behalf of its members, to help institutions identify their risks and determine their cybersecurity maturity.;<SANDBOX_ACCOUNT_ID>;ap-southeast-7;2026-08-19 02:30:11.271115;d3-pc-am-b-7;Access controls include password complexity and limits to password attempts and reuse.;Cybersecurity Controls (Domain 3);Preventative Controls (PC);;aws;;FAIL;IAM password policy does not require at least one symbol.;arn:aws:iam:ap-southeast-7:<SANDBOX_ACCOUNT_ID>:password-policy;iam_password_policy_symbol;False;<SANDBOX_ACCOUNT_ID>;FFIEC;FFIEC Cybersecurity Assessment Tool framework;
aws;In light of the increasing volume and sophistication of cyber threats, the Federal Financial Institutions Examination Council (FFIEC) developed the Cybersecurity Assessment Tool (Assessment), on behalf of its members, to help institutions identify their risks and determine their cybersecurity maturity.;<SANDBOX_ACCOUNT_ID>;ap-southeast-7;2026-08-19 02:30:11.271115;d3-pc-am-b-6;Identification and authentication are required and managed for access to systems, applications, and hardware.;Cybersecurity Controls (Domain 3);Preventative Controls (PC);;aws;;FAIL;IAM password policy does not require at least one uppercase letter.;arn:aws:iam:ap-southeast-7:<SANDBOX_ACCOUNT_ID>:password-policy;iam_password_policy_uppercase;False;<SANDBOX_ACCOUNT_ID>;FFIEC;FFIEC Cybersecurity Assessment Tool framework;
aws;In light of the increasing volume and sophistication of cyber threats, the Federal Financial Institutions Examination Council (FFIEC) developed the Cybersecurity Assessment Tool (Assessment), on behalf of its members, to help institutions identify their risks and determine their cybersecurity maturity.;<SANDBOX_ACCOUNT_ID>;ap-southeast-7;2026-08-19 02:30:11.271115;d3-pc-am-b-7;Access controls include password complexity and limits to password attempts and reuse.;Cybersecurity Controls (Domain 3);Preventative Controls (PC);;aws;;FAIL;IAM password policy does not require at least one uppercase letter.;arn:aws:iam:ap-southeast-7:<SANDBOX_ACCOUNT_ID>:password-policy;iam_password_policy_uppercase;False;<SANDBOX_ACCOUNT_ID>;FFIEC;FFIEC Cybersecurity Assessment Tool framework;
aws;In light of the increasing volume and sophistication of cyber threats, the Federal Financial Institutions Examination Council (FFIEC) developed the Cybersecurity Assessment Tool (Assessment), on behalf of its members, to help institutions identify their risks and determine their cybersecurity maturity.;<SANDBOX_ACCOUNT_ID>;ap-southeast-7;2026-08-19 02:30:11.271115;d3-pc-am-b-15;Remote access to critical systems by employees, contractors, and third parties uses encrypted connections and multifactor authentication.;Cybersecurity Controls (Domain 3);Preventative Controls (PC);;aws;;FAIL;MFA is not enabled for root account.;arn:aws:iam::<SANDBOX_ACCOUNT_ID>:mfa;iam_root_hardware_mfa_enabled;False;<root_account>;FFIEC;FFIEC Cybersecurity Assessment Tool framework;
aws;In light of the increasing volume and sophistication of cyber threats, the Federal Financial Institutions Examination Council (FFIEC) developed the Cybersecurity Assessment Tool (Assessment), on behalf of its members, to help institutions identify their risks and determine their cybersecurity maturity.;<SANDBOX_ACCOUNT_ID>;ap-southeast-7;2026-08-19 02:30:11.271115;d3-pc-am-b-3;Elevated privileges (e.g., administrator privileges) are limited and tightly controlled (e.g., assigned to individuals, not shared, and require stronger password controls;Cybersecurity Controls (Domain 3);Preventative Controls (PC);;aws;;FAIL;MFA is not enabled for root account.;arn:aws:iam::<SANDBOX_ACCOUNT_ID>:mfa;iam_root_hardware_mfa_enabled;False;<root_account>;FFIEC;FFIEC Cybersecurity Assessment Tool framework;
aws;In light of the increasing volume and sophistication of cyber threats, the Federal Financial Institutions Examination Council (FFIEC) developed the Cybersecurity Assessment Tool (Assessment), on behalf of its members, to help institutions identify their risks and determine their cybersecurity maturity.;<SANDBOX_ACCOUNT_ID>;ap-southeast-7;2026-08-19 02:30:11.271115;d3-pc-am-b-6;Identification and authentication are required and managed for access to systems, applications, and hardware.;Cybersecurity Controls (Domain 3);Preventative Controls (PC);;aws;;FAIL;MFA is not enabled for root account.;arn:aws:iam::<SANDBOX_ACCOUNT_ID>:mfa;iam_root_hardware_mfa_enabled;False;<root_account>;FFIEC;FFIEC Cybersecurity Assessment Tool framework;
aws;In light of the increasing volume and sophistication of cyber threats, the Federal Financial Institutions Examination Council (FFIEC) developed the Cybersecurity Assessment Tool (Assessment), on behalf of its members, to help institutions identify their risks and determine their cybersecurity maturity.;<SANDBOX_ACCOUNT_ID>;ap-southeast-7;2026-08-19 02:30:11.271115;d3-pc-am-b-15;Remote access to critical systems by employees, contractors, and third parties uses encrypted connections and multifactor authentication.;Cybersecurity Controls (Domain 3);Preventative Controls (PC);;aws;;FAIL;MFA is not enabled for root account.;arn:aws:iam::<SANDBOX_ACCOUNT_ID>:root;iam_root_mfa_enabled;False;<root_account>;FFIEC;FFIEC Cybersecurity Assessment Tool framework;
aws;In light of the increasing volume and sophistication of cyber threats, the Federal Financial Institutions Examination Council (FFIEC) developed the Cybersecurity Assessment Tool (Assessment), on behalf of its members, to help institutions identify their risks and determine their cybersecurity maturity.;<SANDBOX_ACCOUNT_ID>;ap-southeast-7;2026-08-19 02:30:11.271115;d3-pc-am-b-3;Elevated privileges (e.g., administrator privileges) are limited and tightly controlled (e.g., assigned to individuals, not shared, and require stronger password controls;Cybersecurity Controls (Domain 3);Preventative Controls (PC);;aws;;FAIL;MFA is not enabled for root account.;arn:aws:iam::<SANDBOX_ACCOUNT_ID>:root;iam_root_mfa_enabled;False;<root_account>;FFIEC;FFIEC Cybersecurity Assessment Tool framework;
aws;In light of the increasing volume and sophistication of cyber threats, the Federal Financial Institutions Examination Council (FFIEC) developed the Cybersecurity Assessment Tool (Assessment), on behalf of its members, to help institutions identify their risks and determine their cybersecurity maturity.;<SANDBOX_ACCOUNT_ID>;ap-southeast-7;2026-08-19 02:30:11.271115;d3-pc-am-b-6;Identification and authentication are required and managed for access to systems, applications, and hardware.;Cybersecurity Controls (Domain 3);Preventative Controls (PC);;aws;;FAIL;MFA is not enabled for root account.;arn:aws:iam::<SANDBOX_ACCOUNT_ID>:root;iam_root_mfa_enabled;False;<root_account>;FFIEC;FFIEC Cybersecurity Assessment Tool framework;
aws;In light of the increasing volume and sophistication of cyber threats, the Federal Financial Institutions Examination Council (FFIEC) developed the Cybersecurity Assessment Tool (Assessment), on behalf of its members, to help institutions identify their risks and determine their cybersecurity maturity.;<SANDBOX_ACCOUNT_ID>;ap-southeast-7;2026-08-19 02:30:11.271115;d3-pc-am-b-6;Identification and authentication are required and managed for access to systems, applications, and hardware.;Cybersecurity Controls (Domain 3);Preventative Controls (PC);;aws;;PASS;User <root_account> does not have access keys.;arn:aws:iam::<SANDBOX_ACCOUNT_ID>:root;iam_rotate_access_key_90_days;False;<root_account>;FFIEC;FFIEC Cybersecurity Assessment Tool framework;
aws;In light of the increasing volume and sophistication of cyber threats, the Federal Financial Institutions Examination Council (FFIEC) developed the Cybersecurity Assessment Tool (Assessment), on behalf of its members, to help institutions identify their risks and determine their cybersecurity maturity.;<SANDBOX_ACCOUNT_ID>;ap-southeast-7;2026-08-19 02:30:11.271115;d3-pc-am-b-6;Identification and authentication are required and managed for access to systems, applications, and hardware.;Cybersecurity Controls (Domain 3);Preventative Controls (PC);;aws;;PASS;User <root_account> does not have access keys.;arn:aws:iam::<SANDBOX_ACCOUNT_ID>:root;iam_user_accesskey_unused;False;<root_account>;FFIEC;FFIEC Cybersecurity Assessment Tool framework;
aws;In light of the increasing volume and sophistication of cyber threats, the Federal Financial Institutions Examination Council (FFIEC) developed the Cybersecurity Assessment Tool (Assessment), on behalf of its members, to help institutions identify their risks and determine their cybersecurity maturity.;<SANDBOX_ACCOUNT_ID>;ap-southeast-7;2026-08-19 02:30:11.271115;d3-pc-im-b-1;Network perimeter defense tools (e.g., border router and firewall) are used.;Cybersecurity Controls (Domain 3);Preventative Controls (PC);;aws;;FAIL;Block Public Access is not configured for the account <SANDBOX_ACCOUNT_ID>.;arn:aws:s3:ap-southeast-7:<SANDBOX_ACCOUNT_ID>:account;s3_account_level_public_access_blocks;False;<SANDBOX_ACCOUNT_ID>;FFIEC;FFIEC Cybersecurity Assessment Tool framework;
aws;In light of the increasing volume and sophistication of cyber threats, the Federal Financial Institutions Examination Council (FFIEC) developed the Cybersecurity Assessment Tool (Assessment), on behalf of its members, to help institutions identify their risks and determine their cybersecurity maturity.;<SANDBOX_ACCOUNT_ID>;ap-southeast-7;2026-08-19 02:30:11.271115;d3-pc-am-b-12;All passwords are encrypted in storage and in transit.;Cybersecurity Controls (Domain 3);Preventative Controls (PC);;aws;;PASS;S3 Bucket range-cloudtrail-<SANDBOX_ACCOUNT_ID> has Server Side Encryption with AES256.;arn:aws:s3:::range-cloudtrail-<SANDBOX_ACCOUNT_ID>;s3_bucket_default_encryption;False;range-cloudtrail-<SANDBOX_ACCOUNT_ID>;FFIEC;FFIEC Cybersecurity Assessment Tool framework;
aws;In light of the increasing volume and sophistication of cyber threats, the Federal Financial Institutions Examination Council (FFIEC) developed the Cybersecurity Assessment Tool (Assessment), on behalf of its members, to help institutions identify their risks and determine their cybersecurity maturity.;<SANDBOX_ACCOUNT_ID>;ap-southeast-7;2026-08-19 02:30:11.271115;d3-pc-am-b-12;All passwords are encrypted in storage and in transit.;Cybersecurity Controls (Domain 3);Preventative Controls (PC);;aws;;PASS;S3 Bucket range-customer-data-<SANDBOX_ACCOUNT_ID> has Server Side Encryption with AES256.;arn:aws:s3:::range-customer-data-<SANDBOX_ACCOUNT_ID>;s3_bucket_default_encryption;False;range-customer-data-<SANDBOX_ACCOUNT_ID>;FFIEC;FFIEC Cybersecurity Assessment Tool framework;
aws;In light of the increasing volume and sophistication of cyber threats, the Federal Financial Institutions Examination Council (FFIEC) developed the Cybersecurity Assessment Tool (Assessment), on behalf of its members, to help institutions identify their risks and determine their cybersecurity maturity.;<SANDBOX_ACCOUNT_ID>;ap-southeast-7;2026-08-19 02:30:11.271115;d5-ir-pl-b-6;The institution plans to use business continuity, disaster recovery, and data backup programs to recover operations following an incident.;Cyber Incident Management and Resilience (Domain 5);Incident Resilience Planning & Strategy (IR);;aws;;FAIL;S3 Bucket range-cloudtrail-<SANDBOX_ACCOUNT_ID> has versioning disabled.;arn:aws:s3:::range-cloudtrail-<SANDBOX_ACCOUNT_ID>;s3_bucket_object_versioning;False;range-cloudtrail-<SANDBOX_ACCOUNT_ID>;FFIEC;FFIEC Cybersecurity Assessment Tool framework;
aws;In light of the increasing volume and sophistication of cyber threats, the Federal Financial Institutions Examination Council (FFIEC) developed the Cybersecurity Assessment Tool (Assessment), on behalf of its members, to help institutions identify their risks and determine their cybersecurity maturity.;<SANDBOX_ACCOUNT_ID>;ap-southeast-7;2026-08-19 02:30:11.271115;d5-ir-pl-b-6;The institution plans to use business continuity, disaster recovery, and data backup programs to recover operations following an incident.;Cyber Incident Management and Resilience (Domain 5);Incident Resilience Planning & Strategy (IR);;aws;;FAIL;S3 Bucket range-customer-data-<SANDBOX_ACCOUNT_ID> has versioning disabled.;arn:aws:s3:::range-customer-data-<SANDBOX_ACCOUNT_ID>;s3_bucket_object_versioning;False;range-customer-data-<SANDBOX_ACCOUNT_ID>;FFIEC;FFIEC Cybersecurity Assessment Tool framework;
aws;In light of the increasing volume and sophistication of cyber threats, the Federal Financial Institutions Examination Council (FFIEC) developed the Cybersecurity Assessment Tool (Assessment), on behalf of its members, to help institutions identify their risks and determine their cybersecurity maturity.;<SANDBOX_ACCOUNT_ID>;ap-southeast-7;2026-08-19 02:30:11.271115;d3-pc-im-b-1;Network perimeter defense tools (e.g., border router and firewall) are used.;Cybersecurity Controls (Domain 3);Preventative Controls (PC);;aws;;PASS;S3 public access blocked at bucket level for range-cloudtrail-<SANDBOX_ACCOUNT_ID>.;arn:aws:s3:::range-cloudtrail-<SANDBOX_ACCOUNT_ID>;s3_bucket_policy_public_write_access;False;range-cloudtrail-<SANDBOX_ACCOUNT_ID>;FFIEC;FFIEC Cybersecurity Assessment Tool framework;
aws;In light of the increasing volume and sophistication of cyber threats, the Federal Financial Institutions Examination Council (FFIEC) developed the Cybersecurity Assessment Tool (Assessment), on behalf of its members, to help institutions identify their risks and determine their cybersecurity maturity.;<SANDBOX_ACCOUNT_ID>;ap-southeast-7;2026-08-19 02:30:11.271115;d3-pc-im-b-1;Network perimeter defense tools (e.g., border router and firewall) are used.;Cybersecurity Controls (Domain 3);Preventative Controls (PC);;aws;;PASS;S3 public access blocked at bucket level for range-customer-data-<SANDBOX_ACCOUNT_ID>.;arn:aws:s3:::range-customer-data-<SANDBOX_ACCOUNT_ID>;s3_bucket_policy_public_write_access;False;range-customer-data-<SANDBOX_ACCOUNT_ID>;FFIEC;FFIEC Cybersecurity Assessment Tool framework;
aws;In light of the increasing volume and sophistication of cyber threats, the Federal Financial Institutions Examination Council (FFIEC) developed the Cybersecurity Assessment Tool (Assessment), on behalf of its members, to help institutions identify their risks and determine their cybersecurity maturity.;<SANDBOX_ACCOUNT_ID>;ap-southeast-7;2026-08-19 02:30:11.271115;d3-pc-im-b-1;Network perimeter defense tools (e.g., border router and firewall) are used.;Cybersecurity Controls (Domain 3);Preventative Controls (PC);;aws;;PASS;S3 Bucket range-cloudtrail-<SANDBOX_ACCOUNT_ID> is not public.;arn:aws:s3:::range-cloudtrail-<SANDBOX_ACCOUNT_ID>;s3_bucket_public_access;False;range-cloudtrail-<SANDBOX_ACCOUNT_ID>;FFIEC;FFIEC Cybersecurity Assessment Tool framework;
aws;In light of the increasing volume and sophistication of cyber threats, the Federal Financial Institutions Examination Council (FFIEC) developed the Cybersecurity Assessment Tool (Assessment), on behalf of its members, to help institutions identify their risks and determine their cybersecurity maturity.;<SANDBOX_ACCOUNT_ID>;ap-southeast-7;2026-08-19 02:30:11.271115;d3-pc-im-b-1;Network perimeter defense tools (e.g., border router and firewall) are used.;Cybersecurity Controls (Domain 3);Preventative Controls (PC);;aws;;PASS;S3 Bucket range-customer-data-<SANDBOX_ACCOUNT_ID> is not public.;arn:aws:s3:::range-customer-data-<SANDBOX_ACCOUNT_ID>;s3_bucket_public_access;False;range-customer-data-<SANDBOX_ACCOUNT_ID>;FFIEC;FFIEC Cybersecurity Assessment Tool framework;
aws;In light of the increasing volume and sophistication of cyber threats, the Federal Financial Institutions Examination Council (FFIEC) developed the Cybersecurity Assessment Tool (Assessment), on behalf of its members, to help institutions identify their risks and determine their cybersecurity maturity.;<SANDBOX_ACCOUNT_ID>;ap-southeast-7;2026-08-19 02:30:11.271115;d3-pc-am-b-12;All passwords are encrypted in storage and in transit.;Cybersecurity Controls (Domain 3);Preventative Controls (PC);;aws;;FAIL;S3 Bucket range-cloudtrail-<SANDBOX_ACCOUNT_ID> allows requests over insecure transport in the bucket policy.;arn:aws:s3:::range-cloudtrail-<SANDBOX_ACCOUNT_ID>;s3_bucket_secure_transport_policy;False;range-cloudtrail-<SANDBOX_ACCOUNT_ID>;FFIEC;FFIEC Cybersecurity Assessment Tool framework;
aws;In light of the increasing volume and sophistication of cyber threats, the Federal Financial Institutions Examination Council (FFIEC) developed the Cybersecurity Assessment Tool (Assessment), on behalf of its members, to help institutions identify their risks and determine their cybersecurity maturity.;<SANDBOX_ACCOUNT_ID>;ap-southeast-7;2026-08-19 02:30:11.271115;d3-pc-am-b-13;Confidential data is encrypted when transmitted across public or untrusted networks (e.g., Internet).;Cybersecurity Controls (Domain 3);Preventative Controls (PC);;aws;;FAIL;S3 Bucket range-cloudtrail-<SANDBOX_ACCOUNT_ID> allows requests over insecure transport in the bucket policy.;arn:aws:s3:::range-cloudtrail-<SANDBOX_ACCOUNT_ID>;s3_bucket_secure_transport_policy;False;range-cloudtrail-<SANDBOX_ACCOUNT_ID>;FFIEC;FFIEC Cybersecurity Assessment Tool framework;
aws;In light of the increasing volume and sophistication of cyber threats, the Federal Financial Institutions Examination Council (FFIEC) developed the Cybersecurity Assessment Tool (Assessment), on behalf of its members, to help institutions identify their risks and determine their cybersecurity maturity.;<SANDBOX_ACCOUNT_ID>;ap-southeast-7;2026-08-19 02:30:11.271115;d3-pc-am-b-15;Remote access to critical systems by employees, contractors, and third parties uses encrypted connections and multifactor authentication.;Cybersecurity Controls (Domain 3);Preventative Controls (PC);;aws;;FAIL;S3 Bucket range-cloudtrail-<SANDBOX_ACCOUNT_ID> allows requests over insecure transport in the bucket policy.;arn:aws:s3:::range-cloudtrail-<SANDBOX_ACCOUNT_ID>;s3_bucket_secure_transport_policy;False;range-cloudtrail-<SANDBOX_ACCOUNT_ID>;FFIEC;FFIEC Cybersecurity Assessment Tool framework;
aws;In light of the increasing volume and sophistication of cyber threats, the Federal Financial Institutions Examination Council (FFIEC) developed the Cybersecurity Assessment Tool (Assessment), on behalf of its members, to help institutions identify their risks and determine their cybersecurity maturity.;<SANDBOX_ACCOUNT_ID>;ap-southeast-7;2026-08-19 02:30:11.271115;d3-pc-am-b-12;All passwords are encrypted in storage and in transit.;Cybersecurity Controls (Domain 3);Preventative Controls (PC);;aws;;FAIL;S3 Bucket range-customer-data-<SANDBOX_ACCOUNT_ID> allows requests over insecure transport in the bucket policy.;arn:aws:s3:::range-customer-data-<SANDBOX_ACCOUNT_ID>;s3_bucket_secure_transport_policy;False;range-customer-data-<SANDBOX_ACCOUNT_ID>;FFIEC;FFIEC Cybersecurity Assessment Tool framework;
aws;In light of the increasing volume and sophistication of cyber threats, the Federal Financial Institutions Examination Council (FFIEC) developed the Cybersecurity Assessment Tool (Assessment), on behalf of its members, to help institutions identify their risks and determine their cybersecurity maturity.;<SANDBOX_ACCOUNT_ID>;ap-southeast-7;2026-08-19 02:30:11.271115;d3-pc-am-b-13;Confidential data is encrypted when transmitted across public or untrusted networks (e.g., Internet).;Cybersecurity Controls (Domain 3);Preventative Controls (PC);;aws;;FAIL;S3 Bucket range-customer-data-<SANDBOX_ACCOUNT_ID> allows requests over insecure transport in the bucket policy.;arn:aws:s3:::range-customer-data-<SANDBOX_ACCOUNT_ID>;s3_bucket_secure_transport_policy;False;range-customer-data-<SANDBOX_ACCOUNT_ID>;FFIEC;FFIEC Cybersecurity Assessment Tool framework;
aws;In light of the increasing volume and sophistication of cyber threats, the Federal Financial Institutions Examination Council (FFIEC) developed the Cybersecurity Assessment Tool (Assessment), on behalf of its members, to help institutions identify their risks and determine their cybersecurity maturity.;<SANDBOX_ACCOUNT_ID>;ap-southeast-7;2026-08-19 02:30:11.271115;d3-pc-am-b-15;Remote access to critical systems by employees, contractors, and third parties uses encrypted connections and multifactor authentication.;Cybersecurity Controls (Domain 3);Preventative Controls (PC);;aws;;FAIL;S3 Bucket range-customer-data-<SANDBOX_ACCOUNT_ID> allows requests over insecure transport in the bucket policy.;arn:aws:s3:::range-customer-data-<SANDBOX_ACCOUNT_ID>;s3_bucket_secure_transport_policy;False;range-customer-data-<SANDBOX_ACCOUNT_ID>;FFIEC;FFIEC Cybersecurity Assessment Tool framework;
aws;In light of the increasing volume and sophistication of cyber threats, the Federal Financial Institutions Examination Council (FFIEC) developed the Cybersecurity Assessment Tool (Assessment), on behalf of its members, to help institutions identify their risks and determine their cybersecurity maturity.;<SANDBOX_ACCOUNT_ID>;ap-southeast-7;2026-08-19 02:30:11.271115;d2-ma-ma-b-1;Information security threats are gathered and shared with applicable internal employees.;Threat Intelligence and Collaboration (Domain 2);Monitoring and Analyzing (MA);;aws;;FAIL;S3 Bucket range-cloudtrail-<SANDBOX_ACCOUNT_ID> has server access logging disabled.;arn:aws:s3:::range-cloudtrail-<SANDBOX_ACCOUNT_ID>;s3_bucket_server_access_logging_enabled;False;range-cloudtrail-<SANDBOX_ACCOUNT_ID>;FFIEC;FFIEC Cybersecurity Assessment Tool framework;
aws;In light of the increasing volume and sophistication of cyber threats, the Federal Financial Institutions Examination Council (FFIEC) developed the Cybersecurity Assessment Tool (Assessment), on behalf of its members, to help institutions identify their risks and determine their cybersecurity maturity.;<SANDBOX_ACCOUNT_ID>;ap-southeast-7;2026-08-19 02:30:11.271115;d2-ma-ma-b-2;Computer event logs are used for investigations once an event has occurred.;Threat Intelligence and Collaboration (Domain 2);Monitoring and Analyzing (MA);;aws;;FAIL;S3 Bucket range-cloudtrail-<SANDBOX_ACCOUNT_ID> has server access logging disabled.;arn:aws:s3:::range-cloudtrail-<SANDBOX_ACCOUNT_ID>;s3_bucket_server_access_logging_enabled;False;range-cloudtrail-<SANDBOX_ACCOUNT_ID>;FFIEC;FFIEC Cybersecurity Assessment Tool framework;
aws;In light of the increasing volume and sophistication of cyber threats, the Federal Financial Institutions Examination Council (FFIEC) developed the Cybersecurity Assessment Tool (Assessment), on behalf of its members, to help institutions identify their risks and determine their cybersecurity maturity.;<SANDBOX_ACCOUNT_ID>;ap-southeast-7;2026-08-19 02:30:11.271115;d3-dc-an-b-3;Logs of physical and/or logical access are reviewed following events.;Cybersecurity Controls (Domain 3);Detective Controls (DC);;aws;;FAIL;S3 Bucket range-cloudtrail-<SANDBOX_ACCOUNT_ID> has server access logging disabled.;arn:aws:s3:::range-cloudtrail-<SANDBOX_ACCOUNT_ID>;s3_bucket_server_access_logging_enabled;False;range-cloudtrail-<SANDBOX_ACCOUNT_ID>;FFIEC;FFIEC Cybersecurity Assessment Tool framework;
aws;In light of the increasing volume and sophistication of cyber threats, the Federal Financial Institutions Examination Council (FFIEC) developed the Cybersecurity Assessment Tool (Assessment), on behalf of its members, to help institutions identify their risks and determine their cybersecurity maturity.;<SANDBOX_ACCOUNT_ID>;ap-southeast-7;2026-08-19 02:30:11.271115;d3-dc-an-b-4;Access to critical systems by third parties is monitored for unauthorized or unusual activity.;Cybersecurity Controls (Domain 3);Detective Controls (DC);;aws;;FAIL;S3 Bucket range-cloudtrail-<SANDBOX_ACCOUNT_ID> has server access logging disabled.;arn:aws:s3:::range-cloudtrail-<SANDBOX_ACCOUNT_ID>;s3_bucket_server_access_logging_enabled;False;range-cloudtrail-<SANDBOX_ACCOUNT_ID>;FFIEC;FFIEC Cybersecurity Assessment Tool framework;
aws;In light of the increasing volume and sophistication of cyber threats, the Federal Financial Institutions Examination Council (FFIEC) developed the Cybersecurity Assessment Tool (Assessment), on behalf of its members, to help institutions identify their risks and determine their cybersecurity maturity.;<SANDBOX_ACCOUNT_ID>;ap-southeast-7;2026-08-19 02:30:11.271115;d5-dr-de-b-3;Tools and processes are in place to detect, alert, and trigger the incident response program.;Cyber Incident Management and Resilience (Domain 5);Detection, Response, & Mitigation (DR);;aws;;FAIL;S3 Bucket range-cloudtrail-<SANDBOX_ACCOUNT_ID> has server access logging disabled.;arn:aws:s3:::range-cloudtrail-<SANDBOX_ACCOUNT_ID>;s3_bucket_server_access_logging_enabled;False;range-cloudtrail-<SANDBOX_ACCOUNT_ID>;FFIEC;FFIEC Cybersecurity Assessment Tool framework;
aws;In light of the increasing volume and sophistication of cyber threats, the Federal Financial Institutions Examination Council (FFIEC) developed the Cybersecurity Assessment Tool (Assessment), on behalf of its members, to help institutions identify their risks and determine their cybersecurity maturity.;<SANDBOX_ACCOUNT_ID>;ap-southeast-7;2026-08-19 02:30:11.271115;d2-ma-ma-b-1;Information security threats are gathered and shared with applicable internal employees.;Threat Intelligence and Collaboration (Domain 2);Monitoring and Analyzing (MA);;aws;;FAIL;S3 Bucket range-customer-data-<SANDBOX_ACCOUNT_ID> has server access logging disabled.;arn:aws:s3:::range-customer-data-<SANDBOX_ACCOUNT_ID>;s3_bucket_server_access_logging_enabled;False;range-customer-data-<SANDBOX_ACCOUNT_ID>;FFIEC;FFIEC Cybersecurity Assessment Tool framework;
aws;In light of the increasing volume and sophistication of cyber threats, the Federal Financial Institutions Examination Council (FFIEC) developed the Cybersecurity Assessment Tool (Assessment), on behalf of its members, to help institutions identify their risks and determine their cybersecurity maturity.;<SANDBOX_ACCOUNT_ID>;ap-southeast-7;2026-08-19 02:30:11.271115;d2-ma-ma-b-2;Computer event logs are used for investigations once an event has occurred.;Threat Intelligence and Collaboration (Domain 2);Monitoring and Analyzing (MA);;aws;;FAIL;S3 Bucket range-customer-data-<SANDBOX_ACCOUNT_ID> has server access logging disabled.;arn:aws:s3:::range-customer-data-<SANDBOX_ACCOUNT_ID>;s3_bucket_server_access_logging_enabled;False;range-customer-data-<SANDBOX_ACCOUNT_ID>;FFIEC;FFIEC Cybersecurity Assessment Tool framework;
aws;In light of the increasing volume and sophistication of cyber threats, the Federal Financial Institutions Examination Council (FFIEC) developed the Cybersecurity Assessment Tool (Assessment), on behalf of its members, to help institutions identify their risks and determine their cybersecurity maturity.;<SANDBOX_ACCOUNT_ID>;ap-southeast-7;2026-08-19 02:30:11.271115;d3-dc-an-b-3;Logs of physical and/or logical access are reviewed following events.;Cybersecurity Controls (Domain 3);Detective Controls (DC);;aws;;FAIL;S3 Bucket range-customer-data-<SANDBOX_ACCOUNT_ID> has server access logging disabled.;arn:aws:s3:::range-customer-data-<SANDBOX_ACCOUNT_ID>;s3_bucket_server_access_logging_enabled;False;range-customer-data-<SANDBOX_ACCOUNT_ID>;FFIEC;FFIEC Cybersecurity Assessment Tool framework;
aws;In light of the increasing volume and sophistication of cyber threats, the Federal Financial Institutions Examination Council (FFIEC) developed the Cybersecurity Assessment Tool (Assessment), on behalf of its members, to help institutions identify their risks and determine their cybersecurity maturity.;<SANDBOX_ACCOUNT_ID>;ap-southeast-7;2026-08-19 02:30:11.271115;d3-dc-an-b-4;Access to critical systems by third parties is monitored for unauthorized or unusual activity.;Cybersecurity Controls (Domain 3);Detective Controls (DC);;aws;;FAIL;S3 Bucket range-customer-data-<SANDBOX_ACCOUNT_ID> has server access logging disabled.;arn:aws:s3:::range-customer-data-<SANDBOX_ACCOUNT_ID>;s3_bucket_server_access_logging_enabled;False;range-customer-data-<SANDBOX_ACCOUNT_ID>;FFIEC;FFIEC Cybersecurity Assessment Tool framework;
aws;In light of the increasing volume and sophistication of cyber threats, the Federal Financial Institutions Examination Council (FFIEC) developed the Cybersecurity Assessment Tool (Assessment), on behalf of its members, to help institutions identify their risks and determine their cybersecurity maturity.;<SANDBOX_ACCOUNT_ID>;ap-southeast-7;2026-08-19 02:30:11.271115;d5-dr-de-b-3;Tools and processes are in place to detect, alert, and trigger the incident response program.;Cyber Incident Management and Resilience (Domain 5);Detection, Response, & Mitigation (DR);;aws;;FAIL;S3 Bucket range-customer-data-<SANDBOX_ACCOUNT_ID> has server access logging disabled.;arn:aws:s3:::range-customer-data-<SANDBOX_ACCOUNT_ID>;s3_bucket_server_access_logging_enabled;False;range-customer-data-<SANDBOX_ACCOUNT_ID>;FFIEC;FFIEC Cybersecurity Assessment Tool framework;
aws;In light of the increasing volume and sophistication of cyber threats, the Federal Financial Institutions Examination Council (FFIEC) developed the Cybersecurity Assessment Tool (Assessment), on behalf of its members, to help institutions identify their risks and determine their cybersecurity maturity.;<SANDBOX_ACCOUNT_ID>;ap-southeast-7;2026-08-19 02:30:11.271115;d2-is-is-b-1;Information security threats are gathered and shared with applicable internal employees.;Threat Intelligence and Collaboration (Domain 2);Information Sharing (IS);;aws;;FAIL;Security Hub is not enabled.;arn:aws:securityhub:ap-southeast-7:<SANDBOX_ACCOUNT_ID>:hub/unknown;securityhub_enabled;False;hub/unknown;FFIEC;FFIEC Cybersecurity Assessment Tool framework;
aws;In light of the increasing volume and sophistication of cyber threats, the Federal Financial Institutions Examination Council (FFIEC) developed the Cybersecurity Assessment Tool (Assessment), on behalf of its members, to help institutions identify their risks and determine their cybersecurity maturity.;<SANDBOX_ACCOUNT_ID>;ap-southeast-7;2026-08-19 02:30:11.271115;d2-ti-ti-b-1;The institution belongs or subscribes to a threat and vulnerability information-sharing source(s) that provides information on threats (e.g., FS-ISAC, US- CERT).;Threat Intelligence and Collaboration (Domain 2);Threat Intelligence (TI);;aws;;FAIL;Security Hub is not enabled.;arn:aws:securityhub:ap-southeast-7:<SANDBOX_ACCOUNT_ID>:hub/unknown;securityhub_enabled;False;hub/unknown;FFIEC;FFIEC Cybersecurity Assessment Tool framework;
aws;In light of the increasing volume and sophistication of cyber threats, the Federal Financial Institutions Examination Council (FFIEC) developed the Cybersecurity Assessment Tool (Assessment), on behalf of its members, to help institutions identify their risks and determine their cybersecurity maturity.;<SANDBOX_ACCOUNT_ID>;ap-southeast-7;2026-08-19 02:30:11.271115;d2-ti-ti-b-2;Threat information is used to monitor threats and vulnerabilities.;Threat Intelligence and Collaboration (Domain 2);Threat Intelligence (TI);;aws;;FAIL;Security Hub is not enabled.;arn:aws:securityhub:ap-southeast-7:<SANDBOX_ACCOUNT_ID>:hub/unknown;securityhub_enabled;False;hub/unknown;FFIEC;FFIEC Cybersecurity Assessment Tool framework;
aws;In light of the increasing volume and sophistication of cyber threats, the Federal Financial Institutions Examination Council (FFIEC) developed the Cybersecurity Assessment Tool (Assessment), on behalf of its members, to help institutions identify their risks and determine their cybersecurity maturity.;<SANDBOX_ACCOUNT_ID>;ap-southeast-7;2026-08-19 02:30:11.271115;d2-ti-ti-b-3;Threat information is used to enhance internal risk management and controls.;Threat Intelligence and Collaboration (Domain 2);Threat Intelligence (TI);;aws;;FAIL;Security Hub is not enabled.;arn:aws:securityhub:ap-southeast-7:<SANDBOX_ACCOUNT_ID>:hub/unknown;securityhub_enabled;False;hub/unknown;FFIEC;FFIEC Cybersecurity Assessment Tool framework;
aws;In light of the increasing volume and sophistication of cyber threats, the Federal Financial Institutions Examination Council (FFIEC) developed the Cybersecurity Assessment Tool (Assessment), on behalf of its members, to help institutions identify their risks and determine their cybersecurity maturity.;<SANDBOX_ACCOUNT_ID>;ap-southeast-7;2026-08-19 02:30:11.271115;d3-dc-an-b-1;The institution is able to detect anomalous activities through monitoring across the environment.;Cybersecurity Controls (Domain 3);Detective Controls (DC);;aws;;FAIL;Security Hub is not enabled.;arn:aws:securityhub:ap-southeast-7:<SANDBOX_ACCOUNT_ID>:hub/unknown;securityhub_enabled;False;hub/unknown;FFIEC;FFIEC Cybersecurity Assessment Tool framework;
aws;In light of the increasing volume and sophistication of cyber threats, the Federal Financial Institutions Examination Council (FFIEC) developed the Cybersecurity Assessment Tool (Assessment), on behalf of its members, to help institutions identify their risks and determine their cybersecurity maturity.;<SANDBOX_ACCOUNT_ID>;ap-southeast-7;2026-08-19 02:30:11.271115;d3-dc-an-b-2;Customer transactions generating anomalous activity alerts are monitored and reviewed.;Cybersecurity Controls (Domain 3);Detective Controls (DC);;aws;;FAIL;Security Hub is not enabled.;arn:aws:securityhub:ap-southeast-7:<SANDBOX_ACCOUNT_ID>:hub/unknown;securityhub_enabled;False;hub/unknown;FFIEC;FFIEC Cybersecurity Assessment Tool framework;
aws;In light of the increasing volume and sophistication of cyber threats, the Federal Financial Institutions Examination Council (FFIEC) developed the Cybersecurity Assessment Tool (Assessment), on behalf of its members, to help institutions identify their risks and determine their cybersecurity maturity.;<SANDBOX_ACCOUNT_ID>;ap-southeast-7;2026-08-19 02:30:11.271115;d3-dc-ev-b-3;Processes are in place to monitor for the presence of unauthorized users, devices, connections, and software.;Cybersecurity Controls (Domain 3);Detective Controls (DC);;aws;;FAIL;Security Hub is not enabled.;arn:aws:securityhub:ap-southeast-7:<SANDBOX_ACCOUNT_ID>:hub/unknown;securityhub_enabled;False;hub/unknown;FFIEC;FFIEC Cybersecurity Assessment Tool framework;
aws;In light of the increasing volume and sophistication of cyber threats, the Federal Financial Institutions Examination Council (FFIEC) developed the Cybersecurity Assessment Tool (Assessment), on behalf of its members, to help institutions identify their risks and determine their cybersecurity maturity.;<SANDBOX_ACCOUNT_ID>;ap-southeast-7;2026-08-19 02:30:11.271115;d3-dc-th-b-1;Independent testing (including penetration testing and vulnerability scanning) is conducted according to the risk assessment for external-facing systems and the internal network.;Cybersecurity Controls (Domain 3);Detective Controls (DC);;aws;;FAIL;Security Hub is not enabled.;arn:aws:securityhub:ap-southeast-7:<SANDBOX_ACCOUNT_ID>:hub/unknown;securityhub_enabled;False;hub/unknown;FFIEC;FFIEC Cybersecurity Assessment Tool framework;
aws;In light of the increasing volume and sophistication of cyber threats, the Federal Financial Institutions Examination Council (FFIEC) developed the Cybersecurity Assessment Tool (Assessment), on behalf of its members, to help institutions identify their risks and determine their cybersecurity maturity.;<SANDBOX_ACCOUNT_ID>;ap-southeast-7;2026-08-19 02:30:11.271115;d5-dr-de-b-1;Alert parameters are set for detecting information security incidents that prompt mitigating actions.;Cyber Incident Management and Resilience (Domain 5);Detection, Response, & Mitigation (DR);;aws;;FAIL;Security Hub is not enabled.;arn:aws:securityhub:ap-southeast-7:<SANDBOX_ACCOUNT_ID>:hub/unknown;securityhub_enabled;False;hub/unknown;FFIEC;FFIEC Cybersecurity Assessment Tool framework;
aws;In light of the increasing volume and sophistication of cyber threats, the Federal Financial Institutions Examination Council (FFIEC) developed the Cybersecurity Assessment Tool (Assessment), on behalf of its members, to help institutions identify their risks and determine their cybersecurity maturity.;<SANDBOX_ACCOUNT_ID>;ap-southeast-7;2026-08-19 02:30:11.271115;d5-dr-de-b-3;Tools and processes are in place to detect, alert, and trigger the incident response program.;Cyber Incident Management and Resilience (Domain 5);Detection, Response, & Mitigation (DR);;aws;;FAIL;Security Hub is not enabled.;arn:aws:securityhub:ap-southeast-7:<SANDBOX_ACCOUNT_ID>:hub/unknown;securityhub_enabled;False;hub/unknown;FFIEC;FFIEC Cybersecurity Assessment Tool framework;
aws;In light of the increasing volume and sophistication of cyber threats, the Federal Financial Institutions Examination Council (FFIEC) developed the Cybersecurity Assessment Tool (Assessment), on behalf of its members, to help institutions identify their risks and determine their cybersecurity maturity.;;;2026-08-19 02:30:11.271115;d3-pc-se-b-1;Developers working for the institution follow secure program coding practices, as part of a system development life cycle (SDLC), that meet industry standards.;Cybersecurity Controls (Domain 3);Preventative Controls (PC);;aws;;MANUAL;Manual check;manual_check;manual;False;Manual check;FFIEC;FFIEC Cybersecurity Assessment Tool framework;
aws;In light of the increasing volume and sophistication of cyber threats, the Federal Financial Institutions Examination Council (FFIEC) developed the Cybersecurity Assessment Tool (Assessment), on behalf of its members, to help institutions identify their risks and determine their cybersecurity maturity.;;;2026-08-19 02:30:11.271115;d5-dr-de-b-2;System performance reports contain information that can be used as a risk indicator to detect information security incidents.;Cyber Incident Management and Resilience (Domain 5);Detection, Response, & Mitigation (DR);;aws;;MANUAL;Manual check;manual_check;manual;False;Manual check;FFIEC;FFIEC Cybersecurity Assessment Tool framework;
