PROVIDER;DESCRIPTION;ACCOUNTID;REGION;ASSESSMENTDATE;REQUIREMENTS_ID;REQUIREMENTS_DESCRIPTION;REQUIREMENTS_ATTRIBUTES_TITLE;REQUIREMENTS_ATTRIBUTES_SECTION;REQUIREMENTS_ATTRIBUTES_SUBSECTION;REQUIREMENTS_ATTRIBUTES_ATTRIBUTEDESCRIPTION;REQUIREMENTS_ATTRIBUTES_ADDITIONALINFORMATION;REQUIREMENTS_ATTRIBUTES_LEVELOFRISK;REQUIREMENTS_ATTRIBUTES_WEIGHT;STATUS;STATUSEXTENDED;RESOURCEID;RESOURCENAME;CHECKID;MUTED;FRAMEWORK;NAME
aws;Prowler ThreatScore Compliance Framework for AWS ensures that the AWS account is compliant taking into account four main pillars: Identity and Access Management, Attack Surface, Forensic Readiness and Encryption;<SANDBOX_ACCOUNT_ID>;ap-southeast-7;2026-08-19 02:30:11.271115;1.2.6;Ensure that IAM Access Analyzer is enabled for all regions;Access Analyzer enabled;1. IAM;1.2 Authorization;Enable IAM Access Analyzer for all AWS regions to monitor IAM policies and identify resources with unintended external access. IAM Access Analyzer, introduced at AWS re:Invent 2019, scans resource-based policies and provides visibility into which resources—such as KMS keys, IAM roles, S3 buckets, Lambda functions, and SQS queues—are accessible by external accounts or federated users. This allows administrators to enforce least privilege access and mitigate unauthorized access risks. IAM Access Analyzer operates within the same AWS region as the resources being analyzed.;IAM Access Analyzer enhances security visibility by detecting AWS resources shared with external entities, helping organizations identify potential security risks and ensure compliance with least privilege principles. It continuously evaluates resource-based policies using logic-based analysis, allowing teams to promptly remediate misconfigurations that could lead to unauthorized access or data exposure.;2;8;FAIL;IAM Access Analyzer in account <SANDBOX_ACCOUNT_ID> is not enabled.;arn:aws:accessanalyzer:ap-southeast-7:<SANDBOX_ACCOUNT_ID>:analyzer/unknown;analyzer/unknown;accessanalyzer_enabled;False;ProwlerThreatScore;Prowler ThreatScore Compliance Framework for AWS
aws;Prowler ThreatScore Compliance Framework for AWS ensures that the AWS account is compliant taking into account four main pillars: Identity and Access Management, Attack Surface, Forensic Readiness and Encryption;<SANDBOX_ACCOUNT_ID>;ap-southeast-7;2026-08-19 02:30:11.271115;4.2.3;Ensure CloudTrail logs are encrypted at rest using KMS CMKs;CloudTrail logs are encrypted at rest using KMS CMKs;4. Encryption;4.2 At-Rest;AWS CloudTrail records API activity across an AWS account, and its logs contain sensitive security and operational data. AWS Key Management Service (KMS) provides encryption key management using customer-managed keys (CMKs) and Hardware Security Modules (HSMs) to ensure secure key storage and usage. CloudTrail logs can be encrypted using Server-Side Encryption (SSE) with KMS (SSE-KMS) to add an extra layer of protection and access control;Using SSE-KMS encryption for CloudTrail logs enhances security by adding an extra layer of access control. This ensures that only authorized users with both S3 read permissions and KMS decryption rights can access log data, protecting sensitive security information from unauthorized access or tampering. It also helps maintain compliance with security and regulatory standards by enforcing strict encryption controls.;3;10;FAIL;Multiregion trail lz-org-trail has encryption disabled.;arn:aws:cloudtrail:ap-southeast-7:<MANAGEMENT_ACCOUNT_ID>:trail/lz-org-trail;lz-org-trail;cloudtrail_kms_encryption_enabled;False;ProwlerThreatScore;Prowler ThreatScore Compliance Framework for AWS
aws;Prowler ThreatScore Compliance Framework for AWS ensures that the AWS account is compliant taking into account four main pillars: Identity and Access Management, Attack Surface, Forensic Readiness and Encryption;<SANDBOX_ACCOUNT_ID>;ap-southeast-7;2026-08-19 02:30:11.271115;4.2.3;Ensure CloudTrail logs are encrypted at rest using KMS CMKs;CloudTrail logs are encrypted at rest using KMS CMKs;4. Encryption;4.2 At-Rest;AWS CloudTrail records API activity across an AWS account, and its logs contain sensitive security and operational data. AWS Key Management Service (KMS) provides encryption key management using customer-managed keys (CMKs) and Hardware Security Modules (HSMs) to ensure secure key storage and usage. CloudTrail logs can be encrypted using Server-Side Encryption (SSE) with KMS (SSE-KMS) to add an extra layer of protection and access control;Using SSE-KMS encryption for CloudTrail logs enhances security by adding an extra layer of access control. This ensures that only authorized users with both S3 read permissions and KMS decryption rights can access log data, protecting sensitive security information from unauthorized access or tampering. It also helps maintain compliance with security and regulatory standards by enforcing strict encryption controls.;3;10;FAIL;Multiregion trail range-trail has encryption disabled.;arn:aws:cloudtrail:ap-southeast-7:<SANDBOX_ACCOUNT_ID>:trail/range-trail;range-trail;cloudtrail_kms_encryption_enabled;False;ProwlerThreatScore;Prowler ThreatScore Compliance Framework for AWS
aws;Prowler ThreatScore Compliance Framework for AWS ensures that the AWS account is compliant taking into account four main pillars: Identity and Access Management, Attack Surface, Forensic Readiness and Encryption;<SANDBOX_ACCOUNT_ID>;ap-southeast-7;2026-08-19 02:30:11.271115;3.1.2;Ensure CloudTrail log file validation is enabled;CloudTrail file validation enabled;3. Logging and Monitoring;3.1 Logging;AWS CloudTrail log file validation generates digitally signed digest files containing cryptographic hashes of each log file stored in Amazon S3. These digest files allow users to verify whether logs have been altered, deleted, or remain unchanged after being delivered by CloudTrail. Enabling log file validation ensures data integrity and auditability for security and compliance purposes.;Enabling log file validation enhances security by ensuring the integrity of CloudTrail logs, preventing tampering or unauthorized modifications. This helps: Detect log file alterations, ensuring logs remain trustworthy for audits and investigations. Improve compliance with frameworks that require log integrity, such as PCI DSS, SOC 2, and ISO 27001. Strengthen forensic capabilities, allowing security teams to verify log authenticity in case of a security incident.;2;8;PASS;Multiregion trail lz-org-trail has log file validation enabled.;arn:aws:cloudtrail:ap-southeast-7:<MANAGEMENT_ACCOUNT_ID>:trail/lz-org-trail;lz-org-trail;cloudtrail_log_file_validation_enabled;False;ProwlerThreatScore;Prowler ThreatScore Compliance Framework for AWS
aws;Prowler ThreatScore Compliance Framework for AWS ensures that the AWS account is compliant taking into account four main pillars: Identity and Access Management, Attack Surface, Forensic Readiness and Encryption;<SANDBOX_ACCOUNT_ID>;ap-southeast-7;2026-08-19 02:30:11.271115;3.1.2;Ensure CloudTrail log file validation is enabled;CloudTrail file validation enabled;3. Logging and Monitoring;3.1 Logging;AWS CloudTrail log file validation generates digitally signed digest files containing cryptographic hashes of each log file stored in Amazon S3. These digest files allow users to verify whether logs have been altered, deleted, or remain unchanged after being delivered by CloudTrail. Enabling log file validation ensures data integrity and auditability for security and compliance purposes.;Enabling log file validation enhances security by ensuring the integrity of CloudTrail logs, preventing tampering or unauthorized modifications. This helps: Detect log file alterations, ensuring logs remain trustworthy for audits and investigations. Improve compliance with frameworks that require log integrity, such as PCI DSS, SOC 2, and ISO 27001. Strengthen forensic capabilities, allowing security teams to verify log authenticity in case of a security incident.;2;8;PASS;Multiregion trail range-trail has log file validation enabled.;arn:aws:cloudtrail:ap-southeast-7:<SANDBOX_ACCOUNT_ID>:trail/range-trail;range-trail;cloudtrail_log_file_validation_enabled;False;ProwlerThreatScore;Prowler ThreatScore Compliance Framework for AWS
aws;Prowler ThreatScore Compliance Framework for AWS ensures that the AWS account is compliant taking into account four main pillars: Identity and Access Management, Attack Surface, Forensic Readiness and Encryption;<SANDBOX_ACCOUNT_ID>;ap-southeast-7;2026-08-19 02:30:11.271115;3.1.3;Ensure that server access logging is enabled on the CloudTrail S3 bucket;Server access logging is enabled on the CloudTrail S3 bucket;3. Logging and Monitoring;3.1 Logging;Server access logging provides detailed records of requests made to an S3 bucket, including request type, accessed resources, timestamp, and requester details. Enabling server access logging on the CloudTrail S3 bucket ensures that all interactions with CloudTrail logs are recorded, improving security visibility and auditability;Enabling server access logging on CloudTrail S3 buckets enhances security monitoring, incident response, and compliance by: Capturing all events affecting CloudTrail logs, helping detect unauthorized access or modifications. Providing an audit trail for forensic investigations and compliance reporting. Enhancing security workflows by storing access logs in a separate, dedicated logging bucket for improved log integrity and analysis.;2;8;MANUAL;Trail lz-org-trail is delivering logs to bucket lz-org-cloudtrail-logs-<LOG_ARCHIVE_ACCOUNT_ID> which is a cross-account bucket or out of Prowler's audit scope, please check it manually.;arn:aws:cloudtrail:ap-southeast-7:<MANAGEMENT_ACCOUNT_ID>:trail/lz-org-trail;lz-org-trail;cloudtrail_logs_s3_bucket_access_logging_enabled;False;ProwlerThreatScore;Prowler ThreatScore Compliance Framework for AWS
aws;Prowler ThreatScore Compliance Framework for AWS ensures that the AWS account is compliant taking into account four main pillars: Identity and Access Management, Attack Surface, Forensic Readiness and Encryption;<SANDBOX_ACCOUNT_ID>;ap-southeast-7;2026-08-19 02:30:11.271115;3.1.3;Ensure that server access logging is enabled on the CloudTrail S3 bucket;Server access logging is enabled on the CloudTrail S3 bucket;3. Logging and Monitoring;3.1 Logging;Server access logging provides detailed records of requests made to an S3 bucket, including request type, accessed resources, timestamp, and requester details. Enabling server access logging on the CloudTrail S3 bucket ensures that all interactions with CloudTrail logs are recorded, improving security visibility and auditability;Enabling server access logging on CloudTrail S3 buckets enhances security monitoring, incident response, and compliance by: Capturing all events affecting CloudTrail logs, helping detect unauthorized access or modifications. Providing an audit trail for forensic investigations and compliance reporting. Enhancing security workflows by storing access logs in a separate, dedicated logging bucket for improved log integrity and analysis.;2;8;FAIL;Multiregion Trail range-trail S3 bucket access logging is not enabled for bucket range-cloudtrail-<SANDBOX_ACCOUNT_ID>.;arn:aws:cloudtrail:ap-southeast-7:<SANDBOX_ACCOUNT_ID>:trail/range-trail;range-trail;cloudtrail_logs_s3_bucket_access_logging_enabled;False;ProwlerThreatScore;Prowler ThreatScore Compliance Framework for AWS
aws;Prowler ThreatScore Compliance Framework for AWS ensures that the AWS account is compliant taking into account four main pillars: Identity and Access Management, Attack Surface, Forensic Readiness and Encryption;<SANDBOX_ACCOUNT_ID>;ap-southeast-7;2026-08-19 02:30:11.271115;2.2.5;Ensure the S3 bucket CloudTrail logs is not publicly accessible;S3 bucket CloudTrail logs is not publicly accessible;2. Attack Surface;2.2 Storage;AWS CloudTrail logs record account activity, including API calls, user actions, and resource modifications, making them critical for security monitoring and compliance auditing. These logs are typically stored in an Amazon S3 bucket for long-term retention and analysis. To protect sensitive security data, the S3 bucket storing CloudTrail logs should never be publicly accessible.;If the S3 bucket containing CloudTrail logs is publicly accessible, unauthorized users could access sensitive security information, including API calls, IAM activity, and infrastructure changes. Exposing CloudTrail logs can help attackers reconstruct system activity, identify vulnerabilities, and plan targeted attacks. To prevent data leaks and unauthorized access, CloudTrail log buckets should be restricted using IAM policies, bucket policies, and S3 Block Public Access settings.;5;1000;MANUAL;Trail lz-org-trail bucket (lz-org-cloudtrail-logs-<LOG_ARCHIVE_ACCOUNT_ID>) is a cross-account bucket or out of Prowler's audit scope, please check it manually.;arn:aws:cloudtrail:ap-southeast-7:<MANAGEMENT_ACCOUNT_ID>:trail/lz-org-trail;lz-org-trail;cloudtrail_logs_s3_bucket_is_not_publicly_accessible;False;ProwlerThreatScore;Prowler ThreatScore Compliance Framework for AWS
aws;Prowler ThreatScore Compliance Framework for AWS ensures that the AWS account is compliant taking into account four main pillars: Identity and Access Management, Attack Surface, Forensic Readiness and Encryption;<SANDBOX_ACCOUNT_ID>;ap-southeast-7;2026-08-19 02:30:11.271115;2.2.5;Ensure the S3 bucket CloudTrail logs is not publicly accessible;S3 bucket CloudTrail logs is not publicly accessible;2. Attack Surface;2.2 Storage;AWS CloudTrail logs record account activity, including API calls, user actions, and resource modifications, making them critical for security monitoring and compliance auditing. These logs are typically stored in an Amazon S3 bucket for long-term retention and analysis. To protect sensitive security data, the S3 bucket storing CloudTrail logs should never be publicly accessible.;If the S3 bucket containing CloudTrail logs is publicly accessible, unauthorized users could access sensitive security information, including API calls, IAM activity, and infrastructure changes. Exposing CloudTrail logs can help attackers reconstruct system activity, identify vulnerabilities, and plan targeted attacks. To prevent data leaks and unauthorized access, CloudTrail log buckets should be restricted using IAM policies, bucket policies, and S3 Block Public Access settings.;5;1000;PASS;S3 Bucket range-cloudtrail-<SANDBOX_ACCOUNT_ID> from multiregion trail range-trail is not publicly accessible.;arn:aws:cloudtrail:ap-southeast-7:<SANDBOX_ACCOUNT_ID>:trail/range-trail;range-trail;cloudtrail_logs_s3_bucket_is_not_publicly_accessible;False;ProwlerThreatScore;Prowler ThreatScore Compliance Framework for AWS
aws;Prowler ThreatScore Compliance Framework for AWS ensures that the AWS account is compliant taking into account four main pillars: Identity and Access Management, Attack Surface, Forensic Readiness and Encryption;<SANDBOX_ACCOUNT_ID>;ap-southeast-7;2026-08-19 02:30:11.271115;3.1.1;Ensure CloudTrail is enabled in all regions;CloudTrail enabled;3. Logging and Monitoring;3.1 Logging;AWS CloudTrail is a service that records and monitors AWS API calls across an account, providing detailed logs of who performed what action, when, and from where. CloudTrail captures API activity from the AWS Management Console, SDKs, CLI, and AWS services such as CloudFormation. The logs include key details such as the identity of the API caller, timestamp, source IP address, request parameters, and response elements.;CloudTrail enhances security, auditing, and compliance by providing a complete history of API activities in an AWS account. Enabling a multi-region trail ensures: Detection of unauthorized activity in rarely used AWS regions. Global Service Logging is automatically enabled, capturing API calls from global services such as IAM and AWS Organizations. Tracking of all management events, ensuring that both read and write operations across AWS resources are recorded for improved security monitoring and compliance.;4;100;PASS;Trail lz-org-trail is multiregion and it is logging.;arn:aws:cloudtrail:ap-southeast-7:<MANAGEMENT_ACCOUNT_ID>:trail/lz-org-trail;lz-org-trail;cloudtrail_multi_region_enabled;False;ProwlerThreatScore;Prowler ThreatScore Compliance Framework for AWS
aws;Prowler ThreatScore Compliance Framework for AWS ensures that the AWS account is compliant taking into account four main pillars: Identity and Access Management, Attack Surface, Forensic Readiness and Encryption;<SANDBOX_ACCOUNT_ID>;ap-southeast-7;2026-08-19 02:30:11.271115;3.1.6;Ensure that object-level logging for read events is enabled for S3 buckets;Object-level logging for read events is enabled for S3 buckets;3. Logging and Monitoring;3.1 Logging;S3 object-level API operations, such as GetObject, PutObject, and DeleteObject, are classified as data events in AWS CloudTrail. By default, CloudTrail does not log data events, meaning individual object interactions are not tracked unless explicitly enabled. To improve security monitoring and compliance, it is recommended to enable object-level logging for S3 buckets.;Object-level logging enhances data security, compliance, and operational visibility by providing detailed tracking of who accessed, modified, or deleted objects within S3 buckets. This enables organizations to monitor user behavior, detect unauthorized access, and quickly respond to potential security incidents using Amazon CloudWatch Events.;1;1;FAIL;No CloudTrail trails have a data event to record all S3 object-level API operations.;arn:aws:cloudtrail:ap-southeast-7:<SANDBOX_ACCOUNT_ID>:trail;<SANDBOX_ACCOUNT_ID>;cloudtrail_s3_dataevents_read_enabled;False;ProwlerThreatScore;Prowler ThreatScore Compliance Framework for AWS
aws;Prowler ThreatScore Compliance Framework for AWS ensures that the AWS account is compliant taking into account four main pillars: Identity and Access Management, Attack Surface, Forensic Readiness and Encryption;<SANDBOX_ACCOUNT_ID>;ap-southeast-7;2026-08-19 02:30:11.271115;3.1.5;Ensure that object-level logging for write events is enabled for S3 buckets;Object-level logging for write events is enabled for S3 buckets;3. Logging and Monitoring;3.1 Logging;S3 object-level API operations, such as GetObject, PutObject, and DeleteObject, are classified as data events in AWS CloudTrail. By default, CloudTrail does not log data events, meaning detailed tracking of individual object interactions is not enabled. To enhance visibility and security, it is recommended to enable object-level logging for S3 buckets to monitor access and modification activities.;Enabling object-level logging helps organizations meet compliance requirements, enhance security monitoring, and detect unauthorized access. It allows administrators to analyze user behavior, track modifications to critical data, and respond to security incidents in real time using Amazon CloudWatch Events, ensuring greater control over S3 bucket activity.;1;1;FAIL;No CloudTrail trails have a data event to record all S3 object-level API operations.;arn:aws:cloudtrail:ap-southeast-7:<SANDBOX_ACCOUNT_ID>:trail;<SANDBOX_ACCOUNT_ID>;cloudtrail_s3_dataevents_write_enabled;False;ProwlerThreatScore;Prowler ThreatScore Compliance Framework for AWS
aws;Prowler ThreatScore Compliance Framework for AWS ensures that the AWS account is compliant taking into account four main pillars: Identity and Access Management, Attack Surface, Forensic Readiness and Encryption;<SANDBOX_ACCOUNT_ID>;ap-southeast-7;2026-08-19 02:30:11.271115;3.3.12;Ensure Network Access Control List (NACL) changes are monitored;Network Access Control List (NACL) changes are monitored;3. Logging and Monitoring;3.3 Monitoring;Real-time monitoring of AWS API calls can be implemented by forwarding CloudTrail logs to Amazon CloudWatch Logs or an external Security Information and Event Management (SIEM) system. Network Access Control Lists (NACLs) act as stateless packet filters that control inbound and outbound traffic for subnets within a VPC. It is recommended to establish a metric filter and alarm to detect changes to NACLs to prevent unauthorized modifications that could compromise network security.;Monitoring NACL changes helps ensure that network traffic controls remain properly configured and that AWS resources are not unintentionally exposed. Unauthorized or accidental modifications to NACL rules can lead to misconfigured security policies, increased attack surfaces, and potential data breaches. Real-time alerts enable security teams to detect, investigate, and respond to NACL modifications quickly, maintaining strong network security controls.;2;8;FAIL;No CloudWatch log groups found with metric filters or alarms associated.;arn:aws:logs:ap-southeast-7:<SANDBOX_ACCOUNT_ID>:log-group;<SANDBOX_ACCOUNT_ID>;cloudwatch_changes_to_network_acls_alarm_configured;False;ProwlerThreatScore;Prowler ThreatScore Compliance Framework for AWS
aws;Prowler ThreatScore Compliance Framework for AWS ensures that the AWS account is compliant taking into account four main pillars: Identity and Access Management, Attack Surface, Forensic Readiness and Encryption;<SANDBOX_ACCOUNT_ID>;ap-southeast-7;2026-08-19 02:30:11.271115;3.3.13;Ensure changes to network gateways are monitored;Changes to network gateways are monitored;3. Logging and Monitoring;3.3 Monitoring;Real-time monitoring of AWS API calls can be implemented by forwarding CloudTrail logs to Amazon CloudWatch Logs or an external Security Information and Event Management (SIEM) system. Network gateways serve as the primary route for traffic entering and leaving a VPC, facilitating communication with external networks. It is recommended to establish a metric filter and alarm for changes to network gateways to ensure that network traffic is securely routed through controlled paths.;Monitoring network gateway changes helps maintain secure ingress and egress traffic flows within a VPC. Unauthorized or accidental modifications to network gateways can disrupt connectivity, introduce security vulnerabilities, or expose AWS resources to external threats. Real-time alerts enable security teams to detect, investigate, and respond to changes quickly, ensuring that all traffic follows a controlled and secure routing policy.;2;8;FAIL;No CloudWatch log groups found with metric filters or alarms associated.;arn:aws:logs:ap-southeast-7:<SANDBOX_ACCOUNT_ID>:log-group;<SANDBOX_ACCOUNT_ID>;cloudwatch_changes_to_network_gateways_alarm_configured;False;ProwlerThreatScore;Prowler ThreatScore Compliance Framework for AWS
aws;Prowler ThreatScore Compliance Framework for AWS ensures that the AWS account is compliant taking into account four main pillars: Identity and Access Management, Attack Surface, Forensic Readiness and Encryption;<SANDBOX_ACCOUNT_ID>;ap-southeast-7;2026-08-19 02:30:11.271115;3.3.14;Ensure route table changes are monitored;Route table changes are monitored;3. Logging and Monitoring;3.3 Monitoring;Real-time monitoring of AWS API calls can be achieved by forwarding CloudTrail logs to Amazon CloudWatch Logs or an external Security Information and Event Management (SIEM) system. Route tables determine how network traffic is directed between subnets and network gateways within a VPC. It is recommended to establish a metric filter and alarm for changes to route tables to detect unauthorized or accidental modifications that could impact network security and connectivity.;Monitoring route table changes ensures that VPC traffic follows the intended and secure routing paths. Unauthorized modifications can result in misrouted traffic, exposure of sensitive resources, or connectivity disruptions. Real-time alerts enable security teams to detect, investigate, and respond to route table changes promptly, preventing potential security risks and maintaining a controlled and secure network environment.;2;8;FAIL;No CloudWatch log groups found with metric filters or alarms associated.;arn:aws:logs:ap-southeast-7:<SANDBOX_ACCOUNT_ID>:log-group;<SANDBOX_ACCOUNT_ID>;cloudwatch_changes_to_network_route_tables_alarm_configured;False;ProwlerThreatScore;Prowler ThreatScore Compliance Framework for AWS
aws;Prowler ThreatScore Compliance Framework for AWS ensures that the AWS account is compliant taking into account four main pillars: Identity and Access Management, Attack Surface, Forensic Readiness and Encryption;<SANDBOX_ACCOUNT_ID>;ap-southeast-7;2026-08-19 02:30:11.271115;3.3.15;Ensure VPC changes are monitored;VPC changes are monitored;3. Logging and Monitoring;3.3 Monitoring;Real-time monitoring of AWS API calls can be implemented by forwarding CloudTrail logs to Amazon CloudWatch Logs or an external Security Information and Event Management (SIEM) system. AWS accounts can contain multiple Virtual Private Clouds (VPCs), and VPC peering connections allow network traffic to flow between them. It is recommended to establish a metric filter and alarm for changes made to VPC configurations to detect unauthorized modifications that could impact network security and connectivity.;Monitoring VPC configuration changes helps ensure network integrity, security, and proper traffic flow within AWS environments. Unauthorized or accidental modifications can result in misconfigured routing, unintended internet exposure, or connectivity disruptions between resources. Real-time alerts enable security teams to detect, investigate, and respond to VPC changes promptly, preventing security risks and ensuring consistent network accessibility and isolation.;2;8;FAIL;No CloudWatch log groups found with metric filters or alarms associated.;arn:aws:logs:ap-southeast-7:<SANDBOX_ACCOUNT_ID>:log-group;<SANDBOX_ACCOUNT_ID>;cloudwatch_changes_to_vpcs_alarm_configured;False;ProwlerThreatScore;Prowler ThreatScore Compliance Framework for AWS
aws;Prowler ThreatScore Compliance Framework for AWS ensures that the AWS account is compliant taking into account four main pillars: Identity and Access Management, Attack Surface, Forensic Readiness and Encryption;<SANDBOX_ACCOUNT_ID>;ap-southeast-7;2026-08-19 02:30:11.271115;3.2.2;Ensure CloudWatch Log Groups have a retention policy of specific days;CloudWatch Log Groups have a retention policy of specific days;3. Logging and Monitoring;3.2 Retention;AWS CloudWatch Log Groups store logs from various AWS services and applications, enabling monitoring, debugging, and security auditing. By default, CloudWatch logs are retained indefinitely, which can lead to unnecessary data storage costs and compliance risks. To manage log lifecycle effectively, it is recommended to set a retention policy for CloudWatch Log Groups, ensuring logs are retained only for a specific number of days based on operational and compliance requirements.;Setting a retention policy for CloudWatch logs helps balance cost management, compliance, and security. Retaining logs for too long increases storage costs and potential exposure to sensitive data, while keeping them for too short a duration can limit forensic investigations and compliance reporting. By defining a specific retention period, organizations can ensure logs are available for troubleshooting and audits while adhering to data retention best practices and regulatory requirements.;2;8;FAIL;Log Group /aws/cloudtrail/range has less than 365 days retention period (7 days).;arn:aws:logs:ap-southeast-7:<SANDBOX_ACCOUNT_ID>:log-group:/aws/cloudtrail/range:*;/aws/cloudtrail/range;cloudwatch_log_group_retention_policy_specific_days_enabled;False;ProwlerThreatScore;Prowler ThreatScore Compliance Framework for AWS
aws;Prowler ThreatScore Compliance Framework for AWS ensures that the AWS account is compliant taking into account four main pillars: Identity and Access Management, Attack Surface, Forensic Readiness and Encryption;<SANDBOX_ACCOUNT_ID>;ap-southeast-7;2026-08-19 02:30:11.271115;3.3.10;Ensure AWS Config configuration changes are monitored;AWS Config configuration changes are monitored;3. Logging and Monitoring;3.3 Monitoring;Real-time monitoring of AWS API calls can be implemented by directing CloudTrail logs to Amazon CloudWatch Logs or an external Security Information and Event Management (SIEM) system. By configuring metric filters and alarms, organizations can detect critical configuration changes. It is recommended to establish a metric filter and alarm for modifications to AWS Config’s configurations to ensure continuous monitoring and compliance.;Monitoring AWS Config configuration changes helps maintain visibility and control over resource configurations. Unauthorized or accidental modifications to AWS Config settings may result in gaps in security monitoring, misconfigurations going undetected, and compliance violations. Real-time alerts allow security teams to quickly detect, investigate, and respond to changes, ensuring the integrity of configuration tracking across the AWS environment.;2;8;FAIL;No CloudWatch log groups found with metric filters or alarms associated.;arn:aws:logs:ap-southeast-7:<SANDBOX_ACCOUNT_ID>:log-group;<SANDBOX_ACCOUNT_ID>;cloudwatch_log_metric_filter_and_alarm_for_aws_config_configuration_changes_enabled;False;ProwlerThreatScore;Prowler ThreatScore Compliance Framework for AWS
aws;Prowler ThreatScore Compliance Framework for AWS ensures that the AWS account is compliant taking into account four main pillars: Identity and Access Management, Attack Surface, Forensic Readiness and Encryption;<SANDBOX_ACCOUNT_ID>;ap-southeast-7;2026-08-19 02:30:11.271115;3.3.6;Ensure CloudTrail configuration changes are monitored;CloudTrail configuration changes are monitored;3. Logging and Monitoring;3.3 Monitoring;Real-time monitoring of AWS API calls can be implemented by directing CloudTrail logs to Amazon CloudWatch Logs or an external Security Information and Event Management (SIEM) system. By configuring metric filters and alarms, organizations can track critical security events. It is recommended to establish a metric filter and alarm to detect changes to CloudTrail configurations, ensuring that logging remains active and tamper-proof.;Monitoring CloudTrail configuration changes helps maintain continuous visibility into AWS account activity. Unauthorized modifications to CloudTrail settings could disable or alter logging, potentially allowing malicious activity to go undetected. Detecting these changes in real time enables organizations to quickly respond to threats, enforce security best practices, and ensure compliance with auditing requirements.;3;10;FAIL;No CloudWatch log groups found with metric filters or alarms associated.;arn:aws:logs:ap-southeast-7:<SANDBOX_ACCOUNT_ID>:log-group;<SANDBOX_ACCOUNT_ID>;cloudwatch_log_metric_filter_and_alarm_for_cloudtrail_configuration_changes_enabled;False;ProwlerThreatScore;Prowler ThreatScore Compliance Framework for AWS
aws;Prowler ThreatScore Compliance Framework for AWS ensures that the AWS account is compliant taking into account four main pillars: Identity and Access Management, Attack Surface, Forensic Readiness and Encryption;<SANDBOX_ACCOUNT_ID>;ap-southeast-7;2026-08-19 02:30:11.271115;3.3.7;Ensure AWS Management Console authentication failures are monitored;AWS Management Console authentication failures are monitored;3. Logging and Monitoring;3.3 Monitoring;Real-time monitoring of AWS API calls can be implemented by directing CloudTrail logs to Amazon CloudWatch Logs or an external Security Information and Event Management (SIEM) system. By setting up metric filters and alarms, organizations can detect potential security threats. It is recommended to establish a metric filter and alarm for failed console authentication attempts to identify potential unauthorized access attempts or brute-force attacks.;Monitoring failed console logins helps detect brute-force attempts and unauthorized access attempts early. Repeated failed authentication attempts can indicate malicious activity, and tracking them allows security teams to identify suspicious IP addresses, correlate with other security events, and take proactive measures to protect AWS accounts.;2;8;FAIL;No CloudWatch log groups found with metric filters or alarms associated.;arn:aws:logs:ap-southeast-7:<SANDBOX_ACCOUNT_ID>:log-group;<SANDBOX_ACCOUNT_ID>;cloudwatch_log_metric_filter_authentication_failures;False;ProwlerThreatScore;Prowler ThreatScore Compliance Framework for AWS
aws;Prowler ThreatScore Compliance Framework for AWS ensures that the AWS account is compliant taking into account four main pillars: Identity and Access Management, Attack Surface, Forensic Readiness and Encryption;<SANDBOX_ACCOUNT_ID>;ap-southeast-7;2026-08-19 02:30:11.271115;3.3.16;Ensure AWS Organizations changes are monitored;AWS Organizations changes are monitored;3. Logging and Monitoring;3.3 Monitoring;Real-time monitoring of AWS API calls can be achieved by forwarding CloudTrail logs to Amazon CloudWatch Logs or an external Security Information and Event Management (SIEM) system. AWS Organizations allows centralized management of multiple AWS accounts, and modifications to its configuration can significantly impact access control, account governance, and security policies. It is recommended to establish a metric filter and alarm for changes made to AWS Organizations in the master AWS account to detect unauthorized or unintended modifications.;Monitoring AWS Organizations configuration changes helps prevent unwanted, accidental, or malicious modifications that could lead to unauthorized access, policy misconfigurations, or security breaches. Detecting changes in real time ensures that unexpected modifications can be investigated and remediated quickly, reducing the risk of compromised governance structures and ensuring compliance with organizational security policies.;2;8;FAIL;No CloudWatch log groups found with metric filters or alarms associated.;arn:aws:logs:ap-southeast-7:<SANDBOX_ACCOUNT_ID>:log-group;<SANDBOX_ACCOUNT_ID>;cloudwatch_log_metric_filter_aws_organizations_changes;False;ProwlerThreatScore;Prowler ThreatScore Compliance Framework for AWS
aws;Prowler ThreatScore Compliance Framework for AWS ensures that the AWS account is compliant taking into account four main pillars: Identity and Access Management, Attack Surface, Forensic Readiness and Encryption;<SANDBOX_ACCOUNT_ID>;ap-southeast-7;2026-08-19 02:30:11.271115;3.3.8;Ensure disabling or scheduled deletion of customer created CMKs is monitored;Disabling or scheduled deletion of customer created CMKs is monitored;3. Logging and Monitoring;3.3 Monitoring;Real-time monitoring of AWS API calls can be achieved by forwarding CloudTrail logs to Amazon CloudWatch Logs or an external Security Information and Event Management (SIEM) system. By configuring metric filters and alarms, organizations can detect security-critical changes. It is recommended to set up a metric filter and alarm for customer-managed KMS keys (CMKs) that are disabled or scheduled for deletion to prevent unintended encryption key loss.;Disabling or deleting a customer-managed CMK can render encrypted data permanently inaccessible, leading to data loss and service disruptions. Monitoring CMK state changes helps detect unauthorized or accidental modifications, ensuring encryption keys remain available and aligned with security policies. Detecting such changes in real time allows organizations to prevent data loss, maintain compliance, and take corrective action if needed.;2;8;FAIL;No CloudWatch log groups found with metric filters or alarms associated.;arn:aws:logs:ap-southeast-7:<SANDBOX_ACCOUNT_ID>:log-group;<SANDBOX_ACCOUNT_ID>;cloudwatch_log_metric_filter_disable_or_scheduled_deletion_of_kms_cmk;False;ProwlerThreatScore;Prowler ThreatScore Compliance Framework for AWS
aws;Prowler ThreatScore Compliance Framework for AWS ensures that the AWS account is compliant taking into account four main pillars: Identity and Access Management, Attack Surface, Forensic Readiness and Encryption;<SANDBOX_ACCOUNT_ID>;ap-southeast-7;2026-08-19 02:30:11.271115;3.3.9;Ensure S3 bucket policy changes are monitored;S3 bucket policy changes are monitored;3. Logging and Monitoring;3.3 Monitoring;Real-time monitoring of AWS API calls can be implemented by forwarding CloudTrail logs to Amazon CloudWatch Logs or an external Security Information and Event Management (SIEM) system. By configuring metric filters and alarms, organizations can track critical security-related changes. It is recommended to set up a metric filter and alarm for modifications to S3 bucket policies to detect potential misconfigurations or unauthorized access changes.;Monitoring S3 bucket policy changes helps detect and respond to overly permissive configurations that could expose sensitive data. Unauthorized or accidental modifications may grant public access or excessive permissions, increasing the risk of data breaches and compliance violations. Real-time alerts allow security teams to quickly identify, investigate, and correct risky policy changes, reducing exposure and strengthening data security.;2;8;FAIL;No CloudWatch log groups found with metric filters or alarms associated.;arn:aws:logs:ap-southeast-7:<SANDBOX_ACCOUNT_ID>:log-group;<SANDBOX_ACCOUNT_ID>;cloudwatch_log_metric_filter_for_s3_bucket_policy_changes;False;ProwlerThreatScore;Prowler ThreatScore Compliance Framework for AWS
aws;Prowler ThreatScore Compliance Framework for AWS ensures that the AWS account is compliant taking into account four main pillars: Identity and Access Management, Attack Surface, Forensic Readiness and Encryption;<SANDBOX_ACCOUNT_ID>;ap-southeast-7;2026-08-19 02:30:11.271115;3.3.5;Ensure IAM policy changes are monitored;IAM policy changes are monitored;3. Logging and Monitoring;3.3 Monitoring;Real-time monitoring of AWS API calls can be implemented by directing CloudTrail logs to Amazon CloudWatch Logs or an external Security Information and Event Management (SIEM) system. By configuring metric filters and alarms, organizations can detect critical security events. It is recommended to establish a metric filter and alarm for changes to Identity and Access Management (IAM) policies to track modifications that could affect authentication and authorization controls.;Monitoring IAM policy changes helps ensure that access controls remain secure and intact. Unauthorized or unintended modifications to IAM policies can lead to privilege escalation, misconfigurations, and security breaches. Detecting these changes in real-time allows organizations to respond quickly to potential threats, enforce least privilege principles, and maintain a strong security posture.;2;8;FAIL;No CloudWatch log groups found with metric filters or alarms associated.;arn:aws:logs:ap-southeast-7:<SANDBOX_ACCOUNT_ID>:log-group;<SANDBOX_ACCOUNT_ID>;cloudwatch_log_metric_filter_policy_changes;False;ProwlerThreatScore;Prowler ThreatScore Compliance Framework for AWS
aws;Prowler ThreatScore Compliance Framework for AWS ensures that the AWS account is compliant taking into account four main pillars: Identity and Access Management, Attack Surface, Forensic Readiness and Encryption;<SANDBOX_ACCOUNT_ID>;ap-southeast-7;2026-08-19 02:30:11.271115;3.3.4;Ensure usage of the root account is monitored;Usage of root account monitored;3. Logging and Monitoring;3.3 Monitoring;Real-time monitoring of AWS API calls can be achieved by directing CloudTrail logs to Amazon CloudWatch Logs or an external Security Information and Event Management (SIEM) system. Setting up metric filters and alarms helps detect potential security threats. It is recommended to establish a metric filter and alarm for root account login attempts to identify unauthorized access or improper use of the highly privileged root account.;Monitoring root account logins enhances visibility into the usage of the most privileged AWS account, which should be used only in exceptional cases. Frequent or unauthorized root logins increase security risks by exposing critical administrative controls. Detecting root login attempts in real time enables organizations to identify potential security incidents, enforce least privilege principles, and limit unnecessary use of the root account.;3;10;FAIL;No CloudWatch log groups found with metric filters or alarms associated.;arn:aws:logs:ap-southeast-7:<SANDBOX_ACCOUNT_ID>:log-group;<SANDBOX_ACCOUNT_ID>;cloudwatch_log_metric_filter_root_usage;False;ProwlerThreatScore;Prowler ThreatScore Compliance Framework for AWS
aws;Prowler ThreatScore Compliance Framework for AWS ensures that the AWS account is compliant taking into account four main pillars: Identity and Access Management, Attack Surface, Forensic Readiness and Encryption;<SANDBOX_ACCOUNT_ID>;ap-southeast-7;2026-08-19 02:30:11.271115;3.3.11;Ensure security group changes are monitored;Security group changes are monitored;3. Logging and Monitoring;3.3 Monitoring;Real-time monitoring of AWS API calls can be implemented by forwarding CloudTrail logs to Amazon CloudWatch Logs or an external Security Information and Event Management (SIEM) system. Security groups act as stateful packet filters that control inbound and outbound traffic within a VPC. It is recommended to establish a metric filter and alarm to detect changes to security groups to prevent unauthorized modifications that could expose resources to security threats.;Monitoring security group changes helps ensure that network access controls remain secure and that AWS resources are not unintentionally exposed. Unauthorized or accidental modifications to security groups can create security gaps, increasing the risk of data breaches and unauthorized access. Real-time alerts enable security teams to detect, investigate, and respond to security group changes quickly, maintaining a strong network security posture.;3;10;FAIL;No CloudWatch log groups found with metric filters or alarms associated.;arn:aws:logs:ap-southeast-7:<SANDBOX_ACCOUNT_ID>:log-group;<SANDBOX_ACCOUNT_ID>;cloudwatch_log_metric_filter_security_group_changes;False;ProwlerThreatScore;Prowler ThreatScore Compliance Framework for AWS
aws;Prowler ThreatScore Compliance Framework for AWS ensures that the AWS account is compliant taking into account four main pillars: Identity and Access Management, Attack Surface, Forensic Readiness and Encryption;<SANDBOX_ACCOUNT_ID>;ap-southeast-7;2026-08-19 02:30:11.271115;3.3.3;Ensure management console sign-in without MFA is monitored;Management console sign-in without MFA is monitored;3. Logging and Monitoring;3.3 Monitoring;Real-time monitoring of AWS API calls can be implemented by directing CloudTrail logs to Amazon CloudWatch Logs or an external Security Information and Event Management (SIEM) system. By setting up metric filters and alarms, organizations can detect and respond to security risks effectively. It is recommended to establish a metric filter and alarm for AWS console logins that are not protected by multi-factor authentication (MFA) to enhance security monitoring.;Monitoring console logins without MFA improves visibility into accounts that lack strong authentication controls. Accounts without MFA are more vulnerable to credential theft, brute-force attacks, and unauthorized access. By detecting these login attempts in real-time, organizations can identify security gaps, enforce MFA policies, and reduce the risk of account compromise.;2;8;FAIL;No CloudWatch log groups found with metric filters or alarms associated.;arn:aws:logs:ap-southeast-7:<SANDBOX_ACCOUNT_ID>:log-group;<SANDBOX_ACCOUNT_ID>;cloudwatch_log_metric_filter_sign_in_without_mfa;False;ProwlerThreatScore;Prowler ThreatScore Compliance Framework for AWS
aws;Prowler ThreatScore Compliance Framework for AWS ensures that the AWS account is compliant taking into account four main pillars: Identity and Access Management, Attack Surface, Forensic Readiness and Encryption;<SANDBOX_ACCOUNT_ID>;ap-southeast-7;2026-08-19 02:30:11.271115;3.3.2;Ensure unauthorized API calls are monitored;Unauthorized API calls are monitored;3. Logging and Monitoring;3.3 Monitoring;Real-time monitoring of API calls can be achieved by forwarding CloudTrail logs to Amazon CloudWatch Logs or an external Security Information and Event Management (SIEM) system. By configuring metric filters and alarms, organizations can automatically detect and respond to unauthorized API calls, improving security visibility. It is recommended to establish a metric filter and alarm for unauthorized API calls to enhance threat detection and incident response.;Monitoring unauthorized API calls helps identify potential security incidents faster, reducing the time attackers have to exploit vulnerabilities. CloudWatch provides real-time monitoring and alerting, while SIEM solutions offer centralized security event analysis. Detecting unauthorized API calls early allows organizations to take immediate action, investigate potential threats, and strengthen overall AWS security posture.;2;8;FAIL;No CloudWatch log groups found with metric filters or alarms associated.;arn:aws:logs:ap-southeast-7:<SANDBOX_ACCOUNT_ID>:log-group;<SANDBOX_ACCOUNT_ID>;cloudwatch_log_metric_filter_unauthorized_api_calls;False;ProwlerThreatScore;Prowler ThreatScore Compliance Framework for AWS
aws;Prowler ThreatScore Compliance Framework for AWS ensures that the AWS account is compliant taking into account four main pillars: Identity and Access Management, Attack Surface, Forensic Readiness and Encryption;<SANDBOX_ACCOUNT_ID>;ap-southeast-7;2026-08-19 02:30:11.271115;3.3.1;Ensure AWS Config is enabled in all regions;AWS Config is enabled;3. Logging and Monitoring;3.3 Monitoring;AWS Config is a service that continuously monitors, records, and evaluates configuration changes in AWS resources within an account. It tracks configuration items, relationships between resources, and changes over time, delivering logs for security analysis, change management, and compliance auditing. To ensure comprehensive monitoring, AWS Config should be enabled in all regions.;Enabling AWS Config in all regions improves security, visibility, and compliance by: Tracking resource changes, allowing for quick identification of misconfigurations. Supporting security audits and forensic investigations by maintaining a historical record of configurations.;2;8;FAIL;AWS Config recorder <SANDBOX_ACCOUNT_ID> is disabled.;arn:aws:config:ap-southeast-7:<SANDBOX_ACCOUNT_ID>:recorder;<SANDBOX_ACCOUNT_ID>;config_recorder_all_regions_enabled;False;ProwlerThreatScore;Prowler ThreatScore Compliance Framework for AWS
aws;Prowler ThreatScore Compliance Framework for AWS ensures that the AWS account is compliant taking into account four main pillars: Identity and Access Management, Attack Surface, Forensic Readiness and Encryption;<SANDBOX_ACCOUNT_ID>;ap-southeast-7;2026-08-19 02:30:11.271115;2.3.11;Ensure EMR Account Public Access Block enabled;EMR Account Public Access Block enabled;2. Attack Surface;2.3 Application;Amazon Elastic MapReduce (EMR) is a managed big data processing service that can access S3, EC2, and other AWS resources. The EMR Account Public Access Block setting helps prevent public access to EMR resources, such as data stored in S3 buckets. If this setting is not enabled, there is a risk that EMR-related data and configurations could be exposed to the public, leading to unauthorized access or data breaches. To enhance security, the Public Access Block should be enabled for the EMR account.;Allowing public access to EMR resources increases the risk of data leaks, unauthorized access, and compliance violations. Attackers could exploit misconfigured policies or publicly accessible S3 buckets to access sensitive data processed by EMR. Enabling EMR Account Public Access Block ensures that S3 data and other EMR-related resources cannot be accessed publicly, reducing exposure and maintaining strong access controls in AWS.;4;100;PASS;EMR Account has Block Public Access enabled.;arn:aws:elasticmapreduce:ap-southeast-7:<SANDBOX_ACCOUNT_ID>:cluster;<SANDBOX_ACCOUNT_ID>;emr_cluster_account_public_block_enabled;False;ProwlerThreatScore;Prowler ThreatScore Compliance Framework for AWS
aws;Prowler ThreatScore Compliance Framework for AWS ensures that the AWS account is compliant taking into account four main pillars: Identity and Access Management, Attack Surface, Forensic Readiness and Encryption;<SANDBOX_ACCOUNT_ID>;ap-southeast-7;2026-08-19 02:30:11.271115;2.3.13;Ensure that your AWS EventBridge event bus is not exposed to everyone;AWS EventBridge event bus is not exposed to everyone;2. Attack Surface;2.3 Application;AWS EventBridge is a serverless event bus service that enables communication between AWS services, third-party applications, and custom event sources. By default, EventBridge event buses can be configured to allow events from any AWS account or external source. If an event bus is exposed to everyone, unauthorized entities could send events to your environment, potentially leading to security risks, data injection attacks, or service disruptions. To enhance security, event buses should be restricted to specific AWS accounts, services, or trusted IAM roles.;Allowing unrestricted access to an EventBridge event bus increases the risk of malicious event injection, unauthorized access, and data manipulation. Attackers could flood the event bus with malicious events, leading to unexpected behavior, security breaches, or excessive AWS costs. To reduce exposure, event buses should be secured using IAM policies and resource-based permissions, ensuring that only trusted AWS services and accounts can send or receive events.;4;100;PASS;EventBridge event bus default is not exposed to everyone.;arn:aws:events:ap-southeast-7:<SANDBOX_ACCOUNT_ID>:event-bus/default;default;eventbridge_bus_exposed;False;ProwlerThreatScore;Prowler ThreatScore Compliance Framework for AWS
aws;Prowler ThreatScore Compliance Framework for AWS ensures that the AWS account is compliant taking into account four main pillars: Identity and Access Management, Attack Surface, Forensic Readiness and Encryption;<SANDBOX_ACCOUNT_ID>;ap-southeast-7;2026-08-19 02:30:11.271115;1.2.5;Avoid the use of the 'root' account;Don't use root account;1. IAM;1.2 Authorization;The root account in AWS has unrestricted administrative privileges and should be used only for initial account setup and emergency scenarios. Regular operations should be performed using IAM users or roles with least privilege access to minimize security risks.;Using the root account increases the risk of unauthorized access, accidental misconfigurations, and privilege misuse. By restricting root account usage and delegating tasks to IAM users or roles, organizations can enforce better access control, auditing, and security best practices.;4;100;PASS;Root user in the account wasn't accessed in the last 1 days.;arn:aws:iam::<SANDBOX_ACCOUNT_ID>:root;<root_account>;iam_avoid_root_usage;False;ProwlerThreatScore;Prowler ThreatScore Compliance Framework for AWS
aws;Prowler ThreatScore Compliance Framework for AWS ensures that the AWS account is compliant taking into account four main pillars: Identity and Access Management, Attack Surface, Forensic Readiness and Encryption;<SANDBOX_ACCOUNT_ID>;ap-southeast-7;2026-08-19 02:30:11.271115;1.3.1;Ensure IAM policies that allow full *:* administrative privileges are not attached;IAM policies with full privileges not attached;1. IAM;1.3 Privilege Escalation Prevention;IAM policies define permissions for users, groups, and roles, controlling access to AWS resources. Following the principle of least privilege, users should be granted only the permissions necessary to perform their tasks. Instead of assigning broad administrative privileges, permissions should be carefully crafted to allow only the required actions.;Starting with minimal permissions and granting additional access as needed is significantly more secure than providing excessive permissions and attempting to restrict them later. Assigning full administrative privileges increases the risk of unauthorized or accidental actions that could compromise AWS resources. IAM policies containing Effect: Allow, Action: , Resource:  should be removed to prevent unrestricted access and enforce security best practices.;4;100;PASS;AWS policy AWSSSOServiceRolePolicy is attached but does not allow '*:*' administrative privileges.;arn:aws:iam::aws:policy/aws-service-role/AWSSSOServiceRolePolicy;AWSSSOServiceRolePolicy;iam_aws_attached_policy_no_administrative_privileges;False;ProwlerThreatScore;Prowler ThreatScore Compliance Framework for AWS
aws;Prowler ThreatScore Compliance Framework for AWS ensures that the AWS account is compliant taking into account four main pillars: Identity and Access Management, Attack Surface, Forensic Readiness and Encryption;<SANDBOX_ACCOUNT_ID>;ap-southeast-7;2026-08-19 02:30:11.271115;1.3.1;Ensure IAM policies that allow full *:* administrative privileges are not attached;IAM policies with full privileges not attached;1. IAM;1.3 Privilege Escalation Prevention;IAM policies define permissions for users, groups, and roles, controlling access to AWS resources. Following the principle of least privilege, users should be granted only the permissions necessary to perform their tasks. Instead of assigning broad administrative privileges, permissions should be carefully crafted to allow only the required actions.;Starting with minimal permissions and granting additional access as needed is significantly more secure than providing excessive permissions and attempting to restrict them later. Assigning full administrative privileges increases the risk of unauthorized or accidental actions that could compromise AWS resources. IAM policies containing Effect: Allow, Action: , Resource:  should be removed to prevent unrestricted access and enforce security best practices.;4;100;PASS;AWS policy AWSOrganizationsServiceTrustPolicy is attached but does not allow '*:*' administrative privileges.;arn:aws:iam::aws:policy/aws-service-role/AWSOrganizationsServiceTrustPolicy;AWSOrganizationsServiceTrustPolicy;iam_aws_attached_policy_no_administrative_privileges;False;ProwlerThreatScore;Prowler ThreatScore Compliance Framework for AWS
aws;Prowler ThreatScore Compliance Framework for AWS ensures that the AWS account is compliant taking into account four main pillars: Identity and Access Management, Attack Surface, Forensic Readiness and Encryption;<SANDBOX_ACCOUNT_ID>;ap-southeast-7;2026-08-19 02:30:11.271115;1.3.1;Ensure IAM policies that allow full *:* administrative privileges are not attached;IAM policies with full privileges not attached;1. IAM;1.3 Privilege Escalation Prevention;IAM policies define permissions for users, groups, and roles, controlling access to AWS resources. Following the principle of least privilege, users should be granted only the permissions necessary to perform their tasks. Instead of assigning broad administrative privileges, permissions should be carefully crafted to allow only the required actions.;Starting with minimal permissions and granting additional access as needed is significantly more secure than providing excessive permissions and attempting to restrict them later. Assigning full administrative privileges increases the risk of unauthorized or accidental actions that could compromise AWS resources. IAM policies containing Effect: Allow, Action: , Resource:  should be removed to prevent unrestricted access and enforce security best practices.;4;100;PASS;AWS policy AmazonGuardDutyServiceRolePolicy is attached but does not allow '*:*' administrative privileges.;arn:aws:iam::aws:policy/aws-service-role/AmazonGuardDutyServiceRolePolicy;AmazonGuardDutyServiceRolePolicy;iam_aws_attached_policy_no_administrative_privileges;False;ProwlerThreatScore;Prowler ThreatScore Compliance Framework for AWS
aws;Prowler ThreatScore Compliance Framework for AWS ensures that the AWS account is compliant taking into account four main pillars: Identity and Access Management, Attack Surface, Forensic Readiness and Encryption;<SANDBOX_ACCOUNT_ID>;ap-southeast-7;2026-08-19 02:30:11.271115;1.3.1;Ensure IAM policies that allow full *:* administrative privileges are not attached;IAM policies with full privileges not attached;1. IAM;1.3 Privilege Escalation Prevention;IAM policies define permissions for users, groups, and roles, controlling access to AWS resources. Following the principle of least privilege, users should be granted only the permissions necessary to perform their tasks. Instead of assigning broad administrative privileges, permissions should be carefully crafted to allow only the required actions.;Starting with minimal permissions and granting additional access as needed is significantly more secure than providing excessive permissions and attempting to restrict them later. Assigning full administrative privileges increases the risk of unauthorized or accidental actions that could compromise AWS resources. IAM policies containing Effect: Allow, Action: , Resource:  should be removed to prevent unrestricted access and enforce security best practices.;4;100;PASS;AWS policy AWSTrustedAdvisorServiceRolePolicy is attached but does not allow '*:*' administrative privileges.;arn:aws:iam::aws:policy/aws-service-role/AWSTrustedAdvisorServiceRolePolicy;AWSTrustedAdvisorServiceRolePolicy;iam_aws_attached_policy_no_administrative_privileges;False;ProwlerThreatScore;Prowler ThreatScore Compliance Framework for AWS
aws;Prowler ThreatScore Compliance Framework for AWS ensures that the AWS account is compliant taking into account four main pillars: Identity and Access Management, Attack Surface, Forensic Readiness and Encryption;<SANDBOX_ACCOUNT_ID>;ap-southeast-7;2026-08-19 02:30:11.271115;1.3.1;Ensure IAM policies that allow full *:* administrative privileges are not attached;IAM policies with full privileges not attached;1. IAM;1.3 Privilege Escalation Prevention;IAM policies define permissions for users, groups, and roles, controlling access to AWS resources. Following the principle of least privilege, users should be granted only the permissions necessary to perform their tasks. Instead of assigning broad administrative privileges, permissions should be carefully crafted to allow only the required actions.;Starting with minimal permissions and granting additional access as needed is significantly more secure than providing excessive permissions and attempting to restrict them later. Assigning full administrative privileges increases the risk of unauthorized or accidental actions that could compromise AWS resources. IAM policies containing Effect: Allow, Action: , Resource:  should be removed to prevent unrestricted access and enforce security best practices.;4;100;FAIL;AWS policy AdministratorAccess is attached and allows '*:*' administrative privileges.;arn:aws:iam::aws:policy/AdministratorAccess;AdministratorAccess;iam_aws_attached_policy_no_administrative_privileges;False;ProwlerThreatScore;Prowler ThreatScore Compliance Framework for AWS
aws;Prowler ThreatScore Compliance Framework for AWS ensures that the AWS account is compliant taking into account four main pillars: Identity and Access Management, Attack Surface, Forensic Readiness and Encryption;<SANDBOX_ACCOUNT_ID>;ap-southeast-7;2026-08-19 02:30:11.271115;1.3.1;Ensure IAM policies that allow full *:* administrative privileges are not attached;IAM policies with full privileges not attached;1. IAM;1.3 Privilege Escalation Prevention;IAM policies define permissions for users, groups, and roles, controlling access to AWS resources. Following the principle of least privilege, users should be granted only the permissions necessary to perform their tasks. Instead of assigning broad administrative privileges, permissions should be carefully crafted to allow only the required actions.;Starting with minimal permissions and granting additional access as needed is significantly more secure than providing excessive permissions and attempting to restrict them later. Assigning full administrative privileges increases the risk of unauthorized or accidental actions that could compromise AWS resources. IAM policies containing Effect: Allow, Action: , Resource:  should be removed to prevent unrestricted access and enforce security best practices.;4;100;PASS;AWS policy AWSSupportServiceRolePolicy is attached but does not allow '*:*' administrative privileges.;arn:aws:iam::aws:policy/aws-service-role/AWSSupportServiceRolePolicy;AWSSupportServiceRolePolicy;iam_aws_attached_policy_no_administrative_privileges;False;ProwlerThreatScore;Prowler ThreatScore Compliance Framework for AWS
aws;Prowler ThreatScore Compliance Framework for AWS ensures that the AWS account is compliant taking into account four main pillars: Identity and Access Management, Attack Surface, Forensic Readiness and Encryption;<SANDBOX_ACCOUNT_ID>;ap-southeast-7;2026-08-19 02:30:11.271115;1.3.1;Ensure IAM policies that allow full *:* administrative privileges are not attached;IAM policies with full privileges not attached;1. IAM;1.3 Privilege Escalation Prevention;IAM policies define permissions for users, groups, and roles, controlling access to AWS resources. Following the principle of least privilege, users should be granted only the permissions necessary to perform their tasks. Instead of assigning broad administrative privileges, permissions should be carefully crafted to allow only the required actions.;Starting with minimal permissions and granting additional access as needed is significantly more secure than providing excessive permissions and attempting to restrict them later. Assigning full administrative privileges increases the risk of unauthorized or accidental actions that could compromise AWS resources. IAM policies containing Effect: Allow, Action: , Resource:  should be removed to prevent unrestricted access and enforce security best practices.;4;100;PASS;AWS policy CloudTrailServiceRolePolicy is attached but does not allow '*:*' administrative privileges.;arn:aws:iam::aws:policy/aws-service-role/CloudTrailServiceRolePolicy;CloudTrailServiceRolePolicy;iam_aws_attached_policy_no_administrative_privileges;False;ProwlerThreatScore;Prowler ThreatScore Compliance Framework for AWS
aws;Prowler ThreatScore Compliance Framework for AWS ensures that the AWS account is compliant taking into account four main pillars: Identity and Access Management, Attack Surface, Forensic Readiness and Encryption;<SANDBOX_ACCOUNT_ID>;ap-southeast-7;2026-08-19 02:30:11.271115;1.3.1;Ensure IAM policies that allow full *:* administrative privileges are not attached;IAM policies with full privileges not attached;1. IAM;1.3 Privilege Escalation Prevention;IAM policies define permissions for users, groups, and roles, controlling access to AWS resources. Following the principle of least privilege, users should be granted only the permissions necessary to perform their tasks. Instead of assigning broad administrative privileges, permissions should be carefully crafted to allow only the required actions.;Starting with minimal permissions and granting additional access as needed is significantly more secure than providing excessive permissions and attempting to restrict them later. Assigning full administrative privileges increases the risk of unauthorized or accidental actions that could compromise AWS resources. IAM policies containing Effect: Allow, Action: , Resource:  should be removed to prevent unrestricted access and enforce security best practices.;4;100;PASS;AWS policy AWSResourceExplorerServiceRolePolicy is attached but does not allow '*:*' administrative privileges.;arn:aws:iam::aws:policy/aws-service-role/AWSResourceExplorerServiceRolePolicy;AWSResourceExplorerServiceRolePolicy;iam_aws_attached_policy_no_administrative_privileges;False;ProwlerThreatScore;Prowler ThreatScore Compliance Framework for AWS
aws;Prowler ThreatScore Compliance Framework for AWS ensures that the AWS account is compliant taking into account four main pillars: Identity and Access Management, Attack Surface, Forensic Readiness and Encryption;<SANDBOX_ACCOUNT_ID>;ap-southeast-7;2026-08-19 02:30:11.271115;1.2.7;Ensure IAM users are managed centrally via identity federation or AWS Organizations for multi-account environments;IAM users managed centrally or by organizations;1. IAM;1.2 Authorization;In multi-account AWS environments, centralizing IAM user management improves control, security, and access management efficiency. Instead of creating separate IAM users in each account, access should be managed through role assumption. This can be achieved using AWS Organizations or federation with an external identity provider (e.g., AWS IAM Identity Center, Okta, or Active Directory).;Centralizing IAM user management into a single identity store simplifies administration, reduces the risk of access misconfigurations, and enforces consistent security policies across all accounts. This approach enhances security, scalability, and compliance while minimizing user duplication and permission errors.;1;1;PASS;SAML Provider AWSSSO_77a540654c26be8c_DO_NOT_DELETE has been found.;arn:aws:iam::<SANDBOX_ACCOUNT_ID>:saml-provider/AWSSSO_77a540654c26be8c_DO_NOT_DELETE;AWSSSO_77a540654c26be8c_DO_NOT_DELETE;iam_check_saml_providers_sts;False;ProwlerThreatScore;Prowler ThreatScore Compliance Framework for AWS
aws;Prowler ThreatScore Compliance Framework for AWS ensures that the AWS account is compliant taking into account four main pillars: Identity and Access Management, Attack Surface, Forensic Readiness and Encryption;<SANDBOX_ACCOUNT_ID>;ap-southeast-7;2026-08-19 02:30:11.271115;1.3.3;Ensure no IAM Inline policies allow actions that may lead into Privilege Escalation;IAM policy allow privilege escalation;1. IAM;1.3 Privilege Escalation Prevention;IAM inline policies define permissions directly attached to users, groups, or roles, rather than being managed as standalone policies. If improperly configured, these policies can grant actions that enable privilege escalation, allowing users to elevate their access beyond intended permissions. Privilege escalation can occur through misconfigured IAM roles, excessive permissions, or indirect access paths, potentially leading to unauthorized control over AWS resources.;Users with some IAM permissions are allowed to elevate their privileges up to administrator rights.;4;100;FAIL;Inline policy range-app-deploy-policy attached to role range-app-deploy-role allows privilege escalation using the following actions: 'ec2:CreateLaunchTemplateVersion', 'ec2:ModifyInstanceAttribute', 'ec2:ModifyLaunchTemplate', 'ec2:RequestSpotInstances', 'ec2:RunInstances', 'ec2:StartInstances', 'ec2:StopInstances', 'iam:PassRole'.;arn:aws:iam::<SANDBOX_ACCOUNT_ID>:role/range-app-deploy-role;range-app-deploy-role/range-app-deploy-policy;iam_inline_policy_allows_privilege_escalation;False;ProwlerThreatScore;Prowler ThreatScore Compliance Framework for AWS
aws;Prowler ThreatScore Compliance Framework for AWS ensures that the AWS account is compliant taking into account four main pillars: Identity and Access Management, Attack Surface, Forensic Readiness and Encryption;<SANDBOX_ACCOUNT_ID>;ap-southeast-7;2026-08-19 02:30:11.271115;1.3.3;Ensure no IAM Inline policies allow actions that may lead into Privilege Escalation;IAM policy allow privilege escalation;1. IAM;1.3 Privilege Escalation Prevention;IAM inline policies define permissions directly attached to users, groups, or roles, rather than being managed as standalone policies. If improperly configured, these policies can grant actions that enable privilege escalation, allowing users to elevate their access beyond intended permissions. Privilege escalation can occur through misconfigured IAM roles, excessive permissions, or indirect access paths, potentially leading to unauthorized control over AWS resources.;Users with some IAM permissions are allowed to elevate their privileges up to administrator rights.;4;100;PASS;Inline policy range-cloudtrail-to-cwl attached to role range-cloudtrail-to-cwl does not allow privilege escalation.;arn:aws:iam::<SANDBOX_ACCOUNT_ID>:role/range-cloudtrail-to-cwl;range-cloudtrail-to-cwl/range-cloudtrail-to-cwl;iam_inline_policy_allows_privilege_escalation;False;ProwlerThreatScore;Prowler ThreatScore Compliance Framework for AWS
aws;Prowler ThreatScore Compliance Framework for AWS ensures that the AWS account is compliant taking into account four main pillars: Identity and Access Management, Attack Surface, Forensic Readiness and Encryption;<SANDBOX_ACCOUNT_ID>;ap-southeast-7;2026-08-19 02:30:11.271115;1.1.13;Ensure no root account access key exists;No root access key;1. IAM;1.1 Authentication;The root account in AWS has unrestricted administrative privileges and should be protected with the highest security measures. Access keys provide programmatic access to AWS, but when linked to the root account, they pose a significant security risk. It is recommended that no access keys be associated with the root account, ensuring that all programmatic access is managed through IAM roles and users with least privilege access.;The root account holds the highest level of privileges in an AWS environment. AWS Access Keys enable programmatic access to AWS resources, but when associated with the root account, they pose a significant security risk. It is recommended to remove all access keys linked to the root account to minimize potential attack vectors. Eliminating root access keys reduces the risk of unauthorized access and enforces the use of role-based IAM accounts with least privilege, promoting a more secure and controlled access management approach.;5;1000;PASS;Root account does not have access keys.;arn:aws:iam::<SANDBOX_ACCOUNT_ID>:root;<root_account>;iam_no_root_access_key;False;ProwlerThreatScore;Prowler ThreatScore Compliance Framework for AWS
aws;Prowler ThreatScore Compliance Framework for AWS ensures that the AWS account is compliant taking into account four main pillars: Identity and Access Management, Attack Surface, Forensic Readiness and Encryption;<SANDBOX_ACCOUNT_ID>;ap-southeast-7;2026-08-19 02:30:11.271115;1.1.12;Ensure IAM password policy expires passwords within 90 days or less;IAM password expires within 90 days;1. IAM;1.1 Authentication;IAM password policies can be configured to enforce password expiration after a defined period. It is recommended that passwords be set to expire within 90 days or less to ensure users regularly update their credentials. This helps mitigate security risks associated with stale or compromised passwords that remain active for extended periods.;Requiring password expiration within 90 days or less reduces the risk of credential-based attacks, such as brute-force attacks and credential stuffing, by ensuring that old passwords cannot be used indefinitely. If a password has been exposed or compromised without detection, regular expiration limits the window of opportunity for an attacker to exploit it. This policy enforces stronger access control and aligns with industry security best practices.;3;10;FAIL;Password expiration is not set.;arn:aws:iam:ap-southeast-7:<SANDBOX_ACCOUNT_ID>:password-policy;<SANDBOX_ACCOUNT_ID>;iam_password_policy_expires_passwords_within_90_days_or_less;False;ProwlerThreatScore;Prowler ThreatScore Compliance Framework for AWS
aws;Prowler ThreatScore Compliance Framework for AWS ensures that the AWS account is compliant taking into account four main pillars: Identity and Access Management, Attack Surface, Forensic Readiness and Encryption;<SANDBOX_ACCOUNT_ID>;ap-southeast-7;2026-08-19 02:30:11.271115;1.1.8;Ensure IAM password policy require at least one lowercase letter;IAM password policy require one lowercase or more;1. IAM;1.1 Authentication;IAM password policies can be configured to enforce the use of at least one lowercase letter in user passwords. Including lowercase letters increases password complexity, making them more resistant to brute-force and dictionary attacks. It is recommended to require at least one lowercase letter in IAM passwords to strengthen security.;Requiring at least one lowercase letter ensures that passwords are not composed solely of numbers or uppercase letters, which are easier to guess. Attackers often use wordlists and predictable patterns when attempting to crack passwords. By enforcing lowercase letters, password complexity improves, reducing the likelihood of unauthorized access.;3;10;FAIL;IAM password policy does not require at least one lowercase letter.;arn:aws:iam:ap-southeast-7:<SANDBOX_ACCOUNT_ID>:password-policy;<SANDBOX_ACCOUNT_ID>;iam_password_policy_lowercase;False;ProwlerThreatScore;Prowler ThreatScore Compliance Framework for AWS
aws;Prowler ThreatScore Compliance Framework for AWS ensures that the AWS account is compliant taking into account four main pillars: Identity and Access Management, Attack Surface, Forensic Readiness and Encryption;<SANDBOX_ACCOUNT_ID>;ap-southeast-7;2026-08-19 02:30:11.271115;1.1.4;Ensure IAM password policy requires minimum length of 14 or greater;IAM password lenght 14 or greater;1. IAM;1.1 Authentication;Password policies help enforce password complexity requirements to strengthen account security. In AWS IAM, password policies can be configured to ensure that user passwords meet specific criteria, including a minimum length requirement. It is recommended to enforce a minimum password length of 14 characters to enhance security.;Requiring longer and more complex passwords reduces the risk of compromise from brute force attacks, credential stuffing, and other password-based threats. A 14-character minimum makes it significantly harder for attackers to guess or crack passwords, improving overall account security and resilience.;3;10;FAIL;IAM password policy does not require minimum length of 14 characters.;arn:aws:iam:ap-southeast-7:<SANDBOX_ACCOUNT_ID>:password-policy;<SANDBOX_ACCOUNT_ID>;iam_password_policy_minimum_length_14;False;ProwlerThreatScore;Prowler ThreatScore Compliance Framework for AWS
aws;Prowler ThreatScore Compliance Framework for AWS ensures that the AWS account is compliant taking into account four main pillars: Identity and Access Management, Attack Surface, Forensic Readiness and Encryption;<SANDBOX_ACCOUNT_ID>;ap-southeast-7;2026-08-19 02:30:11.271115;1.1.6;Ensure IAM password policy require at least one number;IAM password requires one number or more;1. IAM;1.1 Authentication;Password policies help enforce password complexity requirements to strengthen account security. In AWS IAM, password policies can be configured to ensure that user passwords meet specific criteria, including using at least number as requirement. It is recommended to enforce the usage of one number to enhance security.;Requiring more complex passwords reduces the risk of compromise from brute force attacks, credential stuffing, and other password-based threats. Using a number at least makes it significantly harder for attackers to guess or crack passwords, improving overall account security and resilience.;3;10;FAIL;IAM password policy does not require at least one number.;arn:aws:iam:ap-southeast-7:<SANDBOX_ACCOUNT_ID>:password-policy;<SANDBOX_ACCOUNT_ID>;iam_password_policy_number;False;ProwlerThreatScore;Prowler ThreatScore Compliance Framework for AWS
aws;Prowler ThreatScore Compliance Framework for AWS ensures that the AWS account is compliant taking into account four main pillars: Identity and Access Management, Attack Surface, Forensic Readiness and Encryption;<SANDBOX_ACCOUNT_ID>;ap-southeast-7;2026-08-19 02:30:11.271115;1.1.5;Ensure IAM password policy prevents password reuse;IAM prevent password reuse;1. IAM;1.1 Authentication;IAM password policies can be configured to prevent users from reusing previous passwords. This ensures that users create new, unique passwords instead of cycling through old ones. It is recommended to enforce password history restrictions to enhance security.;Blocking password reuse helps mitigate the risk of credential-based attacks, such as brute force and credential stuffing. It prevents users from reverting to previously compromised passwords, reducing the likelihood of unauthorized access.;3;10;FAIL;IAM password policy reuse prevention is less than 24 or not set.;arn:aws:iam:ap-southeast-7:<SANDBOX_ACCOUNT_ID>:password-policy;<SANDBOX_ACCOUNT_ID>;iam_password_policy_reuse_24;False;ProwlerThreatScore;Prowler ThreatScore Compliance Framework for AWS
aws;Prowler ThreatScore Compliance Framework for AWS ensures that the AWS account is compliant taking into account four main pillars: Identity and Access Management, Attack Surface, Forensic Readiness and Encryption;<SANDBOX_ACCOUNT_ID>;ap-southeast-7;2026-08-19 02:30:11.271115;1.1.7;Ensure IAM password policy require at least one symbol;IAM password policy require one symbol or more;1. IAM;1.1 Authentication;IAM password policies can be configured to enforce the use of at least one special character (symbol) in user passwords. Special characters (e.g., @, #, $, %) add complexity, making passwords harder to guess or crack. It is recommended to require at least one symbol in IAM passwords to enhance security.;Requiring a symbol in passwords increases entropy, making brute-force and dictionary attacks more difficult. Attackers often rely on common or predictable password patterns, and enforcing special characters helps reduce the effectiveness of such attacks. This policy strengthens overall password security and aligns with industry best practices.;3;10;FAIL;IAM password policy does not require at least one symbol.;arn:aws:iam:ap-southeast-7:<SANDBOX_ACCOUNT_ID>:password-policy;<SANDBOX_ACCOUNT_ID>;iam_password_policy_symbol;False;ProwlerThreatScore;Prowler ThreatScore Compliance Framework for AWS
aws;Prowler ThreatScore Compliance Framework for AWS ensures that the AWS account is compliant taking into account four main pillars: Identity and Access Management, Attack Surface, Forensic Readiness and Encryption;<SANDBOX_ACCOUNT_ID>;ap-southeast-7;2026-08-19 02:30:11.271115;1.1.9;Ensure IAM password policy requires at least one uppercase letter;IAM password policy require one uppercase or more;1. IAM;1.1 Authentication;IAM password policies can be configured to enforce the use of at least one uppercase letter in user passwords. Including uppercase letters increases password complexity, making them more resilient to brute-force and dictionary attacks. It is recommended to require at least one uppercase letter in IAM passwords to enhance security.;Requiring at least one uppercase letter ensures that passwords are not composed solely of lowercase letters or numbers, which are more predictable and easier to crack. Attackers often rely on common word variations in password attacks, and enforcing uppercase letters adds an additional layer of complexity, reducing the risk of unauthorized access.;3;10;FAIL;IAM password policy does not require at least one uppercase letter.;arn:aws:iam:ap-southeast-7:<SANDBOX_ACCOUNT_ID>:password-policy;<SANDBOX_ACCOUNT_ID>;iam_password_policy_uppercase;False;ProwlerThreatScore;Prowler ThreatScore Compliance Framework for AWS
aws;Prowler ThreatScore Compliance Framework for AWS ensures that the AWS account is compliant taking into account four main pillars: Identity and Access Management, Attack Surface, Forensic Readiness and Encryption;<SANDBOX_ACCOUNT_ID>;ap-southeast-7;2026-08-19 02:30:11.271115;1.3.2;Ensure access to AWSCloudShellFullAccess is restricted;AWSCloudShellFullAccess restricted;1. IAM;1.3 Privilege Escalation Prevention;AWS CloudShell provides a managed command-line interface (CLI) for interacting with AWS services. The AWSCloudShellFullAccess IAM policy grants full access to CloudShell, including file upload and download capabilities between a user’s local system and the CloudShell environment. Within CloudShell, users have sudo privileges and unrestricted internet access, making it possible to install software—such as file transfer tools—that could facilitate data movement to external servers.;Access to AWSCloudShellFullAccess should be restricted, as it can serve as a potential data exfiltration vector for malicious or compromised cloud administrators. Granting full permissions to CloudShell increases the risk of unauthorized data transfers outside the AWS environment. AWS provides guidance on creating more restrictive IAM policies to limit file transfer capabilities, reducing security risks.;2;8;PASS;AWS CloudShellFullAccess policy is not attached to any IAM entity.;arn:aws:iam::aws:policy/AWSCloudShellFullAccess;<SANDBOX_ACCOUNT_ID>;iam_policy_cloudshell_admin_not_attached;False;ProwlerThreatScore;Prowler ThreatScore Compliance Framework for AWS
aws;Prowler ThreatScore Compliance Framework for AWS ensures that the AWS account is compliant taking into account four main pillars: Identity and Access Management, Attack Surface, Forensic Readiness and Encryption;<SANDBOX_ACCOUNT_ID>;ap-southeast-7;2026-08-19 02:30:11.271115;1.1.2;Ensure hardware MFA is enabled for the 'root' user account;Hardware MFA enabled for 'root';1. IAM;1.1 Authentication;The root user account in AWS has the highest level of privileges. Multi-Factor Authentication (MFA) enhances security by adding an extra layer of protection beyond a username and password. When MFA is enabled, users must enter their credentials along with a unique authentication code generated by their AWS MFA device when signing into an AWS website.;A hardware MFA has a smaller attack surface compared to a virtual MFA. Unlike a virtual MFA, which relies on a mobile device that may be vulnerable to malware or compromise, a hardware MFA operates independently, reducing exposure to potential security threats.;5;1000;FAIL;MFA is not enabled for root account.;arn:aws:iam::<SANDBOX_ACCOUNT_ID>:mfa;<root_account>;iam_root_hardware_mfa_enabled;False;ProwlerThreatScore;Prowler ThreatScore Compliance Framework for AWS
aws;Prowler ThreatScore Compliance Framework for AWS ensures that the AWS account is compliant taking into account four main pillars: Identity and Access Management, Attack Surface, Forensic Readiness and Encryption;<SANDBOX_ACCOUNT_ID>;ap-southeast-7;2026-08-19 02:30:11.271115;1.1.1;Ensure MFA is enabled for the 'root' user account;MFA enabled for 'root';1. IAM;1.1 Authentication;The root user account holds the highest level of privileges within an AWS account. Enabling Multi-Factor Authentication (MFA) enhances security by adding an additional layer of protection beyond just a username and password. With MFA activated, users must provide their credentials (username and password) along with a unique authentication code generated by their AWS MFA device when signing into an AWS website.;Enabling MFA enhances console security by requiring the authenticating user to both possess a time-sensitive key-generating device and have knowledge of their credentials.;5;1000;FAIL;MFA is not enabled for root account.;arn:aws:iam::<SANDBOX_ACCOUNT_ID>:root;<root_account>;iam_root_mfa_enabled;False;ProwlerThreatScore;Prowler ThreatScore Compliance Framework for AWS
aws;Prowler ThreatScore Compliance Framework for AWS ensures that the AWS account is compliant taking into account four main pillars: Identity and Access Management, Attack Surface, Forensic Readiness and Encryption;<SANDBOX_ACCOUNT_ID>;ap-southeast-7;2026-08-19 02:30:11.271115;1.1.11;Ensure access keys are rotated every 90 days or less;IAM rotate access keys 90 days;1. IAM;1.1 Authentication;Access keys consist of an access key ID and a secret access key, which are used to authenticate and sign programmatic requests made to AWS. These keys allow users and applications to interact with AWS services via the AWS Command Line Interface (CLI), AWS SDKs, PowerShell tools, or direct API calls. To maintain security, it is recommended that all access keys be rotated regularly to minimize the risk of unauthorized access.;Regularly rotating access keys reduces the risk of compromised credentials being exploited. If an access key is leaked, cracked, or stolen, rotating it limits the window of opportunity for malicious use. Additionally, rotating keys ensures that inactive or outdated credentials cannot be used for unauthorized access, enhancing overall security and compliance.;3;10;PASS;User <root_account> does not have access keys.;arn:aws:iam::<SANDBOX_ACCOUNT_ID>:root;<root_account>;iam_rotate_access_key_90_days;False;ProwlerThreatScore;Prowler ThreatScore Compliance Framework for AWS
aws;Prowler ThreatScore Compliance Framework for AWS ensures that the AWS account is compliant taking into account four main pillars: Identity and Access Management, Attack Surface, Forensic Readiness and Encryption;<SANDBOX_ACCOUNT_ID>;ap-southeast-7;2026-08-19 02:30:11.271115;1.2.3;Ensure a support role has been created to manage incidents with AWS Support;Support role exists to manage incidents;1. IAM;1.2 Authorization;AWS offers a Support Center for incident notification, response, technical support, and customer service assistance. To ensure secure and controlled access, an IAM role should be created with a properly assigned policy, allowing only authorized users to manage incidents with AWS Support.;Implementing least privilege access control ensures that only designated users can interact with AWS Support. Assigning an IAM role with a specific policy limits access to only necessary actions, reducing the risk of unauthorized modifications or exposure of sensitive account information.;1;1;FAIL;AWS Support Access policy is not attached to any role.;arn:aws:iam::aws:policy/AWSSupportAccess;<SANDBOX_ACCOUNT_ID>;iam_support_role_created;False;ProwlerThreatScore;Prowler ThreatScore Compliance Framework for AWS
aws;Prowler ThreatScore Compliance Framework for AWS ensures that the AWS account is compliant taking into account four main pillars: Identity and Access Management, Attack Surface, Forensic Readiness and Encryption;<SANDBOX_ACCOUNT_ID>;ap-southeast-7;2026-08-19 02:30:11.271115;1.1.10;Ensure credentials unused for 45 days or more are disabled;IAM credentials unused disabled;1. IAM;1.1 Authentication;AWS IAM users can authenticate and access AWS resources using various types of credentials, including passwords and access keys. To minimize security risks, it is recommended to deactivate or remove any credentials that have been unused for 45 days or more.;Disabling or removing inactive credentials reduces the attack surface and prevents unauthorized access through compromised or forgotten credentials. Unused credentials pose a security risk, as attackers may exploit them if they remain active without regular monitoring. Regularly auditing and revoking stale credentials enhances overall account security.;2;8;PASS;User <root_account> does not have access keys.;arn:aws:iam::<SANDBOX_ACCOUNT_ID>:root;<root_account>;iam_user_accesskey_unused;False;ProwlerThreatScore;Prowler ThreatScore Compliance Framework for AWS
aws;Prowler ThreatScore Compliance Framework for AWS ensures that the AWS account is compliant taking into account four main pillars: Identity and Access Management, Attack Surface, Forensic Readiness and Encryption;<SANDBOX_ACCOUNT_ID>;ap-southeast-7;2026-08-19 02:30:11.271115;2.2.1;Ensure MFA Delete is enabled on S3 buckets;MFA delete enabled on S3 buckets;2. Attack Surface;2.2 Storage;Enabling MFA Delete on a sensitive or classified Amazon S3 bucket adds an extra layer of protection by requiring two-factor authentication for critical actions, such as deleting object versions or changing the bucket’s versioning state.;MFA Delete helps prevent accidental or malicious deletions by requiring an additional authentication step. This mitigates the risk of data loss due to compromised credentials or unauthorized access, ensuring that critical objects remain protected.;3;10;FAIL;S3 Bucket range-cloudtrail-<SANDBOX_ACCOUNT_ID> has MFA Delete disabled.;arn:aws:s3:::range-cloudtrail-<SANDBOX_ACCOUNT_ID>;range-cloudtrail-<SANDBOX_ACCOUNT_ID>;s3_bucket_no_mfa_delete;False;ProwlerThreatScore;Prowler ThreatScore Compliance Framework for AWS
aws;Prowler ThreatScore Compliance Framework for AWS ensures that the AWS account is compliant taking into account four main pillars: Identity and Access Management, Attack Surface, Forensic Readiness and Encryption;<SANDBOX_ACCOUNT_ID>;ap-southeast-7;2026-08-19 02:30:11.271115;2.2.1;Ensure MFA Delete is enabled on S3 buckets;MFA delete enabled on S3 buckets;2. Attack Surface;2.2 Storage;Enabling MFA Delete on a sensitive or classified Amazon S3 bucket adds an extra layer of protection by requiring two-factor authentication for critical actions, such as deleting object versions or changing the bucket’s versioning state.;MFA Delete helps prevent accidental or malicious deletions by requiring an additional authentication step. This mitigates the risk of data loss due to compromised credentials or unauthorized access, ensuring that critical objects remain protected.;3;10;FAIL;S3 Bucket range-customer-data-<SANDBOX_ACCOUNT_ID> has MFA Delete disabled.;arn:aws:s3:::range-customer-data-<SANDBOX_ACCOUNT_ID>;range-customer-data-<SANDBOX_ACCOUNT_ID>;s3_bucket_no_mfa_delete;False;ProwlerThreatScore;Prowler ThreatScore Compliance Framework for AWS
aws;Prowler ThreatScore Compliance Framework for AWS ensures that the AWS account is compliant taking into account four main pillars: Identity and Access Management, Attack Surface, Forensic Readiness and Encryption;<SANDBOX_ACCOUNT_ID>;ap-southeast-7;2026-08-19 02:30:11.271115;2.2.15;Ensure that S3 buckets have not policies which allow WRITE access;S3 buckets have not policies which allow WRITE access;2. Attack Surface;2.2 Storage;Amazon S3 buckets store and manage data, files, and application assets. Bucket policies control access permissions, and if an S3 bucket has a policy that allows WRITE access to everyone, unauthorized users can upload, modify, or delete objects, leading to data tampering, security breaches, or service disruptions. To enhance security, S3 bucket policies should be restricted to specific AWS accounts, IAM roles, or trusted services, ensuring only authorized users have WRITE permissions.;Allowing unrestricted WRITE access to an S3 bucket increases the risk of unauthorized modifications, data injection attacks, and accidental data loss. Attackers could upload malicious files, delete critical data, or overwrite important configurations. To prevent unauthorized changes, S3 bucket policies should explicitly deny public WRITE access, enforce least privilege access control, and use AWS Block Public Access settings to ensure secure and controlled data storage.;4;100;PASS;S3 public access blocked at bucket level for range-cloudtrail-<SANDBOX_ACCOUNT_ID>.;arn:aws:s3:::range-cloudtrail-<SANDBOX_ACCOUNT_ID>;range-cloudtrail-<SANDBOX_ACCOUNT_ID>;s3_bucket_policy_public_write_access;False;ProwlerThreatScore;Prowler ThreatScore Compliance Framework for AWS
aws;Prowler ThreatScore Compliance Framework for AWS ensures that the AWS account is compliant taking into account four main pillars: Identity and Access Management, Attack Surface, Forensic Readiness and Encryption;<SANDBOX_ACCOUNT_ID>;ap-southeast-7;2026-08-19 02:30:11.271115;2.2.15;Ensure that S3 buckets have not policies which allow WRITE access;S3 buckets have not policies which allow WRITE access;2. Attack Surface;2.2 Storage;Amazon S3 buckets store and manage data, files, and application assets. Bucket policies control access permissions, and if an S3 bucket has a policy that allows WRITE access to everyone, unauthorized users can upload, modify, or delete objects, leading to data tampering, security breaches, or service disruptions. To enhance security, S3 bucket policies should be restricted to specific AWS accounts, IAM roles, or trusted services, ensuring only authorized users have WRITE permissions.;Allowing unrestricted WRITE access to an S3 bucket increases the risk of unauthorized modifications, data injection attacks, and accidental data loss. Attackers could upload malicious files, delete critical data, or overwrite important configurations. To prevent unauthorized changes, S3 bucket policies should explicitly deny public WRITE access, enforce least privilege access control, and use AWS Block Public Access settings to ensure secure and controlled data storage.;4;100;PASS;S3 public access blocked at bucket level for range-customer-data-<SANDBOX_ACCOUNT_ID>.;arn:aws:s3:::range-customer-data-<SANDBOX_ACCOUNT_ID>;range-customer-data-<SANDBOX_ACCOUNT_ID>;s3_bucket_policy_public_write_access;False;ProwlerThreatScore;Prowler ThreatScore Compliance Framework for AWS
aws;Prowler ThreatScore Compliance Framework for AWS ensures that the AWS account is compliant taking into account four main pillars: Identity and Access Management, Attack Surface, Forensic Readiness and Encryption;<SANDBOX_ACCOUNT_ID>;ap-southeast-7;2026-08-19 02:30:11.271115;2.2.16;Ensure there are no S3 buckets listable by Everyone or Any AWS customer;No S3 buckets are listable by Everyone or Any AWS customer;2. Attack Surface;2.2 Storage;Amazon S3 buckets store sensitive data and should have restricted access permissions. If an S3 bucket is listable by Everyone or Any AWS customer, unauthorized users can enumerate the objects within the bucket, potentially exposing sensitive information such as filenames, metadata, or even public datasets. To enhance security, S3 bucket permissions should be configured to restrict LIST access to only authorized IAM roles, AWS accounts, or specific services.;Allowing public or AWS-wide LIST access increases the risk of data enumeration, unauthorized access, and information leaks. Attackers or unauthorized users could identify and analyze stored files, extract metadata, or infer sensitive data. To mitigate this risk, S3 bucket policies should explicitly deny public LIST access, enforce least privilege permissions, and use AWS Block Public Access settings to prevent unintended data exposure.;4;100;PASS;S3 Bucket range-cloudtrail-<SANDBOX_ACCOUNT_ID> is not publicly listable.;arn:aws:s3:::range-cloudtrail-<SANDBOX_ACCOUNT_ID>;range-cloudtrail-<SANDBOX_ACCOUNT_ID>;s3_bucket_public_list_acl;False;ProwlerThreatScore;Prowler ThreatScore Compliance Framework for AWS
aws;Prowler ThreatScore Compliance Framework for AWS ensures that the AWS account is compliant taking into account four main pillars: Identity and Access Management, Attack Surface, Forensic Readiness and Encryption;<SANDBOX_ACCOUNT_ID>;ap-southeast-7;2026-08-19 02:30:11.271115;2.2.16;Ensure there are no S3 buckets listable by Everyone or Any AWS customer;No S3 buckets are listable by Everyone or Any AWS customer;2. Attack Surface;2.2 Storage;Amazon S3 buckets store sensitive data and should have restricted access permissions. If an S3 bucket is listable by Everyone or Any AWS customer, unauthorized users can enumerate the objects within the bucket, potentially exposing sensitive information such as filenames, metadata, or even public datasets. To enhance security, S3 bucket permissions should be configured to restrict LIST access to only authorized IAM roles, AWS accounts, or specific services.;Allowing public or AWS-wide LIST access increases the risk of data enumeration, unauthorized access, and information leaks. Attackers or unauthorized users could identify and analyze stored files, extract metadata, or infer sensitive data. To mitigate this risk, S3 bucket policies should explicitly deny public LIST access, enforce least privilege permissions, and use AWS Block Public Access settings to prevent unintended data exposure.;4;100;PASS;S3 Bucket range-customer-data-<SANDBOX_ACCOUNT_ID> is not publicly listable.;arn:aws:s3:::range-customer-data-<SANDBOX_ACCOUNT_ID>;range-customer-data-<SANDBOX_ACCOUNT_ID>;s3_bucket_public_list_acl;False;ProwlerThreatScore;Prowler ThreatScore Compliance Framework for AWS
aws;Prowler ThreatScore Compliance Framework for AWS ensures that the AWS account is compliant taking into account four main pillars: Identity and Access Management, Attack Surface, Forensic Readiness and Encryption;<SANDBOX_ACCOUNT_ID>;ap-southeast-7;2026-08-19 02:30:11.271115;2.2.17;Ensure there are no S3 buckets writable by Everyone or Any AWS customer;No S3 buckets writable by Everyone or Any AWS customer;2. Attack Surface;2.2 Storage;Amazon S3 buckets should have strict access controls to prevent unauthorized modifications. If an S3 bucket is writable by Everyone or Any AWS customer, it allows unauthorized users to upload, modify, or delete objects, leading to data corruption, security breaches, and compliance risks. To enhance security, S3 bucket permissions should be restricted to trusted IAM roles, AWS accounts, or specific services.;Allowing public or AWS-wide WRITE access creates a significant security risk, as attackers can inject malicious files, overwrite critical data, or delete essential objects. This could lead to data loss, malware distribution, or unauthorized system modifications. To prevent unauthorized changes, S3 bucket policies should explicitly deny public WRITE access, enforce least privilege access, and use AWS Block Public Access settings to secure data integrity and prevent unauthorized modifications.;4;100;PASS;S3 Bucket range-cloudtrail-<SANDBOX_ACCOUNT_ID> is not publicly writable.;arn:aws:s3:::range-cloudtrail-<SANDBOX_ACCOUNT_ID>;range-cloudtrail-<SANDBOX_ACCOUNT_ID>;s3_bucket_public_write_acl;False;ProwlerThreatScore;Prowler ThreatScore Compliance Framework for AWS
aws;Prowler ThreatScore Compliance Framework for AWS ensures that the AWS account is compliant taking into account four main pillars: Identity and Access Management, Attack Surface, Forensic Readiness and Encryption;<SANDBOX_ACCOUNT_ID>;ap-southeast-7;2026-08-19 02:30:11.271115;2.2.17;Ensure there are no S3 buckets writable by Everyone or Any AWS customer;No S3 buckets writable by Everyone or Any AWS customer;2. Attack Surface;2.2 Storage;Amazon S3 buckets should have strict access controls to prevent unauthorized modifications. If an S3 bucket is writable by Everyone or Any AWS customer, it allows unauthorized users to upload, modify, or delete objects, leading to data corruption, security breaches, and compliance risks. To enhance security, S3 bucket permissions should be restricted to trusted IAM roles, AWS accounts, or specific services.;Allowing public or AWS-wide WRITE access creates a significant security risk, as attackers can inject malicious files, overwrite critical data, or delete essential objects. This could lead to data loss, malware distribution, or unauthorized system modifications. To prevent unauthorized changes, S3 bucket policies should explicitly deny public WRITE access, enforce least privilege access, and use AWS Block Public Access settings to secure data integrity and prevent unauthorized modifications.;4;100;PASS;S3 Bucket range-customer-data-<SANDBOX_ACCOUNT_ID> is not publicly writable.;arn:aws:s3:::range-customer-data-<SANDBOX_ACCOUNT_ID>;range-customer-data-<SANDBOX_ACCOUNT_ID>;s3_bucket_public_write_acl;False;ProwlerThreatScore;Prowler ThreatScore Compliance Framework for AWS
aws;Prowler ThreatScore Compliance Framework for AWS ensures that the AWS account is compliant taking into account four main pillars: Identity and Access Management, Attack Surface, Forensic Readiness and Encryption;<SANDBOX_ACCOUNT_ID>;ap-southeast-7;2026-08-19 02:30:11.271115;4.1.1;Ensure S3 Bucket Policy is set to deny HTTP requests;S3 bucket deny HTTP requests;4. Encryption;4.1 In-Transit;Amazon S3 bucket permissions can be configured using a bucket policy to enforce access restrictions. To enhance security, objects within the bucket should be made accessible only via HTTPS, ensuring encrypted data transmission.;By default, Amazon S3 accepts both HTTP and HTTPS requests, which can expose data to interception. To enforce secure access, HTTP requests should be explicitly denied in the bucket policy. Simply allowing HTTPS without blocking HTTP does not fully comply with security best practices, as unencrypted requests may still be accepted.;3;10;FAIL;S3 Bucket range-cloudtrail-<SANDBOX_ACCOUNT_ID> allows requests over insecure transport in the bucket policy.;arn:aws:s3:::range-cloudtrail-<SANDBOX_ACCOUNT_ID>;range-cloudtrail-<SANDBOX_ACCOUNT_ID>;s3_bucket_secure_transport_policy;False;ProwlerThreatScore;Prowler ThreatScore Compliance Framework for AWS
aws;Prowler ThreatScore Compliance Framework for AWS ensures that the AWS account is compliant taking into account four main pillars: Identity and Access Management, Attack Surface, Forensic Readiness and Encryption;<SANDBOX_ACCOUNT_ID>;ap-southeast-7;2026-08-19 02:30:11.271115;4.1.1;Ensure S3 Bucket Policy is set to deny HTTP requests;S3 bucket deny HTTP requests;4. Encryption;4.1 In-Transit;Amazon S3 bucket permissions can be configured using a bucket policy to enforce access restrictions. To enhance security, objects within the bucket should be made accessible only via HTTPS, ensuring encrypted data transmission.;By default, Amazon S3 accepts both HTTP and HTTPS requests, which can expose data to interception. To enforce secure access, HTTP requests should be explicitly denied in the bucket policy. Simply allowing HTTPS without blocking HTTP does not fully comply with security best practices, as unencrypted requests may still be accepted.;3;10;FAIL;S3 Bucket range-customer-data-<SANDBOX_ACCOUNT_ID> allows requests over insecure transport in the bucket policy.;arn:aws:s3:::range-customer-data-<SANDBOX_ACCOUNT_ID>;range-customer-data-<SANDBOX_ACCOUNT_ID>;s3_bucket_secure_transport_policy;False;ProwlerThreatScore;Prowler ThreatScore Compliance Framework for AWS
aws;Prowler ThreatScore Compliance Framework for AWS ensures that the AWS account is compliant taking into account four main pillars: Identity and Access Management, Attack Surface, Forensic Readiness and Encryption;<SANDBOX_ACCOUNT_ID>;ap-southeast-7;2026-08-19 02:30:11.271115;3.3.17;Ensure AWS Security Hub is enabled;Security Hub enabled;3. Logging and Monitoring;3.3 Monitoring;AWS Security Hub centralizes security data from multiple AWS services and third-party security tools, allowing for real-time threat detection, risk assessment, and compliance monitoring. When enabled, Security Hub aggregates, organizes, and prioritizes security findings from services such as Amazon GuardDuty, Amazon Inspector, and Amazon Macie, as well as integrated third-party security products. This provides organizations with a unified security management platform to enhance threat visibility.;Enabling AWS Security Hub provides a comprehensive view of your security posture, helping to identify vulnerabilities, detect threats, and enforce security best practices. It allows organizations to monitor security trends, benchmark environments against industry standards, and quickly respond to high-priority security issues, strengthening overall AWS security governance and compliance.;3;10;FAIL;Security Hub is not enabled.;arn:aws:securityhub:ap-southeast-7:<SANDBOX_ACCOUNT_ID>:hub/unknown;hub/unknown;securityhub_enabled;False;ProwlerThreatScore;Prowler ThreatScore Compliance Framework for AWS
