PROVIDER;DESCRIPTION;ACCOUNTID;REGION;ASSESSMENTDATE;REQUIREMENTS_ID;REQUIREMENTS_DESCRIPTION;REQUIREMENTS_ATTRIBUTES_SECTION;REQUIREMENTS_ATTRIBUTES_SUBSECTION;REQUIREMENTS_ATTRIBUTES_SUBGROUP;REQUIREMENTS_ATTRIBUTES_SERVICE;REQUIREMENTS_ATTRIBUTES_TYPE;STATUS;STATUSEXTENDED;RESOURCEID;CHECKID;MUTED;RESOURCENAME;FRAMEWORK;NAME;REQUIREMENTS_ATTRIBUTES_COMMENT
aws;The Federal Risk and Authorization Management Program (FedRAMP) was established in 2011. It provides a cost-effective, risk-based approach for the adoption and use of cloud services by the U.S. federal government. FedRAMP empowers federal agencies to use modern cloud technologies, with an emphasis on the security and protection of federal information.;<SANDBOX_ACCOUNT_ID>;ap-southeast-7;2026-08-19 02:30:11.271115;au-9;The information system protects audit information and audit tools from unauthorized access, modification, and deletion.;Audit and Accountability (AU);;;aws;;FAIL;Multiregion trail lz-org-trail has encryption disabled.;arn:aws:cloudtrail:ap-southeast-7:<MANAGEMENT_ACCOUNT_ID>:trail/lz-org-trail;cloudtrail_kms_encryption_enabled;False;lz-org-trail;FedRAMP-Low-Revision-4;FedRAMP Low Revision 4;
aws;The Federal Risk and Authorization Management Program (FedRAMP) was established in 2011. It provides a cost-effective, risk-based approach for the adoption and use of cloud services by the U.S. federal government. FedRAMP empowers federal agencies to use modern cloud technologies, with an emphasis on the security and protection of federal information.;<SANDBOX_ACCOUNT_ID>;ap-southeast-7;2026-08-19 02:30:11.271115;au-9;The information system protects audit information and audit tools from unauthorized access, modification, and deletion.;Audit and Accountability (AU);;;aws;;FAIL;Multiregion trail range-trail has encryption disabled.;arn:aws:cloudtrail:ap-southeast-7:<SANDBOX_ACCOUNT_ID>:trail/range-trail;cloudtrail_kms_encryption_enabled;False;range-trail;FedRAMP-Low-Revision-4;FedRAMP Low Revision 4;
aws;The Federal Risk and Authorization Management Program (FedRAMP) was established in 2011. It provides a cost-effective, risk-based approach for the adoption and use of cloud services by the U.S. federal government. FedRAMP empowers federal agencies to use modern cloud technologies, with an emphasis on the security and protection of federal information.;<SANDBOX_ACCOUNT_ID>;ap-southeast-7;2026-08-19 02:30:11.271115;ac-2;Manage system accounts, group memberships, privileges, workflow, notifications, deactivations, and authorizations.;Access Control (AC);;;aws;;PASS;Multiregion trail lz-org-trail has log file validation enabled.;arn:aws:cloudtrail:ap-southeast-7:<MANAGEMENT_ACCOUNT_ID>:trail/lz-org-trail;cloudtrail_log_file_validation_enabled;False;lz-org-trail;FedRAMP-Low-Revision-4;FedRAMP Low Revision 4;
aws;The Federal Risk and Authorization Management Program (FedRAMP) was established in 2011. It provides a cost-effective, risk-based approach for the adoption and use of cloud services by the U.S. federal government. FedRAMP empowers federal agencies to use modern cloud technologies, with an emphasis on the security and protection of federal information.;<SANDBOX_ACCOUNT_ID>;ap-southeast-7;2026-08-19 02:30:11.271115;au-2;"The organization: a. Determines that the information system is capable of auditing the following events: [Assignment: organization-defined auditable events]; b. Coordinates the security audit function with other organizational entities requiring audit- related information to enhance mutual support and to help guide the selection of auditable events; c. Provides a rationale for why the auditable events are deemed to be adequate support after- the-fact investigations of security incidents";Audit and Accountability (AU);;;aws;;PASS;Multiregion trail lz-org-trail has log file validation enabled.;arn:aws:cloudtrail:ap-southeast-7:<MANAGEMENT_ACCOUNT_ID>:trail/lz-org-trail;cloudtrail_log_file_validation_enabled;False;lz-org-trail;FedRAMP-Low-Revision-4;FedRAMP Low Revision 4;
aws;The Federal Risk and Authorization Management Program (FedRAMP) was established in 2011. It provides a cost-effective, risk-based approach for the adoption and use of cloud services by the U.S. federal government. FedRAMP empowers federal agencies to use modern cloud technologies, with an emphasis on the security and protection of federal information.;<SANDBOX_ACCOUNT_ID>;ap-southeast-7;2026-08-19 02:30:11.271115;au-9;The information system protects audit information and audit tools from unauthorized access, modification, and deletion.;Audit and Accountability (AU);;;aws;;PASS;Multiregion trail lz-org-trail has log file validation enabled.;arn:aws:cloudtrail:ap-southeast-7:<MANAGEMENT_ACCOUNT_ID>:trail/lz-org-trail;cloudtrail_log_file_validation_enabled;False;lz-org-trail;FedRAMP-Low-Revision-4;FedRAMP Low Revision 4;
aws;The Federal Risk and Authorization Management Program (FedRAMP) was established in 2011. It provides a cost-effective, risk-based approach for the adoption and use of cloud services by the U.S. federal government. FedRAMP empowers federal agencies to use modern cloud technologies, with an emphasis on the security and protection of federal information.;<SANDBOX_ACCOUNT_ID>;ap-southeast-7;2026-08-19 02:30:11.271115;ac-2;Manage system accounts, group memberships, privileges, workflow, notifications, deactivations, and authorizations.;Access Control (AC);;;aws;;PASS;Multiregion trail range-trail has log file validation enabled.;arn:aws:cloudtrail:ap-southeast-7:<SANDBOX_ACCOUNT_ID>:trail/range-trail;cloudtrail_log_file_validation_enabled;False;range-trail;FedRAMP-Low-Revision-4;FedRAMP Low Revision 4;
aws;The Federal Risk and Authorization Management Program (FedRAMP) was established in 2011. It provides a cost-effective, risk-based approach for the adoption and use of cloud services by the U.S. federal government. FedRAMP empowers federal agencies to use modern cloud technologies, with an emphasis on the security and protection of federal information.;<SANDBOX_ACCOUNT_ID>;ap-southeast-7;2026-08-19 02:30:11.271115;au-2;"The organization: a. Determines that the information system is capable of auditing the following events: [Assignment: organization-defined auditable events]; b. Coordinates the security audit function with other organizational entities requiring audit- related information to enhance mutual support and to help guide the selection of auditable events; c. Provides a rationale for why the auditable events are deemed to be adequate support after- the-fact investigations of security incidents";Audit and Accountability (AU);;;aws;;PASS;Multiregion trail range-trail has log file validation enabled.;arn:aws:cloudtrail:ap-southeast-7:<SANDBOX_ACCOUNT_ID>:trail/range-trail;cloudtrail_log_file_validation_enabled;False;range-trail;FedRAMP-Low-Revision-4;FedRAMP Low Revision 4;
aws;The Federal Risk and Authorization Management Program (FedRAMP) was established in 2011. It provides a cost-effective, risk-based approach for the adoption and use of cloud services by the U.S. federal government. FedRAMP empowers federal agencies to use modern cloud technologies, with an emphasis on the security and protection of federal information.;<SANDBOX_ACCOUNT_ID>;ap-southeast-7;2026-08-19 02:30:11.271115;au-9;The information system protects audit information and audit tools from unauthorized access, modification, and deletion.;Audit and Accountability (AU);;;aws;;PASS;Multiregion trail range-trail has log file validation enabled.;arn:aws:cloudtrail:ap-southeast-7:<SANDBOX_ACCOUNT_ID>:trail/range-trail;cloudtrail_log_file_validation_enabled;False;range-trail;FedRAMP-Low-Revision-4;FedRAMP Low Revision 4;
aws;The Federal Risk and Authorization Management Program (FedRAMP) was established in 2011. It provides a cost-effective, risk-based approach for the adoption and use of cloud services by the U.S. federal government. FedRAMP empowers federal agencies to use modern cloud technologies, with an emphasis on the security and protection of federal information.;<SANDBOX_ACCOUNT_ID>;ap-southeast-7;2026-08-19 02:30:11.271115;ac-2;Manage system accounts, group memberships, privileges, workflow, notifications, deactivations, and authorizations.;Access Control (AC);;;aws;;PASS;Trail lz-org-trail is multiregion and it is logging.;arn:aws:cloudtrail:ap-southeast-7:<MANAGEMENT_ACCOUNT_ID>:trail/lz-org-trail;cloudtrail_multi_region_enabled;False;lz-org-trail;FedRAMP-Low-Revision-4;FedRAMP Low Revision 4;
aws;The Federal Risk and Authorization Management Program (FedRAMP) was established in 2011. It provides a cost-effective, risk-based approach for the adoption and use of cloud services by the U.S. federal government. FedRAMP empowers federal agencies to use modern cloud technologies, with an emphasis on the security and protection of federal information.;<SANDBOX_ACCOUNT_ID>;ap-southeast-7;2026-08-19 02:30:11.271115;au-2;"The organization: a. Determines that the information system is capable of auditing the following events: [Assignment: organization-defined auditable events]; b. Coordinates the security audit function with other organizational entities requiring audit- related information to enhance mutual support and to help guide the selection of auditable events; c. Provides a rationale for why the auditable events are deemed to be adequate support after- the-fact investigations of security incidents";Audit and Accountability (AU);;;aws;;PASS;Trail lz-org-trail is multiregion and it is logging.;arn:aws:cloudtrail:ap-southeast-7:<MANAGEMENT_ACCOUNT_ID>:trail/lz-org-trail;cloudtrail_multi_region_enabled;False;lz-org-trail;FedRAMP-Low-Revision-4;FedRAMP Low Revision 4;
aws;The Federal Risk and Authorization Management Program (FedRAMP) was established in 2011. It provides a cost-effective, risk-based approach for the adoption and use of cloud services by the U.S. federal government. FedRAMP empowers federal agencies to use modern cloud technologies, with an emphasis on the security and protection of federal information.;<SANDBOX_ACCOUNT_ID>;ap-southeast-7;2026-08-19 02:30:11.271115;ca-7;Continuously monitor configuration management processes. Determine security impact, environment and operational risks.;Security Assessment And Authorization (CA);;;aws;;PASS;Trail lz-org-trail is multiregion and it is logging.;arn:aws:cloudtrail:ap-southeast-7:<MANAGEMENT_ACCOUNT_ID>:trail/lz-org-trail;cloudtrail_multi_region_enabled;False;lz-org-trail;FedRAMP-Low-Revision-4;FedRAMP Low Revision 4;
aws;The Federal Risk and Authorization Management Program (FedRAMP) was established in 2011. It provides a cost-effective, risk-based approach for the adoption and use of cloud services by the U.S. federal government. FedRAMP empowers federal agencies to use modern cloud technologies, with an emphasis on the security and protection of federal information.;<SANDBOX_ACCOUNT_ID>;ap-southeast-7;2026-08-19 02:30:11.271115;ac-2;Manage system accounts, group memberships, privileges, workflow, notifications, deactivations, and authorizations.;Access Control (AC);;;aws;;FAIL;No CloudTrail trails have a data event to record all S3 object-level API operations.;arn:aws:cloudtrail:ap-southeast-7:<SANDBOX_ACCOUNT_ID>:trail;cloudtrail_s3_dataevents_read_enabled;False;<SANDBOX_ACCOUNT_ID>;FedRAMP-Low-Revision-4;FedRAMP Low Revision 4;
aws;The Federal Risk and Authorization Management Program (FedRAMP) was established in 2011. It provides a cost-effective, risk-based approach for the adoption and use of cloud services by the U.S. federal government. FedRAMP empowers federal agencies to use modern cloud technologies, with an emphasis on the security and protection of federal information.;<SANDBOX_ACCOUNT_ID>;ap-southeast-7;2026-08-19 02:30:11.271115;au-2;"The organization: a. Determines that the information system is capable of auditing the following events: [Assignment: organization-defined auditable events]; b. Coordinates the security audit function with other organizational entities requiring audit- related information to enhance mutual support and to help guide the selection of auditable events; c. Provides a rationale for why the auditable events are deemed to be adequate support after- the-fact investigations of security incidents";Audit and Accountability (AU);;;aws;;FAIL;No CloudTrail trails have a data event to record all S3 object-level API operations.;arn:aws:cloudtrail:ap-southeast-7:<SANDBOX_ACCOUNT_ID>:trail;cloudtrail_s3_dataevents_read_enabled;False;<SANDBOX_ACCOUNT_ID>;FedRAMP-Low-Revision-4;FedRAMP Low Revision 4;
aws;The Federal Risk and Authorization Management Program (FedRAMP) was established in 2011. It provides a cost-effective, risk-based approach for the adoption and use of cloud services by the U.S. federal government. FedRAMP empowers federal agencies to use modern cloud technologies, with an emphasis on the security and protection of federal information.;<SANDBOX_ACCOUNT_ID>;ap-southeast-7;2026-08-19 02:30:11.271115;ca-7;Continuously monitor configuration management processes. Determine security impact, environment and operational risks.;Security Assessment And Authorization (CA);;;aws;;FAIL;No CloudTrail trails have a data event to record all S3 object-level API operations.;arn:aws:cloudtrail:ap-southeast-7:<SANDBOX_ACCOUNT_ID>:trail;cloudtrail_s3_dataevents_read_enabled;False;<SANDBOX_ACCOUNT_ID>;FedRAMP-Low-Revision-4;FedRAMP Low Revision 4;
aws;The Federal Risk and Authorization Management Program (FedRAMP) was established in 2011. It provides a cost-effective, risk-based approach for the adoption and use of cloud services by the U.S. federal government. FedRAMP empowers federal agencies to use modern cloud technologies, with an emphasis on the security and protection of federal information.;<SANDBOX_ACCOUNT_ID>;ap-southeast-7;2026-08-19 02:30:11.271115;ac-2;Manage system accounts, group memberships, privileges, workflow, notifications, deactivations, and authorizations.;Access Control (AC);;;aws;;FAIL;No CloudTrail trails have a data event to record all S3 object-level API operations.;arn:aws:cloudtrail:ap-southeast-7:<SANDBOX_ACCOUNT_ID>:trail;cloudtrail_s3_dataevents_write_enabled;False;<SANDBOX_ACCOUNT_ID>;FedRAMP-Low-Revision-4;FedRAMP Low Revision 4;
aws;The Federal Risk and Authorization Management Program (FedRAMP) was established in 2011. It provides a cost-effective, risk-based approach for the adoption and use of cloud services by the U.S. federal government. FedRAMP empowers federal agencies to use modern cloud technologies, with an emphasis on the security and protection of federal information.;<SANDBOX_ACCOUNT_ID>;ap-southeast-7;2026-08-19 02:30:11.271115;au-2;"The organization: a. Determines that the information system is capable of auditing the following events: [Assignment: organization-defined auditable events]; b. Coordinates the security audit function with other organizational entities requiring audit- related information to enhance mutual support and to help guide the selection of auditable events; c. Provides a rationale for why the auditable events are deemed to be adequate support after- the-fact investigations of security incidents";Audit and Accountability (AU);;;aws;;FAIL;No CloudTrail trails have a data event to record all S3 object-level API operations.;arn:aws:cloudtrail:ap-southeast-7:<SANDBOX_ACCOUNT_ID>:trail;cloudtrail_s3_dataevents_write_enabled;False;<SANDBOX_ACCOUNT_ID>;FedRAMP-Low-Revision-4;FedRAMP Low Revision 4;
aws;The Federal Risk and Authorization Management Program (FedRAMP) was established in 2011. It provides a cost-effective, risk-based approach for the adoption and use of cloud services by the U.S. federal government. FedRAMP empowers federal agencies to use modern cloud technologies, with an emphasis on the security and protection of federal information.;<SANDBOX_ACCOUNT_ID>;ap-southeast-7;2026-08-19 02:30:11.271115;ca-7;Continuously monitor configuration management processes. Determine security impact, environment and operational risks.;Security Assessment And Authorization (CA);;;aws;;FAIL;No CloudTrail trails have a data event to record all S3 object-level API operations.;arn:aws:cloudtrail:ap-southeast-7:<SANDBOX_ACCOUNT_ID>:trail;cloudtrail_s3_dataevents_write_enabled;False;<SANDBOX_ACCOUNT_ID>;FedRAMP-Low-Revision-4;FedRAMP Low Revision 4;
aws;The Federal Risk and Authorization Management Program (FedRAMP) was established in 2011. It provides a cost-effective, risk-based approach for the adoption and use of cloud services by the U.S. federal government. FedRAMP empowers federal agencies to use modern cloud technologies, with an emphasis on the security and protection of federal information.;<SANDBOX_ACCOUNT_ID>;ap-southeast-7;2026-08-19 02:30:11.271115;ac-2;Manage system accounts, group memberships, privileges, workflow, notifications, deactivations, and authorizations.;Access Control (AC);;;aws;;FAIL;No CloudWatch log groups found with metric filters or alarms associated.;arn:aws:logs:ap-southeast-7:<SANDBOX_ACCOUNT_ID>:log-group;cloudwatch_changes_to_network_acls_alarm_configured;False;<SANDBOX_ACCOUNT_ID>;FedRAMP-Low-Revision-4;FedRAMP Low Revision 4;
aws;The Federal Risk and Authorization Management Program (FedRAMP) was established in 2011. It provides a cost-effective, risk-based approach for the adoption and use of cloud services by the U.S. federal government. FedRAMP empowers federal agencies to use modern cloud technologies, with an emphasis on the security and protection of federal information.;<SANDBOX_ACCOUNT_ID>;ap-southeast-7;2026-08-19 02:30:11.271115;ca-7;Continuously monitor configuration management processes. Determine security impact, environment and operational risks.;Security Assessment And Authorization (CA);;;aws;;FAIL;No CloudWatch log groups found with metric filters or alarms associated.;arn:aws:logs:ap-southeast-7:<SANDBOX_ACCOUNT_ID>:log-group;cloudwatch_changes_to_network_acls_alarm_configured;False;<SANDBOX_ACCOUNT_ID>;FedRAMP-Low-Revision-4;FedRAMP Low Revision 4;
aws;The Federal Risk and Authorization Management Program (FedRAMP) was established in 2011. It provides a cost-effective, risk-based approach for the adoption and use of cloud services by the U.S. federal government. FedRAMP empowers federal agencies to use modern cloud technologies, with an emphasis on the security and protection of federal information.;<SANDBOX_ACCOUNT_ID>;ap-southeast-7;2026-08-19 02:30:11.271115;ir-4;The organization implements an incident handling capability for security incidents that includes preparation, detection and analysis, containment, eradication, and recovery, coordinates incident handling activities with contingency planning activities and incorporates lessons learned from ongoing incident handling activities into incident response procedures, training, and testing, and implements the resulting changes accordingly.;Incident Response (IR);;;aws;;FAIL;No CloudWatch log groups found with metric filters or alarms associated.;arn:aws:logs:ap-southeast-7:<SANDBOX_ACCOUNT_ID>:log-group;cloudwatch_changes_to_network_acls_alarm_configured;False;<SANDBOX_ACCOUNT_ID>;FedRAMP-Low-Revision-4;FedRAMP Low Revision 4;
aws;The Federal Risk and Authorization Management Program (FedRAMP) was established in 2011. It provides a cost-effective, risk-based approach for the adoption and use of cloud services by the U.S. federal government. FedRAMP empowers federal agencies to use modern cloud technologies, with an emphasis on the security and protection of federal information.;<SANDBOX_ACCOUNT_ID>;ap-southeast-7;2026-08-19 02:30:11.271115;ir-4;The organization implements an incident handling capability for security incidents that includes preparation, detection and analysis, containment, eradication, and recovery, coordinates incident handling activities with contingency planning activities and incorporates lessons learned from ongoing incident handling activities into incident response procedures, training, and testing, and implements the resulting changes accordingly.;Incident Response (IR);;;aws;;FAIL;No CloudWatch log groups found with metric filters or alarms associated.;arn:aws:logs:ap-southeast-7:<SANDBOX_ACCOUNT_ID>:log-group;cloudwatch_changes_to_network_gateways_alarm_configured;False;<SANDBOX_ACCOUNT_ID>;FedRAMP-Low-Revision-4;FedRAMP Low Revision 4;
aws;The Federal Risk and Authorization Management Program (FedRAMP) was established in 2011. It provides a cost-effective, risk-based approach for the adoption and use of cloud services by the U.S. federal government. FedRAMP empowers federal agencies to use modern cloud technologies, with an emphasis on the security and protection of federal information.;<SANDBOX_ACCOUNT_ID>;ap-southeast-7;2026-08-19 02:30:11.271115;ir-4;The organization implements an incident handling capability for security incidents that includes preparation, detection and analysis, containment, eradication, and recovery, coordinates incident handling activities with contingency planning activities and incorporates lessons learned from ongoing incident handling activities into incident response procedures, training, and testing, and implements the resulting changes accordingly.;Incident Response (IR);;;aws;;FAIL;No CloudWatch log groups found with metric filters or alarms associated.;arn:aws:logs:ap-southeast-7:<SANDBOX_ACCOUNT_ID>:log-group;cloudwatch_changes_to_network_route_tables_alarm_configured;False;<SANDBOX_ACCOUNT_ID>;FedRAMP-Low-Revision-4;FedRAMP Low Revision 4;
aws;The Federal Risk and Authorization Management Program (FedRAMP) was established in 2011. It provides a cost-effective, risk-based approach for the adoption and use of cloud services by the U.S. federal government. FedRAMP empowers federal agencies to use modern cloud technologies, with an emphasis on the security and protection of federal information.;<SANDBOX_ACCOUNT_ID>;ap-southeast-7;2026-08-19 02:30:11.271115;ir-4;The organization implements an incident handling capability for security incidents that includes preparation, detection and analysis, containment, eradication, and recovery, coordinates incident handling activities with contingency planning activities and incorporates lessons learned from ongoing incident handling activities into incident response procedures, training, and testing, and implements the resulting changes accordingly.;Incident Response (IR);;;aws;;FAIL;No CloudWatch log groups found with metric filters or alarms associated.;arn:aws:logs:ap-southeast-7:<SANDBOX_ACCOUNT_ID>:log-group;cloudwatch_changes_to_vpcs_alarm_configured;False;<SANDBOX_ACCOUNT_ID>;FedRAMP-Low-Revision-4;FedRAMP Low Revision 4;
aws;The Federal Risk and Authorization Management Program (FedRAMP) was established in 2011. It provides a cost-effective, risk-based approach for the adoption and use of cloud services by the U.S. federal government. FedRAMP empowers federal agencies to use modern cloud technologies, with an emphasis on the security and protection of federal information.;<SANDBOX_ACCOUNT_ID>;ap-southeast-7;2026-08-19 02:30:11.271115;au-9;The information system protects audit information and audit tools from unauthorized access, modification, and deletion.;Audit and Accountability (AU);;;aws;;FAIL;Log Group /aws/cloudtrail/range does not have AWS KMS keys associated.;arn:aws:logs:ap-southeast-7:<SANDBOX_ACCOUNT_ID>:log-group:/aws/cloudtrail/range:*;cloudwatch_log_group_kms_encryption_enabled;False;/aws/cloudtrail/range;FedRAMP-Low-Revision-4;FedRAMP Low Revision 4;
aws;The Federal Risk and Authorization Management Program (FedRAMP) was established in 2011. It provides a cost-effective, risk-based approach for the adoption and use of cloud services by the U.S. federal government. FedRAMP empowers federal agencies to use modern cloud technologies, with an emphasis on the security and protection of federal information.;<SANDBOX_ACCOUNT_ID>;ap-southeast-7;2026-08-19 02:30:11.271115;au-11;The organization retains audit records for at least 90 days to provide support for after-the-fact investigations of security incidents and to meet regulatory and organizational information retention requirements.;Audit and Accountability (AU);;;aws;;FAIL;Log Group /aws/cloudtrail/range has less than 365 days retention period (7 days).;arn:aws:logs:ap-southeast-7:<SANDBOX_ACCOUNT_ID>:log-group:/aws/cloudtrail/range:*;cloudwatch_log_group_retention_policy_specific_days_enabled;False;/aws/cloudtrail/range;FedRAMP-Low-Revision-4;FedRAMP Low Revision 4;
aws;The Federal Risk and Authorization Management Program (FedRAMP) was established in 2011. It provides a cost-effective, risk-based approach for the adoption and use of cloud services by the U.S. federal government. FedRAMP empowers federal agencies to use modern cloud technologies, with an emphasis on the security and protection of federal information.;<SANDBOX_ACCOUNT_ID>;ap-southeast-7;2026-08-19 02:30:11.271115;ac-2;Manage system accounts, group memberships, privileges, workflow, notifications, deactivations, and authorizations.;Access Control (AC);;;aws;;PASS;GuardDuty detector c0cfc223468df81e40fec5257649bb70 enabled.;arn:aws:guardduty:ap-southeast-7:<SANDBOX_ACCOUNT_ID>:detector/c0cfc223468df81e40fec5257649bb70;guardduty_is_enabled;False;c0cfc223468df81e40fec5257649bb70;FedRAMP-Low-Revision-4;FedRAMP Low Revision 4;
aws;The Federal Risk and Authorization Management Program (FedRAMP) was established in 2011. It provides a cost-effective, risk-based approach for the adoption and use of cloud services by the U.S. federal government. FedRAMP empowers federal agencies to use modern cloud technologies, with an emphasis on the security and protection of federal information.;<SANDBOX_ACCOUNT_ID>;ap-southeast-7;2026-08-19 02:30:11.271115;ac-17;Authorize remote access systems prior to connection. Enforce remote connection requirements to information systems.;Access Control (AC);;;aws;;PASS;GuardDuty detector c0cfc223468df81e40fec5257649bb70 enabled.;arn:aws:guardduty:ap-southeast-7:<SANDBOX_ACCOUNT_ID>:detector/c0cfc223468df81e40fec5257649bb70;guardduty_is_enabled;False;c0cfc223468df81e40fec5257649bb70;FedRAMP-Low-Revision-4;FedRAMP Low Revision 4;
aws;The Federal Risk and Authorization Management Program (FedRAMP) was established in 2011. It provides a cost-effective, risk-based approach for the adoption and use of cloud services by the U.S. federal government. FedRAMP empowers federal agencies to use modern cloud technologies, with an emphasis on the security and protection of federal information.;<SANDBOX_ACCOUNT_ID>;ap-southeast-7;2026-08-19 02:30:11.271115;ca-7;Continuously monitor configuration management processes. Determine security impact, environment and operational risks.;Security Assessment And Authorization (CA);;;aws;;PASS;GuardDuty detector c0cfc223468df81e40fec5257649bb70 enabled.;arn:aws:guardduty:ap-southeast-7:<SANDBOX_ACCOUNT_ID>:detector/c0cfc223468df81e40fec5257649bb70;guardduty_is_enabled;False;c0cfc223468df81e40fec5257649bb70;FedRAMP-Low-Revision-4;FedRAMP Low Revision 4;
aws;The Federal Risk and Authorization Management Program (FedRAMP) was established in 2011. It provides a cost-effective, risk-based approach for the adoption and use of cloud services by the U.S. federal government. FedRAMP empowers federal agencies to use modern cloud technologies, with an emphasis on the security and protection of federal information.;<SANDBOX_ACCOUNT_ID>;ap-southeast-7;2026-08-19 02:30:11.271115;cm-8;The organization develops and documents an inventory of information system components that accurately reflects the current information system, includes all components within the authorization boundary of the information system, is at the level of granularity deemed necessary for tracking and reporting and reviews and updates the information system component inventory.;Configuration Management (CM);;;aws;;PASS;GuardDuty detector c0cfc223468df81e40fec5257649bb70 enabled.;arn:aws:guardduty:ap-southeast-7:<SANDBOX_ACCOUNT_ID>:detector/c0cfc223468df81e40fec5257649bb70;guardduty_is_enabled;False;c0cfc223468df81e40fec5257649bb70;FedRAMP-Low-Revision-4;FedRAMP Low Revision 4;
aws;The Federal Risk and Authorization Management Program (FedRAMP) was established in 2011. It provides a cost-effective, risk-based approach for the adoption and use of cloud services by the U.S. federal government. FedRAMP empowers federal agencies to use modern cloud technologies, with an emphasis on the security and protection of federal information.;<SANDBOX_ACCOUNT_ID>;ap-southeast-7;2026-08-19 02:30:11.271115;ir-4;The organization implements an incident handling capability for security incidents that includes preparation, detection and analysis, containment, eradication, and recovery, coordinates incident handling activities with contingency planning activities and incorporates lessons learned from ongoing incident handling activities into incident response procedures, training, and testing, and implements the resulting changes accordingly.;Incident Response (IR);;;aws;;PASS;GuardDuty detector c0cfc223468df81e40fec5257649bb70 enabled.;arn:aws:guardduty:ap-southeast-7:<SANDBOX_ACCOUNT_ID>:detector/c0cfc223468df81e40fec5257649bb70;guardduty_is_enabled;False;c0cfc223468df81e40fec5257649bb70;FedRAMP-Low-Revision-4;FedRAMP Low Revision 4;
aws;The Federal Risk and Authorization Management Program (FedRAMP) was established in 2011. It provides a cost-effective, risk-based approach for the adoption and use of cloud services by the U.S. federal government. FedRAMP empowers federal agencies to use modern cloud technologies, with an emphasis on the security and protection of federal information.;<SANDBOX_ACCOUNT_ID>;ap-southeast-7;2026-08-19 02:30:11.271115;sc-5;The information system protects against or limits the effects of the following types of denial of service attacks: [Assignment: organization-defined types of denial of service attacks or references to sources for such information] by employing [Assignment: organization-defined security safeguards].;System and Communications Protection (SC);;;aws;;PASS;GuardDuty detector c0cfc223468df81e40fec5257649bb70 enabled.;arn:aws:guardduty:ap-southeast-7:<SANDBOX_ACCOUNT_ID>:detector/c0cfc223468df81e40fec5257649bb70;guardduty_is_enabled;False;c0cfc223468df81e40fec5257649bb70;FedRAMP-Low-Revision-4;FedRAMP Low Revision 4;
aws;The Federal Risk and Authorization Management Program (FedRAMP) was established in 2011. It provides a cost-effective, risk-based approach for the adoption and use of cloud services by the U.S. federal government. FedRAMP empowers federal agencies to use modern cloud technologies, with an emphasis on the security and protection of federal information.;<SANDBOX_ACCOUNT_ID>;ap-southeast-7;2026-08-19 02:30:11.271115;ir-4;The organization implements an incident handling capability for security incidents that includes preparation, detection and analysis, containment, eradication, and recovery, coordinates incident handling activities with contingency planning activities and incorporates lessons learned from ongoing incident handling activities into incident response procedures, training, and testing, and implements the resulting changes accordingly.;Incident Response (IR);;;aws;;FAIL;GuardDuty detector c0cfc223468df81e40fec5257649bb70 has 162 high severity findings.;arn:aws:guardduty:ap-southeast-7:<SANDBOX_ACCOUNT_ID>:detector/c0cfc223468df81e40fec5257649bb70;guardduty_no_high_severity_findings;False;c0cfc223468df81e40fec5257649bb70;FedRAMP-Low-Revision-4;FedRAMP Low Revision 4;
aws;The Federal Risk and Authorization Management Program (FedRAMP) was established in 2011. It provides a cost-effective, risk-based approach for the adoption and use of cloud services by the U.S. federal government. FedRAMP empowers federal agencies to use modern cloud technologies, with an emphasis on the security and protection of federal information.;<SANDBOX_ACCOUNT_ID>;ap-southeast-7;2026-08-19 02:30:11.271115;ac-2;Manage system accounts, group memberships, privileges, workflow, notifications, deactivations, and authorizations.;Access Control (AC);;;aws;;PASS;AWS policy AWSSSOServiceRolePolicy is attached but does not allow '*:*' administrative privileges.;arn:aws:iam::aws:policy/aws-service-role/AWSSSOServiceRolePolicy;iam_aws_attached_policy_no_administrative_privileges;False;AWSSSOServiceRolePolicy;FedRAMP-Low-Revision-4;FedRAMP Low Revision 4;
aws;The Federal Risk and Authorization Management Program (FedRAMP) was established in 2011. It provides a cost-effective, risk-based approach for the adoption and use of cloud services by the U.S. federal government. FedRAMP empowers federal agencies to use modern cloud technologies, with an emphasis on the security and protection of federal information.;<SANDBOX_ACCOUNT_ID>;ap-southeast-7;2026-08-19 02:30:11.271115;ac-3;The information system enforces approved authorizations for logical access to information and system resources in accordance with applicable access control policies.;Access Control (AC);;;aws;;PASS;AWS policy AWSSSOServiceRolePolicy is attached but does not allow '*:*' administrative privileges.;arn:aws:iam::aws:policy/aws-service-role/AWSSSOServiceRolePolicy;iam_aws_attached_policy_no_administrative_privileges;False;AWSSSOServiceRolePolicy;FedRAMP-Low-Revision-4;FedRAMP Low Revision 4;
aws;The Federal Risk and Authorization Management Program (FedRAMP) was established in 2011. It provides a cost-effective, risk-based approach for the adoption and use of cloud services by the U.S. federal government. FedRAMP empowers federal agencies to use modern cloud technologies, with an emphasis on the security and protection of federal information.;<SANDBOX_ACCOUNT_ID>;ap-southeast-7;2026-08-19 02:30:11.271115;ac-2;Manage system accounts, group memberships, privileges, workflow, notifications, deactivations, and authorizations.;Access Control (AC);;;aws;;PASS;AWS policy AWSOrganizationsServiceTrustPolicy is attached but does not allow '*:*' administrative privileges.;arn:aws:iam::aws:policy/aws-service-role/AWSOrganizationsServiceTrustPolicy;iam_aws_attached_policy_no_administrative_privileges;False;AWSOrganizationsServiceTrustPolicy;FedRAMP-Low-Revision-4;FedRAMP Low Revision 4;
aws;The Federal Risk and Authorization Management Program (FedRAMP) was established in 2011. It provides a cost-effective, risk-based approach for the adoption and use of cloud services by the U.S. federal government. FedRAMP empowers federal agencies to use modern cloud technologies, with an emphasis on the security and protection of federal information.;<SANDBOX_ACCOUNT_ID>;ap-southeast-7;2026-08-19 02:30:11.271115;ac-3;The information system enforces approved authorizations for logical access to information and system resources in accordance with applicable access control policies.;Access Control (AC);;;aws;;PASS;AWS policy AWSOrganizationsServiceTrustPolicy is attached but does not allow '*:*' administrative privileges.;arn:aws:iam::aws:policy/aws-service-role/AWSOrganizationsServiceTrustPolicy;iam_aws_attached_policy_no_administrative_privileges;False;AWSOrganizationsServiceTrustPolicy;FedRAMP-Low-Revision-4;FedRAMP Low Revision 4;
aws;The Federal Risk and Authorization Management Program (FedRAMP) was established in 2011. It provides a cost-effective, risk-based approach for the adoption and use of cloud services by the U.S. federal government. FedRAMP empowers federal agencies to use modern cloud technologies, with an emphasis on the security and protection of federal information.;<SANDBOX_ACCOUNT_ID>;ap-southeast-7;2026-08-19 02:30:11.271115;ac-2;Manage system accounts, group memberships, privileges, workflow, notifications, deactivations, and authorizations.;Access Control (AC);;;aws;;PASS;AWS policy AmazonGuardDutyServiceRolePolicy is attached but does not allow '*:*' administrative privileges.;arn:aws:iam::aws:policy/aws-service-role/AmazonGuardDutyServiceRolePolicy;iam_aws_attached_policy_no_administrative_privileges;False;AmazonGuardDutyServiceRolePolicy;FedRAMP-Low-Revision-4;FedRAMP Low Revision 4;
aws;The Federal Risk and Authorization Management Program (FedRAMP) was established in 2011. It provides a cost-effective, risk-based approach for the adoption and use of cloud services by the U.S. federal government. FedRAMP empowers federal agencies to use modern cloud technologies, with an emphasis on the security and protection of federal information.;<SANDBOX_ACCOUNT_ID>;ap-southeast-7;2026-08-19 02:30:11.271115;ac-3;The information system enforces approved authorizations for logical access to information and system resources in accordance with applicable access control policies.;Access Control (AC);;;aws;;PASS;AWS policy AmazonGuardDutyServiceRolePolicy is attached but does not allow '*:*' administrative privileges.;arn:aws:iam::aws:policy/aws-service-role/AmazonGuardDutyServiceRolePolicy;iam_aws_attached_policy_no_administrative_privileges;False;AmazonGuardDutyServiceRolePolicy;FedRAMP-Low-Revision-4;FedRAMP Low Revision 4;
aws;The Federal Risk and Authorization Management Program (FedRAMP) was established in 2011. It provides a cost-effective, risk-based approach for the adoption and use of cloud services by the U.S. federal government. FedRAMP empowers federal agencies to use modern cloud technologies, with an emphasis on the security and protection of federal information.;<SANDBOX_ACCOUNT_ID>;ap-southeast-7;2026-08-19 02:30:11.271115;ac-2;Manage system accounts, group memberships, privileges, workflow, notifications, deactivations, and authorizations.;Access Control (AC);;;aws;;PASS;AWS policy AWSTrustedAdvisorServiceRolePolicy is attached but does not allow '*:*' administrative privileges.;arn:aws:iam::aws:policy/aws-service-role/AWSTrustedAdvisorServiceRolePolicy;iam_aws_attached_policy_no_administrative_privileges;False;AWSTrustedAdvisorServiceRolePolicy;FedRAMP-Low-Revision-4;FedRAMP Low Revision 4;
aws;The Federal Risk and Authorization Management Program (FedRAMP) was established in 2011. It provides a cost-effective, risk-based approach for the adoption and use of cloud services by the U.S. federal government. FedRAMP empowers federal agencies to use modern cloud technologies, with an emphasis on the security and protection of federal information.;<SANDBOX_ACCOUNT_ID>;ap-southeast-7;2026-08-19 02:30:11.271115;ac-3;The information system enforces approved authorizations for logical access to information and system resources in accordance with applicable access control policies.;Access Control (AC);;;aws;;PASS;AWS policy AWSTrustedAdvisorServiceRolePolicy is attached but does not allow '*:*' administrative privileges.;arn:aws:iam::aws:policy/aws-service-role/AWSTrustedAdvisorServiceRolePolicy;iam_aws_attached_policy_no_administrative_privileges;False;AWSTrustedAdvisorServiceRolePolicy;FedRAMP-Low-Revision-4;FedRAMP Low Revision 4;
aws;The Federal Risk and Authorization Management Program (FedRAMP) was established in 2011. It provides a cost-effective, risk-based approach for the adoption and use of cloud services by the U.S. federal government. FedRAMP empowers federal agencies to use modern cloud technologies, with an emphasis on the security and protection of federal information.;<SANDBOX_ACCOUNT_ID>;ap-southeast-7;2026-08-19 02:30:11.271115;ac-2;Manage system accounts, group memberships, privileges, workflow, notifications, deactivations, and authorizations.;Access Control (AC);;;aws;;FAIL;AWS policy AdministratorAccess is attached and allows '*:*' administrative privileges.;arn:aws:iam::aws:policy/AdministratorAccess;iam_aws_attached_policy_no_administrative_privileges;False;AdministratorAccess;FedRAMP-Low-Revision-4;FedRAMP Low Revision 4;
aws;The Federal Risk and Authorization Management Program (FedRAMP) was established in 2011. It provides a cost-effective, risk-based approach for the adoption and use of cloud services by the U.S. federal government. FedRAMP empowers federal agencies to use modern cloud technologies, with an emphasis on the security and protection of federal information.;<SANDBOX_ACCOUNT_ID>;ap-southeast-7;2026-08-19 02:30:11.271115;ac-3;The information system enforces approved authorizations for logical access to information and system resources in accordance with applicable access control policies.;Access Control (AC);;;aws;;FAIL;AWS policy AdministratorAccess is attached and allows '*:*' administrative privileges.;arn:aws:iam::aws:policy/AdministratorAccess;iam_aws_attached_policy_no_administrative_privileges;False;AdministratorAccess;FedRAMP-Low-Revision-4;FedRAMP Low Revision 4;
aws;The Federal Risk and Authorization Management Program (FedRAMP) was established in 2011. It provides a cost-effective, risk-based approach for the adoption and use of cloud services by the U.S. federal government. FedRAMP empowers federal agencies to use modern cloud technologies, with an emphasis on the security and protection of federal information.;<SANDBOX_ACCOUNT_ID>;ap-southeast-7;2026-08-19 02:30:11.271115;ac-2;Manage system accounts, group memberships, privileges, workflow, notifications, deactivations, and authorizations.;Access Control (AC);;;aws;;PASS;AWS policy AWSSupportServiceRolePolicy is attached but does not allow '*:*' administrative privileges.;arn:aws:iam::aws:policy/aws-service-role/AWSSupportServiceRolePolicy;iam_aws_attached_policy_no_administrative_privileges;False;AWSSupportServiceRolePolicy;FedRAMP-Low-Revision-4;FedRAMP Low Revision 4;
aws;The Federal Risk and Authorization Management Program (FedRAMP) was established in 2011. It provides a cost-effective, risk-based approach for the adoption and use of cloud services by the U.S. federal government. FedRAMP empowers federal agencies to use modern cloud technologies, with an emphasis on the security and protection of federal information.;<SANDBOX_ACCOUNT_ID>;ap-southeast-7;2026-08-19 02:30:11.271115;ac-3;The information system enforces approved authorizations for logical access to information and system resources in accordance with applicable access control policies.;Access Control (AC);;;aws;;PASS;AWS policy AWSSupportServiceRolePolicy is attached but does not allow '*:*' administrative privileges.;arn:aws:iam::aws:policy/aws-service-role/AWSSupportServiceRolePolicy;iam_aws_attached_policy_no_administrative_privileges;False;AWSSupportServiceRolePolicy;FedRAMP-Low-Revision-4;FedRAMP Low Revision 4;
aws;The Federal Risk and Authorization Management Program (FedRAMP) was established in 2011. It provides a cost-effective, risk-based approach for the adoption and use of cloud services by the U.S. federal government. FedRAMP empowers federal agencies to use modern cloud technologies, with an emphasis on the security and protection of federal information.;<SANDBOX_ACCOUNT_ID>;ap-southeast-7;2026-08-19 02:30:11.271115;ac-2;Manage system accounts, group memberships, privileges, workflow, notifications, deactivations, and authorizations.;Access Control (AC);;;aws;;PASS;AWS policy CloudTrailServiceRolePolicy is attached but does not allow '*:*' administrative privileges.;arn:aws:iam::aws:policy/aws-service-role/CloudTrailServiceRolePolicy;iam_aws_attached_policy_no_administrative_privileges;False;CloudTrailServiceRolePolicy;FedRAMP-Low-Revision-4;FedRAMP Low Revision 4;
aws;The Federal Risk and Authorization Management Program (FedRAMP) was established in 2011. It provides a cost-effective, risk-based approach for the adoption and use of cloud services by the U.S. federal government. FedRAMP empowers federal agencies to use modern cloud technologies, with an emphasis on the security and protection of federal information.;<SANDBOX_ACCOUNT_ID>;ap-southeast-7;2026-08-19 02:30:11.271115;ac-3;The information system enforces approved authorizations for logical access to information and system resources in accordance with applicable access control policies.;Access Control (AC);;;aws;;PASS;AWS policy CloudTrailServiceRolePolicy is attached but does not allow '*:*' administrative privileges.;arn:aws:iam::aws:policy/aws-service-role/CloudTrailServiceRolePolicy;iam_aws_attached_policy_no_administrative_privileges;False;CloudTrailServiceRolePolicy;FedRAMP-Low-Revision-4;FedRAMP Low Revision 4;
aws;The Federal Risk and Authorization Management Program (FedRAMP) was established in 2011. It provides a cost-effective, risk-based approach for the adoption and use of cloud services by the U.S. federal government. FedRAMP empowers federal agencies to use modern cloud technologies, with an emphasis on the security and protection of federal information.;<SANDBOX_ACCOUNT_ID>;ap-southeast-7;2026-08-19 02:30:11.271115;ac-2;Manage system accounts, group memberships, privileges, workflow, notifications, deactivations, and authorizations.;Access Control (AC);;;aws;;PASS;AWS policy AWSResourceExplorerServiceRolePolicy is attached but does not allow '*:*' administrative privileges.;arn:aws:iam::aws:policy/aws-service-role/AWSResourceExplorerServiceRolePolicy;iam_aws_attached_policy_no_administrative_privileges;False;AWSResourceExplorerServiceRolePolicy;FedRAMP-Low-Revision-4;FedRAMP Low Revision 4;
aws;The Federal Risk and Authorization Management Program (FedRAMP) was established in 2011. It provides a cost-effective, risk-based approach for the adoption and use of cloud services by the U.S. federal government. FedRAMP empowers federal agencies to use modern cloud technologies, with an emphasis on the security and protection of federal information.;<SANDBOX_ACCOUNT_ID>;ap-southeast-7;2026-08-19 02:30:11.271115;ac-3;The information system enforces approved authorizations for logical access to information and system resources in accordance with applicable access control policies.;Access Control (AC);;;aws;;PASS;AWS policy AWSResourceExplorerServiceRolePolicy is attached but does not allow '*:*' administrative privileges.;arn:aws:iam::aws:policy/aws-service-role/AWSResourceExplorerServiceRolePolicy;iam_aws_attached_policy_no_administrative_privileges;False;AWSResourceExplorerServiceRolePolicy;FedRAMP-Low-Revision-4;FedRAMP Low Revision 4;
aws;The Federal Risk and Authorization Management Program (FedRAMP) was established in 2011. It provides a cost-effective, risk-based approach for the adoption and use of cloud services by the U.S. federal government. FedRAMP empowers federal agencies to use modern cloud technologies, with an emphasis on the security and protection of federal information.;<SANDBOX_ACCOUNT_ID>;ap-southeast-7;2026-08-19 02:30:11.271115;ac-2;Manage system accounts, group memberships, privileges, workflow, notifications, deactivations, and authorizations.;Access Control (AC);;;aws;;PASS;Inline policy range-app-deploy-policy attached to role range-app-deploy-role does not allow '*:*' administrative privileges.;arn:aws:iam::<SANDBOX_ACCOUNT_ID>:role/range-app-deploy-role;iam_inline_policy_no_administrative_privileges;False;range-app-deploy-role/range-app-deploy-policy;FedRAMP-Low-Revision-4;FedRAMP Low Revision 4;
aws;The Federal Risk and Authorization Management Program (FedRAMP) was established in 2011. It provides a cost-effective, risk-based approach for the adoption and use of cloud services by the U.S. federal government. FedRAMP empowers federal agencies to use modern cloud technologies, with an emphasis on the security and protection of federal information.;<SANDBOX_ACCOUNT_ID>;ap-southeast-7;2026-08-19 02:30:11.271115;ac-3;The information system enforces approved authorizations for logical access to information and system resources in accordance with applicable access control policies.;Access Control (AC);;;aws;;PASS;Inline policy range-app-deploy-policy attached to role range-app-deploy-role does not allow '*:*' administrative privileges.;arn:aws:iam::<SANDBOX_ACCOUNT_ID>:role/range-app-deploy-role;iam_inline_policy_no_administrative_privileges;False;range-app-deploy-role/range-app-deploy-policy;FedRAMP-Low-Revision-4;FedRAMP Low Revision 4;
aws;The Federal Risk and Authorization Management Program (FedRAMP) was established in 2011. It provides a cost-effective, risk-based approach for the adoption and use of cloud services by the U.S. federal government. FedRAMP empowers federal agencies to use modern cloud technologies, with an emphasis on the security and protection of federal information.;<SANDBOX_ACCOUNT_ID>;ap-southeast-7;2026-08-19 02:30:11.271115;ac-2;Manage system accounts, group memberships, privileges, workflow, notifications, deactivations, and authorizations.;Access Control (AC);;;aws;;PASS;Inline policy range-cloudtrail-to-cwl attached to role range-cloudtrail-to-cwl does not allow '*:*' administrative privileges.;arn:aws:iam::<SANDBOX_ACCOUNT_ID>:role/range-cloudtrail-to-cwl;iam_inline_policy_no_administrative_privileges;False;range-cloudtrail-to-cwl/range-cloudtrail-to-cwl;FedRAMP-Low-Revision-4;FedRAMP Low Revision 4;
aws;The Federal Risk and Authorization Management Program (FedRAMP) was established in 2011. It provides a cost-effective, risk-based approach for the adoption and use of cloud services by the U.S. federal government. FedRAMP empowers federal agencies to use modern cloud technologies, with an emphasis on the security and protection of federal information.;<SANDBOX_ACCOUNT_ID>;ap-southeast-7;2026-08-19 02:30:11.271115;ac-3;The information system enforces approved authorizations for logical access to information and system resources in accordance with applicable access control policies.;Access Control (AC);;;aws;;PASS;Inline policy range-cloudtrail-to-cwl attached to role range-cloudtrail-to-cwl does not allow '*:*' administrative privileges.;arn:aws:iam::<SANDBOX_ACCOUNT_ID>:role/range-cloudtrail-to-cwl;iam_inline_policy_no_administrative_privileges;False;range-cloudtrail-to-cwl/range-cloudtrail-to-cwl;FedRAMP-Low-Revision-4;FedRAMP Low Revision 4;
aws;The Federal Risk and Authorization Management Program (FedRAMP) was established in 2011. It provides a cost-effective, risk-based approach for the adoption and use of cloud services by the U.S. federal government. FedRAMP empowers federal agencies to use modern cloud technologies, with an emphasis on the security and protection of federal information.;<SANDBOX_ACCOUNT_ID>;ap-southeast-7;2026-08-19 02:30:11.271115;ac-2;Manage system accounts, group memberships, privileges, workflow, notifications, deactivations, and authorizations.;Access Control (AC);;;aws;;PASS;Root account does not have access keys.;arn:aws:iam::<SANDBOX_ACCOUNT_ID>:root;iam_no_root_access_key;False;<root_account>;FedRAMP-Low-Revision-4;FedRAMP Low Revision 4;
aws;The Federal Risk and Authorization Management Program (FedRAMP) was established in 2011. It provides a cost-effective, risk-based approach for the adoption and use of cloud services by the U.S. federal government. FedRAMP empowers federal agencies to use modern cloud technologies, with an emphasis on the security and protection of federal information.;<SANDBOX_ACCOUNT_ID>;ap-southeast-7;2026-08-19 02:30:11.271115;ac-3;The information system enforces approved authorizations for logical access to information and system resources in accordance with applicable access control policies.;Access Control (AC);;;aws;;PASS;Root account does not have access keys.;arn:aws:iam::<SANDBOX_ACCOUNT_ID>:root;iam_no_root_access_key;False;<root_account>;FedRAMP-Low-Revision-4;FedRAMP Low Revision 4;
aws;The Federal Risk and Authorization Management Program (FedRAMP) was established in 2011. It provides a cost-effective, risk-based approach for the adoption and use of cloud services by the U.S. federal government. FedRAMP empowers federal agencies to use modern cloud technologies, with an emphasis on the security and protection of federal information.;<SANDBOX_ACCOUNT_ID>;ap-southeast-7;2026-08-19 02:30:11.271115;ia-2;The information system uniquely identifies and authenticates organizational users (or processes acting on behalf of organizational users).;Identification and Authentication (IA);;;aws;;PASS;Root account does not have access keys.;arn:aws:iam::<SANDBOX_ACCOUNT_ID>:root;iam_no_root_access_key;False;<root_account>;FedRAMP-Low-Revision-4;FedRAMP Low Revision 4;
aws;The Federal Risk and Authorization Management Program (FedRAMP) was established in 2011. It provides a cost-effective, risk-based approach for the adoption and use of cloud services by the U.S. federal government. FedRAMP empowers federal agencies to use modern cloud technologies, with an emphasis on the security and protection of federal information.;<SANDBOX_ACCOUNT_ID>;ap-southeast-7;2026-08-19 02:30:11.271115;ac-2;Manage system accounts, group memberships, privileges, workflow, notifications, deactivations, and authorizations.;Access Control (AC);;;aws;;FAIL;IAM password policy does not require minimum length of 14 characters.;arn:aws:iam:ap-southeast-7:<SANDBOX_ACCOUNT_ID>:password-policy;iam_password_policy_minimum_length_14;False;<SANDBOX_ACCOUNT_ID>;FedRAMP-Low-Revision-4;FedRAMP Low Revision 4;
aws;The Federal Risk and Authorization Management Program (FedRAMP) was established in 2011. It provides a cost-effective, risk-based approach for the adoption and use of cloud services by the U.S. federal government. FedRAMP empowers federal agencies to use modern cloud technologies, with an emphasis on the security and protection of federal information.;<SANDBOX_ACCOUNT_ID>;ap-southeast-7;2026-08-19 02:30:11.271115;ia-2;The information system uniquely identifies and authenticates organizational users (or processes acting on behalf of organizational users).;Identification and Authentication (IA);;;aws;;FAIL;IAM password policy does not require minimum length of 14 characters.;arn:aws:iam:ap-southeast-7:<SANDBOX_ACCOUNT_ID>:password-policy;iam_password_policy_minimum_length_14;False;<SANDBOX_ACCOUNT_ID>;FedRAMP-Low-Revision-4;FedRAMP Low Revision 4;
aws;The Federal Risk and Authorization Management Program (FedRAMP) was established in 2011. It provides a cost-effective, risk-based approach for the adoption and use of cloud services by the U.S. federal government. FedRAMP empowers federal agencies to use modern cloud technologies, with an emphasis on the security and protection of federal information.;<SANDBOX_ACCOUNT_ID>;ap-southeast-7;2026-08-19 02:30:11.271115;ac-2;Manage system accounts, group memberships, privileges, workflow, notifications, deactivations, and authorizations.;Access Control (AC);;;aws;;FAIL;IAM Role AWSReservedSSO_AdministratorAccess_8c8dbb6dc8164670 has Bedrock permissions but has never used them.;arn:aws:iam::<SANDBOX_ACCOUNT_ID>:role/aws-reserved/sso.amazonaws.com/ap-southeast-1/AWSReservedSSO_AdministratorAccess_8c8dbb6dc8164670;iam_role_access_not_stale_to_bedrock;False;AWSReservedSSO_AdministratorAccess_8c8dbb6dc8164670;FedRAMP-Low-Revision-4;FedRAMP Low Revision 4;
aws;The Federal Risk and Authorization Management Program (FedRAMP) was established in 2011. It provides a cost-effective, risk-based approach for the adoption and use of cloud services by the U.S. federal government. FedRAMP empowers federal agencies to use modern cloud technologies, with an emphasis on the security and protection of federal information.;<SANDBOX_ACCOUNT_ID>;ap-southeast-7;2026-08-19 02:30:11.271115;ac-2;Manage system accounts, group memberships, privileges, workflow, notifications, deactivations, and authorizations.;Access Control (AC);;;aws;;PASS;IAM Role AWSServiceRoleForResourceExplorer accessed Bedrock 0 days ago (threshold: 60 days).;arn:aws:iam::<SANDBOX_ACCOUNT_ID>:role/aws-service-role/resource-explorer-2.amazonaws.com/AWSServiceRoleForResourceExplorer;iam_role_access_not_stale_to_bedrock;False;AWSServiceRoleForResourceExplorer;FedRAMP-Low-Revision-4;FedRAMP Low Revision 4;
aws;The Federal Risk and Authorization Management Program (FedRAMP) was established in 2011. It provides a cost-effective, risk-based approach for the adoption and use of cloud services by the U.S. federal government. FedRAMP empowers federal agencies to use modern cloud technologies, with an emphasis on the security and protection of federal information.;<SANDBOX_ACCOUNT_ID>;ap-southeast-7;2026-08-19 02:30:11.271115;ac-2;Manage system accounts, group memberships, privileges, workflow, notifications, deactivations, and authorizations.;Access Control (AC);;;aws;;FAIL;IAM Role AWSServiceRoleForSupport has Bedrock permissions but has never used them.;arn:aws:iam::<SANDBOX_ACCOUNT_ID>:role/aws-service-role/support.amazonaws.com/AWSServiceRoleForSupport;iam_role_access_not_stale_to_bedrock;False;AWSServiceRoleForSupport;FedRAMP-Low-Revision-4;FedRAMP Low Revision 4;
aws;The Federal Risk and Authorization Management Program (FedRAMP) was established in 2011. It provides a cost-effective, risk-based approach for the adoption and use of cloud services by the U.S. federal government. FedRAMP empowers federal agencies to use modern cloud technologies, with an emphasis on the security and protection of federal information.;<SANDBOX_ACCOUNT_ID>;ap-southeast-7;2026-08-19 02:30:11.271115;ac-2;Manage system accounts, group memberships, privileges, workflow, notifications, deactivations, and authorizations.;Access Control (AC);;;aws;;FAIL;IAM Role OrganizationAccountAccessRole has Bedrock permissions but has never used them.;arn:aws:iam::<SANDBOX_ACCOUNT_ID>:role/OrganizationAccountAccessRole;iam_role_access_not_stale_to_bedrock;False;OrganizationAccountAccessRole;FedRAMP-Low-Revision-4;FedRAMP Low Revision 4;
aws;The Federal Risk and Authorization Management Program (FedRAMP) was established in 2011. It provides a cost-effective, risk-based approach for the adoption and use of cloud services by the U.S. federal government. FedRAMP empowers federal agencies to use modern cloud technologies, with an emphasis on the security and protection of federal information.;<SANDBOX_ACCOUNT_ID>;ap-southeast-7;2026-08-19 02:30:11.271115;ac-2;Manage system accounts, group memberships, privileges, workflow, notifications, deactivations, and authorizations.;Access Control (AC);;;aws;;FAIL;MFA is not enabled for root account.;arn:aws:iam::<SANDBOX_ACCOUNT_ID>:mfa;iam_root_hardware_mfa_enabled;False;<root_account>;FedRAMP-Low-Revision-4;FedRAMP Low Revision 4;
aws;The Federal Risk and Authorization Management Program (FedRAMP) was established in 2011. It provides a cost-effective, risk-based approach for the adoption and use of cloud services by the U.S. federal government. FedRAMP empowers federal agencies to use modern cloud technologies, with an emphasis on the security and protection of federal information.;<SANDBOX_ACCOUNT_ID>;ap-southeast-7;2026-08-19 02:30:11.271115;ia-2;The information system uniquely identifies and authenticates organizational users (or processes acting on behalf of organizational users).;Identification and Authentication (IA);;;aws;;FAIL;MFA is not enabled for root account.;arn:aws:iam::<SANDBOX_ACCOUNT_ID>:mfa;iam_root_hardware_mfa_enabled;False;<root_account>;FedRAMP-Low-Revision-4;FedRAMP Low Revision 4;
aws;The Federal Risk and Authorization Management Program (FedRAMP) was established in 2011. It provides a cost-effective, risk-based approach for the adoption and use of cloud services by the U.S. federal government. FedRAMP empowers federal agencies to use modern cloud technologies, with an emphasis on the security and protection of federal information.;<SANDBOX_ACCOUNT_ID>;ap-southeast-7;2026-08-19 02:30:11.271115;ac-2;Manage system accounts, group memberships, privileges, workflow, notifications, deactivations, and authorizations.;Access Control (AC);;;aws;;FAIL;MFA is not enabled for root account.;arn:aws:iam::<SANDBOX_ACCOUNT_ID>:root;iam_root_mfa_enabled;False;<root_account>;FedRAMP-Low-Revision-4;FedRAMP Low Revision 4;
aws;The Federal Risk and Authorization Management Program (FedRAMP) was established in 2011. It provides a cost-effective, risk-based approach for the adoption and use of cloud services by the U.S. federal government. FedRAMP empowers federal agencies to use modern cloud technologies, with an emphasis on the security and protection of federal information.;<SANDBOX_ACCOUNT_ID>;ap-southeast-7;2026-08-19 02:30:11.271115;ia-2;The information system uniquely identifies and authenticates organizational users (or processes acting on behalf of organizational users).;Identification and Authentication (IA);;;aws;;FAIL;MFA is not enabled for root account.;arn:aws:iam::<SANDBOX_ACCOUNT_ID>:root;iam_root_mfa_enabled;False;<root_account>;FedRAMP-Low-Revision-4;FedRAMP Low Revision 4;
aws;The Federal Risk and Authorization Management Program (FedRAMP) was established in 2011. It provides a cost-effective, risk-based approach for the adoption and use of cloud services by the U.S. federal government. FedRAMP empowers federal agencies to use modern cloud technologies, with an emphasis on the security and protection of federal information.;<SANDBOX_ACCOUNT_ID>;ap-southeast-7;2026-08-19 02:30:11.271115;ac-2;Manage system accounts, group memberships, privileges, workflow, notifications, deactivations, and authorizations.;Access Control (AC);;;aws;;PASS;User <root_account> does not have access keys.;arn:aws:iam::<SANDBOX_ACCOUNT_ID>:root;iam_rotate_access_key_90_days;False;<root_account>;FedRAMP-Low-Revision-4;FedRAMP Low Revision 4;
aws;The Federal Risk and Authorization Management Program (FedRAMP) was established in 2011. It provides a cost-effective, risk-based approach for the adoption and use of cloud services by the U.S. federal government. FedRAMP empowers federal agencies to use modern cloud technologies, with an emphasis on the security and protection of federal information.;<SANDBOX_ACCOUNT_ID>;ap-southeast-7;2026-08-19 02:30:11.271115;ac-2;Manage system accounts, group memberships, privileges, workflow, notifications, deactivations, and authorizations.;Access Control (AC);;;aws;;PASS;User <root_account> does not have access keys.;arn:aws:iam::<SANDBOX_ACCOUNT_ID>:root;iam_user_accesskey_unused;False;<root_account>;FedRAMP-Low-Revision-4;FedRAMP Low Revision 4;
aws;The Federal Risk and Authorization Management Program (FedRAMP) was established in 2011. It provides a cost-effective, risk-based approach for the adoption and use of cloud services by the U.S. federal government. FedRAMP empowers federal agencies to use modern cloud technologies, with an emphasis on the security and protection of federal information.;<SANDBOX_ACCOUNT_ID>;ap-southeast-7;2026-08-19 02:30:11.271115;ac-3;The information system enforces approved authorizations for logical access to information and system resources in accordance with applicable access control policies.;Access Control (AC);;;aws;;PASS;User <root_account> does not have access keys.;arn:aws:iam::<SANDBOX_ACCOUNT_ID>:root;iam_user_accesskey_unused;False;<root_account>;FedRAMP-Low-Revision-4;FedRAMP Low Revision 4;
aws;The Federal Risk and Authorization Management Program (FedRAMP) was established in 2011. It provides a cost-effective, risk-based approach for the adoption and use of cloud services by the U.S. federal government. FedRAMP empowers federal agencies to use modern cloud technologies, with an emphasis on the security and protection of federal information.;<SANDBOX_ACCOUNT_ID>;ap-southeast-7;2026-08-19 02:30:11.271115;ac-3;The information system enforces approved authorizations for logical access to information and system resources in accordance with applicable access control policies.;Access Control (AC);;;aws;;FAIL;Block Public Access is not configured for the account <SANDBOX_ACCOUNT_ID>.;arn:aws:s3:ap-southeast-7:<SANDBOX_ACCOUNT_ID>:account;s3_account_level_public_access_blocks;False;<SANDBOX_ACCOUNT_ID>;FedRAMP-Low-Revision-4;FedRAMP Low Revision 4;
aws;The Federal Risk and Authorization Management Program (FedRAMP) was established in 2011. It provides a cost-effective, risk-based approach for the adoption and use of cloud services by the U.S. federal government. FedRAMP empowers federal agencies to use modern cloud technologies, with an emphasis on the security and protection of federal information.;<SANDBOX_ACCOUNT_ID>;ap-southeast-7;2026-08-19 02:30:11.271115;ac-17;Authorize remote access systems prior to connection. Enforce remote connection requirements to information systems.;Access Control (AC);;;aws;;FAIL;Block Public Access is not configured for the account <SANDBOX_ACCOUNT_ID>.;arn:aws:s3:ap-southeast-7:<SANDBOX_ACCOUNT_ID>:account;s3_account_level_public_access_blocks;False;<SANDBOX_ACCOUNT_ID>;FedRAMP-Low-Revision-4;FedRAMP Low Revision 4;
aws;The Federal Risk and Authorization Management Program (FedRAMP) was established in 2011. It provides a cost-effective, risk-based approach for the adoption and use of cloud services by the U.S. federal government. FedRAMP empowers federal agencies to use modern cloud technologies, with an emphasis on the security and protection of federal information.;<SANDBOX_ACCOUNT_ID>;ap-southeast-7;2026-08-19 02:30:11.271115;cm-2;The organization develops, documents, and maintains under configuration control, a current baseline configuration of the information system.;Configuration Management (CM);;;aws;;FAIL;Block Public Access is not configured for the account <SANDBOX_ACCOUNT_ID>.;arn:aws:s3:ap-southeast-7:<SANDBOX_ACCOUNT_ID>:account;s3_account_level_public_access_blocks;False;<SANDBOX_ACCOUNT_ID>;FedRAMP-Low-Revision-4;FedRAMP Low Revision 4;
aws;The Federal Risk and Authorization Management Program (FedRAMP) was established in 2011. It provides a cost-effective, risk-based approach for the adoption and use of cloud services by the U.S. federal government. FedRAMP empowers federal agencies to use modern cloud technologies, with an emphasis on the security and protection of federal information.;<SANDBOX_ACCOUNT_ID>;ap-southeast-7;2026-08-19 02:30:11.271115;sc-7;"The information system: a. Monitors and controls communications at the external boundary of the system and at key internal boundaries within the system; b. Implements subnetworks for publicly accessible system components that are [Selection: physically; logically] separated from internal organizational networks; and c. Connects to external networks or information systems only through managed interfaces consisting of boundary protection devices arranged in accordance with an organizational security architecture.";System and Communications Protection (SC);;;aws;;FAIL;Block Public Access is not configured for the account <SANDBOX_ACCOUNT_ID>.;arn:aws:s3:ap-southeast-7:<SANDBOX_ACCOUNT_ID>:account;s3_account_level_public_access_blocks;False;<SANDBOX_ACCOUNT_ID>;FedRAMP-Low-Revision-4;FedRAMP Low Revision 4;
aws;The Federal Risk and Authorization Management Program (FedRAMP) was established in 2011. It provides a cost-effective, risk-based approach for the adoption and use of cloud services by the U.S. federal government. FedRAMP empowers federal agencies to use modern cloud technologies, with an emphasis on the security and protection of federal information.;<SANDBOX_ACCOUNT_ID>;ap-southeast-7;2026-08-19 02:30:11.271115;sc-13;The information system implements FIPS-validated or NSA-approved cryptography in accordance with applicable federal laws, Executive Orders, directives, policies, regulations, and standards.;System and Communications Protection (SC);;;aws;;PASS;S3 Bucket range-cloudtrail-<SANDBOX_ACCOUNT_ID> has Server Side Encryption with AES256.;arn:aws:s3:::range-cloudtrail-<SANDBOX_ACCOUNT_ID>;s3_bucket_default_encryption;False;range-cloudtrail-<SANDBOX_ACCOUNT_ID>;FedRAMP-Low-Revision-4;FedRAMP Low Revision 4;
aws;The Federal Risk and Authorization Management Program (FedRAMP) was established in 2011. It provides a cost-effective, risk-based approach for the adoption and use of cloud services by the U.S. federal government. FedRAMP empowers federal agencies to use modern cloud technologies, with an emphasis on the security and protection of federal information.;<SANDBOX_ACCOUNT_ID>;ap-southeast-7;2026-08-19 02:30:11.271115;sc-13;The information system implements FIPS-validated or NSA-approved cryptography in accordance with applicable federal laws, Executive Orders, directives, policies, regulations, and standards.;System and Communications Protection (SC);;;aws;;PASS;S3 Bucket range-customer-data-<SANDBOX_ACCOUNT_ID> has Server Side Encryption with AES256.;arn:aws:s3:::range-customer-data-<SANDBOX_ACCOUNT_ID>;s3_bucket_default_encryption;False;range-customer-data-<SANDBOX_ACCOUNT_ID>;FedRAMP-Low-Revision-4;FedRAMP Low Revision 4;
aws;The Federal Risk and Authorization Management Program (FedRAMP) was established in 2011. It provides a cost-effective, risk-based approach for the adoption and use of cloud services by the U.S. federal government. FedRAMP empowers federal agencies to use modern cloud technologies, with an emphasis on the security and protection of federal information.;<SANDBOX_ACCOUNT_ID>;ap-southeast-7;2026-08-19 02:30:11.271115;au-9;The information system protects audit information and audit tools from unauthorized access, modification, and deletion.;Audit and Accountability (AU);;;aws;;FAIL;S3 Bucket range-cloudtrail-<SANDBOX_ACCOUNT_ID> has versioning disabled.;arn:aws:s3:::range-cloudtrail-<SANDBOX_ACCOUNT_ID>;s3_bucket_object_versioning;False;range-cloudtrail-<SANDBOX_ACCOUNT_ID>;FedRAMP-Low-Revision-4;FedRAMP Low Revision 4;
aws;The Federal Risk and Authorization Management Program (FedRAMP) was established in 2011. It provides a cost-effective, risk-based approach for the adoption and use of cloud services by the U.S. federal government. FedRAMP empowers federal agencies to use modern cloud technologies, with an emphasis on the security and protection of federal information.;<SANDBOX_ACCOUNT_ID>;ap-southeast-7;2026-08-19 02:30:11.271115;cp-9;The organization conducts backups of user-level information, system-level information and information system documentation including security-related documentation contained in the information system and protects the confidentiality, integrity, and availability of backup information at storage locations.;Contingency Planning (CP);;;aws;;FAIL;S3 Bucket range-cloudtrail-<SANDBOX_ACCOUNT_ID> has versioning disabled.;arn:aws:s3:::range-cloudtrail-<SANDBOX_ACCOUNT_ID>;s3_bucket_object_versioning;False;range-cloudtrail-<SANDBOX_ACCOUNT_ID>;FedRAMP-Low-Revision-4;FedRAMP Low Revision 4;
aws;The Federal Risk and Authorization Management Program (FedRAMP) was established in 2011. It provides a cost-effective, risk-based approach for the adoption and use of cloud services by the U.S. federal government. FedRAMP empowers federal agencies to use modern cloud technologies, with an emphasis on the security and protection of federal information.;<SANDBOX_ACCOUNT_ID>;ap-southeast-7;2026-08-19 02:30:11.271115;cp-10;The organization provides for the recovery and reconstitution of the information system to a known state after a disruption, compromise, or failure.;Contingency Planning (CP);;;aws;;FAIL;S3 Bucket range-cloudtrail-<SANDBOX_ACCOUNT_ID> has versioning disabled.;arn:aws:s3:::range-cloudtrail-<SANDBOX_ACCOUNT_ID>;s3_bucket_object_versioning;False;range-cloudtrail-<SANDBOX_ACCOUNT_ID>;FedRAMP-Low-Revision-4;FedRAMP Low Revision 4;
aws;The Federal Risk and Authorization Management Program (FedRAMP) was established in 2011. It provides a cost-effective, risk-based approach for the adoption and use of cloud services by the U.S. federal government. FedRAMP empowers federal agencies to use modern cloud technologies, with an emphasis on the security and protection of federal information.;<SANDBOX_ACCOUNT_ID>;ap-southeast-7;2026-08-19 02:30:11.271115;sc-5;The information system protects against or limits the effects of the following types of denial of service attacks: [Assignment: organization-defined types of denial of service attacks or references to sources for such information] by employing [Assignment: organization-defined security safeguards].;System and Communications Protection (SC);;;aws;;FAIL;S3 Bucket range-cloudtrail-<SANDBOX_ACCOUNT_ID> has versioning disabled.;arn:aws:s3:::range-cloudtrail-<SANDBOX_ACCOUNT_ID>;s3_bucket_object_versioning;False;range-cloudtrail-<SANDBOX_ACCOUNT_ID>;FedRAMP-Low-Revision-4;FedRAMP Low Revision 4;
aws;The Federal Risk and Authorization Management Program (FedRAMP) was established in 2011. It provides a cost-effective, risk-based approach for the adoption and use of cloud services by the U.S. federal government. FedRAMP empowers federal agencies to use modern cloud technologies, with an emphasis on the security and protection of federal information.;<SANDBOX_ACCOUNT_ID>;ap-southeast-7;2026-08-19 02:30:11.271115;au-9;The information system protects audit information and audit tools from unauthorized access, modification, and deletion.;Audit and Accountability (AU);;;aws;;FAIL;S3 Bucket range-customer-data-<SANDBOX_ACCOUNT_ID> has versioning disabled.;arn:aws:s3:::range-customer-data-<SANDBOX_ACCOUNT_ID>;s3_bucket_object_versioning;False;range-customer-data-<SANDBOX_ACCOUNT_ID>;FedRAMP-Low-Revision-4;FedRAMP Low Revision 4;
aws;The Federal Risk and Authorization Management Program (FedRAMP) was established in 2011. It provides a cost-effective, risk-based approach for the adoption and use of cloud services by the U.S. federal government. FedRAMP empowers federal agencies to use modern cloud technologies, with an emphasis on the security and protection of federal information.;<SANDBOX_ACCOUNT_ID>;ap-southeast-7;2026-08-19 02:30:11.271115;cp-9;The organization conducts backups of user-level information, system-level information and information system documentation including security-related documentation contained in the information system and protects the confidentiality, integrity, and availability of backup information at storage locations.;Contingency Planning (CP);;;aws;;FAIL;S3 Bucket range-customer-data-<SANDBOX_ACCOUNT_ID> has versioning disabled.;arn:aws:s3:::range-customer-data-<SANDBOX_ACCOUNT_ID>;s3_bucket_object_versioning;False;range-customer-data-<SANDBOX_ACCOUNT_ID>;FedRAMP-Low-Revision-4;FedRAMP Low Revision 4;
aws;The Federal Risk and Authorization Management Program (FedRAMP) was established in 2011. It provides a cost-effective, risk-based approach for the adoption and use of cloud services by the U.S. federal government. FedRAMP empowers federal agencies to use modern cloud technologies, with an emphasis on the security and protection of federal information.;<SANDBOX_ACCOUNT_ID>;ap-southeast-7;2026-08-19 02:30:11.271115;cp-10;The organization provides for the recovery and reconstitution of the information system to a known state after a disruption, compromise, or failure.;Contingency Planning (CP);;;aws;;FAIL;S3 Bucket range-customer-data-<SANDBOX_ACCOUNT_ID> has versioning disabled.;arn:aws:s3:::range-customer-data-<SANDBOX_ACCOUNT_ID>;s3_bucket_object_versioning;False;range-customer-data-<SANDBOX_ACCOUNT_ID>;FedRAMP-Low-Revision-4;FedRAMP Low Revision 4;
aws;The Federal Risk and Authorization Management Program (FedRAMP) was established in 2011. It provides a cost-effective, risk-based approach for the adoption and use of cloud services by the U.S. federal government. FedRAMP empowers federal agencies to use modern cloud technologies, with an emphasis on the security and protection of federal information.;<SANDBOX_ACCOUNT_ID>;ap-southeast-7;2026-08-19 02:30:11.271115;sc-5;The information system protects against or limits the effects of the following types of denial of service attacks: [Assignment: organization-defined types of denial of service attacks or references to sources for such information] by employing [Assignment: organization-defined security safeguards].;System and Communications Protection (SC);;;aws;;FAIL;S3 Bucket range-customer-data-<SANDBOX_ACCOUNT_ID> has versioning disabled.;arn:aws:s3:::range-customer-data-<SANDBOX_ACCOUNT_ID>;s3_bucket_object_versioning;False;range-customer-data-<SANDBOX_ACCOUNT_ID>;FedRAMP-Low-Revision-4;FedRAMP Low Revision 4;
aws;The Federal Risk and Authorization Management Program (FedRAMP) was established in 2011. It provides a cost-effective, risk-based approach for the adoption and use of cloud services by the U.S. federal government. FedRAMP empowers federal agencies to use modern cloud technologies, with an emphasis on the security and protection of federal information.;<SANDBOX_ACCOUNT_ID>;ap-southeast-7;2026-08-19 02:30:11.271115;ac-3;The information system enforces approved authorizations for logical access to information and system resources in accordance with applicable access control policies.;Access Control (AC);;;aws;;PASS;S3 public access blocked at bucket level for range-cloudtrail-<SANDBOX_ACCOUNT_ID>.;arn:aws:s3:::range-cloudtrail-<SANDBOX_ACCOUNT_ID>;s3_bucket_policy_public_write_access;False;range-cloudtrail-<SANDBOX_ACCOUNT_ID>;FedRAMP-Low-Revision-4;FedRAMP Low Revision 4;
aws;The Federal Risk and Authorization Management Program (FedRAMP) was established in 2011. It provides a cost-effective, risk-based approach for the adoption and use of cloud services by the U.S. federal government. FedRAMP empowers federal agencies to use modern cloud technologies, with an emphasis on the security and protection of federal information.;<SANDBOX_ACCOUNT_ID>;ap-southeast-7;2026-08-19 02:30:11.271115;ac-17;Authorize remote access systems prior to connection. Enforce remote connection requirements to information systems.;Access Control (AC);;;aws;;PASS;S3 public access blocked at bucket level for range-cloudtrail-<SANDBOX_ACCOUNT_ID>.;arn:aws:s3:::range-cloudtrail-<SANDBOX_ACCOUNT_ID>;s3_bucket_policy_public_write_access;False;range-cloudtrail-<SANDBOX_ACCOUNT_ID>;FedRAMP-Low-Revision-4;FedRAMP Low Revision 4;
aws;The Federal Risk and Authorization Management Program (FedRAMP) was established in 2011. It provides a cost-effective, risk-based approach for the adoption and use of cloud services by the U.S. federal government. FedRAMP empowers federal agencies to use modern cloud technologies, with an emphasis on the security and protection of federal information.;<SANDBOX_ACCOUNT_ID>;ap-southeast-7;2026-08-19 02:30:11.271115;cm-2;The organization develops, documents, and maintains under configuration control, a current baseline configuration of the information system.;Configuration Management (CM);;;aws;;PASS;S3 public access blocked at bucket level for range-cloudtrail-<SANDBOX_ACCOUNT_ID>.;arn:aws:s3:::range-cloudtrail-<SANDBOX_ACCOUNT_ID>;s3_bucket_policy_public_write_access;False;range-cloudtrail-<SANDBOX_ACCOUNT_ID>;FedRAMP-Low-Revision-4;FedRAMP Low Revision 4;
aws;The Federal Risk and Authorization Management Program (FedRAMP) was established in 2011. It provides a cost-effective, risk-based approach for the adoption and use of cloud services by the U.S. federal government. FedRAMP empowers federal agencies to use modern cloud technologies, with an emphasis on the security and protection of federal information.;<SANDBOX_ACCOUNT_ID>;ap-southeast-7;2026-08-19 02:30:11.271115;sc-7;"The information system: a. Monitors and controls communications at the external boundary of the system and at key internal boundaries within the system; b. Implements subnetworks for publicly accessible system components that are [Selection: physically; logically] separated from internal organizational networks; and c. Connects to external networks or information systems only through managed interfaces consisting of boundary protection devices arranged in accordance with an organizational security architecture.";System and Communications Protection (SC);;;aws;;PASS;S3 public access blocked at bucket level for range-cloudtrail-<SANDBOX_ACCOUNT_ID>.;arn:aws:s3:::range-cloudtrail-<SANDBOX_ACCOUNT_ID>;s3_bucket_policy_public_write_access;False;range-cloudtrail-<SANDBOX_ACCOUNT_ID>;FedRAMP-Low-Revision-4;FedRAMP Low Revision 4;
aws;The Federal Risk and Authorization Management Program (FedRAMP) was established in 2011. It provides a cost-effective, risk-based approach for the adoption and use of cloud services by the U.S. federal government. FedRAMP empowers federal agencies to use modern cloud technologies, with an emphasis on the security and protection of federal information.;<SANDBOX_ACCOUNT_ID>;ap-southeast-7;2026-08-19 02:30:11.271115;ac-3;The information system enforces approved authorizations for logical access to information and system resources in accordance with applicable access control policies.;Access Control (AC);;;aws;;PASS;S3 public access blocked at bucket level for range-customer-data-<SANDBOX_ACCOUNT_ID>.;arn:aws:s3:::range-customer-data-<SANDBOX_ACCOUNT_ID>;s3_bucket_policy_public_write_access;False;range-customer-data-<SANDBOX_ACCOUNT_ID>;FedRAMP-Low-Revision-4;FedRAMP Low Revision 4;
aws;The Federal Risk and Authorization Management Program (FedRAMP) was established in 2011. It provides a cost-effective, risk-based approach for the adoption and use of cloud services by the U.S. federal government. FedRAMP empowers federal agencies to use modern cloud technologies, with an emphasis on the security and protection of federal information.;<SANDBOX_ACCOUNT_ID>;ap-southeast-7;2026-08-19 02:30:11.271115;ac-17;Authorize remote access systems prior to connection. Enforce remote connection requirements to information systems.;Access Control (AC);;;aws;;PASS;S3 public access blocked at bucket level for range-customer-data-<SANDBOX_ACCOUNT_ID>.;arn:aws:s3:::range-customer-data-<SANDBOX_ACCOUNT_ID>;s3_bucket_policy_public_write_access;False;range-customer-data-<SANDBOX_ACCOUNT_ID>;FedRAMP-Low-Revision-4;FedRAMP Low Revision 4;
aws;The Federal Risk and Authorization Management Program (FedRAMP) was established in 2011. It provides a cost-effective, risk-based approach for the adoption and use of cloud services by the U.S. federal government. FedRAMP empowers federal agencies to use modern cloud technologies, with an emphasis on the security and protection of federal information.;<SANDBOX_ACCOUNT_ID>;ap-southeast-7;2026-08-19 02:30:11.271115;cm-2;The organization develops, documents, and maintains under configuration control, a current baseline configuration of the information system.;Configuration Management (CM);;;aws;;PASS;S3 public access blocked at bucket level for range-customer-data-<SANDBOX_ACCOUNT_ID>.;arn:aws:s3:::range-customer-data-<SANDBOX_ACCOUNT_ID>;s3_bucket_policy_public_write_access;False;range-customer-data-<SANDBOX_ACCOUNT_ID>;FedRAMP-Low-Revision-4;FedRAMP Low Revision 4;
aws;The Federal Risk and Authorization Management Program (FedRAMP) was established in 2011. It provides a cost-effective, risk-based approach for the adoption and use of cloud services by the U.S. federal government. FedRAMP empowers federal agencies to use modern cloud technologies, with an emphasis on the security and protection of federal information.;<SANDBOX_ACCOUNT_ID>;ap-southeast-7;2026-08-19 02:30:11.271115;sc-7;"The information system: a. Monitors and controls communications at the external boundary of the system and at key internal boundaries within the system; b. Implements subnetworks for publicly accessible system components that are [Selection: physically; logically] separated from internal organizational networks; and c. Connects to external networks or information systems only through managed interfaces consisting of boundary protection devices arranged in accordance with an organizational security architecture.";System and Communications Protection (SC);;;aws;;PASS;S3 public access blocked at bucket level for range-customer-data-<SANDBOX_ACCOUNT_ID>.;arn:aws:s3:::range-customer-data-<SANDBOX_ACCOUNT_ID>;s3_bucket_policy_public_write_access;False;range-customer-data-<SANDBOX_ACCOUNT_ID>;FedRAMP-Low-Revision-4;FedRAMP Low Revision 4;
aws;The Federal Risk and Authorization Management Program (FedRAMP) was established in 2011. It provides a cost-effective, risk-based approach for the adoption and use of cloud services by the U.S. federal government. FedRAMP empowers federal agencies to use modern cloud technologies, with an emphasis on the security and protection of federal information.;<SANDBOX_ACCOUNT_ID>;ap-southeast-7;2026-08-19 02:30:11.271115;ac-3;The information system enforces approved authorizations for logical access to information and system resources in accordance with applicable access control policies.;Access Control (AC);;;aws;;PASS;S3 Bucket range-cloudtrail-<SANDBOX_ACCOUNT_ID> is not public.;arn:aws:s3:::range-cloudtrail-<SANDBOX_ACCOUNT_ID>;s3_bucket_public_access;False;range-cloudtrail-<SANDBOX_ACCOUNT_ID>;FedRAMP-Low-Revision-4;FedRAMP Low Revision 4;
aws;The Federal Risk and Authorization Management Program (FedRAMP) was established in 2011. It provides a cost-effective, risk-based approach for the adoption and use of cloud services by the U.S. federal government. FedRAMP empowers federal agencies to use modern cloud technologies, with an emphasis on the security and protection of federal information.;<SANDBOX_ACCOUNT_ID>;ap-southeast-7;2026-08-19 02:30:11.271115;ac-17;Authorize remote access systems prior to connection. Enforce remote connection requirements to information systems.;Access Control (AC);;;aws;;PASS;S3 Bucket range-cloudtrail-<SANDBOX_ACCOUNT_ID> is not public.;arn:aws:s3:::range-cloudtrail-<SANDBOX_ACCOUNT_ID>;s3_bucket_public_access;False;range-cloudtrail-<SANDBOX_ACCOUNT_ID>;FedRAMP-Low-Revision-4;FedRAMP Low Revision 4;
aws;The Federal Risk and Authorization Management Program (FedRAMP) was established in 2011. It provides a cost-effective, risk-based approach for the adoption and use of cloud services by the U.S. federal government. FedRAMP empowers federal agencies to use modern cloud technologies, with an emphasis on the security and protection of federal information.;<SANDBOX_ACCOUNT_ID>;ap-southeast-7;2026-08-19 02:30:11.271115;cm-2;The organization develops, documents, and maintains under configuration control, a current baseline configuration of the information system.;Configuration Management (CM);;;aws;;PASS;S3 Bucket range-cloudtrail-<SANDBOX_ACCOUNT_ID> is not public.;arn:aws:s3:::range-cloudtrail-<SANDBOX_ACCOUNT_ID>;s3_bucket_public_access;False;range-cloudtrail-<SANDBOX_ACCOUNT_ID>;FedRAMP-Low-Revision-4;FedRAMP Low Revision 4;
aws;The Federal Risk and Authorization Management Program (FedRAMP) was established in 2011. It provides a cost-effective, risk-based approach for the adoption and use of cloud services by the U.S. federal government. FedRAMP empowers federal agencies to use modern cloud technologies, with an emphasis on the security and protection of federal information.;<SANDBOX_ACCOUNT_ID>;ap-southeast-7;2026-08-19 02:30:11.271115;sc-7;"The information system: a. Monitors and controls communications at the external boundary of the system and at key internal boundaries within the system; b. Implements subnetworks for publicly accessible system components that are [Selection: physically; logically] separated from internal organizational networks; and c. Connects to external networks or information systems only through managed interfaces consisting of boundary protection devices arranged in accordance with an organizational security architecture.";System and Communications Protection (SC);;;aws;;PASS;S3 Bucket range-cloudtrail-<SANDBOX_ACCOUNT_ID> is not public.;arn:aws:s3:::range-cloudtrail-<SANDBOX_ACCOUNT_ID>;s3_bucket_public_access;False;range-cloudtrail-<SANDBOX_ACCOUNT_ID>;FedRAMP-Low-Revision-4;FedRAMP Low Revision 4;
aws;The Federal Risk and Authorization Management Program (FedRAMP) was established in 2011. It provides a cost-effective, risk-based approach for the adoption and use of cloud services by the U.S. federal government. FedRAMP empowers federal agencies to use modern cloud technologies, with an emphasis on the security and protection of federal information.;<SANDBOX_ACCOUNT_ID>;ap-southeast-7;2026-08-19 02:30:11.271115;ac-3;The information system enforces approved authorizations for logical access to information and system resources in accordance with applicable access control policies.;Access Control (AC);;;aws;;PASS;S3 Bucket range-customer-data-<SANDBOX_ACCOUNT_ID> is not public.;arn:aws:s3:::range-customer-data-<SANDBOX_ACCOUNT_ID>;s3_bucket_public_access;False;range-customer-data-<SANDBOX_ACCOUNT_ID>;FedRAMP-Low-Revision-4;FedRAMP Low Revision 4;
aws;The Federal Risk and Authorization Management Program (FedRAMP) was established in 2011. It provides a cost-effective, risk-based approach for the adoption and use of cloud services by the U.S. federal government. FedRAMP empowers federal agencies to use modern cloud technologies, with an emphasis on the security and protection of federal information.;<SANDBOX_ACCOUNT_ID>;ap-southeast-7;2026-08-19 02:30:11.271115;ac-17;Authorize remote access systems prior to connection. Enforce remote connection requirements to information systems.;Access Control (AC);;;aws;;PASS;S3 Bucket range-customer-data-<SANDBOX_ACCOUNT_ID> is not public.;arn:aws:s3:::range-customer-data-<SANDBOX_ACCOUNT_ID>;s3_bucket_public_access;False;range-customer-data-<SANDBOX_ACCOUNT_ID>;FedRAMP-Low-Revision-4;FedRAMP Low Revision 4;
aws;The Federal Risk and Authorization Management Program (FedRAMP) was established in 2011. It provides a cost-effective, risk-based approach for the adoption and use of cloud services by the U.S. federal government. FedRAMP empowers federal agencies to use modern cloud technologies, with an emphasis on the security and protection of federal information.;<SANDBOX_ACCOUNT_ID>;ap-southeast-7;2026-08-19 02:30:11.271115;cm-2;The organization develops, documents, and maintains under configuration control, a current baseline configuration of the information system.;Configuration Management (CM);;;aws;;PASS;S3 Bucket range-customer-data-<SANDBOX_ACCOUNT_ID> is not public.;arn:aws:s3:::range-customer-data-<SANDBOX_ACCOUNT_ID>;s3_bucket_public_access;False;range-customer-data-<SANDBOX_ACCOUNT_ID>;FedRAMP-Low-Revision-4;FedRAMP Low Revision 4;
aws;The Federal Risk and Authorization Management Program (FedRAMP) was established in 2011. It provides a cost-effective, risk-based approach for the adoption and use of cloud services by the U.S. federal government. FedRAMP empowers federal agencies to use modern cloud technologies, with an emphasis on the security and protection of federal information.;<SANDBOX_ACCOUNT_ID>;ap-southeast-7;2026-08-19 02:30:11.271115;sc-7;"The information system: a. Monitors and controls communications at the external boundary of the system and at key internal boundaries within the system; b. Implements subnetworks for publicly accessible system components that are [Selection: physically; logically] separated from internal organizational networks; and c. Connects to external networks or information systems only through managed interfaces consisting of boundary protection devices arranged in accordance with an organizational security architecture.";System and Communications Protection (SC);;;aws;;PASS;S3 Bucket range-customer-data-<SANDBOX_ACCOUNT_ID> is not public.;arn:aws:s3:::range-customer-data-<SANDBOX_ACCOUNT_ID>;s3_bucket_public_access;False;range-customer-data-<SANDBOX_ACCOUNT_ID>;FedRAMP-Low-Revision-4;FedRAMP Low Revision 4;
aws;The Federal Risk and Authorization Management Program (FedRAMP) was established in 2011. It provides a cost-effective, risk-based approach for the adoption and use of cloud services by the U.S. federal government. FedRAMP empowers federal agencies to use modern cloud technologies, with an emphasis on the security and protection of federal information.;<SANDBOX_ACCOUNT_ID>;ap-southeast-7;2026-08-19 02:30:11.271115;ac-17;Authorize remote access systems prior to connection. Enforce remote connection requirements to information systems.;Access Control (AC);;;aws;;FAIL;S3 Bucket range-cloudtrail-<SANDBOX_ACCOUNT_ID> allows requests over insecure transport in the bucket policy.;arn:aws:s3:::range-cloudtrail-<SANDBOX_ACCOUNT_ID>;s3_bucket_secure_transport_policy;False;range-cloudtrail-<SANDBOX_ACCOUNT_ID>;FedRAMP-Low-Revision-4;FedRAMP Low Revision 4;
aws;The Federal Risk and Authorization Management Program (FedRAMP) was established in 2011. It provides a cost-effective, risk-based approach for the adoption and use of cloud services by the U.S. federal government. FedRAMP empowers federal agencies to use modern cloud technologies, with an emphasis on the security and protection of federal information.;<SANDBOX_ACCOUNT_ID>;ap-southeast-7;2026-08-19 02:30:11.271115;sc-7;"The information system: a. Monitors and controls communications at the external boundary of the system and at key internal boundaries within the system; b. Implements subnetworks for publicly accessible system components that are [Selection: physically; logically] separated from internal organizational networks; and c. Connects to external networks or information systems only through managed interfaces consisting of boundary protection devices arranged in accordance with an organizational security architecture.";System and Communications Protection (SC);;;aws;;FAIL;S3 Bucket range-cloudtrail-<SANDBOX_ACCOUNT_ID> allows requests over insecure transport in the bucket policy.;arn:aws:s3:::range-cloudtrail-<SANDBOX_ACCOUNT_ID>;s3_bucket_secure_transport_policy;False;range-cloudtrail-<SANDBOX_ACCOUNT_ID>;FedRAMP-Low-Revision-4;FedRAMP Low Revision 4;
aws;The Federal Risk and Authorization Management Program (FedRAMP) was established in 2011. It provides a cost-effective, risk-based approach for the adoption and use of cloud services by the U.S. federal government. FedRAMP empowers federal agencies to use modern cloud technologies, with an emphasis on the security and protection of federal information.;<SANDBOX_ACCOUNT_ID>;ap-southeast-7;2026-08-19 02:30:11.271115;ac-17;Authorize remote access systems prior to connection. Enforce remote connection requirements to information systems.;Access Control (AC);;;aws;;FAIL;S3 Bucket range-customer-data-<SANDBOX_ACCOUNT_ID> allows requests over insecure transport in the bucket policy.;arn:aws:s3:::range-customer-data-<SANDBOX_ACCOUNT_ID>;s3_bucket_secure_transport_policy;False;range-customer-data-<SANDBOX_ACCOUNT_ID>;FedRAMP-Low-Revision-4;FedRAMP Low Revision 4;
aws;The Federal Risk and Authorization Management Program (FedRAMP) was established in 2011. It provides a cost-effective, risk-based approach for the adoption and use of cloud services by the U.S. federal government. FedRAMP empowers federal agencies to use modern cloud technologies, with an emphasis on the security and protection of federal information.;<SANDBOX_ACCOUNT_ID>;ap-southeast-7;2026-08-19 02:30:11.271115;sc-7;"The information system: a. Monitors and controls communications at the external boundary of the system and at key internal boundaries within the system; b. Implements subnetworks for publicly accessible system components that are [Selection: physically; logically] separated from internal organizational networks; and c. Connects to external networks or information systems only through managed interfaces consisting of boundary protection devices arranged in accordance with an organizational security architecture.";System and Communications Protection (SC);;;aws;;FAIL;S3 Bucket range-customer-data-<SANDBOX_ACCOUNT_ID> allows requests over insecure transport in the bucket policy.;arn:aws:s3:::range-customer-data-<SANDBOX_ACCOUNT_ID>;s3_bucket_secure_transport_policy;False;range-customer-data-<SANDBOX_ACCOUNT_ID>;FedRAMP-Low-Revision-4;FedRAMP Low Revision 4;
aws;The Federal Risk and Authorization Management Program (FedRAMP) was established in 2011. It provides a cost-effective, risk-based approach for the adoption and use of cloud services by the U.S. federal government. FedRAMP empowers federal agencies to use modern cloud technologies, with an emphasis on the security and protection of federal information.;<SANDBOX_ACCOUNT_ID>;ap-southeast-7;2026-08-19 02:30:11.271115;ac-2;Manage system accounts, group memberships, privileges, workflow, notifications, deactivations, and authorizations.;Access Control (AC);;;aws;;FAIL;S3 Bucket range-cloudtrail-<SANDBOX_ACCOUNT_ID> has server access logging disabled.;arn:aws:s3:::range-cloudtrail-<SANDBOX_ACCOUNT_ID>;s3_bucket_server_access_logging_enabled;False;range-cloudtrail-<SANDBOX_ACCOUNT_ID>;FedRAMP-Low-Revision-4;FedRAMP Low Revision 4;
aws;The Federal Risk and Authorization Management Program (FedRAMP) was established in 2011. It provides a cost-effective, risk-based approach for the adoption and use of cloud services by the U.S. federal government. FedRAMP empowers federal agencies to use modern cloud technologies, with an emphasis on the security and protection of federal information.;<SANDBOX_ACCOUNT_ID>;ap-southeast-7;2026-08-19 02:30:11.271115;au-2;"The organization: a. Determines that the information system is capable of auditing the following events: [Assignment: organization-defined auditable events]; b. Coordinates the security audit function with other organizational entities requiring audit- related information to enhance mutual support and to help guide the selection of auditable events; c. Provides a rationale for why the auditable events are deemed to be adequate support after- the-fact investigations of security incidents";Audit and Accountability (AU);;;aws;;FAIL;S3 Bucket range-cloudtrail-<SANDBOX_ACCOUNT_ID> has server access logging disabled.;arn:aws:s3:::range-cloudtrail-<SANDBOX_ACCOUNT_ID>;s3_bucket_server_access_logging_enabled;False;range-cloudtrail-<SANDBOX_ACCOUNT_ID>;FedRAMP-Low-Revision-4;FedRAMP Low Revision 4;
aws;The Federal Risk and Authorization Management Program (FedRAMP) was established in 2011. It provides a cost-effective, risk-based approach for the adoption and use of cloud services by the U.S. federal government. FedRAMP empowers federal agencies to use modern cloud technologies, with an emphasis on the security and protection of federal information.;<SANDBOX_ACCOUNT_ID>;ap-southeast-7;2026-08-19 02:30:11.271115;ac-2;Manage system accounts, group memberships, privileges, workflow, notifications, deactivations, and authorizations.;Access Control (AC);;;aws;;FAIL;S3 Bucket range-customer-data-<SANDBOX_ACCOUNT_ID> has server access logging disabled.;arn:aws:s3:::range-customer-data-<SANDBOX_ACCOUNT_ID>;s3_bucket_server_access_logging_enabled;False;range-customer-data-<SANDBOX_ACCOUNT_ID>;FedRAMP-Low-Revision-4;FedRAMP Low Revision 4;
aws;The Federal Risk and Authorization Management Program (FedRAMP) was established in 2011. It provides a cost-effective, risk-based approach for the adoption and use of cloud services by the U.S. federal government. FedRAMP empowers federal agencies to use modern cloud technologies, with an emphasis on the security and protection of federal information.;<SANDBOX_ACCOUNT_ID>;ap-southeast-7;2026-08-19 02:30:11.271115;au-2;"The organization: a. Determines that the information system is capable of auditing the following events: [Assignment: organization-defined auditable events]; b. Coordinates the security audit function with other organizational entities requiring audit- related information to enhance mutual support and to help guide the selection of auditable events; c. Provides a rationale for why the auditable events are deemed to be adequate support after- the-fact investigations of security incidents";Audit and Accountability (AU);;;aws;;FAIL;S3 Bucket range-customer-data-<SANDBOX_ACCOUNT_ID> has server access logging disabled.;arn:aws:s3:::range-customer-data-<SANDBOX_ACCOUNT_ID>;s3_bucket_server_access_logging_enabled;False;range-customer-data-<SANDBOX_ACCOUNT_ID>;FedRAMP-Low-Revision-4;FedRAMP Low Revision 4;
aws;The Federal Risk and Authorization Management Program (FedRAMP) was established in 2011. It provides a cost-effective, risk-based approach for the adoption and use of cloud services by the U.S. federal government. FedRAMP empowers federal agencies to use modern cloud technologies, with an emphasis on the security and protection of federal information.;<SANDBOX_ACCOUNT_ID>;ap-southeast-7;2026-08-19 02:30:11.271115;ac-2;Manage system accounts, group memberships, privileges, workflow, notifications, deactivations, and authorizations.;Access Control (AC);;;aws;;FAIL;Security Hub is not enabled.;arn:aws:securityhub:ap-southeast-7:<SANDBOX_ACCOUNT_ID>:hub/unknown;securityhub_enabled;False;hub/unknown;FedRAMP-Low-Revision-4;FedRAMP Low Revision 4;
aws;The Federal Risk and Authorization Management Program (FedRAMP) was established in 2011. It provides a cost-effective, risk-based approach for the adoption and use of cloud services by the U.S. federal government. FedRAMP empowers federal agencies to use modern cloud technologies, with an emphasis on the security and protection of federal information.;<SANDBOX_ACCOUNT_ID>;ap-southeast-7;2026-08-19 02:30:11.271115;ac-17;Authorize remote access systems prior to connection. Enforce remote connection requirements to information systems.;Access Control (AC);;;aws;;FAIL;Security Hub is not enabled.;arn:aws:securityhub:ap-southeast-7:<SANDBOX_ACCOUNT_ID>:hub/unknown;securityhub_enabled;False;hub/unknown;FedRAMP-Low-Revision-4;FedRAMP Low Revision 4;
aws;The Federal Risk and Authorization Management Program (FedRAMP) was established in 2011. It provides a cost-effective, risk-based approach for the adoption and use of cloud services by the U.S. federal government. FedRAMP empowers federal agencies to use modern cloud technologies, with an emphasis on the security and protection of federal information.;<SANDBOX_ACCOUNT_ID>;ap-southeast-7;2026-08-19 02:30:11.271115;ca-7;Continuously monitor configuration management processes. Determine security impact, environment and operational risks.;Security Assessment And Authorization (CA);;;aws;;FAIL;Security Hub is not enabled.;arn:aws:securityhub:ap-southeast-7:<SANDBOX_ACCOUNT_ID>:hub/unknown;securityhub_enabled;False;hub/unknown;FedRAMP-Low-Revision-4;FedRAMP Low Revision 4;
aws;The Federal Risk and Authorization Management Program (FedRAMP) was established in 2011. It provides a cost-effective, risk-based approach for the adoption and use of cloud services by the U.S. federal government. FedRAMP empowers federal agencies to use modern cloud technologies, with an emphasis on the security and protection of federal information.;<SANDBOX_ACCOUNT_ID>;ap-southeast-7;2026-08-19 02:30:11.271115;ir-4;The organization implements an incident handling capability for security incidents that includes preparation, detection and analysis, containment, eradication, and recovery, coordinates incident handling activities with contingency planning activities and incorporates lessons learned from ongoing incident handling activities into incident response procedures, training, and testing, and implements the resulting changes accordingly.;Incident Response (IR);;;aws;;FAIL;Security Hub is not enabled.;arn:aws:securityhub:ap-southeast-7:<SANDBOX_ACCOUNT_ID>:hub/unknown;securityhub_enabled;False;hub/unknown;FedRAMP-Low-Revision-4;FedRAMP Low Revision 4;
