PROVIDER;DESCRIPTION;ACCOUNTID;REGION;ASSESSMENTDATE;REQUIREMENTS_ID;REQUIREMENTS_DESCRIPTION;REQUIREMENTS_ATTRIBUTES_SECTION;REQUIREMENTS_ATTRIBUTES_SUBSECTION;REQUIREMENTS_ATTRIBUTES_SUBGROUP;REQUIREMENTS_ATTRIBUTES_SERVICE;REQUIREMENTS_ATTRIBUTES_TYPE;STATUS;STATUSEXTENDED;RESOURCEID;CHECKID;MUTED;RESOURCENAME;FRAMEWORK;NAME;REQUIREMENTS_ATTRIBUTES_COMMENT
aws;The Federal Risk and Authorization Management Program (FedRAMP) was established in 2011. It provides a cost-effective, risk-based approach for the adoption and use of cloud services by the U.S. federal government. FedRAMP empowers federal agencies to use modern cloud technologies, with an emphasis on the security and protection of federal information.;<SANDBOX_ACCOUNT_ID>;ap-southeast-7;2026-08-19 02:30:11.271115;au-2-a-d;The organization: a. Determines that the information system is capable of auditing the following events: Successful and unsuccessful account logon events, account management events, object access, policy change, privilege functions, process tracking, and system events. For Web applications: all administrator activity, authentication checks, authorization checks, data deletions, data access, data changes, and permission changes. d. Determines that the following events are to be audited within the information system: [organization-defined subset of the auditable events defined in AU-2 a to be audited continually for each identified event].;Audit and Accountability (AU);Audit Events (AU-2);;aws;;PASS;Trail lz-org-trail from home region ap-southeast-7 has management events enabled to log Amazon Bedrock control-plane API calls.;arn:aws:cloudtrail:ap-southeast-7:<MANAGEMENT_ACCOUNT_ID>:trail/lz-org-trail;cloudtrail_bedrock_logging_enabled;False;lz-org-trail;FedRamp-Moderate-Revision-4;FedRAMP Moderate Revision 4;
aws;The Federal Risk and Authorization Management Program (FedRAMP) was established in 2011. It provides a cost-effective, risk-based approach for the adoption and use of cloud services by the U.S. federal government. FedRAMP empowers federal agencies to use modern cloud technologies, with an emphasis on the security and protection of federal information.;<SANDBOX_ACCOUNT_ID>;ap-southeast-7;2026-08-19 02:30:11.271115;au-12-a-c;The information system: a. Provides audit record generation capability for the auditable events defined in AU-2 a. at all information system and network components where audit capability is deployed/available c. Generates audit records for the events defined in AU-2 d. with the content defined in AU-3.;Audit and Accountability (AU);Audit Generation (AU-12);;aws;;PASS;Trail lz-org-trail from home region ap-southeast-7 has management events enabled to log Amazon Bedrock control-plane API calls.;arn:aws:cloudtrail:ap-southeast-7:<MANAGEMENT_ACCOUNT_ID>:trail/lz-org-trail;cloudtrail_bedrock_logging_enabled;False;lz-org-trail;FedRamp-Moderate-Revision-4;FedRAMP Moderate Revision 4;
aws;The Federal Risk and Authorization Management Program (FedRAMP) was established in 2011. It provides a cost-effective, risk-based approach for the adoption and use of cloud services by the U.S. federal government. FedRAMP empowers federal agencies to use modern cloud technologies, with an emphasis on the security and protection of federal information.;<SANDBOX_ACCOUNT_ID>;ap-southeast-7;2026-08-19 02:30:11.271115;au-2-a-d;The organization: a. Determines that the information system is capable of auditing the following events: Successful and unsuccessful account logon events, account management events, object access, policy change, privilege functions, process tracking, and system events. For Web applications: all administrator activity, authentication checks, authorization checks, data deletions, data access, data changes, and permission changes. d. Determines that the following events are to be audited within the information system: [organization-defined subset of the auditable events defined in AU-2 a to be audited continually for each identified event].;Audit and Accountability (AU);Audit Events (AU-2);;aws;;PASS;Trail range-trail from home region ap-southeast-7 has management events enabled to log Amazon Bedrock control-plane API calls.;arn:aws:cloudtrail:ap-southeast-7:<SANDBOX_ACCOUNT_ID>:trail/range-trail;cloudtrail_bedrock_logging_enabled;False;range-trail;FedRamp-Moderate-Revision-4;FedRAMP Moderate Revision 4;
aws;The Federal Risk and Authorization Management Program (FedRAMP) was established in 2011. It provides a cost-effective, risk-based approach for the adoption and use of cloud services by the U.S. federal government. FedRAMP empowers federal agencies to use modern cloud technologies, with an emphasis on the security and protection of federal information.;<SANDBOX_ACCOUNT_ID>;ap-southeast-7;2026-08-19 02:30:11.271115;au-12-a-c;The information system: a. Provides audit record generation capability for the auditable events defined in AU-2 a. at all information system and network components where audit capability is deployed/available c. Generates audit records for the events defined in AU-2 d. with the content defined in AU-3.;Audit and Accountability (AU);Audit Generation (AU-12);;aws;;PASS;Trail range-trail from home region ap-southeast-7 has management events enabled to log Amazon Bedrock control-plane API calls.;arn:aws:cloudtrail:ap-southeast-7:<SANDBOX_ACCOUNT_ID>:trail/range-trail;cloudtrail_bedrock_logging_enabled;False;range-trail;FedRamp-Moderate-Revision-4;FedRAMP Moderate Revision 4;
aws;The Federal Risk and Authorization Management Program (FedRAMP) was established in 2011. It provides a cost-effective, risk-based approach for the adoption and use of cloud services by the U.S. federal government. FedRAMP empowers federal agencies to use modern cloud technologies, with an emphasis on the security and protection of federal information.;<SANDBOX_ACCOUNT_ID>;ap-southeast-7;2026-08-19 02:30:11.271115;ac-2-4;The information system automatically audits account creation, modification, enabling, disabling, and removal actions, and notifies [Assignment: organization-defined personnel or roles].;Access Control (AC);Account Management (AC-2);;aws;;FAIL;Multiregion trail lz-org-trail has not been logging in the last 24h or is not configured to deliver logs.;arn:aws:cloudtrail:ap-southeast-7:<MANAGEMENT_ACCOUNT_ID>:trail/lz-org-trail;cloudtrail_cloudwatch_logging_enabled;False;lz-org-trail;FedRamp-Moderate-Revision-4;FedRAMP Moderate Revision 4;
aws;The Federal Risk and Authorization Management Program (FedRAMP) was established in 2011. It provides a cost-effective, risk-based approach for the adoption and use of cloud services by the U.S. federal government. FedRAMP empowers federal agencies to use modern cloud technologies, with an emphasis on the security and protection of federal information.;<SANDBOX_ACCOUNT_ID>;ap-southeast-7;2026-08-19 02:30:11.271115;ac-2-g;The organization: g. Monitors the use of information system accounts.;Access Control (AC);Account Management (AC-2);;aws;;FAIL;Multiregion trail lz-org-trail has not been logging in the last 24h or is not configured to deliver logs.;arn:aws:cloudtrail:ap-southeast-7:<MANAGEMENT_ACCOUNT_ID>:trail/lz-org-trail;cloudtrail_cloudwatch_logging_enabled;False;lz-org-trail;FedRamp-Moderate-Revision-4;FedRAMP Moderate Revision 4;
aws;The Federal Risk and Authorization Management Program (FedRAMP) was established in 2011. It provides a cost-effective, risk-based approach for the adoption and use of cloud services by the U.S. federal government. FedRAMP empowers federal agencies to use modern cloud technologies, with an emphasis on the security and protection of federal information.;<SANDBOX_ACCOUNT_ID>;ap-southeast-7;2026-08-19 02:30:11.271115;au-2-a-d;The organization: a. Determines that the information system is capable of auditing the following events: Successful and unsuccessful account logon events, account management events, object access, policy change, privilege functions, process tracking, and system events. For Web applications: all administrator activity, authentication checks, authorization checks, data deletions, data access, data changes, and permission changes. d. Determines that the following events are to be audited within the information system: [organization-defined subset of the auditable events defined in AU-2 a to be audited continually for each identified event].;Audit and Accountability (AU);Audit Events (AU-2);;aws;;FAIL;Multiregion trail lz-org-trail has not been logging in the last 24h or is not configured to deliver logs.;arn:aws:cloudtrail:ap-southeast-7:<MANAGEMENT_ACCOUNT_ID>:trail/lz-org-trail;cloudtrail_cloudwatch_logging_enabled;False;lz-org-trail;FedRamp-Moderate-Revision-4;FedRAMP Moderate Revision 4;
aws;The Federal Risk and Authorization Management Program (FedRAMP) was established in 2011. It provides a cost-effective, risk-based approach for the adoption and use of cloud services by the U.S. federal government. FedRAMP empowers federal agencies to use modern cloud technologies, with an emphasis on the security and protection of federal information.;<SANDBOX_ACCOUNT_ID>;ap-southeast-7;2026-08-19 02:30:11.271115;au-3;The information system generates audit records containing information that establishes what type of event occurred, when the event occurred, where the event occurred, the source of the event, the outcome of the event, and the identity of any individuals or subjects associated with the event.;Audit and Accountability (AU);;;aws;;FAIL;Multiregion trail lz-org-trail has not been logging in the last 24h or is not configured to deliver logs.;arn:aws:cloudtrail:ap-southeast-7:<MANAGEMENT_ACCOUNT_ID>:trail/lz-org-trail;cloudtrail_cloudwatch_logging_enabled;False;lz-org-trail;FedRamp-Moderate-Revision-4;FedRAMP Moderate Revision 4;
aws;The Federal Risk and Authorization Management Program (FedRAMP) was established in 2011. It provides a cost-effective, risk-based approach for the adoption and use of cloud services by the U.S. federal government. FedRAMP empowers federal agencies to use modern cloud technologies, with an emphasis on the security and protection of federal information.;<SANDBOX_ACCOUNT_ID>;ap-southeast-7;2026-08-19 02:30:11.271115;au-6-1-3;(1) The organization employs automated mechanisms to integrate audit review, analysis, and reporting processes to support organizational processes for investigation and response to suspicious activities. (3) The organization analyzes and correlates audit records across different repositories to gain organization-wide situational awareness.;Audit and Accountability (AU);Audit Review, Analysis And Reporting (AU-6);;aws;;FAIL;Multiregion trail lz-org-trail has not been logging in the last 24h or is not configured to deliver logs.;arn:aws:cloudtrail:ap-southeast-7:<MANAGEMENT_ACCOUNT_ID>:trail/lz-org-trail;cloudtrail_cloudwatch_logging_enabled;False;lz-org-trail;FedRamp-Moderate-Revision-4;FedRAMP Moderate Revision 4;
aws;The Federal Risk and Authorization Management Program (FedRAMP) was established in 2011. It provides a cost-effective, risk-based approach for the adoption and use of cloud services by the U.S. federal government. FedRAMP empowers federal agencies to use modern cloud technologies, with an emphasis on the security and protection of federal information.;<SANDBOX_ACCOUNT_ID>;ap-southeast-7;2026-08-19 02:30:11.271115;au-7-1;The information system provides the capability to process audit records for events of interest based on [Assignment: organization-defined audit fields within audit records].;Audit and Accountability (AU);Audit Reduction And Report Generation (AU-7);;aws;;FAIL;Multiregion trail lz-org-trail has not been logging in the last 24h or is not configured to deliver logs.;arn:aws:cloudtrail:ap-southeast-7:<MANAGEMENT_ACCOUNT_ID>:trail/lz-org-trail;cloudtrail_cloudwatch_logging_enabled;False;lz-org-trail;FedRamp-Moderate-Revision-4;FedRAMP Moderate Revision 4;
aws;The Federal Risk and Authorization Management Program (FedRAMP) was established in 2011. It provides a cost-effective, risk-based approach for the adoption and use of cloud services by the U.S. federal government. FedRAMP empowers federal agencies to use modern cloud technologies, with an emphasis on the security and protection of federal information.;<SANDBOX_ACCOUNT_ID>;ap-southeast-7;2026-08-19 02:30:11.271115;au-12-a-c;The information system: a. Provides audit record generation capability for the auditable events defined in AU-2 a. at all information system and network components where audit capability is deployed/available c. Generates audit records for the events defined in AU-2 d. with the content defined in AU-3.;Audit and Accountability (AU);Audit Generation (AU-12);;aws;;FAIL;Multiregion trail lz-org-trail has not been logging in the last 24h or is not configured to deliver logs.;arn:aws:cloudtrail:ap-southeast-7:<MANAGEMENT_ACCOUNT_ID>:trail/lz-org-trail;cloudtrail_cloudwatch_logging_enabled;False;lz-org-trail;FedRamp-Moderate-Revision-4;FedRAMP Moderate Revision 4;
aws;The Federal Risk and Authorization Management Program (FedRAMP) was established in 2011. It provides a cost-effective, risk-based approach for the adoption and use of cloud services by the U.S. federal government. FedRAMP empowers federal agencies to use modern cloud technologies, with an emphasis on the security and protection of federal information.;<SANDBOX_ACCOUNT_ID>;ap-southeast-7;2026-08-19 02:30:11.271115;si-4-a-b-c;"The organization: a. Monitors the information system to detect: 1. Attacks and indicators of potential attacks in accordance with [Assignment: organization- defined monitoring objectives]; and 2. Unauthorized local, network, and remote connections; b. Identifies unauthorized use of the information system through [Assignment: organization- defined techniques and methods]; c. Deploys monitoring devices: i. strategically within the information system to collect organization-determined essential information; and (ii) at ad hoc locations within the system to track specific types of transactions of interest to the organization.";System and Information Integrity (SI);Information System Monitoring (SI-4);;aws;;FAIL;Multiregion trail lz-org-trail has not been logging in the last 24h or is not configured to deliver logs.;arn:aws:cloudtrail:ap-southeast-7:<MANAGEMENT_ACCOUNT_ID>:trail/lz-org-trail;cloudtrail_cloudwatch_logging_enabled;False;lz-org-trail;FedRamp-Moderate-Revision-4;FedRAMP Moderate Revision 4;
aws;The Federal Risk and Authorization Management Program (FedRAMP) was established in 2011. It provides a cost-effective, risk-based approach for the adoption and use of cloud services by the U.S. federal government. FedRAMP empowers federal agencies to use modern cloud technologies, with an emphasis on the security and protection of federal information.;<SANDBOX_ACCOUNT_ID>;ap-southeast-7;2026-08-19 02:30:11.271115;ac-2-4;The information system automatically audits account creation, modification, enabling, disabling, and removal actions, and notifies [Assignment: organization-defined personnel or roles].;Access Control (AC);Account Management (AC-2);;aws;;PASS;Multiregion trail range-trail has been logging in the last 24h.;arn:aws:cloudtrail:ap-southeast-7:<SANDBOX_ACCOUNT_ID>:trail/range-trail;cloudtrail_cloudwatch_logging_enabled;False;range-trail;FedRamp-Moderate-Revision-4;FedRAMP Moderate Revision 4;
aws;The Federal Risk and Authorization Management Program (FedRAMP) was established in 2011. It provides a cost-effective, risk-based approach for the adoption and use of cloud services by the U.S. federal government. FedRAMP empowers federal agencies to use modern cloud technologies, with an emphasis on the security and protection of federal information.;<SANDBOX_ACCOUNT_ID>;ap-southeast-7;2026-08-19 02:30:11.271115;ac-2-g;The organization: g. Monitors the use of information system accounts.;Access Control (AC);Account Management (AC-2);;aws;;PASS;Multiregion trail range-trail has been logging in the last 24h.;arn:aws:cloudtrail:ap-southeast-7:<SANDBOX_ACCOUNT_ID>:trail/range-trail;cloudtrail_cloudwatch_logging_enabled;False;range-trail;FedRamp-Moderate-Revision-4;FedRAMP Moderate Revision 4;
aws;The Federal Risk and Authorization Management Program (FedRAMP) was established in 2011. It provides a cost-effective, risk-based approach for the adoption and use of cloud services by the U.S. federal government. FedRAMP empowers federal agencies to use modern cloud technologies, with an emphasis on the security and protection of federal information.;<SANDBOX_ACCOUNT_ID>;ap-southeast-7;2026-08-19 02:30:11.271115;au-2-a-d;The organization: a. Determines that the information system is capable of auditing the following events: Successful and unsuccessful account logon events, account management events, object access, policy change, privilege functions, process tracking, and system events. For Web applications: all administrator activity, authentication checks, authorization checks, data deletions, data access, data changes, and permission changes. d. Determines that the following events are to be audited within the information system: [organization-defined subset of the auditable events defined in AU-2 a to be audited continually for each identified event].;Audit and Accountability (AU);Audit Events (AU-2);;aws;;PASS;Multiregion trail range-trail has been logging in the last 24h.;arn:aws:cloudtrail:ap-southeast-7:<SANDBOX_ACCOUNT_ID>:trail/range-trail;cloudtrail_cloudwatch_logging_enabled;False;range-trail;FedRamp-Moderate-Revision-4;FedRAMP Moderate Revision 4;
aws;The Federal Risk and Authorization Management Program (FedRAMP) was established in 2011. It provides a cost-effective, risk-based approach for the adoption and use of cloud services by the U.S. federal government. FedRAMP empowers federal agencies to use modern cloud technologies, with an emphasis on the security and protection of federal information.;<SANDBOX_ACCOUNT_ID>;ap-southeast-7;2026-08-19 02:30:11.271115;au-3;The information system generates audit records containing information that establishes what type of event occurred, when the event occurred, where the event occurred, the source of the event, the outcome of the event, and the identity of any individuals or subjects associated with the event.;Audit and Accountability (AU);;;aws;;PASS;Multiregion trail range-trail has been logging in the last 24h.;arn:aws:cloudtrail:ap-southeast-7:<SANDBOX_ACCOUNT_ID>:trail/range-trail;cloudtrail_cloudwatch_logging_enabled;False;range-trail;FedRamp-Moderate-Revision-4;FedRAMP Moderate Revision 4;
aws;The Federal Risk and Authorization Management Program (FedRAMP) was established in 2011. It provides a cost-effective, risk-based approach for the adoption and use of cloud services by the U.S. federal government. FedRAMP empowers federal agencies to use modern cloud technologies, with an emphasis on the security and protection of federal information.;<SANDBOX_ACCOUNT_ID>;ap-southeast-7;2026-08-19 02:30:11.271115;au-6-1-3;(1) The organization employs automated mechanisms to integrate audit review, analysis, and reporting processes to support organizational processes for investigation and response to suspicious activities. (3) The organization analyzes and correlates audit records across different repositories to gain organization-wide situational awareness.;Audit and Accountability (AU);Audit Review, Analysis And Reporting (AU-6);;aws;;PASS;Multiregion trail range-trail has been logging in the last 24h.;arn:aws:cloudtrail:ap-southeast-7:<SANDBOX_ACCOUNT_ID>:trail/range-trail;cloudtrail_cloudwatch_logging_enabled;False;range-trail;FedRamp-Moderate-Revision-4;FedRAMP Moderate Revision 4;
aws;The Federal Risk and Authorization Management Program (FedRAMP) was established in 2011. It provides a cost-effective, risk-based approach for the adoption and use of cloud services by the U.S. federal government. FedRAMP empowers federal agencies to use modern cloud technologies, with an emphasis on the security and protection of federal information.;<SANDBOX_ACCOUNT_ID>;ap-southeast-7;2026-08-19 02:30:11.271115;au-7-1;The information system provides the capability to process audit records for events of interest based on [Assignment: organization-defined audit fields within audit records].;Audit and Accountability (AU);Audit Reduction And Report Generation (AU-7);;aws;;PASS;Multiregion trail range-trail has been logging in the last 24h.;arn:aws:cloudtrail:ap-southeast-7:<SANDBOX_ACCOUNT_ID>:trail/range-trail;cloudtrail_cloudwatch_logging_enabled;False;range-trail;FedRamp-Moderate-Revision-4;FedRAMP Moderate Revision 4;
aws;The Federal Risk and Authorization Management Program (FedRAMP) was established in 2011. It provides a cost-effective, risk-based approach for the adoption and use of cloud services by the U.S. federal government. FedRAMP empowers federal agencies to use modern cloud technologies, with an emphasis on the security and protection of federal information.;<SANDBOX_ACCOUNT_ID>;ap-southeast-7;2026-08-19 02:30:11.271115;au-12-a-c;The information system: a. Provides audit record generation capability for the auditable events defined in AU-2 a. at all information system and network components where audit capability is deployed/available c. Generates audit records for the events defined in AU-2 d. with the content defined in AU-3.;Audit and Accountability (AU);Audit Generation (AU-12);;aws;;PASS;Multiregion trail range-trail has been logging in the last 24h.;arn:aws:cloudtrail:ap-southeast-7:<SANDBOX_ACCOUNT_ID>:trail/range-trail;cloudtrail_cloudwatch_logging_enabled;False;range-trail;FedRamp-Moderate-Revision-4;FedRAMP Moderate Revision 4;
aws;The Federal Risk and Authorization Management Program (FedRAMP) was established in 2011. It provides a cost-effective, risk-based approach for the adoption and use of cloud services by the U.S. federal government. FedRAMP empowers federal agencies to use modern cloud technologies, with an emphasis on the security and protection of federal information.;<SANDBOX_ACCOUNT_ID>;ap-southeast-7;2026-08-19 02:30:11.271115;si-4-a-b-c;"The organization: a. Monitors the information system to detect: 1. Attacks and indicators of potential attacks in accordance with [Assignment: organization- defined monitoring objectives]; and 2. Unauthorized local, network, and remote connections; b. Identifies unauthorized use of the information system through [Assignment: organization- defined techniques and methods]; c. Deploys monitoring devices: i. strategically within the information system to collect organization-determined essential information; and (ii) at ad hoc locations within the system to track specific types of transactions of interest to the organization.";System and Information Integrity (SI);Information System Monitoring (SI-4);;aws;;PASS;Multiregion trail range-trail has been logging in the last 24h.;arn:aws:cloudtrail:ap-southeast-7:<SANDBOX_ACCOUNT_ID>:trail/range-trail;cloudtrail_cloudwatch_logging_enabled;False;range-trail;FedRamp-Moderate-Revision-4;FedRAMP Moderate Revision 4;
aws;The Federal Risk and Authorization Management Program (FedRAMP) was established in 2011. It provides a cost-effective, risk-based approach for the adoption and use of cloud services by the U.S. federal government. FedRAMP empowers federal agencies to use modern cloud technologies, with an emphasis on the security and protection of federal information.;<SANDBOX_ACCOUNT_ID>;ap-southeast-7;2026-08-19 02:30:11.271115;au-9;The information system protects audit information and audit tools from unauthorized access, modification, and deletion.;Audit and Accountability (AU);;;aws;;FAIL;Multiregion trail lz-org-trail has encryption disabled.;arn:aws:cloudtrail:ap-southeast-7:<MANAGEMENT_ACCOUNT_ID>:trail/lz-org-trail;cloudtrail_kms_encryption_enabled;False;lz-org-trail;FedRamp-Moderate-Revision-4;FedRAMP Moderate Revision 4;
aws;The Federal Risk and Authorization Management Program (FedRAMP) was established in 2011. It provides a cost-effective, risk-based approach for the adoption and use of cloud services by the U.S. federal government. FedRAMP empowers federal agencies to use modern cloud technologies, with an emphasis on the security and protection of federal information.;<SANDBOX_ACCOUNT_ID>;ap-southeast-7;2026-08-19 02:30:11.271115;sc-28;The information system protects the confidentiality AND integrity of [Assignment: organization-defined information at rest].;System and Communications Protection (SC);;;aws;;FAIL;Multiregion trail lz-org-trail has encryption disabled.;arn:aws:cloudtrail:ap-southeast-7:<MANAGEMENT_ACCOUNT_ID>:trail/lz-org-trail;cloudtrail_kms_encryption_enabled;False;lz-org-trail;FedRamp-Moderate-Revision-4;FedRAMP Moderate Revision 4;
aws;The Federal Risk and Authorization Management Program (FedRAMP) was established in 2011. It provides a cost-effective, risk-based approach for the adoption and use of cloud services by the U.S. federal government. FedRAMP empowers federal agencies to use modern cloud technologies, with an emphasis on the security and protection of federal information.;<SANDBOX_ACCOUNT_ID>;ap-southeast-7;2026-08-19 02:30:11.271115;au-9;The information system protects audit information and audit tools from unauthorized access, modification, and deletion.;Audit and Accountability (AU);;;aws;;FAIL;Multiregion trail range-trail has encryption disabled.;arn:aws:cloudtrail:ap-southeast-7:<SANDBOX_ACCOUNT_ID>:trail/range-trail;cloudtrail_kms_encryption_enabled;False;range-trail;FedRamp-Moderate-Revision-4;FedRAMP Moderate Revision 4;
aws;The Federal Risk and Authorization Management Program (FedRAMP) was established in 2011. It provides a cost-effective, risk-based approach for the adoption and use of cloud services by the U.S. federal government. FedRAMP empowers federal agencies to use modern cloud technologies, with an emphasis on the security and protection of federal information.;<SANDBOX_ACCOUNT_ID>;ap-southeast-7;2026-08-19 02:30:11.271115;sc-28;The information system protects the confidentiality AND integrity of [Assignment: organization-defined information at rest].;System and Communications Protection (SC);;;aws;;FAIL;Multiregion trail range-trail has encryption disabled.;arn:aws:cloudtrail:ap-southeast-7:<SANDBOX_ACCOUNT_ID>:trail/range-trail;cloudtrail_kms_encryption_enabled;False;range-trail;FedRamp-Moderate-Revision-4;FedRAMP Moderate Revision 4;
aws;The Federal Risk and Authorization Management Program (FedRAMP) was established in 2011. It provides a cost-effective, risk-based approach for the adoption and use of cloud services by the U.S. federal government. FedRAMP empowers federal agencies to use modern cloud technologies, with an emphasis on the security and protection of federal information.;<SANDBOX_ACCOUNT_ID>;ap-southeast-7;2026-08-19 02:30:11.271115;au-9;The information system protects audit information and audit tools from unauthorized access, modification, and deletion.;Audit and Accountability (AU);;;aws;;PASS;Multiregion trail lz-org-trail has log file validation enabled.;arn:aws:cloudtrail:ap-southeast-7:<MANAGEMENT_ACCOUNT_ID>:trail/lz-org-trail;cloudtrail_log_file_validation_enabled;False;lz-org-trail;FedRamp-Moderate-Revision-4;FedRAMP Moderate Revision 4;
aws;The Federal Risk and Authorization Management Program (FedRAMP) was established in 2011. It provides a cost-effective, risk-based approach for the adoption and use of cloud services by the U.S. federal government. FedRAMP empowers federal agencies to use modern cloud technologies, with an emphasis on the security and protection of federal information.;<SANDBOX_ACCOUNT_ID>;ap-southeast-7;2026-08-19 02:30:11.271115;si-7-1;The information system performs an integrity check of security relevant events at least monthly.;System and Information Integrity (SI);Software, Firmware, and Information Integrity (SI-7);;aws;;PASS;Multiregion trail lz-org-trail has log file validation enabled.;arn:aws:cloudtrail:ap-southeast-7:<MANAGEMENT_ACCOUNT_ID>:trail/lz-org-trail;cloudtrail_log_file_validation_enabled;False;lz-org-trail;FedRamp-Moderate-Revision-4;FedRAMP Moderate Revision 4;
aws;The Federal Risk and Authorization Management Program (FedRAMP) was established in 2011. It provides a cost-effective, risk-based approach for the adoption and use of cloud services by the U.S. federal government. FedRAMP empowers federal agencies to use modern cloud technologies, with an emphasis on the security and protection of federal information.;<SANDBOX_ACCOUNT_ID>;ap-southeast-7;2026-08-19 02:30:11.271115;si-7;The organization employs integrity verification tools to detect unauthorized changes to [Assignment: organization-defined software, firmware, and information].;System and Information Integrity (SI);;;aws;;PASS;Multiregion trail lz-org-trail has log file validation enabled.;arn:aws:cloudtrail:ap-southeast-7:<MANAGEMENT_ACCOUNT_ID>:trail/lz-org-trail;cloudtrail_log_file_validation_enabled;False;lz-org-trail;FedRamp-Moderate-Revision-4;FedRAMP Moderate Revision 4;
aws;The Federal Risk and Authorization Management Program (FedRAMP) was established in 2011. It provides a cost-effective, risk-based approach for the adoption and use of cloud services by the U.S. federal government. FedRAMP empowers federal agencies to use modern cloud technologies, with an emphasis on the security and protection of federal information.;<SANDBOX_ACCOUNT_ID>;ap-southeast-7;2026-08-19 02:30:11.271115;au-9;The information system protects audit information and audit tools from unauthorized access, modification, and deletion.;Audit and Accountability (AU);;;aws;;PASS;Multiregion trail range-trail has log file validation enabled.;arn:aws:cloudtrail:ap-southeast-7:<SANDBOX_ACCOUNT_ID>:trail/range-trail;cloudtrail_log_file_validation_enabled;False;range-trail;FedRamp-Moderate-Revision-4;FedRAMP Moderate Revision 4;
aws;The Federal Risk and Authorization Management Program (FedRAMP) was established in 2011. It provides a cost-effective, risk-based approach for the adoption and use of cloud services by the U.S. federal government. FedRAMP empowers federal agencies to use modern cloud technologies, with an emphasis on the security and protection of federal information.;<SANDBOX_ACCOUNT_ID>;ap-southeast-7;2026-08-19 02:30:11.271115;si-7-1;The information system performs an integrity check of security relevant events at least monthly.;System and Information Integrity (SI);Software, Firmware, and Information Integrity (SI-7);;aws;;PASS;Multiregion trail range-trail has log file validation enabled.;arn:aws:cloudtrail:ap-southeast-7:<SANDBOX_ACCOUNT_ID>:trail/range-trail;cloudtrail_log_file_validation_enabled;False;range-trail;FedRamp-Moderate-Revision-4;FedRAMP Moderate Revision 4;
aws;The Federal Risk and Authorization Management Program (FedRAMP) was established in 2011. It provides a cost-effective, risk-based approach for the adoption and use of cloud services by the U.S. federal government. FedRAMP empowers federal agencies to use modern cloud technologies, with an emphasis on the security and protection of federal information.;<SANDBOX_ACCOUNT_ID>;ap-southeast-7;2026-08-19 02:30:11.271115;si-7;The organization employs integrity verification tools to detect unauthorized changes to [Assignment: organization-defined software, firmware, and information].;System and Information Integrity (SI);;;aws;;PASS;Multiregion trail range-trail has log file validation enabled.;arn:aws:cloudtrail:ap-southeast-7:<SANDBOX_ACCOUNT_ID>:trail/range-trail;cloudtrail_log_file_validation_enabled;False;range-trail;FedRamp-Moderate-Revision-4;FedRAMP Moderate Revision 4;
aws;The Federal Risk and Authorization Management Program (FedRAMP) was established in 2011. It provides a cost-effective, risk-based approach for the adoption and use of cloud services by the U.S. federal government. FedRAMP empowers federal agencies to use modern cloud technologies, with an emphasis on the security and protection of federal information.;<SANDBOX_ACCOUNT_ID>;ap-southeast-7;2026-08-19 02:30:11.271115;ac-2-4;The information system automatically audits account creation, modification, enabling, disabling, and removal actions, and notifies [Assignment: organization-defined personnel or roles].;Access Control (AC);Account Management (AC-2);;aws;;PASS;Trail lz-org-trail is multiregion and it is logging.;arn:aws:cloudtrail:ap-southeast-7:<MANAGEMENT_ACCOUNT_ID>:trail/lz-org-trail;cloudtrail_multi_region_enabled;False;lz-org-trail;FedRamp-Moderate-Revision-4;FedRAMP Moderate Revision 4;
aws;The Federal Risk and Authorization Management Program (FedRAMP) was established in 2011. It provides a cost-effective, risk-based approach for the adoption and use of cloud services by the U.S. federal government. FedRAMP empowers federal agencies to use modern cloud technologies, with an emphasis on the security and protection of federal information.;<SANDBOX_ACCOUNT_ID>;ap-southeast-7;2026-08-19 02:30:11.271115;ac-2-g;The organization: g. Monitors the use of information system accounts.;Access Control (AC);Account Management (AC-2);;aws;;PASS;Trail lz-org-trail is multiregion and it is logging.;arn:aws:cloudtrail:ap-southeast-7:<MANAGEMENT_ACCOUNT_ID>:trail/lz-org-trail;cloudtrail_multi_region_enabled;False;lz-org-trail;FedRamp-Moderate-Revision-4;FedRAMP Moderate Revision 4;
aws;The Federal Risk and Authorization Management Program (FedRAMP) was established in 2011. It provides a cost-effective, risk-based approach for the adoption and use of cloud services by the U.S. federal government. FedRAMP empowers federal agencies to use modern cloud technologies, with an emphasis on the security and protection of federal information.;<SANDBOX_ACCOUNT_ID>;ap-southeast-7;2026-08-19 02:30:11.271115;au-2-a-d;The organization: a. Determines that the information system is capable of auditing the following events: Successful and unsuccessful account logon events, account management events, object access, policy change, privilege functions, process tracking, and system events. For Web applications: all administrator activity, authentication checks, authorization checks, data deletions, data access, data changes, and permission changes. d. Determines that the following events are to be audited within the information system: [organization-defined subset of the auditable events defined in AU-2 a to be audited continually for each identified event].;Audit and Accountability (AU);Audit Events (AU-2);;aws;;PASS;Trail lz-org-trail is multiregion and it is logging.;arn:aws:cloudtrail:ap-southeast-7:<MANAGEMENT_ACCOUNT_ID>:trail/lz-org-trail;cloudtrail_multi_region_enabled;False;lz-org-trail;FedRamp-Moderate-Revision-4;FedRAMP Moderate Revision 4;
aws;The Federal Risk and Authorization Management Program (FedRAMP) was established in 2011. It provides a cost-effective, risk-based approach for the adoption and use of cloud services by the U.S. federal government. FedRAMP empowers federal agencies to use modern cloud technologies, with an emphasis on the security and protection of federal information.;<SANDBOX_ACCOUNT_ID>;ap-southeast-7;2026-08-19 02:30:11.271115;au-3;The information system generates audit records containing information that establishes what type of event occurred, when the event occurred, where the event occurred, the source of the event, the outcome of the event, and the identity of any individuals or subjects associated with the event.;Audit and Accountability (AU);;;aws;;PASS;Trail lz-org-trail is multiregion and it is logging.;arn:aws:cloudtrail:ap-southeast-7:<MANAGEMENT_ACCOUNT_ID>:trail/lz-org-trail;cloudtrail_multi_region_enabled;False;lz-org-trail;FedRamp-Moderate-Revision-4;FedRAMP Moderate Revision 4;
aws;The Federal Risk and Authorization Management Program (FedRAMP) was established in 2011. It provides a cost-effective, risk-based approach for the adoption and use of cloud services by the U.S. federal government. FedRAMP empowers federal agencies to use modern cloud technologies, with an emphasis on the security and protection of federal information.;<SANDBOX_ACCOUNT_ID>;ap-southeast-7;2026-08-19 02:30:11.271115;au-6-1-3;(1) The organization employs automated mechanisms to integrate audit review, analysis, and reporting processes to support organizational processes for investigation and response to suspicious activities. (3) The organization analyzes and correlates audit records across different repositories to gain organization-wide situational awareness.;Audit and Accountability (AU);Audit Review, Analysis And Reporting (AU-6);;aws;;PASS;Trail lz-org-trail is multiregion and it is logging.;arn:aws:cloudtrail:ap-southeast-7:<MANAGEMENT_ACCOUNT_ID>:trail/lz-org-trail;cloudtrail_multi_region_enabled;False;lz-org-trail;FedRamp-Moderate-Revision-4;FedRAMP Moderate Revision 4;
aws;The Federal Risk and Authorization Management Program (FedRAMP) was established in 2011. It provides a cost-effective, risk-based approach for the adoption and use of cloud services by the U.S. federal government. FedRAMP empowers federal agencies to use modern cloud technologies, with an emphasis on the security and protection of federal information.;<SANDBOX_ACCOUNT_ID>;ap-southeast-7;2026-08-19 02:30:11.271115;au-12-a-c;The information system: a. Provides audit record generation capability for the auditable events defined in AU-2 a. at all information system and network components where audit capability is deployed/available c. Generates audit records for the events defined in AU-2 d. with the content defined in AU-3.;Audit and Accountability (AU);Audit Generation (AU-12);;aws;;PASS;Trail lz-org-trail is multiregion and it is logging.;arn:aws:cloudtrail:ap-southeast-7:<MANAGEMENT_ACCOUNT_ID>:trail/lz-org-trail;cloudtrail_multi_region_enabled;False;lz-org-trail;FedRamp-Moderate-Revision-4;FedRAMP Moderate Revision 4;
aws;The Federal Risk and Authorization Management Program (FedRAMP) was established in 2011. It provides a cost-effective, risk-based approach for the adoption and use of cloud services by the U.S. federal government. FedRAMP empowers federal agencies to use modern cloud technologies, with an emphasis on the security and protection of federal information.;<SANDBOX_ACCOUNT_ID>;ap-southeast-7;2026-08-19 02:30:11.271115;ca-7-a-b;"The organization develops a continuous monitoring strategy and implements a continuous monitoring program that includes: a. Establishment of [Assignment: organization-defined metrics] to be monitored; b. Establishment of [Assignment: organization-defined frequencies] for monitoring and [Assignment: organization-defined frequencies] for assessments supporting such monitoring.";Security Assessment And Authorization (CA);Continuous Monitoring (CA-7);;aws;;PASS;Trail lz-org-trail is multiregion and it is logging.;arn:aws:cloudtrail:ap-southeast-7:<MANAGEMENT_ACCOUNT_ID>:trail/lz-org-trail;cloudtrail_multi_region_enabled;False;lz-org-trail;FedRamp-Moderate-Revision-4;FedRAMP Moderate Revision 4;
aws;The Federal Risk and Authorization Management Program (FedRAMP) was established in 2011. It provides a cost-effective, risk-based approach for the adoption and use of cloud services by the U.S. federal government. FedRAMP empowers federal agencies to use modern cloud technologies, with an emphasis on the security and protection of federal information.;<SANDBOX_ACCOUNT_ID>;ap-southeast-7;2026-08-19 02:30:11.271115;si-4-16;The organization correlates information from monitoring tools employed throughout the information system.;System and Information Integrity (SI);Information System Monitoring (SI-4);;aws;;PASS;Trail lz-org-trail is multiregion and it is logging.;arn:aws:cloudtrail:ap-southeast-7:<MANAGEMENT_ACCOUNT_ID>:trail/lz-org-trail;cloudtrail_multi_region_enabled;False;lz-org-trail;FedRamp-Moderate-Revision-4;FedRAMP Moderate Revision 4;
aws;The Federal Risk and Authorization Management Program (FedRAMP) was established in 2011. It provides a cost-effective, risk-based approach for the adoption and use of cloud services by the U.S. federal government. FedRAMP empowers federal agencies to use modern cloud technologies, with an emphasis on the security and protection of federal information.;<SANDBOX_ACCOUNT_ID>;ap-southeast-7;2026-08-19 02:30:11.271115;si-4-2;The organization employs automated tools to support near real-time analysis of events.;System and Information Integrity (SI);Information System Monitoring (SI-4);;aws;;PASS;Trail lz-org-trail is multiregion and it is logging.;arn:aws:cloudtrail:ap-southeast-7:<MANAGEMENT_ACCOUNT_ID>:trail/lz-org-trail;cloudtrail_multi_region_enabled;False;lz-org-trail;FedRamp-Moderate-Revision-4;FedRAMP Moderate Revision 4;
aws;The Federal Risk and Authorization Management Program (FedRAMP) was established in 2011. It provides a cost-effective, risk-based approach for the adoption and use of cloud services by the U.S. federal government. FedRAMP empowers federal agencies to use modern cloud technologies, with an emphasis on the security and protection of federal information.;<SANDBOX_ACCOUNT_ID>;ap-southeast-7;2026-08-19 02:30:11.271115;si-4-4;The information system monitors inbound and outbound communications traffic continuously for unusual or unauthorized activities or conditions.;System and Information Integrity (SI);Information System Monitoring (SI-4);;aws;;PASS;Trail lz-org-trail is multiregion and it is logging.;arn:aws:cloudtrail:ap-southeast-7:<MANAGEMENT_ACCOUNT_ID>:trail/lz-org-trail;cloudtrail_multi_region_enabled;False;lz-org-trail;FedRamp-Moderate-Revision-4;FedRAMP Moderate Revision 4;
aws;The Federal Risk and Authorization Management Program (FedRAMP) was established in 2011. It provides a cost-effective, risk-based approach for the adoption and use of cloud services by the U.S. federal government. FedRAMP empowers federal agencies to use modern cloud technologies, with an emphasis on the security and protection of federal information.;<SANDBOX_ACCOUNT_ID>;ap-southeast-7;2026-08-19 02:30:11.271115;si-4-5;The information system alerts organization-defined personnel or roles when the following indications of compromise or potential compromise occur: [Assignment: organization-defined compromise indicators].;System and Information Integrity (SI);Information System Monitoring (SI-4);;aws;;PASS;Trail lz-org-trail is multiregion and it is logging.;arn:aws:cloudtrail:ap-southeast-7:<MANAGEMENT_ACCOUNT_ID>:trail/lz-org-trail;cloudtrail_multi_region_enabled;False;lz-org-trail;FedRamp-Moderate-Revision-4;FedRAMP Moderate Revision 4;
aws;The Federal Risk and Authorization Management Program (FedRAMP) was established in 2011. It provides a cost-effective, risk-based approach for the adoption and use of cloud services by the U.S. federal government. FedRAMP empowers federal agencies to use modern cloud technologies, with an emphasis on the security and protection of federal information.;<SANDBOX_ACCOUNT_ID>;ap-southeast-7;2026-08-19 02:30:11.271115;ac-2-4;The information system automatically audits account creation, modification, enabling, disabling, and removal actions, and notifies [Assignment: organization-defined personnel or roles].;Access Control (AC);Account Management (AC-2);;aws;;FAIL;No CloudTrail trails have a data event to record all S3 object-level API operations.;arn:aws:cloudtrail:ap-southeast-7:<SANDBOX_ACCOUNT_ID>:trail;cloudtrail_s3_dataevents_read_enabled;False;<SANDBOX_ACCOUNT_ID>;FedRamp-Moderate-Revision-4;FedRAMP Moderate Revision 4;
aws;The Federal Risk and Authorization Management Program (FedRAMP) was established in 2011. It provides a cost-effective, risk-based approach for the adoption and use of cloud services by the U.S. federal government. FedRAMP empowers federal agencies to use modern cloud technologies, with an emphasis on the security and protection of federal information.;<SANDBOX_ACCOUNT_ID>;ap-southeast-7;2026-08-19 02:30:11.271115;ac-2-g;The organization: g. Monitors the use of information system accounts.;Access Control (AC);Account Management (AC-2);;aws;;FAIL;No CloudTrail trails have a data event to record all S3 object-level API operations.;arn:aws:cloudtrail:ap-southeast-7:<SANDBOX_ACCOUNT_ID>:trail;cloudtrail_s3_dataevents_read_enabled;False;<SANDBOX_ACCOUNT_ID>;FedRamp-Moderate-Revision-4;FedRAMP Moderate Revision 4;
aws;The Federal Risk and Authorization Management Program (FedRAMP) was established in 2011. It provides a cost-effective, risk-based approach for the adoption and use of cloud services by the U.S. federal government. FedRAMP empowers federal agencies to use modern cloud technologies, with an emphasis on the security and protection of federal information.;<SANDBOX_ACCOUNT_ID>;ap-southeast-7;2026-08-19 02:30:11.271115;au-2-a-d;The organization: a. Determines that the information system is capable of auditing the following events: Successful and unsuccessful account logon events, account management events, object access, policy change, privilege functions, process tracking, and system events. For Web applications: all administrator activity, authentication checks, authorization checks, data deletions, data access, data changes, and permission changes. d. Determines that the following events are to be audited within the information system: [organization-defined subset of the auditable events defined in AU-2 a to be audited continually for each identified event].;Audit and Accountability (AU);Audit Events (AU-2);;aws;;FAIL;No CloudTrail trails have a data event to record all S3 object-level API operations.;arn:aws:cloudtrail:ap-southeast-7:<SANDBOX_ACCOUNT_ID>:trail;cloudtrail_s3_dataevents_read_enabled;False;<SANDBOX_ACCOUNT_ID>;FedRamp-Moderate-Revision-4;FedRAMP Moderate Revision 4;
aws;The Federal Risk and Authorization Management Program (FedRAMP) was established in 2011. It provides a cost-effective, risk-based approach for the adoption and use of cloud services by the U.S. federal government. FedRAMP empowers federal agencies to use modern cloud technologies, with an emphasis on the security and protection of federal information.;<SANDBOX_ACCOUNT_ID>;ap-southeast-7;2026-08-19 02:30:11.271115;au-3;The information system generates audit records containing information that establishes what type of event occurred, when the event occurred, where the event occurred, the source of the event, the outcome of the event, and the identity of any individuals or subjects associated with the event.;Audit and Accountability (AU);;;aws;;FAIL;No CloudTrail trails have a data event to record all S3 object-level API operations.;arn:aws:cloudtrail:ap-southeast-7:<SANDBOX_ACCOUNT_ID>:trail;cloudtrail_s3_dataevents_read_enabled;False;<SANDBOX_ACCOUNT_ID>;FedRamp-Moderate-Revision-4;FedRAMP Moderate Revision 4;
aws;The Federal Risk and Authorization Management Program (FedRAMP) was established in 2011. It provides a cost-effective, risk-based approach for the adoption and use of cloud services by the U.S. federal government. FedRAMP empowers federal agencies to use modern cloud technologies, with an emphasis on the security and protection of federal information.;<SANDBOX_ACCOUNT_ID>;ap-southeast-7;2026-08-19 02:30:11.271115;au-6-1-3;(1) The organization employs automated mechanisms to integrate audit review, analysis, and reporting processes to support organizational processes for investigation and response to suspicious activities. (3) The organization analyzes and correlates audit records across different repositories to gain organization-wide situational awareness.;Audit and Accountability (AU);Audit Review, Analysis And Reporting (AU-6);;aws;;FAIL;No CloudTrail trails have a data event to record all S3 object-level API operations.;arn:aws:cloudtrail:ap-southeast-7:<SANDBOX_ACCOUNT_ID>:trail;cloudtrail_s3_dataevents_read_enabled;False;<SANDBOX_ACCOUNT_ID>;FedRamp-Moderate-Revision-4;FedRAMP Moderate Revision 4;
aws;The Federal Risk and Authorization Management Program (FedRAMP) was established in 2011. It provides a cost-effective, risk-based approach for the adoption and use of cloud services by the U.S. federal government. FedRAMP empowers federal agencies to use modern cloud technologies, with an emphasis on the security and protection of federal information.;<SANDBOX_ACCOUNT_ID>;ap-southeast-7;2026-08-19 02:30:11.271115;au-12-a-c;The information system: a. Provides audit record generation capability for the auditable events defined in AU-2 a. at all information system and network components where audit capability is deployed/available c. Generates audit records for the events defined in AU-2 d. with the content defined in AU-3.;Audit and Accountability (AU);Audit Generation (AU-12);;aws;;FAIL;No CloudTrail trails have a data event to record all S3 object-level API operations.;arn:aws:cloudtrail:ap-southeast-7:<SANDBOX_ACCOUNT_ID>:trail;cloudtrail_s3_dataevents_read_enabled;False;<SANDBOX_ACCOUNT_ID>;FedRamp-Moderate-Revision-4;FedRAMP Moderate Revision 4;
aws;The Federal Risk and Authorization Management Program (FedRAMP) was established in 2011. It provides a cost-effective, risk-based approach for the adoption and use of cloud services by the U.S. federal government. FedRAMP empowers federal agencies to use modern cloud technologies, with an emphasis on the security and protection of federal information.;<SANDBOX_ACCOUNT_ID>;ap-southeast-7;2026-08-19 02:30:11.271115;ca-7-a-b;"The organization develops a continuous monitoring strategy and implements a continuous monitoring program that includes: a. Establishment of [Assignment: organization-defined metrics] to be monitored; b. Establishment of [Assignment: organization-defined frequencies] for monitoring and [Assignment: organization-defined frequencies] for assessments supporting such monitoring.";Security Assessment And Authorization (CA);Continuous Monitoring (CA-7);;aws;;FAIL;No CloudTrail trails have a data event to record all S3 object-level API operations.;arn:aws:cloudtrail:ap-southeast-7:<SANDBOX_ACCOUNT_ID>:trail;cloudtrail_s3_dataevents_read_enabled;False;<SANDBOX_ACCOUNT_ID>;FedRamp-Moderate-Revision-4;FedRAMP Moderate Revision 4;
aws;The Federal Risk and Authorization Management Program (FedRAMP) was established in 2011. It provides a cost-effective, risk-based approach for the adoption and use of cloud services by the U.S. federal government. FedRAMP empowers federal agencies to use modern cloud technologies, with an emphasis on the security and protection of federal information.;<SANDBOX_ACCOUNT_ID>;ap-southeast-7;2026-08-19 02:30:11.271115;si-4-16;The organization correlates information from monitoring tools employed throughout the information system.;System and Information Integrity (SI);Information System Monitoring (SI-4);;aws;;FAIL;No CloudTrail trails have a data event to record all S3 object-level API operations.;arn:aws:cloudtrail:ap-southeast-7:<SANDBOX_ACCOUNT_ID>:trail;cloudtrail_s3_dataevents_read_enabled;False;<SANDBOX_ACCOUNT_ID>;FedRamp-Moderate-Revision-4;FedRAMP Moderate Revision 4;
aws;The Federal Risk and Authorization Management Program (FedRAMP) was established in 2011. It provides a cost-effective, risk-based approach for the adoption and use of cloud services by the U.S. federal government. FedRAMP empowers federal agencies to use modern cloud technologies, with an emphasis on the security and protection of federal information.;<SANDBOX_ACCOUNT_ID>;ap-southeast-7;2026-08-19 02:30:11.271115;si-4-2;The organization employs automated tools to support near real-time analysis of events.;System and Information Integrity (SI);Information System Monitoring (SI-4);;aws;;FAIL;No CloudTrail trails have a data event to record all S3 object-level API operations.;arn:aws:cloudtrail:ap-southeast-7:<SANDBOX_ACCOUNT_ID>:trail;cloudtrail_s3_dataevents_read_enabled;False;<SANDBOX_ACCOUNT_ID>;FedRamp-Moderate-Revision-4;FedRAMP Moderate Revision 4;
aws;The Federal Risk and Authorization Management Program (FedRAMP) was established in 2011. It provides a cost-effective, risk-based approach for the adoption and use of cloud services by the U.S. federal government. FedRAMP empowers federal agencies to use modern cloud technologies, with an emphasis on the security and protection of federal information.;<SANDBOX_ACCOUNT_ID>;ap-southeast-7;2026-08-19 02:30:11.271115;si-4-4;The information system monitors inbound and outbound communications traffic continuously for unusual or unauthorized activities or conditions.;System and Information Integrity (SI);Information System Monitoring (SI-4);;aws;;FAIL;No CloudTrail trails have a data event to record all S3 object-level API operations.;arn:aws:cloudtrail:ap-southeast-7:<SANDBOX_ACCOUNT_ID>:trail;cloudtrail_s3_dataevents_read_enabled;False;<SANDBOX_ACCOUNT_ID>;FedRamp-Moderate-Revision-4;FedRAMP Moderate Revision 4;
aws;The Federal Risk and Authorization Management Program (FedRAMP) was established in 2011. It provides a cost-effective, risk-based approach for the adoption and use of cloud services by the U.S. federal government. FedRAMP empowers federal agencies to use modern cloud technologies, with an emphasis on the security and protection of federal information.;<SANDBOX_ACCOUNT_ID>;ap-southeast-7;2026-08-19 02:30:11.271115;si-4-5;The information system alerts organization-defined personnel or roles when the following indications of compromise or potential compromise occur: [Assignment: organization-defined compromise indicators].;System and Information Integrity (SI);Information System Monitoring (SI-4);;aws;;FAIL;No CloudTrail trails have a data event to record all S3 object-level API operations.;arn:aws:cloudtrail:ap-southeast-7:<SANDBOX_ACCOUNT_ID>:trail;cloudtrail_s3_dataevents_read_enabled;False;<SANDBOX_ACCOUNT_ID>;FedRamp-Moderate-Revision-4;FedRAMP Moderate Revision 4;
aws;The Federal Risk and Authorization Management Program (FedRAMP) was established in 2011. It provides a cost-effective, risk-based approach for the adoption and use of cloud services by the U.S. federal government. FedRAMP empowers federal agencies to use modern cloud technologies, with an emphasis on the security and protection of federal information.;<SANDBOX_ACCOUNT_ID>;ap-southeast-7;2026-08-19 02:30:11.271115;ac-2-4;The information system automatically audits account creation, modification, enabling, disabling, and removal actions, and notifies [Assignment: organization-defined personnel or roles].;Access Control (AC);Account Management (AC-2);;aws;;FAIL;No CloudTrail trails have a data event to record all S3 object-level API operations.;arn:aws:cloudtrail:ap-southeast-7:<SANDBOX_ACCOUNT_ID>:trail;cloudtrail_s3_dataevents_write_enabled;False;<SANDBOX_ACCOUNT_ID>;FedRamp-Moderate-Revision-4;FedRAMP Moderate Revision 4;
aws;The Federal Risk and Authorization Management Program (FedRAMP) was established in 2011. It provides a cost-effective, risk-based approach for the adoption and use of cloud services by the U.S. federal government. FedRAMP empowers federal agencies to use modern cloud technologies, with an emphasis on the security and protection of federal information.;<SANDBOX_ACCOUNT_ID>;ap-southeast-7;2026-08-19 02:30:11.271115;ac-2-g;The organization: g. Monitors the use of information system accounts.;Access Control (AC);Account Management (AC-2);;aws;;FAIL;No CloudTrail trails have a data event to record all S3 object-level API operations.;arn:aws:cloudtrail:ap-southeast-7:<SANDBOX_ACCOUNT_ID>:trail;cloudtrail_s3_dataevents_write_enabled;False;<SANDBOX_ACCOUNT_ID>;FedRamp-Moderate-Revision-4;FedRAMP Moderate Revision 4;
aws;The Federal Risk and Authorization Management Program (FedRAMP) was established in 2011. It provides a cost-effective, risk-based approach for the adoption and use of cloud services by the U.S. federal government. FedRAMP empowers federal agencies to use modern cloud technologies, with an emphasis on the security and protection of federal information.;<SANDBOX_ACCOUNT_ID>;ap-southeast-7;2026-08-19 02:30:11.271115;au-2-a-d;The organization: a. Determines that the information system is capable of auditing the following events: Successful and unsuccessful account logon events, account management events, object access, policy change, privilege functions, process tracking, and system events. For Web applications: all administrator activity, authentication checks, authorization checks, data deletions, data access, data changes, and permission changes. d. Determines that the following events are to be audited within the information system: [organization-defined subset of the auditable events defined in AU-2 a to be audited continually for each identified event].;Audit and Accountability (AU);Audit Events (AU-2);;aws;;FAIL;No CloudTrail trails have a data event to record all S3 object-level API operations.;arn:aws:cloudtrail:ap-southeast-7:<SANDBOX_ACCOUNT_ID>:trail;cloudtrail_s3_dataevents_write_enabled;False;<SANDBOX_ACCOUNT_ID>;FedRamp-Moderate-Revision-4;FedRAMP Moderate Revision 4;
aws;The Federal Risk and Authorization Management Program (FedRAMP) was established in 2011. It provides a cost-effective, risk-based approach for the adoption and use of cloud services by the U.S. federal government. FedRAMP empowers federal agencies to use modern cloud technologies, with an emphasis on the security and protection of federal information.;<SANDBOX_ACCOUNT_ID>;ap-southeast-7;2026-08-19 02:30:11.271115;au-3;The information system generates audit records containing information that establishes what type of event occurred, when the event occurred, where the event occurred, the source of the event, the outcome of the event, and the identity of any individuals or subjects associated with the event.;Audit and Accountability (AU);;;aws;;FAIL;No CloudTrail trails have a data event to record all S3 object-level API operations.;arn:aws:cloudtrail:ap-southeast-7:<SANDBOX_ACCOUNT_ID>:trail;cloudtrail_s3_dataevents_write_enabled;False;<SANDBOX_ACCOUNT_ID>;FedRamp-Moderate-Revision-4;FedRAMP Moderate Revision 4;
aws;The Federal Risk and Authorization Management Program (FedRAMP) was established in 2011. It provides a cost-effective, risk-based approach for the adoption and use of cloud services by the U.S. federal government. FedRAMP empowers federal agencies to use modern cloud technologies, with an emphasis on the security and protection of federal information.;<SANDBOX_ACCOUNT_ID>;ap-southeast-7;2026-08-19 02:30:11.271115;au-6-1-3;(1) The organization employs automated mechanisms to integrate audit review, analysis, and reporting processes to support organizational processes for investigation and response to suspicious activities. (3) The organization analyzes and correlates audit records across different repositories to gain organization-wide situational awareness.;Audit and Accountability (AU);Audit Review, Analysis And Reporting (AU-6);;aws;;FAIL;No CloudTrail trails have a data event to record all S3 object-level API operations.;arn:aws:cloudtrail:ap-southeast-7:<SANDBOX_ACCOUNT_ID>:trail;cloudtrail_s3_dataevents_write_enabled;False;<SANDBOX_ACCOUNT_ID>;FedRamp-Moderate-Revision-4;FedRAMP Moderate Revision 4;
aws;The Federal Risk and Authorization Management Program (FedRAMP) was established in 2011. It provides a cost-effective, risk-based approach for the adoption and use of cloud services by the U.S. federal government. FedRAMP empowers federal agencies to use modern cloud technologies, with an emphasis on the security and protection of federal information.;<SANDBOX_ACCOUNT_ID>;ap-southeast-7;2026-08-19 02:30:11.271115;au-12-a-c;The information system: a. Provides audit record generation capability for the auditable events defined in AU-2 a. at all information system and network components where audit capability is deployed/available c. Generates audit records for the events defined in AU-2 d. with the content defined in AU-3.;Audit and Accountability (AU);Audit Generation (AU-12);;aws;;FAIL;No CloudTrail trails have a data event to record all S3 object-level API operations.;arn:aws:cloudtrail:ap-southeast-7:<SANDBOX_ACCOUNT_ID>:trail;cloudtrail_s3_dataevents_write_enabled;False;<SANDBOX_ACCOUNT_ID>;FedRamp-Moderate-Revision-4;FedRAMP Moderate Revision 4;
aws;The Federal Risk and Authorization Management Program (FedRAMP) was established in 2011. It provides a cost-effective, risk-based approach for the adoption and use of cloud services by the U.S. federal government. FedRAMP empowers federal agencies to use modern cloud technologies, with an emphasis on the security and protection of federal information.;<SANDBOX_ACCOUNT_ID>;ap-southeast-7;2026-08-19 02:30:11.271115;ca-7-a-b;"The organization develops a continuous monitoring strategy and implements a continuous monitoring program that includes: a. Establishment of [Assignment: organization-defined metrics] to be monitored; b. Establishment of [Assignment: organization-defined frequencies] for monitoring and [Assignment: organization-defined frequencies] for assessments supporting such monitoring.";Security Assessment And Authorization (CA);Continuous Monitoring (CA-7);;aws;;FAIL;No CloudTrail trails have a data event to record all S3 object-level API operations.;arn:aws:cloudtrail:ap-southeast-7:<SANDBOX_ACCOUNT_ID>:trail;cloudtrail_s3_dataevents_write_enabled;False;<SANDBOX_ACCOUNT_ID>;FedRamp-Moderate-Revision-4;FedRAMP Moderate Revision 4;
aws;The Federal Risk and Authorization Management Program (FedRAMP) was established in 2011. It provides a cost-effective, risk-based approach for the adoption and use of cloud services by the U.S. federal government. FedRAMP empowers federal agencies to use modern cloud technologies, with an emphasis on the security and protection of federal information.;<SANDBOX_ACCOUNT_ID>;ap-southeast-7;2026-08-19 02:30:11.271115;si-4-16;The organization correlates information from monitoring tools employed throughout the information system.;System and Information Integrity (SI);Information System Monitoring (SI-4);;aws;;FAIL;No CloudTrail trails have a data event to record all S3 object-level API operations.;arn:aws:cloudtrail:ap-southeast-7:<SANDBOX_ACCOUNT_ID>:trail;cloudtrail_s3_dataevents_write_enabled;False;<SANDBOX_ACCOUNT_ID>;FedRamp-Moderate-Revision-4;FedRAMP Moderate Revision 4;
aws;The Federal Risk and Authorization Management Program (FedRAMP) was established in 2011. It provides a cost-effective, risk-based approach for the adoption and use of cloud services by the U.S. federal government. FedRAMP empowers federal agencies to use modern cloud technologies, with an emphasis on the security and protection of federal information.;<SANDBOX_ACCOUNT_ID>;ap-southeast-7;2026-08-19 02:30:11.271115;si-4-2;The organization employs automated tools to support near real-time analysis of events.;System and Information Integrity (SI);Information System Monitoring (SI-4);;aws;;FAIL;No CloudTrail trails have a data event to record all S3 object-level API operations.;arn:aws:cloudtrail:ap-southeast-7:<SANDBOX_ACCOUNT_ID>:trail;cloudtrail_s3_dataevents_write_enabled;False;<SANDBOX_ACCOUNT_ID>;FedRamp-Moderate-Revision-4;FedRAMP Moderate Revision 4;
aws;The Federal Risk and Authorization Management Program (FedRAMP) was established in 2011. It provides a cost-effective, risk-based approach for the adoption and use of cloud services by the U.S. federal government. FedRAMP empowers federal agencies to use modern cloud technologies, with an emphasis on the security and protection of federal information.;<SANDBOX_ACCOUNT_ID>;ap-southeast-7;2026-08-19 02:30:11.271115;si-4-4;The information system monitors inbound and outbound communications traffic continuously for unusual or unauthorized activities or conditions.;System and Information Integrity (SI);Information System Monitoring (SI-4);;aws;;FAIL;No CloudTrail trails have a data event to record all S3 object-level API operations.;arn:aws:cloudtrail:ap-southeast-7:<SANDBOX_ACCOUNT_ID>:trail;cloudtrail_s3_dataevents_write_enabled;False;<SANDBOX_ACCOUNT_ID>;FedRamp-Moderate-Revision-4;FedRAMP Moderate Revision 4;
aws;The Federal Risk and Authorization Management Program (FedRAMP) was established in 2011. It provides a cost-effective, risk-based approach for the adoption and use of cloud services by the U.S. federal government. FedRAMP empowers federal agencies to use modern cloud technologies, with an emphasis on the security and protection of federal information.;<SANDBOX_ACCOUNT_ID>;ap-southeast-7;2026-08-19 02:30:11.271115;si-4-5;The information system alerts organization-defined personnel or roles when the following indications of compromise or potential compromise occur: [Assignment: organization-defined compromise indicators].;System and Information Integrity (SI);Information System Monitoring (SI-4);;aws;;FAIL;No CloudTrail trails have a data event to record all S3 object-level API operations.;arn:aws:cloudtrail:ap-southeast-7:<SANDBOX_ACCOUNT_ID>:trail;cloudtrail_s3_dataevents_write_enabled;False;<SANDBOX_ACCOUNT_ID>;FedRamp-Moderate-Revision-4;FedRAMP Moderate Revision 4;
aws;The Federal Risk and Authorization Management Program (FedRAMP) was established in 2011. It provides a cost-effective, risk-based approach for the adoption and use of cloud services by the U.S. federal government. FedRAMP empowers federal agencies to use modern cloud technologies, with an emphasis on the security and protection of federal information.;<SANDBOX_ACCOUNT_ID>;ap-southeast-7;2026-08-19 02:30:11.271115;ac-2-4;The information system automatically audits account creation, modification, enabling, disabling, and removal actions, and notifies [Assignment: organization-defined personnel or roles].;Access Control (AC);Account Management (AC-2);;aws;;FAIL;No CloudWatch log groups found with metric filters or alarms associated.;arn:aws:logs:ap-southeast-7:<SANDBOX_ACCOUNT_ID>:log-group;cloudwatch_changes_to_network_acls_alarm_configured;False;<SANDBOX_ACCOUNT_ID>;FedRamp-Moderate-Revision-4;FedRAMP Moderate Revision 4;
aws;The Federal Risk and Authorization Management Program (FedRAMP) was established in 2011. It provides a cost-effective, risk-based approach for the adoption and use of cloud services by the U.S. federal government. FedRAMP empowers federal agencies to use modern cloud technologies, with an emphasis on the security and protection of federal information.;<SANDBOX_ACCOUNT_ID>;ap-southeast-7;2026-08-19 02:30:11.271115;au-6-1-3;(1) The organization employs automated mechanisms to integrate audit review, analysis, and reporting processes to support organizational processes for investigation and response to suspicious activities. (3) The organization analyzes and correlates audit records across different repositories to gain organization-wide situational awareness.;Audit and Accountability (AU);Audit Review, Analysis And Reporting (AU-6);;aws;;FAIL;No CloudWatch log groups found with metric filters or alarms associated.;arn:aws:logs:ap-southeast-7:<SANDBOX_ACCOUNT_ID>:log-group;cloudwatch_changes_to_network_acls_alarm_configured;False;<SANDBOX_ACCOUNT_ID>;FedRamp-Moderate-Revision-4;FedRAMP Moderate Revision 4;
aws;The Federal Risk and Authorization Management Program (FedRAMP) was established in 2011. It provides a cost-effective, risk-based approach for the adoption and use of cloud services by the U.S. federal government. FedRAMP empowers federal agencies to use modern cloud technologies, with an emphasis on the security and protection of federal information.;<SANDBOX_ACCOUNT_ID>;ap-southeast-7;2026-08-19 02:30:11.271115;au-7-1;The information system provides the capability to process audit records for events of interest based on [Assignment: organization-defined audit fields within audit records].;Audit and Accountability (AU);Audit Reduction And Report Generation (AU-7);;aws;;FAIL;No CloudWatch log groups found with metric filters or alarms associated.;arn:aws:logs:ap-southeast-7:<SANDBOX_ACCOUNT_ID>:log-group;cloudwatch_changes_to_network_acls_alarm_configured;False;<SANDBOX_ACCOUNT_ID>;FedRamp-Moderate-Revision-4;FedRAMP Moderate Revision 4;
aws;The Federal Risk and Authorization Management Program (FedRAMP) was established in 2011. It provides a cost-effective, risk-based approach for the adoption and use of cloud services by the U.S. federal government. FedRAMP empowers federal agencies to use modern cloud technologies, with an emphasis on the security and protection of federal information.;<SANDBOX_ACCOUNT_ID>;ap-southeast-7;2026-08-19 02:30:11.271115;ca-7-a-b;"The organization develops a continuous monitoring strategy and implements a continuous monitoring program that includes: a. Establishment of [Assignment: organization-defined metrics] to be monitored; b. Establishment of [Assignment: organization-defined frequencies] for monitoring and [Assignment: organization-defined frequencies] for assessments supporting such monitoring.";Security Assessment And Authorization (CA);Continuous Monitoring (CA-7);;aws;;FAIL;No CloudWatch log groups found with metric filters or alarms associated.;arn:aws:logs:ap-southeast-7:<SANDBOX_ACCOUNT_ID>:log-group;cloudwatch_changes_to_network_acls_alarm_configured;False;<SANDBOX_ACCOUNT_ID>;FedRamp-Moderate-Revision-4;FedRAMP Moderate Revision 4;
aws;The Federal Risk and Authorization Management Program (FedRAMP) was established in 2011. It provides a cost-effective, risk-based approach for the adoption and use of cloud services by the U.S. federal government. FedRAMP empowers federal agencies to use modern cloud technologies, with an emphasis on the security and protection of federal information.;<SANDBOX_ACCOUNT_ID>;ap-southeast-7;2026-08-19 02:30:11.271115;ir-4-1;The organization employs automated mechanisms to support the incident handling process.;Incident Response (IR);Incident Handling (IR-4);;aws;;FAIL;No CloudWatch log groups found with metric filters or alarms associated.;arn:aws:logs:ap-southeast-7:<SANDBOX_ACCOUNT_ID>:log-group;cloudwatch_changes_to_network_acls_alarm_configured;False;<SANDBOX_ACCOUNT_ID>;FedRamp-Moderate-Revision-4;FedRAMP Moderate Revision 4;
aws;The Federal Risk and Authorization Management Program (FedRAMP) was established in 2011. It provides a cost-effective, risk-based approach for the adoption and use of cloud services by the U.S. federal government. FedRAMP empowers federal agencies to use modern cloud technologies, with an emphasis on the security and protection of federal information.;<SANDBOX_ACCOUNT_ID>;ap-southeast-7;2026-08-19 02:30:11.271115;ir-4-1;The organization employs automated mechanisms to support the incident handling process.;Incident Response (IR);Incident Handling (IR-4);;aws;;FAIL;No CloudWatch log groups found with metric filters or alarms associated.;arn:aws:logs:ap-southeast-7:<SANDBOX_ACCOUNT_ID>:log-group;cloudwatch_changes_to_network_acls_alarm_configured;False;<SANDBOX_ACCOUNT_ID>;FedRamp-Moderate-Revision-4;FedRAMP Moderate Revision 4;
aws;The Federal Risk and Authorization Management Program (FedRAMP) was established in 2011. It provides a cost-effective, risk-based approach for the adoption and use of cloud services by the U.S. federal government. FedRAMP empowers federal agencies to use modern cloud technologies, with an emphasis on the security and protection of federal information.;<SANDBOX_ACCOUNT_ID>;ap-southeast-7;2026-08-19 02:30:11.271115;si-4-2;The organization employs automated tools to support near real-time analysis of events.;System and Information Integrity (SI);Information System Monitoring (SI-4);;aws;;FAIL;No CloudWatch log groups found with metric filters or alarms associated.;arn:aws:logs:ap-southeast-7:<SANDBOX_ACCOUNT_ID>:log-group;cloudwatch_changes_to_network_acls_alarm_configured;False;<SANDBOX_ACCOUNT_ID>;FedRamp-Moderate-Revision-4;FedRAMP Moderate Revision 4;
aws;The Federal Risk and Authorization Management Program (FedRAMP) was established in 2011. It provides a cost-effective, risk-based approach for the adoption and use of cloud services by the U.S. federal government. FedRAMP empowers federal agencies to use modern cloud technologies, with an emphasis on the security and protection of federal information.;<SANDBOX_ACCOUNT_ID>;ap-southeast-7;2026-08-19 02:30:11.271115;si-4-4;The information system monitors inbound and outbound communications traffic continuously for unusual or unauthorized activities or conditions.;System and Information Integrity (SI);Information System Monitoring (SI-4);;aws;;FAIL;No CloudWatch log groups found with metric filters or alarms associated.;arn:aws:logs:ap-southeast-7:<SANDBOX_ACCOUNT_ID>:log-group;cloudwatch_changes_to_network_acls_alarm_configured;False;<SANDBOX_ACCOUNT_ID>;FedRamp-Moderate-Revision-4;FedRAMP Moderate Revision 4;
aws;The Federal Risk and Authorization Management Program (FedRAMP) was established in 2011. It provides a cost-effective, risk-based approach for the adoption and use of cloud services by the U.S. federal government. FedRAMP empowers federal agencies to use modern cloud technologies, with an emphasis on the security and protection of federal information.;<SANDBOX_ACCOUNT_ID>;ap-southeast-7;2026-08-19 02:30:11.271115;si-4-5;The information system alerts organization-defined personnel or roles when the following indications of compromise or potential compromise occur: [Assignment: organization-defined compromise indicators].;System and Information Integrity (SI);Information System Monitoring (SI-4);;aws;;FAIL;No CloudWatch log groups found with metric filters or alarms associated.;arn:aws:logs:ap-southeast-7:<SANDBOX_ACCOUNT_ID>:log-group;cloudwatch_changes_to_network_acls_alarm_configured;False;<SANDBOX_ACCOUNT_ID>;FedRamp-Moderate-Revision-4;FedRAMP Moderate Revision 4;
aws;The Federal Risk and Authorization Management Program (FedRAMP) was established in 2011. It provides a cost-effective, risk-based approach for the adoption and use of cloud services by the U.S. federal government. FedRAMP empowers federal agencies to use modern cloud technologies, with an emphasis on the security and protection of federal information.;<SANDBOX_ACCOUNT_ID>;ap-southeast-7;2026-08-19 02:30:11.271115;si-4-a-b-c;"The organization: a. Monitors the information system to detect: 1. Attacks and indicators of potential attacks in accordance with [Assignment: organization- defined monitoring objectives]; and 2. Unauthorized local, network, and remote connections; b. Identifies unauthorized use of the information system through [Assignment: organization- defined techniques and methods]; c. Deploys monitoring devices: i. strategically within the information system to collect organization-determined essential information; and (ii) at ad hoc locations within the system to track specific types of transactions of interest to the organization.";System and Information Integrity (SI);Information System Monitoring (SI-4);;aws;;FAIL;No CloudWatch log groups found with metric filters or alarms associated.;arn:aws:logs:ap-southeast-7:<SANDBOX_ACCOUNT_ID>:log-group;cloudwatch_changes_to_network_acls_alarm_configured;False;<SANDBOX_ACCOUNT_ID>;FedRamp-Moderate-Revision-4;FedRAMP Moderate Revision 4;
aws;The Federal Risk and Authorization Management Program (FedRAMP) was established in 2011. It provides a cost-effective, risk-based approach for the adoption and use of cloud services by the U.S. federal government. FedRAMP empowers federal agencies to use modern cloud technologies, with an emphasis on the security and protection of federal information.;<SANDBOX_ACCOUNT_ID>;ap-southeast-7;2026-08-19 02:30:11.271115;ac-2-4;The information system automatically audits account creation, modification, enabling, disabling, and removal actions, and notifies [Assignment: organization-defined personnel or roles].;Access Control (AC);Account Management (AC-2);;aws;;FAIL;No CloudWatch log groups found with metric filters or alarms associated.;arn:aws:logs:ap-southeast-7:<SANDBOX_ACCOUNT_ID>:log-group;cloudwatch_changes_to_network_gateways_alarm_configured;False;<SANDBOX_ACCOUNT_ID>;FedRamp-Moderate-Revision-4;FedRAMP Moderate Revision 4;
aws;The Federal Risk and Authorization Management Program (FedRAMP) was established in 2011. It provides a cost-effective, risk-based approach for the adoption and use of cloud services by the U.S. federal government. FedRAMP empowers federal agencies to use modern cloud technologies, with an emphasis on the security and protection of federal information.;<SANDBOX_ACCOUNT_ID>;ap-southeast-7;2026-08-19 02:30:11.271115;au-6-1-3;(1) The organization employs automated mechanisms to integrate audit review, analysis, and reporting processes to support organizational processes for investigation and response to suspicious activities. (3) The organization analyzes and correlates audit records across different repositories to gain organization-wide situational awareness.;Audit and Accountability (AU);Audit Review, Analysis And Reporting (AU-6);;aws;;FAIL;No CloudWatch log groups found with metric filters or alarms associated.;arn:aws:logs:ap-southeast-7:<SANDBOX_ACCOUNT_ID>:log-group;cloudwatch_changes_to_network_gateways_alarm_configured;False;<SANDBOX_ACCOUNT_ID>;FedRamp-Moderate-Revision-4;FedRAMP Moderate Revision 4;
aws;The Federal Risk and Authorization Management Program (FedRAMP) was established in 2011. It provides a cost-effective, risk-based approach for the adoption and use of cloud services by the U.S. federal government. FedRAMP empowers federal agencies to use modern cloud technologies, with an emphasis on the security and protection of federal information.;<SANDBOX_ACCOUNT_ID>;ap-southeast-7;2026-08-19 02:30:11.271115;au-7-1;The information system provides the capability to process audit records for events of interest based on [Assignment: organization-defined audit fields within audit records].;Audit and Accountability (AU);Audit Reduction And Report Generation (AU-7);;aws;;FAIL;No CloudWatch log groups found with metric filters or alarms associated.;arn:aws:logs:ap-southeast-7:<SANDBOX_ACCOUNT_ID>:log-group;cloudwatch_changes_to_network_gateways_alarm_configured;False;<SANDBOX_ACCOUNT_ID>;FedRamp-Moderate-Revision-4;FedRAMP Moderate Revision 4;
aws;The Federal Risk and Authorization Management Program (FedRAMP) was established in 2011. It provides a cost-effective, risk-based approach for the adoption and use of cloud services by the U.S. federal government. FedRAMP empowers federal agencies to use modern cloud technologies, with an emphasis on the security and protection of federal information.;<SANDBOX_ACCOUNT_ID>;ap-southeast-7;2026-08-19 02:30:11.271115;ca-7-a-b;"The organization develops a continuous monitoring strategy and implements a continuous monitoring program that includes: a. Establishment of [Assignment: organization-defined metrics] to be monitored; b. Establishment of [Assignment: organization-defined frequencies] for monitoring and [Assignment: organization-defined frequencies] for assessments supporting such monitoring.";Security Assessment And Authorization (CA);Continuous Monitoring (CA-7);;aws;;FAIL;No CloudWatch log groups found with metric filters or alarms associated.;arn:aws:logs:ap-southeast-7:<SANDBOX_ACCOUNT_ID>:log-group;cloudwatch_changes_to_network_gateways_alarm_configured;False;<SANDBOX_ACCOUNT_ID>;FedRamp-Moderate-Revision-4;FedRAMP Moderate Revision 4;
aws;The Federal Risk and Authorization Management Program (FedRAMP) was established in 2011. It provides a cost-effective, risk-based approach for the adoption and use of cloud services by the U.S. federal government. FedRAMP empowers federal agencies to use modern cloud technologies, with an emphasis on the security and protection of federal information.;<SANDBOX_ACCOUNT_ID>;ap-southeast-7;2026-08-19 02:30:11.271115;ir-4-1;The organization employs automated mechanisms to support the incident handling process.;Incident Response (IR);Incident Handling (IR-4);;aws;;FAIL;No CloudWatch log groups found with metric filters or alarms associated.;arn:aws:logs:ap-southeast-7:<SANDBOX_ACCOUNT_ID>:log-group;cloudwatch_changes_to_network_gateways_alarm_configured;False;<SANDBOX_ACCOUNT_ID>;FedRamp-Moderate-Revision-4;FedRAMP Moderate Revision 4;
aws;The Federal Risk and Authorization Management Program (FedRAMP) was established in 2011. It provides a cost-effective, risk-based approach for the adoption and use of cloud services by the U.S. federal government. FedRAMP empowers federal agencies to use modern cloud technologies, with an emphasis on the security and protection of federal information.;<SANDBOX_ACCOUNT_ID>;ap-southeast-7;2026-08-19 02:30:11.271115;ir-4-1;The organization employs automated mechanisms to support the incident handling process.;Incident Response (IR);Incident Handling (IR-4);;aws;;FAIL;No CloudWatch log groups found with metric filters or alarms associated.;arn:aws:logs:ap-southeast-7:<SANDBOX_ACCOUNT_ID>:log-group;cloudwatch_changes_to_network_gateways_alarm_configured;False;<SANDBOX_ACCOUNT_ID>;FedRamp-Moderate-Revision-4;FedRAMP Moderate Revision 4;
aws;The Federal Risk and Authorization Management Program (FedRAMP) was established in 2011. It provides a cost-effective, risk-based approach for the adoption and use of cloud services by the U.S. federal government. FedRAMP empowers federal agencies to use modern cloud technologies, with an emphasis on the security and protection of federal information.;<SANDBOX_ACCOUNT_ID>;ap-southeast-7;2026-08-19 02:30:11.271115;si-4-2;The organization employs automated tools to support near real-time analysis of events.;System and Information Integrity (SI);Information System Monitoring (SI-4);;aws;;FAIL;No CloudWatch log groups found with metric filters or alarms associated.;arn:aws:logs:ap-southeast-7:<SANDBOX_ACCOUNT_ID>:log-group;cloudwatch_changes_to_network_gateways_alarm_configured;False;<SANDBOX_ACCOUNT_ID>;FedRamp-Moderate-Revision-4;FedRAMP Moderate Revision 4;
aws;The Federal Risk and Authorization Management Program (FedRAMP) was established in 2011. It provides a cost-effective, risk-based approach for the adoption and use of cloud services by the U.S. federal government. FedRAMP empowers federal agencies to use modern cloud technologies, with an emphasis on the security and protection of federal information.;<SANDBOX_ACCOUNT_ID>;ap-southeast-7;2026-08-19 02:30:11.271115;si-4-4;The information system monitors inbound and outbound communications traffic continuously for unusual or unauthorized activities or conditions.;System and Information Integrity (SI);Information System Monitoring (SI-4);;aws;;FAIL;No CloudWatch log groups found with metric filters or alarms associated.;arn:aws:logs:ap-southeast-7:<SANDBOX_ACCOUNT_ID>:log-group;cloudwatch_changes_to_network_gateways_alarm_configured;False;<SANDBOX_ACCOUNT_ID>;FedRamp-Moderate-Revision-4;FedRAMP Moderate Revision 4;
aws;The Federal Risk and Authorization Management Program (FedRAMP) was established in 2011. It provides a cost-effective, risk-based approach for the adoption and use of cloud services by the U.S. federal government. FedRAMP empowers federal agencies to use modern cloud technologies, with an emphasis on the security and protection of federal information.;<SANDBOX_ACCOUNT_ID>;ap-southeast-7;2026-08-19 02:30:11.271115;si-4-5;The information system alerts organization-defined personnel or roles when the following indications of compromise or potential compromise occur: [Assignment: organization-defined compromise indicators].;System and Information Integrity (SI);Information System Monitoring (SI-4);;aws;;FAIL;No CloudWatch log groups found with metric filters or alarms associated.;arn:aws:logs:ap-southeast-7:<SANDBOX_ACCOUNT_ID>:log-group;cloudwatch_changes_to_network_gateways_alarm_configured;False;<SANDBOX_ACCOUNT_ID>;FedRamp-Moderate-Revision-4;FedRAMP Moderate Revision 4;
aws;The Federal Risk and Authorization Management Program (FedRAMP) was established in 2011. It provides a cost-effective, risk-based approach for the adoption and use of cloud services by the U.S. federal government. FedRAMP empowers federal agencies to use modern cloud technologies, with an emphasis on the security and protection of federal information.;<SANDBOX_ACCOUNT_ID>;ap-southeast-7;2026-08-19 02:30:11.271115;si-4-a-b-c;"The organization: a. Monitors the information system to detect: 1. Attacks and indicators of potential attacks in accordance with [Assignment: organization- defined monitoring objectives]; and 2. Unauthorized local, network, and remote connections; b. Identifies unauthorized use of the information system through [Assignment: organization- defined techniques and methods]; c. Deploys monitoring devices: i. strategically within the information system to collect organization-determined essential information; and (ii) at ad hoc locations within the system to track specific types of transactions of interest to the organization.";System and Information Integrity (SI);Information System Monitoring (SI-4);;aws;;FAIL;No CloudWatch log groups found with metric filters or alarms associated.;arn:aws:logs:ap-southeast-7:<SANDBOX_ACCOUNT_ID>:log-group;cloudwatch_changes_to_network_gateways_alarm_configured;False;<SANDBOX_ACCOUNT_ID>;FedRamp-Moderate-Revision-4;FedRAMP Moderate Revision 4;
aws;The Federal Risk and Authorization Management Program (FedRAMP) was established in 2011. It provides a cost-effective, risk-based approach for the adoption and use of cloud services by the U.S. federal government. FedRAMP empowers federal agencies to use modern cloud technologies, with an emphasis on the security and protection of federal information.;<SANDBOX_ACCOUNT_ID>;ap-southeast-7;2026-08-19 02:30:11.271115;ac-2-4;The information system automatically audits account creation, modification, enabling, disabling, and removal actions, and notifies [Assignment: organization-defined personnel or roles].;Access Control (AC);Account Management (AC-2);;aws;;FAIL;No CloudWatch log groups found with metric filters or alarms associated.;arn:aws:logs:ap-southeast-7:<SANDBOX_ACCOUNT_ID>:log-group;cloudwatch_changes_to_network_route_tables_alarm_configured;False;<SANDBOX_ACCOUNT_ID>;FedRamp-Moderate-Revision-4;FedRAMP Moderate Revision 4;
aws;The Federal Risk and Authorization Management Program (FedRAMP) was established in 2011. It provides a cost-effective, risk-based approach for the adoption and use of cloud services by the U.S. federal government. FedRAMP empowers federal agencies to use modern cloud technologies, with an emphasis on the security and protection of federal information.;<SANDBOX_ACCOUNT_ID>;ap-southeast-7;2026-08-19 02:30:11.271115;au-6-1-3;(1) The organization employs automated mechanisms to integrate audit review, analysis, and reporting processes to support organizational processes for investigation and response to suspicious activities. (3) The organization analyzes and correlates audit records across different repositories to gain organization-wide situational awareness.;Audit and Accountability (AU);Audit Review, Analysis And Reporting (AU-6);;aws;;FAIL;No CloudWatch log groups found with metric filters or alarms associated.;arn:aws:logs:ap-southeast-7:<SANDBOX_ACCOUNT_ID>:log-group;cloudwatch_changes_to_network_route_tables_alarm_configured;False;<SANDBOX_ACCOUNT_ID>;FedRamp-Moderate-Revision-4;FedRAMP Moderate Revision 4;
aws;The Federal Risk and Authorization Management Program (FedRAMP) was established in 2011. It provides a cost-effective, risk-based approach for the adoption and use of cloud services by the U.S. federal government. FedRAMP empowers federal agencies to use modern cloud technologies, with an emphasis on the security and protection of federal information.;<SANDBOX_ACCOUNT_ID>;ap-southeast-7;2026-08-19 02:30:11.271115;au-7-1;The information system provides the capability to process audit records for events of interest based on [Assignment: organization-defined audit fields within audit records].;Audit and Accountability (AU);Audit Reduction And Report Generation (AU-7);;aws;;FAIL;No CloudWatch log groups found with metric filters or alarms associated.;arn:aws:logs:ap-southeast-7:<SANDBOX_ACCOUNT_ID>:log-group;cloudwatch_changes_to_network_route_tables_alarm_configured;False;<SANDBOX_ACCOUNT_ID>;FedRamp-Moderate-Revision-4;FedRAMP Moderate Revision 4;
aws;The Federal Risk and Authorization Management Program (FedRAMP) was established in 2011. It provides a cost-effective, risk-based approach for the adoption and use of cloud services by the U.S. federal government. FedRAMP empowers federal agencies to use modern cloud technologies, with an emphasis on the security and protection of federal information.;<SANDBOX_ACCOUNT_ID>;ap-southeast-7;2026-08-19 02:30:11.271115;ca-7-a-b;"The organization develops a continuous monitoring strategy and implements a continuous monitoring program that includes: a. Establishment of [Assignment: organization-defined metrics] to be monitored; b. Establishment of [Assignment: organization-defined frequencies] for monitoring and [Assignment: organization-defined frequencies] for assessments supporting such monitoring.";Security Assessment And Authorization (CA);Continuous Monitoring (CA-7);;aws;;FAIL;No CloudWatch log groups found with metric filters or alarms associated.;arn:aws:logs:ap-southeast-7:<SANDBOX_ACCOUNT_ID>:log-group;cloudwatch_changes_to_network_route_tables_alarm_configured;False;<SANDBOX_ACCOUNT_ID>;FedRamp-Moderate-Revision-4;FedRAMP Moderate Revision 4;
aws;The Federal Risk and Authorization Management Program (FedRAMP) was established in 2011. It provides a cost-effective, risk-based approach for the adoption and use of cloud services by the U.S. federal government. FedRAMP empowers federal agencies to use modern cloud technologies, with an emphasis on the security and protection of federal information.;<SANDBOX_ACCOUNT_ID>;ap-southeast-7;2026-08-19 02:30:11.271115;ir-4-1;The organization employs automated mechanisms to support the incident handling process.;Incident Response (IR);Incident Handling (IR-4);;aws;;FAIL;No CloudWatch log groups found with metric filters or alarms associated.;arn:aws:logs:ap-southeast-7:<SANDBOX_ACCOUNT_ID>:log-group;cloudwatch_changes_to_network_route_tables_alarm_configured;False;<SANDBOX_ACCOUNT_ID>;FedRamp-Moderate-Revision-4;FedRAMP Moderate Revision 4;
aws;The Federal Risk and Authorization Management Program (FedRAMP) was established in 2011. It provides a cost-effective, risk-based approach for the adoption and use of cloud services by the U.S. federal government. FedRAMP empowers federal agencies to use modern cloud technologies, with an emphasis on the security and protection of federal information.;<SANDBOX_ACCOUNT_ID>;ap-southeast-7;2026-08-19 02:30:11.271115;ir-4-1;The organization employs automated mechanisms to support the incident handling process.;Incident Response (IR);Incident Handling (IR-4);;aws;;FAIL;No CloudWatch log groups found with metric filters or alarms associated.;arn:aws:logs:ap-southeast-7:<SANDBOX_ACCOUNT_ID>:log-group;cloudwatch_changes_to_network_route_tables_alarm_configured;False;<SANDBOX_ACCOUNT_ID>;FedRamp-Moderate-Revision-4;FedRAMP Moderate Revision 4;
aws;The Federal Risk and Authorization Management Program (FedRAMP) was established in 2011. It provides a cost-effective, risk-based approach for the adoption and use of cloud services by the U.S. federal government. FedRAMP empowers federal agencies to use modern cloud technologies, with an emphasis on the security and protection of federal information.;<SANDBOX_ACCOUNT_ID>;ap-southeast-7;2026-08-19 02:30:11.271115;si-4-2;The organization employs automated tools to support near real-time analysis of events.;System and Information Integrity (SI);Information System Monitoring (SI-4);;aws;;FAIL;No CloudWatch log groups found with metric filters or alarms associated.;arn:aws:logs:ap-southeast-7:<SANDBOX_ACCOUNT_ID>:log-group;cloudwatch_changes_to_network_route_tables_alarm_configured;False;<SANDBOX_ACCOUNT_ID>;FedRamp-Moderate-Revision-4;FedRAMP Moderate Revision 4;
aws;The Federal Risk and Authorization Management Program (FedRAMP) was established in 2011. It provides a cost-effective, risk-based approach for the adoption and use of cloud services by the U.S. federal government. FedRAMP empowers federal agencies to use modern cloud technologies, with an emphasis on the security and protection of federal information.;<SANDBOX_ACCOUNT_ID>;ap-southeast-7;2026-08-19 02:30:11.271115;si-4-4;The information system monitors inbound and outbound communications traffic continuously for unusual or unauthorized activities or conditions.;System and Information Integrity (SI);Information System Monitoring (SI-4);;aws;;FAIL;No CloudWatch log groups found with metric filters or alarms associated.;arn:aws:logs:ap-southeast-7:<SANDBOX_ACCOUNT_ID>:log-group;cloudwatch_changes_to_network_route_tables_alarm_configured;False;<SANDBOX_ACCOUNT_ID>;FedRamp-Moderate-Revision-4;FedRAMP Moderate Revision 4;
aws;The Federal Risk and Authorization Management Program (FedRAMP) was established in 2011. It provides a cost-effective, risk-based approach for the adoption and use of cloud services by the U.S. federal government. FedRAMP empowers federal agencies to use modern cloud technologies, with an emphasis on the security and protection of federal information.;<SANDBOX_ACCOUNT_ID>;ap-southeast-7;2026-08-19 02:30:11.271115;si-4-5;The information system alerts organization-defined personnel or roles when the following indications of compromise or potential compromise occur: [Assignment: organization-defined compromise indicators].;System and Information Integrity (SI);Information System Monitoring (SI-4);;aws;;FAIL;No CloudWatch log groups found with metric filters or alarms associated.;arn:aws:logs:ap-southeast-7:<SANDBOX_ACCOUNT_ID>:log-group;cloudwatch_changes_to_network_route_tables_alarm_configured;False;<SANDBOX_ACCOUNT_ID>;FedRamp-Moderate-Revision-4;FedRAMP Moderate Revision 4;
aws;The Federal Risk and Authorization Management Program (FedRAMP) was established in 2011. It provides a cost-effective, risk-based approach for the adoption and use of cloud services by the U.S. federal government. FedRAMP empowers federal agencies to use modern cloud technologies, with an emphasis on the security and protection of federal information.;<SANDBOX_ACCOUNT_ID>;ap-southeast-7;2026-08-19 02:30:11.271115;si-4-a-b-c;"The organization: a. Monitors the information system to detect: 1. Attacks and indicators of potential attacks in accordance with [Assignment: organization- defined monitoring objectives]; and 2. Unauthorized local, network, and remote connections; b. Identifies unauthorized use of the information system through [Assignment: organization- defined techniques and methods]; c. Deploys monitoring devices: i. strategically within the information system to collect organization-determined essential information; and (ii) at ad hoc locations within the system to track specific types of transactions of interest to the organization.";System and Information Integrity (SI);Information System Monitoring (SI-4);;aws;;FAIL;No CloudWatch log groups found with metric filters or alarms associated.;arn:aws:logs:ap-southeast-7:<SANDBOX_ACCOUNT_ID>:log-group;cloudwatch_changes_to_network_route_tables_alarm_configured;False;<SANDBOX_ACCOUNT_ID>;FedRamp-Moderate-Revision-4;FedRAMP Moderate Revision 4;
aws;The Federal Risk and Authorization Management Program (FedRAMP) was established in 2011. It provides a cost-effective, risk-based approach for the adoption and use of cloud services by the U.S. federal government. FedRAMP empowers federal agencies to use modern cloud technologies, with an emphasis on the security and protection of federal information.;<SANDBOX_ACCOUNT_ID>;ap-southeast-7;2026-08-19 02:30:11.271115;ac-2-4;The information system automatically audits account creation, modification, enabling, disabling, and removal actions, and notifies [Assignment: organization-defined personnel or roles].;Access Control (AC);Account Management (AC-2);;aws;;FAIL;No CloudWatch log groups found with metric filters or alarms associated.;arn:aws:logs:ap-southeast-7:<SANDBOX_ACCOUNT_ID>:log-group;cloudwatch_changes_to_vpcs_alarm_configured;False;<SANDBOX_ACCOUNT_ID>;FedRamp-Moderate-Revision-4;FedRAMP Moderate Revision 4;
aws;The Federal Risk and Authorization Management Program (FedRAMP) was established in 2011. It provides a cost-effective, risk-based approach for the adoption and use of cloud services by the U.S. federal government. FedRAMP empowers federal agencies to use modern cloud technologies, with an emphasis on the security and protection of federal information.;<SANDBOX_ACCOUNT_ID>;ap-southeast-7;2026-08-19 02:30:11.271115;au-6-1-3;(1) The organization employs automated mechanisms to integrate audit review, analysis, and reporting processes to support organizational processes for investigation and response to suspicious activities. (3) The organization analyzes and correlates audit records across different repositories to gain organization-wide situational awareness.;Audit and Accountability (AU);Audit Review, Analysis And Reporting (AU-6);;aws;;FAIL;No CloudWatch log groups found with metric filters or alarms associated.;arn:aws:logs:ap-southeast-7:<SANDBOX_ACCOUNT_ID>:log-group;cloudwatch_changes_to_vpcs_alarm_configured;False;<SANDBOX_ACCOUNT_ID>;FedRamp-Moderate-Revision-4;FedRAMP Moderate Revision 4;
aws;The Federal Risk and Authorization Management Program (FedRAMP) was established in 2011. It provides a cost-effective, risk-based approach for the adoption and use of cloud services by the U.S. federal government. FedRAMP empowers federal agencies to use modern cloud technologies, with an emphasis on the security and protection of federal information.;<SANDBOX_ACCOUNT_ID>;ap-southeast-7;2026-08-19 02:30:11.271115;au-7-1;The information system provides the capability to process audit records for events of interest based on [Assignment: organization-defined audit fields within audit records].;Audit and Accountability (AU);Audit Reduction And Report Generation (AU-7);;aws;;FAIL;No CloudWatch log groups found with metric filters or alarms associated.;arn:aws:logs:ap-southeast-7:<SANDBOX_ACCOUNT_ID>:log-group;cloudwatch_changes_to_vpcs_alarm_configured;False;<SANDBOX_ACCOUNT_ID>;FedRamp-Moderate-Revision-4;FedRAMP Moderate Revision 4;
aws;The Federal Risk and Authorization Management Program (FedRAMP) was established in 2011. It provides a cost-effective, risk-based approach for the adoption and use of cloud services by the U.S. federal government. FedRAMP empowers federal agencies to use modern cloud technologies, with an emphasis on the security and protection of federal information.;<SANDBOX_ACCOUNT_ID>;ap-southeast-7;2026-08-19 02:30:11.271115;ca-7-a-b;"The organization develops a continuous monitoring strategy and implements a continuous monitoring program that includes: a. Establishment of [Assignment: organization-defined metrics] to be monitored; b. Establishment of [Assignment: organization-defined frequencies] for monitoring and [Assignment: organization-defined frequencies] for assessments supporting such monitoring.";Security Assessment And Authorization (CA);Continuous Monitoring (CA-7);;aws;;FAIL;No CloudWatch log groups found with metric filters or alarms associated.;arn:aws:logs:ap-southeast-7:<SANDBOX_ACCOUNT_ID>:log-group;cloudwatch_changes_to_vpcs_alarm_configured;False;<SANDBOX_ACCOUNT_ID>;FedRamp-Moderate-Revision-4;FedRAMP Moderate Revision 4;
aws;The Federal Risk and Authorization Management Program (FedRAMP) was established in 2011. It provides a cost-effective, risk-based approach for the adoption and use of cloud services by the U.S. federal government. FedRAMP empowers federal agencies to use modern cloud technologies, with an emphasis on the security and protection of federal information.;<SANDBOX_ACCOUNT_ID>;ap-southeast-7;2026-08-19 02:30:11.271115;ir-4-1;The organization employs automated mechanisms to support the incident handling process.;Incident Response (IR);Incident Handling (IR-4);;aws;;FAIL;No CloudWatch log groups found with metric filters or alarms associated.;arn:aws:logs:ap-southeast-7:<SANDBOX_ACCOUNT_ID>:log-group;cloudwatch_changes_to_vpcs_alarm_configured;False;<SANDBOX_ACCOUNT_ID>;FedRamp-Moderate-Revision-4;FedRAMP Moderate Revision 4;
aws;The Federal Risk and Authorization Management Program (FedRAMP) was established in 2011. It provides a cost-effective, risk-based approach for the adoption and use of cloud services by the U.S. federal government. FedRAMP empowers federal agencies to use modern cloud technologies, with an emphasis on the security and protection of federal information.;<SANDBOX_ACCOUNT_ID>;ap-southeast-7;2026-08-19 02:30:11.271115;ir-4-1;The organization employs automated mechanisms to support the incident handling process.;Incident Response (IR);Incident Handling (IR-4);;aws;;FAIL;No CloudWatch log groups found with metric filters or alarms associated.;arn:aws:logs:ap-southeast-7:<SANDBOX_ACCOUNT_ID>:log-group;cloudwatch_changes_to_vpcs_alarm_configured;False;<SANDBOX_ACCOUNT_ID>;FedRamp-Moderate-Revision-4;FedRAMP Moderate Revision 4;
aws;The Federal Risk and Authorization Management Program (FedRAMP) was established in 2011. It provides a cost-effective, risk-based approach for the adoption and use of cloud services by the U.S. federal government. FedRAMP empowers federal agencies to use modern cloud technologies, with an emphasis on the security and protection of federal information.;<SANDBOX_ACCOUNT_ID>;ap-southeast-7;2026-08-19 02:30:11.271115;si-4-2;The organization employs automated tools to support near real-time analysis of events.;System and Information Integrity (SI);Information System Monitoring (SI-4);;aws;;FAIL;No CloudWatch log groups found with metric filters or alarms associated.;arn:aws:logs:ap-southeast-7:<SANDBOX_ACCOUNT_ID>:log-group;cloudwatch_changes_to_vpcs_alarm_configured;False;<SANDBOX_ACCOUNT_ID>;FedRamp-Moderate-Revision-4;FedRAMP Moderate Revision 4;
aws;The Federal Risk and Authorization Management Program (FedRAMP) was established in 2011. It provides a cost-effective, risk-based approach for the adoption and use of cloud services by the U.S. federal government. FedRAMP empowers federal agencies to use modern cloud technologies, with an emphasis on the security and protection of federal information.;<SANDBOX_ACCOUNT_ID>;ap-southeast-7;2026-08-19 02:30:11.271115;si-4-4;The information system monitors inbound and outbound communications traffic continuously for unusual or unauthorized activities or conditions.;System and Information Integrity (SI);Information System Monitoring (SI-4);;aws;;FAIL;No CloudWatch log groups found with metric filters or alarms associated.;arn:aws:logs:ap-southeast-7:<SANDBOX_ACCOUNT_ID>:log-group;cloudwatch_changes_to_vpcs_alarm_configured;False;<SANDBOX_ACCOUNT_ID>;FedRamp-Moderate-Revision-4;FedRAMP Moderate Revision 4;
aws;The Federal Risk and Authorization Management Program (FedRAMP) was established in 2011. It provides a cost-effective, risk-based approach for the adoption and use of cloud services by the U.S. federal government. FedRAMP empowers federal agencies to use modern cloud technologies, with an emphasis on the security and protection of federal information.;<SANDBOX_ACCOUNT_ID>;ap-southeast-7;2026-08-19 02:30:11.271115;si-4-5;The information system alerts organization-defined personnel or roles when the following indications of compromise or potential compromise occur: [Assignment: organization-defined compromise indicators].;System and Information Integrity (SI);Information System Monitoring (SI-4);;aws;;FAIL;No CloudWatch log groups found with metric filters or alarms associated.;arn:aws:logs:ap-southeast-7:<SANDBOX_ACCOUNT_ID>:log-group;cloudwatch_changes_to_vpcs_alarm_configured;False;<SANDBOX_ACCOUNT_ID>;FedRamp-Moderate-Revision-4;FedRAMP Moderate Revision 4;
aws;The Federal Risk and Authorization Management Program (FedRAMP) was established in 2011. It provides a cost-effective, risk-based approach for the adoption and use of cloud services by the U.S. federal government. FedRAMP empowers federal agencies to use modern cloud technologies, with an emphasis on the security and protection of federal information.;<SANDBOX_ACCOUNT_ID>;ap-southeast-7;2026-08-19 02:30:11.271115;si-4-a-b-c;"The organization: a. Monitors the information system to detect: 1. Attacks and indicators of potential attacks in accordance with [Assignment: organization- defined monitoring objectives]; and 2. Unauthorized local, network, and remote connections; b. Identifies unauthorized use of the information system through [Assignment: organization- defined techniques and methods]; c. Deploys monitoring devices: i. strategically within the information system to collect organization-determined essential information; and (ii) at ad hoc locations within the system to track specific types of transactions of interest to the organization.";System and Information Integrity (SI);Information System Monitoring (SI-4);;aws;;FAIL;No CloudWatch log groups found with metric filters or alarms associated.;arn:aws:logs:ap-southeast-7:<SANDBOX_ACCOUNT_ID>:log-group;cloudwatch_changes_to_vpcs_alarm_configured;False;<SANDBOX_ACCOUNT_ID>;FedRamp-Moderate-Revision-4;FedRAMP Moderate Revision 4;
aws;The Federal Risk and Authorization Management Program (FedRAMP) was established in 2011. It provides a cost-effective, risk-based approach for the adoption and use of cloud services by the U.S. federal government. FedRAMP empowers federal agencies to use modern cloud technologies, with an emphasis on the security and protection of federal information.;<SANDBOX_ACCOUNT_ID>;ap-southeast-7;2026-08-19 02:30:11.271115;au-9;The information system protects audit information and audit tools from unauthorized access, modification, and deletion.;Audit and Accountability (AU);;;aws;;FAIL;Log Group /aws/cloudtrail/range does not have AWS KMS keys associated.;arn:aws:logs:ap-southeast-7:<SANDBOX_ACCOUNT_ID>:log-group:/aws/cloudtrail/range:*;cloudwatch_log_group_kms_encryption_enabled;False;/aws/cloudtrail/range;FedRamp-Moderate-Revision-4;FedRAMP Moderate Revision 4;
aws;The Federal Risk and Authorization Management Program (FedRAMP) was established in 2011. It provides a cost-effective, risk-based approach for the adoption and use of cloud services by the U.S. federal government. FedRAMP empowers federal agencies to use modern cloud technologies, with an emphasis on the security and protection of federal information.;<SANDBOX_ACCOUNT_ID>;ap-southeast-7;2026-08-19 02:30:11.271115;sc-28;The information system protects the confidentiality AND integrity of [Assignment: organization-defined information at rest].;System and Communications Protection (SC);;;aws;;FAIL;Log Group /aws/cloudtrail/range does not have AWS KMS keys associated.;arn:aws:logs:ap-southeast-7:<SANDBOX_ACCOUNT_ID>:log-group:/aws/cloudtrail/range:*;cloudwatch_log_group_kms_encryption_enabled;False;/aws/cloudtrail/range;FedRamp-Moderate-Revision-4;FedRAMP Moderate Revision 4;
aws;The Federal Risk and Authorization Management Program (FedRAMP) was established in 2011. It provides a cost-effective, risk-based approach for the adoption and use of cloud services by the U.S. federal government. FedRAMP empowers federal agencies to use modern cloud technologies, with an emphasis on the security and protection of federal information.;<SANDBOX_ACCOUNT_ID>;ap-southeast-7;2026-08-19 02:30:11.271115;au-6-1-3;(1) The organization employs automated mechanisms to integrate audit review, analysis, and reporting processes to support organizational processes for investigation and response to suspicious activities. (3) The organization analyzes and correlates audit records across different repositories to gain organization-wide situational awareness.;Audit and Accountability (AU);Audit Review, Analysis And Reporting (AU-6);;aws;;FAIL;Log Group /aws/cloudtrail/range has less than 365 days retention period (7 days).;arn:aws:logs:ap-southeast-7:<SANDBOX_ACCOUNT_ID>:log-group:/aws/cloudtrail/range:*;cloudwatch_log_group_retention_policy_specific_days_enabled;False;/aws/cloudtrail/range;FedRamp-Moderate-Revision-4;FedRAMP Moderate Revision 4;
aws;The Federal Risk and Authorization Management Program (FedRAMP) was established in 2011. It provides a cost-effective, risk-based approach for the adoption and use of cloud services by the U.S. federal government. FedRAMP empowers federal agencies to use modern cloud technologies, with an emphasis on the security and protection of federal information.;<SANDBOX_ACCOUNT_ID>;ap-southeast-7;2026-08-19 02:30:11.271115;au-11;The organization retains audit records for at least 90 days to provide support for after-the-fact investigations of security incidents and to meet regulatory and organizational information retention requirements.;Audit and Accountability (AU);;;aws;;FAIL;Log Group /aws/cloudtrail/range has less than 365 days retention period (7 days).;arn:aws:logs:ap-southeast-7:<SANDBOX_ACCOUNT_ID>:log-group:/aws/cloudtrail/range:*;cloudwatch_log_group_retention_policy_specific_days_enabled;False;/aws/cloudtrail/range;FedRamp-Moderate-Revision-4;FedRAMP Moderate Revision 4;
aws;The Federal Risk and Authorization Management Program (FedRAMP) was established in 2011. It provides a cost-effective, risk-based approach for the adoption and use of cloud services by the U.S. federal government. FedRAMP empowers federal agencies to use modern cloud technologies, with an emphasis on the security and protection of federal information.;<SANDBOX_ACCOUNT_ID>;ap-southeast-7;2026-08-19 02:30:11.271115;si-12;The organization handles and retains information within the information system and information output from the system in accordance with applicable federal laws, Executive Orders, directives, policies, regulations, standards, and operational requirements.;System and Information Integrity (SI);;;aws;;FAIL;Log Group /aws/cloudtrail/range has less than 365 days retention period (7 days).;arn:aws:logs:ap-southeast-7:<SANDBOX_ACCOUNT_ID>:log-group:/aws/cloudtrail/range:*;cloudwatch_log_group_retention_policy_specific_days_enabled;False;/aws/cloudtrail/range;FedRamp-Moderate-Revision-4;FedRAMP Moderate Revision 4;
aws;The Federal Risk and Authorization Management Program (FedRAMP) was established in 2011. It provides a cost-effective, risk-based approach for the adoption and use of cloud services by the U.S. federal government. FedRAMP empowers federal agencies to use modern cloud technologies, with an emphasis on the security and protection of federal information.;<SANDBOX_ACCOUNT_ID>;ap-southeast-7;2026-08-19 02:30:11.271115;ac-2-1;The organization employs automated mechanisms to support the management of information system accounts.;Access Control (AC);Account Management (AC-2);;aws;;PASS;GuardDuty detector c0cfc223468df81e40fec5257649bb70 enabled.;arn:aws:guardduty:ap-southeast-7:<SANDBOX_ACCOUNT_ID>:detector/c0cfc223468df81e40fec5257649bb70;guardduty_is_enabled;False;c0cfc223468df81e40fec5257649bb70;FedRamp-Moderate-Revision-4;FedRAMP Moderate Revision 4;
aws;The Federal Risk and Authorization Management Program (FedRAMP) was established in 2011. It provides a cost-effective, risk-based approach for the adoption and use of cloud services by the U.S. federal government. FedRAMP empowers federal agencies to use modern cloud technologies, with an emphasis on the security and protection of federal information.;<SANDBOX_ACCOUNT_ID>;ap-southeast-7;2026-08-19 02:30:11.271115;ac-2-4;The information system automatically audits account creation, modification, enabling, disabling, and removal actions, and notifies [Assignment: organization-defined personnel or roles].;Access Control (AC);Account Management (AC-2);;aws;;PASS;GuardDuty detector c0cfc223468df81e40fec5257649bb70 enabled.;arn:aws:guardduty:ap-southeast-7:<SANDBOX_ACCOUNT_ID>:detector/c0cfc223468df81e40fec5257649bb70;guardduty_is_enabled;False;c0cfc223468df81e40fec5257649bb70;FedRamp-Moderate-Revision-4;FedRAMP Moderate Revision 4;
aws;The Federal Risk and Authorization Management Program (FedRAMP) was established in 2011. It provides a cost-effective, risk-based approach for the adoption and use of cloud services by the U.S. federal government. FedRAMP empowers federal agencies to use modern cloud technologies, with an emphasis on the security and protection of federal information.;<SANDBOX_ACCOUNT_ID>;ap-southeast-7;2026-08-19 02:30:11.271115;ac-2-12-a;The organization: a. Monitors information system accounts for [Assignment: organization-defined atypical use].;Access Control (AC);Account Management (AC-2);;aws;;PASS;GuardDuty detector c0cfc223468df81e40fec5257649bb70 enabled.;arn:aws:guardduty:ap-southeast-7:<SANDBOX_ACCOUNT_ID>:detector/c0cfc223468df81e40fec5257649bb70;guardduty_is_enabled;False;c0cfc223468df81e40fec5257649bb70;FedRamp-Moderate-Revision-4;FedRAMP Moderate Revision 4;
aws;The Federal Risk and Authorization Management Program (FedRAMP) was established in 2011. It provides a cost-effective, risk-based approach for the adoption and use of cloud services by the U.S. federal government. FedRAMP empowers federal agencies to use modern cloud technologies, with an emphasis on the security and protection of federal information.;<SANDBOX_ACCOUNT_ID>;ap-southeast-7;2026-08-19 02:30:11.271115;ac-2-g;The organization: g. Monitors the use of information system accounts.;Access Control (AC);Account Management (AC-2);;aws;;PASS;GuardDuty detector c0cfc223468df81e40fec5257649bb70 enabled.;arn:aws:guardduty:ap-southeast-7:<SANDBOX_ACCOUNT_ID>:detector/c0cfc223468df81e40fec5257649bb70;guardduty_is_enabled;False;c0cfc223468df81e40fec5257649bb70;FedRamp-Moderate-Revision-4;FedRAMP Moderate Revision 4;
aws;The Federal Risk and Authorization Management Program (FedRAMP) was established in 2011. It provides a cost-effective, risk-based approach for the adoption and use of cloud services by the U.S. federal government. FedRAMP empowers federal agencies to use modern cloud technologies, with an emphasis on the security and protection of federal information.;<SANDBOX_ACCOUNT_ID>;ap-southeast-7;2026-08-19 02:30:11.271115;ac-17-1;The information system monitors and controls remote access methods.;Access Control (AC);Remote Access (AC-17);;aws;;PASS;GuardDuty detector c0cfc223468df81e40fec5257649bb70 enabled.;arn:aws:guardduty:ap-southeast-7:<SANDBOX_ACCOUNT_ID>:detector/c0cfc223468df81e40fec5257649bb70;guardduty_is_enabled;False;c0cfc223468df81e40fec5257649bb70;FedRamp-Moderate-Revision-4;FedRAMP Moderate Revision 4;
aws;The Federal Risk and Authorization Management Program (FedRAMP) was established in 2011. It provides a cost-effective, risk-based approach for the adoption and use of cloud services by the U.S. federal government. FedRAMP empowers federal agencies to use modern cloud technologies, with an emphasis on the security and protection of federal information.;<SANDBOX_ACCOUNT_ID>;ap-southeast-7;2026-08-19 02:30:11.271115;au-6-1-3;(1) The organization employs automated mechanisms to integrate audit review, analysis, and reporting processes to support organizational processes for investigation and response to suspicious activities. (3) The organization analyzes and correlates audit records across different repositories to gain organization-wide situational awareness.;Audit and Accountability (AU);Audit Review, Analysis And Reporting (AU-6);;aws;;PASS;GuardDuty detector c0cfc223468df81e40fec5257649bb70 enabled.;arn:aws:guardduty:ap-southeast-7:<SANDBOX_ACCOUNT_ID>:detector/c0cfc223468df81e40fec5257649bb70;guardduty_is_enabled;False;c0cfc223468df81e40fec5257649bb70;FedRamp-Moderate-Revision-4;FedRAMP Moderate Revision 4;
aws;The Federal Risk and Authorization Management Program (FedRAMP) was established in 2011. It provides a cost-effective, risk-based approach for the adoption and use of cloud services by the U.S. federal government. FedRAMP empowers federal agencies to use modern cloud technologies, with an emphasis on the security and protection of federal information.;<SANDBOX_ACCOUNT_ID>;ap-southeast-7;2026-08-19 02:30:11.271115;ca-7-a-b;"The organization develops a continuous monitoring strategy and implements a continuous monitoring program that includes: a. Establishment of [Assignment: organization-defined metrics] to be monitored; b. Establishment of [Assignment: organization-defined frequencies] for monitoring and [Assignment: organization-defined frequencies] for assessments supporting such monitoring.";Security Assessment And Authorization (CA);Continuous Monitoring (CA-7);;aws;;PASS;GuardDuty detector c0cfc223468df81e40fec5257649bb70 enabled.;arn:aws:guardduty:ap-southeast-7:<SANDBOX_ACCOUNT_ID>:detector/c0cfc223468df81e40fec5257649bb70;guardduty_is_enabled;False;c0cfc223468df81e40fec5257649bb70;FedRamp-Moderate-Revision-4;FedRAMP Moderate Revision 4;
aws;The Federal Risk and Authorization Management Program (FedRAMP) was established in 2011. It provides a cost-effective, risk-based approach for the adoption and use of cloud services by the U.S. federal government. FedRAMP empowers federal agencies to use modern cloud technologies, with an emphasis on the security and protection of federal information.;<SANDBOX_ACCOUNT_ID>;ap-southeast-7;2026-08-19 02:30:11.271115;cm-8-3-a;The organization: a. Employs automated mechanisms continuously, using automated mechanisms with a maximum five-minute delay in detection, to detect the presence of unauthorized hardware, software, and firmware components within the information system;Configuration Management (CM);Information System Component Inventory (CM-8);;aws;;PASS;GuardDuty detector c0cfc223468df81e40fec5257649bb70 enabled.;arn:aws:guardduty:ap-southeast-7:<SANDBOX_ACCOUNT_ID>:detector/c0cfc223468df81e40fec5257649bb70;guardduty_is_enabled;False;c0cfc223468df81e40fec5257649bb70;FedRamp-Moderate-Revision-4;FedRAMP Moderate Revision 4;
aws;The Federal Risk and Authorization Management Program (FedRAMP) was established in 2011. It provides a cost-effective, risk-based approach for the adoption and use of cloud services by the U.S. federal government. FedRAMP empowers federal agencies to use modern cloud technologies, with an emphasis on the security and protection of federal information.;<SANDBOX_ACCOUNT_ID>;ap-southeast-7;2026-08-19 02:30:11.271115;ir-4-1;The organization employs automated mechanisms to support the incident handling process.;Incident Response (IR);Incident Handling (IR-4);;aws;;PASS;GuardDuty detector c0cfc223468df81e40fec5257649bb70 enabled.;arn:aws:guardduty:ap-southeast-7:<SANDBOX_ACCOUNT_ID>:detector/c0cfc223468df81e40fec5257649bb70;guardduty_is_enabled;False;c0cfc223468df81e40fec5257649bb70;FedRamp-Moderate-Revision-4;FedRAMP Moderate Revision 4;
aws;The Federal Risk and Authorization Management Program (FedRAMP) was established in 2011. It provides a cost-effective, risk-based approach for the adoption and use of cloud services by the U.S. federal government. FedRAMP empowers federal agencies to use modern cloud technologies, with an emphasis on the security and protection of federal information.;<SANDBOX_ACCOUNT_ID>;ap-southeast-7;2026-08-19 02:30:11.271115;ir-4-1;The organization employs automated mechanisms to support the incident handling process.;Incident Response (IR);Incident Handling (IR-4);;aws;;PASS;GuardDuty detector c0cfc223468df81e40fec5257649bb70 enabled.;arn:aws:guardduty:ap-southeast-7:<SANDBOX_ACCOUNT_ID>:detector/c0cfc223468df81e40fec5257649bb70;guardduty_is_enabled;False;c0cfc223468df81e40fec5257649bb70;FedRamp-Moderate-Revision-4;FedRAMP Moderate Revision 4;
aws;The Federal Risk and Authorization Management Program (FedRAMP) was established in 2011. It provides a cost-effective, risk-based approach for the adoption and use of cloud services by the U.S. federal government. FedRAMP empowers federal agencies to use modern cloud technologies, with an emphasis on the security and protection of federal information.;<SANDBOX_ACCOUNT_ID>;ap-southeast-7;2026-08-19 02:30:11.271115;ir-6-1;The organization employs automated mechanisms to assist in the reporting of security incidents.;Incident Response (IR);Incident Reporting (IR-6);;aws;;PASS;GuardDuty detector c0cfc223468df81e40fec5257649bb70 enabled.;arn:aws:guardduty:ap-southeast-7:<SANDBOX_ACCOUNT_ID>:detector/c0cfc223468df81e40fec5257649bb70;guardduty_is_enabled;False;c0cfc223468df81e40fec5257649bb70;FedRamp-Moderate-Revision-4;FedRAMP Moderate Revision 4;
aws;The Federal Risk and Authorization Management Program (FedRAMP) was established in 2011. It provides a cost-effective, risk-based approach for the adoption and use of cloud services by the U.S. federal government. FedRAMP empowers federal agencies to use modern cloud technologies, with an emphasis on the security and protection of federal information.;<SANDBOX_ACCOUNT_ID>;ap-southeast-7;2026-08-19 02:30:11.271115;ir-7-1;The organization employs automated mechanisms to increase the availability of incident response-related information and support.;Incident Response (IR);Incident Response Assistance (IR-7);;aws;;PASS;GuardDuty detector c0cfc223468df81e40fec5257649bb70 enabled.;arn:aws:guardduty:ap-southeast-7:<SANDBOX_ACCOUNT_ID>:detector/c0cfc223468df81e40fec5257649bb70;guardduty_is_enabled;False;c0cfc223468df81e40fec5257649bb70;FedRamp-Moderate-Revision-4;FedRAMP Moderate Revision 4;
aws;The Federal Risk and Authorization Management Program (FedRAMP) was established in 2011. It provides a cost-effective, risk-based approach for the adoption and use of cloud services by the U.S. federal government. FedRAMP empowers federal agencies to use modern cloud technologies, with an emphasis on the security and protection of federal information.;<SANDBOX_ACCOUNT_ID>;ap-southeast-7;2026-08-19 02:30:11.271115;ra-5;Scan for system vulnerabilities. Share vulnerability information and security controls that eliminate vulnerabilities.;Risk Assessment (RA);;;guarduty;;PASS;GuardDuty detector c0cfc223468df81e40fec5257649bb70 enabled.;arn:aws:guardduty:ap-southeast-7:<SANDBOX_ACCOUNT_ID>:detector/c0cfc223468df81e40fec5257649bb70;guardduty_is_enabled;False;c0cfc223468df81e40fec5257649bb70;FedRamp-Moderate-Revision-4;FedRAMP Moderate Revision 4;
aws;The Federal Risk and Authorization Management Program (FedRAMP) was established in 2011. It provides a cost-effective, risk-based approach for the adoption and use of cloud services by the U.S. federal government. FedRAMP empowers federal agencies to use modern cloud technologies, with an emphasis on the security and protection of federal information.;<SANDBOX_ACCOUNT_ID>;ap-southeast-7;2026-08-19 02:30:11.271115;sa-10;"The organization requires the developer of the information system, system component, or information system service to: a. Perform configuration management during system, component, or service [Selection (one or more): design; development; implementation; operation]; b. Document, manage, and control the integrity of changes to [Assignment: organization-defined configuration items under configuration management]; c. Implement only organization-approved changes to the system, component, or service; d. Document approved changes to the system, component, or service and the potential security impacts of such changes; and e. Track security flaws and flaw resolution within the system, component, or service and report findings to [Assignment: organization-defined personnel].";System and Services Acquisition (SA);;;aws;;PASS;GuardDuty detector c0cfc223468df81e40fec5257649bb70 enabled.;arn:aws:guardduty:ap-southeast-7:<SANDBOX_ACCOUNT_ID>:detector/c0cfc223468df81e40fec5257649bb70;guardduty_is_enabled;False;c0cfc223468df81e40fec5257649bb70;FedRamp-Moderate-Revision-4;FedRAMP Moderate Revision 4;
aws;The Federal Risk and Authorization Management Program (FedRAMP) was established in 2011. It provides a cost-effective, risk-based approach for the adoption and use of cloud services by the U.S. federal government. FedRAMP empowers federal agencies to use modern cloud technologies, with an emphasis on the security and protection of federal information.;<SANDBOX_ACCOUNT_ID>;ap-southeast-7;2026-08-19 02:30:11.271115;sc-5;The information system protects against or limits the effects of the following types of denial of service attacks: [Assignment: organization-defined types of denial of service attacks or references to sources for such information] by employing [Assignment: organization-defined security safeguards].;System and Communications Protection (SC);;;aws;;PASS;GuardDuty detector c0cfc223468df81e40fec5257649bb70 enabled.;arn:aws:guardduty:ap-southeast-7:<SANDBOX_ACCOUNT_ID>:detector/c0cfc223468df81e40fec5257649bb70;guardduty_is_enabled;False;c0cfc223468df81e40fec5257649bb70;FedRamp-Moderate-Revision-4;FedRAMP Moderate Revision 4;
aws;The Federal Risk and Authorization Management Program (FedRAMP) was established in 2011. It provides a cost-effective, risk-based approach for the adoption and use of cloud services by the U.S. federal government. FedRAMP empowers federal agencies to use modern cloud technologies, with an emphasis on the security and protection of federal information.;<SANDBOX_ACCOUNT_ID>;ap-southeast-7;2026-08-19 02:30:11.271115;si-4-1;The organization connects and configures individual intrusion detection tools into an information system-wide intrusion detection system.;System and Information Integrity (SI);Information System Monitoring (SI-4);;guarduty;;PASS;GuardDuty detector c0cfc223468df81e40fec5257649bb70 enabled.;arn:aws:guardduty:ap-southeast-7:<SANDBOX_ACCOUNT_ID>:detector/c0cfc223468df81e40fec5257649bb70;guardduty_is_enabled;False;c0cfc223468df81e40fec5257649bb70;FedRamp-Moderate-Revision-4;FedRAMP Moderate Revision 4;
aws;The Federal Risk and Authorization Management Program (FedRAMP) was established in 2011. It provides a cost-effective, risk-based approach for the adoption and use of cloud services by the U.S. federal government. FedRAMP empowers federal agencies to use modern cloud technologies, with an emphasis on the security and protection of federal information.;<SANDBOX_ACCOUNT_ID>;ap-southeast-7;2026-08-19 02:30:11.271115;si-4-16;The organization correlates information from monitoring tools employed throughout the information system.;System and Information Integrity (SI);Information System Monitoring (SI-4);;aws;;PASS;GuardDuty detector c0cfc223468df81e40fec5257649bb70 enabled.;arn:aws:guardduty:ap-southeast-7:<SANDBOX_ACCOUNT_ID>:detector/c0cfc223468df81e40fec5257649bb70;guardduty_is_enabled;False;c0cfc223468df81e40fec5257649bb70;FedRamp-Moderate-Revision-4;FedRAMP Moderate Revision 4;
aws;The Federal Risk and Authorization Management Program (FedRAMP) was established in 2011. It provides a cost-effective, risk-based approach for the adoption and use of cloud services by the U.S. federal government. FedRAMP empowers federal agencies to use modern cloud technologies, with an emphasis on the security and protection of federal information.;<SANDBOX_ACCOUNT_ID>;ap-southeast-7;2026-08-19 02:30:11.271115;si-4-2;The organization employs automated tools to support near real-time analysis of events.;System and Information Integrity (SI);Information System Monitoring (SI-4);;aws;;PASS;GuardDuty detector c0cfc223468df81e40fec5257649bb70 enabled.;arn:aws:guardduty:ap-southeast-7:<SANDBOX_ACCOUNT_ID>:detector/c0cfc223468df81e40fec5257649bb70;guardduty_is_enabled;False;c0cfc223468df81e40fec5257649bb70;FedRamp-Moderate-Revision-4;FedRAMP Moderate Revision 4;
aws;The Federal Risk and Authorization Management Program (FedRAMP) was established in 2011. It provides a cost-effective, risk-based approach for the adoption and use of cloud services by the U.S. federal government. FedRAMP empowers federal agencies to use modern cloud technologies, with an emphasis on the security and protection of federal information.;<SANDBOX_ACCOUNT_ID>;ap-southeast-7;2026-08-19 02:30:11.271115;si-4-4;The information system monitors inbound and outbound communications traffic continuously for unusual or unauthorized activities or conditions.;System and Information Integrity (SI);Information System Monitoring (SI-4);;aws;;PASS;GuardDuty detector c0cfc223468df81e40fec5257649bb70 enabled.;arn:aws:guardduty:ap-southeast-7:<SANDBOX_ACCOUNT_ID>:detector/c0cfc223468df81e40fec5257649bb70;guardduty_is_enabled;False;c0cfc223468df81e40fec5257649bb70;FedRamp-Moderate-Revision-4;FedRAMP Moderate Revision 4;
aws;The Federal Risk and Authorization Management Program (FedRAMP) was established in 2011. It provides a cost-effective, risk-based approach for the adoption and use of cloud services by the U.S. federal government. FedRAMP empowers federal agencies to use modern cloud technologies, with an emphasis on the security and protection of federal information.;<SANDBOX_ACCOUNT_ID>;ap-southeast-7;2026-08-19 02:30:11.271115;si-4-5;The information system alerts organization-defined personnel or roles when the following indications of compromise or potential compromise occur: [Assignment: organization-defined compromise indicators].;System and Information Integrity (SI);Information System Monitoring (SI-4);;aws;;PASS;GuardDuty detector c0cfc223468df81e40fec5257649bb70 enabled.;arn:aws:guardduty:ap-southeast-7:<SANDBOX_ACCOUNT_ID>:detector/c0cfc223468df81e40fec5257649bb70;guardduty_is_enabled;False;c0cfc223468df81e40fec5257649bb70;FedRamp-Moderate-Revision-4;FedRAMP Moderate Revision 4;
aws;The Federal Risk and Authorization Management Program (FedRAMP) was established in 2011. It provides a cost-effective, risk-based approach for the adoption and use of cloud services by the U.S. federal government. FedRAMP empowers federal agencies to use modern cloud technologies, with an emphasis on the security and protection of federal information.;<SANDBOX_ACCOUNT_ID>;ap-southeast-7;2026-08-19 02:30:11.271115;si-4-a-b-c;"The organization: a. Monitors the information system to detect: 1. Attacks and indicators of potential attacks in accordance with [Assignment: organization- defined monitoring objectives]; and 2. Unauthorized local, network, and remote connections; b. Identifies unauthorized use of the information system through [Assignment: organization- defined techniques and methods]; c. Deploys monitoring devices: i. strategically within the information system to collect organization-determined essential information; and (ii) at ad hoc locations within the system to track specific types of transactions of interest to the organization.";System and Information Integrity (SI);Information System Monitoring (SI-4);;aws;;PASS;GuardDuty detector c0cfc223468df81e40fec5257649bb70 enabled.;arn:aws:guardduty:ap-southeast-7:<SANDBOX_ACCOUNT_ID>:detector/c0cfc223468df81e40fec5257649bb70;guardduty_is_enabled;False;c0cfc223468df81e40fec5257649bb70;FedRamp-Moderate-Revision-4;FedRAMP Moderate Revision 4;
aws;The Federal Risk and Authorization Management Program (FedRAMP) was established in 2011. It provides a cost-effective, risk-based approach for the adoption and use of cloud services by the U.S. federal government. FedRAMP empowers federal agencies to use modern cloud technologies, with an emphasis on the security and protection of federal information.;<SANDBOX_ACCOUNT_ID>;ap-southeast-7;2026-08-19 02:30:11.271115;ir-4-1;The organization employs automated mechanisms to support the incident handling process.;Incident Response (IR);Incident Handling (IR-4);;aws;;FAIL;GuardDuty detector c0cfc223468df81e40fec5257649bb70 has 162 high severity findings.;arn:aws:guardduty:ap-southeast-7:<SANDBOX_ACCOUNT_ID>:detector/c0cfc223468df81e40fec5257649bb70;guardduty_no_high_severity_findings;False;c0cfc223468df81e40fec5257649bb70;FedRamp-Moderate-Revision-4;FedRAMP Moderate Revision 4;
aws;The Federal Risk and Authorization Management Program (FedRAMP) was established in 2011. It provides a cost-effective, risk-based approach for the adoption and use of cloud services by the U.S. federal government. FedRAMP empowers federal agencies to use modern cloud technologies, with an emphasis on the security and protection of federal information.;<SANDBOX_ACCOUNT_ID>;ap-southeast-7;2026-08-19 02:30:11.271115;ir-4-1;The organization employs automated mechanisms to support the incident handling process.;Incident Response (IR);Incident Handling (IR-4);;aws;;FAIL;GuardDuty detector c0cfc223468df81e40fec5257649bb70 has 162 high severity findings.;arn:aws:guardduty:ap-southeast-7:<SANDBOX_ACCOUNT_ID>:detector/c0cfc223468df81e40fec5257649bb70;guardduty_no_high_severity_findings;False;c0cfc223468df81e40fec5257649bb70;FedRamp-Moderate-Revision-4;FedRAMP Moderate Revision 4;
aws;The Federal Risk and Authorization Management Program (FedRAMP) was established in 2011. It provides a cost-effective, risk-based approach for the adoption and use of cloud services by the U.S. federal government. FedRAMP empowers federal agencies to use modern cloud technologies, with an emphasis on the security and protection of federal information.;<SANDBOX_ACCOUNT_ID>;ap-southeast-7;2026-08-19 02:30:11.271115;ir-6-1;The organization employs automated mechanisms to assist in the reporting of security incidents.;Incident Response (IR);Incident Reporting (IR-6);;aws;;FAIL;GuardDuty detector c0cfc223468df81e40fec5257649bb70 has 162 high severity findings.;arn:aws:guardduty:ap-southeast-7:<SANDBOX_ACCOUNT_ID>:detector/c0cfc223468df81e40fec5257649bb70;guardduty_no_high_severity_findings;False;c0cfc223468df81e40fec5257649bb70;FedRamp-Moderate-Revision-4;FedRAMP Moderate Revision 4;
aws;The Federal Risk and Authorization Management Program (FedRAMP) was established in 2011. It provides a cost-effective, risk-based approach for the adoption and use of cloud services by the U.S. federal government. FedRAMP empowers federal agencies to use modern cloud technologies, with an emphasis on the security and protection of federal information.;<SANDBOX_ACCOUNT_ID>;ap-southeast-7;2026-08-19 02:30:11.271115;ir-7-1;The organization employs automated mechanisms to increase the availability of incident response-related information and support.;Incident Response (IR);Incident Response Assistance (IR-7);;aws;;FAIL;GuardDuty detector c0cfc223468df81e40fec5257649bb70 has 162 high severity findings.;arn:aws:guardduty:ap-southeast-7:<SANDBOX_ACCOUNT_ID>:detector/c0cfc223468df81e40fec5257649bb70;guardduty_no_high_severity_findings;False;c0cfc223468df81e40fec5257649bb70;FedRamp-Moderate-Revision-4;FedRAMP Moderate Revision 4;
aws;The Federal Risk and Authorization Management Program (FedRAMP) was established in 2011. It provides a cost-effective, risk-based approach for the adoption and use of cloud services by the U.S. federal government. FedRAMP empowers federal agencies to use modern cloud technologies, with an emphasis on the security and protection of federal information.;<SANDBOX_ACCOUNT_ID>;ap-southeast-7;2026-08-19 02:30:11.271115;ra-5;Scan for system vulnerabilities. Share vulnerability information and security controls that eliminate vulnerabilities.;Risk Assessment (RA);;;guarduty;;FAIL;GuardDuty detector c0cfc223468df81e40fec5257649bb70 has 162 high severity findings.;arn:aws:guardduty:ap-southeast-7:<SANDBOX_ACCOUNT_ID>:detector/c0cfc223468df81e40fec5257649bb70;guardduty_no_high_severity_findings;False;c0cfc223468df81e40fec5257649bb70;FedRamp-Moderate-Revision-4;FedRAMP Moderate Revision 4;
aws;The Federal Risk and Authorization Management Program (FedRAMP) was established in 2011. It provides a cost-effective, risk-based approach for the adoption and use of cloud services by the U.S. federal government. FedRAMP empowers federal agencies to use modern cloud technologies, with an emphasis on the security and protection of federal information.;<SANDBOX_ACCOUNT_ID>;ap-southeast-7;2026-08-19 02:30:11.271115;sa-10;"The organization requires the developer of the information system, system component, or information system service to: a. Perform configuration management during system, component, or service [Selection (one or more): design; development; implementation; operation]; b. Document, manage, and control the integrity of changes to [Assignment: organization-defined configuration items under configuration management]; c. Implement only organization-approved changes to the system, component, or service; d. Document approved changes to the system, component, or service and the potential security impacts of such changes; and e. Track security flaws and flaw resolution within the system, component, or service and report findings to [Assignment: organization-defined personnel].";System and Services Acquisition (SA);;;aws;;FAIL;GuardDuty detector c0cfc223468df81e40fec5257649bb70 has 162 high severity findings.;arn:aws:guardduty:ap-southeast-7:<SANDBOX_ACCOUNT_ID>:detector/c0cfc223468df81e40fec5257649bb70;guardduty_no_high_severity_findings;False;c0cfc223468df81e40fec5257649bb70;FedRamp-Moderate-Revision-4;FedRAMP Moderate Revision 4;
aws;The Federal Risk and Authorization Management Program (FedRAMP) was established in 2011. It provides a cost-effective, risk-based approach for the adoption and use of cloud services by the U.S. federal government. FedRAMP empowers federal agencies to use modern cloud technologies, with an emphasis on the security and protection of federal information.;<SANDBOX_ACCOUNT_ID>;ap-southeast-7;2026-08-19 02:30:11.271115;si-4-a-b-c;"The organization: a. Monitors the information system to detect: 1. Attacks and indicators of potential attacks in accordance with [Assignment: organization- defined monitoring objectives]; and 2. Unauthorized local, network, and remote connections; b. Identifies unauthorized use of the information system through [Assignment: organization- defined techniques and methods]; c. Deploys monitoring devices: i. strategically within the information system to collect organization-determined essential information; and (ii) at ad hoc locations within the system to track specific types of transactions of interest to the organization.";System and Information Integrity (SI);Information System Monitoring (SI-4);;aws;;FAIL;GuardDuty detector c0cfc223468df81e40fec5257649bb70 has 162 high severity findings.;arn:aws:guardduty:ap-southeast-7:<SANDBOX_ACCOUNT_ID>:detector/c0cfc223468df81e40fec5257649bb70;guardduty_no_high_severity_findings;False;c0cfc223468df81e40fec5257649bb70;FedRamp-Moderate-Revision-4;FedRAMP Moderate Revision 4;
aws;The Federal Risk and Authorization Management Program (FedRAMP) was established in 2011. It provides a cost-effective, risk-based approach for the adoption and use of cloud services by the U.S. federal government. FedRAMP empowers federal agencies to use modern cloud technologies, with an emphasis on the security and protection of federal information.;<SANDBOX_ACCOUNT_ID>;ap-southeast-7;2026-08-19 02:30:11.271115;ac-2-1;The organization employs automated mechanisms to support the management of information system accounts.;Access Control (AC);Account Management (AC-2);;aws;;PASS;AWS policy AWSSSOServiceRolePolicy is attached but does not allow '*:*' administrative privileges.;arn:aws:iam::aws:policy/aws-service-role/AWSSSOServiceRolePolicy;iam_aws_attached_policy_no_administrative_privileges;False;AWSSSOServiceRolePolicy;FedRamp-Moderate-Revision-4;FedRAMP Moderate Revision 4;
aws;The Federal Risk and Authorization Management Program (FedRAMP) was established in 2011. It provides a cost-effective, risk-based approach for the adoption and use of cloud services by the U.S. federal government. FedRAMP empowers federal agencies to use modern cloud technologies, with an emphasis on the security and protection of federal information.;<SANDBOX_ACCOUNT_ID>;ap-southeast-7;2026-08-19 02:30:11.271115;ac-2-f;The organization: f. Creates, enables, modifies, disables, and removes information system accounts in accordance with [Assignment: organization-defined procedures or conditions].;Access Control (AC);Account Management (AC-2);;aws;;PASS;AWS policy AWSSSOServiceRolePolicy is attached but does not allow '*:*' administrative privileges.;arn:aws:iam::aws:policy/aws-service-role/AWSSSOServiceRolePolicy;iam_aws_attached_policy_no_administrative_privileges;False;AWSSSOServiceRolePolicy;FedRamp-Moderate-Revision-4;FedRAMP Moderate Revision 4;
aws;The Federal Risk and Authorization Management Program (FedRAMP) was established in 2011. It provides a cost-effective, risk-based approach for the adoption and use of cloud services by the U.S. federal government. FedRAMP empowers federal agencies to use modern cloud technologies, with an emphasis on the security and protection of federal information.;<SANDBOX_ACCOUNT_ID>;ap-southeast-7;2026-08-19 02:30:11.271115;ac-2-j;The organization: j. Reviews accounts for compliance with account management requirements [Assignment: organization-defined frequency].;Access Control (AC);Account Management (AC-2);;aws;;PASS;AWS policy AWSSSOServiceRolePolicy is attached but does not allow '*:*' administrative privileges.;arn:aws:iam::aws:policy/aws-service-role/AWSSSOServiceRolePolicy;iam_aws_attached_policy_no_administrative_privileges;False;AWSSSOServiceRolePolicy;FedRamp-Moderate-Revision-4;FedRAMP Moderate Revision 4;
aws;The Federal Risk and Authorization Management Program (FedRAMP) was established in 2011. It provides a cost-effective, risk-based approach for the adoption and use of cloud services by the U.S. federal government. FedRAMP empowers federal agencies to use modern cloud technologies, with an emphasis on the security and protection of federal information.;<SANDBOX_ACCOUNT_ID>;ap-southeast-7;2026-08-19 02:30:11.271115;ac-3;The information system enforces approved authorizations for logical access to information and system resources in accordance with applicable access control policies.;Access Control (AC);;;aws;;PASS;AWS policy AWSSSOServiceRolePolicy is attached but does not allow '*:*' administrative privileges.;arn:aws:iam::aws:policy/aws-service-role/AWSSSOServiceRolePolicy;iam_aws_attached_policy_no_administrative_privileges;False;AWSSSOServiceRolePolicy;FedRamp-Moderate-Revision-4;FedRAMP Moderate Revision 4;
aws;The Federal Risk and Authorization Management Program (FedRAMP) was established in 2011. It provides a cost-effective, risk-based approach for the adoption and use of cloud services by the U.S. federal government. FedRAMP empowers federal agencies to use modern cloud technologies, with an emphasis on the security and protection of federal information.;<SANDBOX_ACCOUNT_ID>;ap-southeast-7;2026-08-19 02:30:11.271115;ac-5-c;The organization: c. Defines information system access authorizations to support separation of duties.;Access Control (AC);Separation Of Duties (AC-5);;aws;;PASS;AWS policy AWSSSOServiceRolePolicy is attached but does not allow '*:*' administrative privileges.;arn:aws:iam::aws:policy/aws-service-role/AWSSSOServiceRolePolicy;iam_aws_attached_policy_no_administrative_privileges;False;AWSSSOServiceRolePolicy;FedRamp-Moderate-Revision-4;FedRAMP Moderate Revision 4;
aws;The Federal Risk and Authorization Management Program (FedRAMP) was established in 2011. It provides a cost-effective, risk-based approach for the adoption and use of cloud services by the U.S. federal government. FedRAMP empowers federal agencies to use modern cloud technologies, with an emphasis on the security and protection of federal information.;<SANDBOX_ACCOUNT_ID>;ap-southeast-7;2026-08-19 02:30:11.271115;ac-6-10;The information system prevents non-privileged users from executing privileged functions to include disabling, circumventing, or altering implemented security safeguards/countermeasures.;Access Control (AC);Least Privilege (AC-6);;aws;;PASS;AWS policy AWSSSOServiceRolePolicy is attached but does not allow '*:*' administrative privileges.;arn:aws:iam::aws:policy/aws-service-role/AWSSSOServiceRolePolicy;iam_aws_attached_policy_no_administrative_privileges;False;AWSSSOServiceRolePolicy;FedRamp-Moderate-Revision-4;FedRAMP Moderate Revision 4;
aws;The Federal Risk and Authorization Management Program (FedRAMP) was established in 2011. It provides a cost-effective, risk-based approach for the adoption and use of cloud services by the U.S. federal government. FedRAMP empowers federal agencies to use modern cloud technologies, with an emphasis on the security and protection of federal information.;<SANDBOX_ACCOUNT_ID>;ap-southeast-7;2026-08-19 02:30:11.271115;ac-6;The organization employs the principle of least privilege, allowing only authorized accesses for users (or processes acting on behalf of users) which are necessary to accomplish assigned tasks in accordance with organizational missions and business functions.;Access Control (AC);;;aws;;PASS;AWS policy AWSSSOServiceRolePolicy is attached but does not allow '*:*' administrative privileges.;arn:aws:iam::aws:policy/aws-service-role/AWSSSOServiceRolePolicy;iam_aws_attached_policy_no_administrative_privileges;False;AWSSSOServiceRolePolicy;FedRamp-Moderate-Revision-4;FedRAMP Moderate Revision 4;
aws;The Federal Risk and Authorization Management Program (FedRAMP) was established in 2011. It provides a cost-effective, risk-based approach for the adoption and use of cloud services by the U.S. federal government. FedRAMP empowers federal agencies to use modern cloud technologies, with an emphasis on the security and protection of federal information.;<SANDBOX_ACCOUNT_ID>;ap-southeast-7;2026-08-19 02:30:11.271115;sc-2;The information system separates user functionality (including user interface services) from information system management functionality.;System and Communications Protection (SC);;;iam;;PASS;AWS policy AWSSSOServiceRolePolicy is attached but does not allow '*:*' administrative privileges.;arn:aws:iam::aws:policy/aws-service-role/AWSSSOServiceRolePolicy;iam_aws_attached_policy_no_administrative_privileges;False;AWSSSOServiceRolePolicy;FedRamp-Moderate-Revision-4;FedRAMP Moderate Revision 4;
aws;The Federal Risk and Authorization Management Program (FedRAMP) was established in 2011. It provides a cost-effective, risk-based approach for the adoption and use of cloud services by the U.S. federal government. FedRAMP empowers federal agencies to use modern cloud technologies, with an emphasis on the security and protection of federal information.;<SANDBOX_ACCOUNT_ID>;ap-southeast-7;2026-08-19 02:30:11.271115;ac-2-1;The organization employs automated mechanisms to support the management of information system accounts.;Access Control (AC);Account Management (AC-2);;aws;;PASS;AWS policy AWSOrganizationsServiceTrustPolicy is attached but does not allow '*:*' administrative privileges.;arn:aws:iam::aws:policy/aws-service-role/AWSOrganizationsServiceTrustPolicy;iam_aws_attached_policy_no_administrative_privileges;False;AWSOrganizationsServiceTrustPolicy;FedRamp-Moderate-Revision-4;FedRAMP Moderate Revision 4;
aws;The Federal Risk and Authorization Management Program (FedRAMP) was established in 2011. It provides a cost-effective, risk-based approach for the adoption and use of cloud services by the U.S. federal government. FedRAMP empowers federal agencies to use modern cloud technologies, with an emphasis on the security and protection of federal information.;<SANDBOX_ACCOUNT_ID>;ap-southeast-7;2026-08-19 02:30:11.271115;ac-2-f;The organization: f. Creates, enables, modifies, disables, and removes information system accounts in accordance with [Assignment: organization-defined procedures or conditions].;Access Control (AC);Account Management (AC-2);;aws;;PASS;AWS policy AWSOrganizationsServiceTrustPolicy is attached but does not allow '*:*' administrative privileges.;arn:aws:iam::aws:policy/aws-service-role/AWSOrganizationsServiceTrustPolicy;iam_aws_attached_policy_no_administrative_privileges;False;AWSOrganizationsServiceTrustPolicy;FedRamp-Moderate-Revision-4;FedRAMP Moderate Revision 4;
aws;The Federal Risk and Authorization Management Program (FedRAMP) was established in 2011. It provides a cost-effective, risk-based approach for the adoption and use of cloud services by the U.S. federal government. FedRAMP empowers federal agencies to use modern cloud technologies, with an emphasis on the security and protection of federal information.;<SANDBOX_ACCOUNT_ID>;ap-southeast-7;2026-08-19 02:30:11.271115;ac-2-j;The organization: j. Reviews accounts for compliance with account management requirements [Assignment: organization-defined frequency].;Access Control (AC);Account Management (AC-2);;aws;;PASS;AWS policy AWSOrganizationsServiceTrustPolicy is attached but does not allow '*:*' administrative privileges.;arn:aws:iam::aws:policy/aws-service-role/AWSOrganizationsServiceTrustPolicy;iam_aws_attached_policy_no_administrative_privileges;False;AWSOrganizationsServiceTrustPolicy;FedRamp-Moderate-Revision-4;FedRAMP Moderate Revision 4;
aws;The Federal Risk and Authorization Management Program (FedRAMP) was established in 2011. It provides a cost-effective, risk-based approach for the adoption and use of cloud services by the U.S. federal government. FedRAMP empowers federal agencies to use modern cloud technologies, with an emphasis on the security and protection of federal information.;<SANDBOX_ACCOUNT_ID>;ap-southeast-7;2026-08-19 02:30:11.271115;ac-3;The information system enforces approved authorizations for logical access to information and system resources in accordance with applicable access control policies.;Access Control (AC);;;aws;;PASS;AWS policy AWSOrganizationsServiceTrustPolicy is attached but does not allow '*:*' administrative privileges.;arn:aws:iam::aws:policy/aws-service-role/AWSOrganizationsServiceTrustPolicy;iam_aws_attached_policy_no_administrative_privileges;False;AWSOrganizationsServiceTrustPolicy;FedRamp-Moderate-Revision-4;FedRAMP Moderate Revision 4;
aws;The Federal Risk and Authorization Management Program (FedRAMP) was established in 2011. It provides a cost-effective, risk-based approach for the adoption and use of cloud services by the U.S. federal government. FedRAMP empowers federal agencies to use modern cloud technologies, with an emphasis on the security and protection of federal information.;<SANDBOX_ACCOUNT_ID>;ap-southeast-7;2026-08-19 02:30:11.271115;ac-5-c;The organization: c. Defines information system access authorizations to support separation of duties.;Access Control (AC);Separation Of Duties (AC-5);;aws;;PASS;AWS policy AWSOrganizationsServiceTrustPolicy is attached but does not allow '*:*' administrative privileges.;arn:aws:iam::aws:policy/aws-service-role/AWSOrganizationsServiceTrustPolicy;iam_aws_attached_policy_no_administrative_privileges;False;AWSOrganizationsServiceTrustPolicy;FedRamp-Moderate-Revision-4;FedRAMP Moderate Revision 4;
aws;The Federal Risk and Authorization Management Program (FedRAMP) was established in 2011. It provides a cost-effective, risk-based approach for the adoption and use of cloud services by the U.S. federal government. FedRAMP empowers federal agencies to use modern cloud technologies, with an emphasis on the security and protection of federal information.;<SANDBOX_ACCOUNT_ID>;ap-southeast-7;2026-08-19 02:30:11.271115;ac-6-10;The information system prevents non-privileged users from executing privileged functions to include disabling, circumventing, or altering implemented security safeguards/countermeasures.;Access Control (AC);Least Privilege (AC-6);;aws;;PASS;AWS policy AWSOrganizationsServiceTrustPolicy is attached but does not allow '*:*' administrative privileges.;arn:aws:iam::aws:policy/aws-service-role/AWSOrganizationsServiceTrustPolicy;iam_aws_attached_policy_no_administrative_privileges;False;AWSOrganizationsServiceTrustPolicy;FedRamp-Moderate-Revision-4;FedRAMP Moderate Revision 4;
aws;The Federal Risk and Authorization Management Program (FedRAMP) was established in 2011. It provides a cost-effective, risk-based approach for the adoption and use of cloud services by the U.S. federal government. FedRAMP empowers federal agencies to use modern cloud technologies, with an emphasis on the security and protection of federal information.;<SANDBOX_ACCOUNT_ID>;ap-southeast-7;2026-08-19 02:30:11.271115;ac-6;The organization employs the principle of least privilege, allowing only authorized accesses for users (or processes acting on behalf of users) which are necessary to accomplish assigned tasks in accordance with organizational missions and business functions.;Access Control (AC);;;aws;;PASS;AWS policy AWSOrganizationsServiceTrustPolicy is attached but does not allow '*:*' administrative privileges.;arn:aws:iam::aws:policy/aws-service-role/AWSOrganizationsServiceTrustPolicy;iam_aws_attached_policy_no_administrative_privileges;False;AWSOrganizationsServiceTrustPolicy;FedRamp-Moderate-Revision-4;FedRAMP Moderate Revision 4;
aws;The Federal Risk and Authorization Management Program (FedRAMP) was established in 2011. It provides a cost-effective, risk-based approach for the adoption and use of cloud services by the U.S. federal government. FedRAMP empowers federal agencies to use modern cloud technologies, with an emphasis on the security and protection of federal information.;<SANDBOX_ACCOUNT_ID>;ap-southeast-7;2026-08-19 02:30:11.271115;sc-2;The information system separates user functionality (including user interface services) from information system management functionality.;System and Communications Protection (SC);;;iam;;PASS;AWS policy AWSOrganizationsServiceTrustPolicy is attached but does not allow '*:*' administrative privileges.;arn:aws:iam::aws:policy/aws-service-role/AWSOrganizationsServiceTrustPolicy;iam_aws_attached_policy_no_administrative_privileges;False;AWSOrganizationsServiceTrustPolicy;FedRamp-Moderate-Revision-4;FedRAMP Moderate Revision 4;
aws;The Federal Risk and Authorization Management Program (FedRAMP) was established in 2011. It provides a cost-effective, risk-based approach for the adoption and use of cloud services by the U.S. federal government. FedRAMP empowers federal agencies to use modern cloud technologies, with an emphasis on the security and protection of federal information.;<SANDBOX_ACCOUNT_ID>;ap-southeast-7;2026-08-19 02:30:11.271115;ac-2-1;The organization employs automated mechanisms to support the management of information system accounts.;Access Control (AC);Account Management (AC-2);;aws;;PASS;AWS policy AmazonGuardDutyServiceRolePolicy is attached but does not allow '*:*' administrative privileges.;arn:aws:iam::aws:policy/aws-service-role/AmazonGuardDutyServiceRolePolicy;iam_aws_attached_policy_no_administrative_privileges;False;AmazonGuardDutyServiceRolePolicy;FedRamp-Moderate-Revision-4;FedRAMP Moderate Revision 4;
aws;The Federal Risk and Authorization Management Program (FedRAMP) was established in 2011. It provides a cost-effective, risk-based approach for the adoption and use of cloud services by the U.S. federal government. FedRAMP empowers federal agencies to use modern cloud technologies, with an emphasis on the security and protection of federal information.;<SANDBOX_ACCOUNT_ID>;ap-southeast-7;2026-08-19 02:30:11.271115;ac-2-f;The organization: f. Creates, enables, modifies, disables, and removes information system accounts in accordance with [Assignment: organization-defined procedures or conditions].;Access Control (AC);Account Management (AC-2);;aws;;PASS;AWS policy AmazonGuardDutyServiceRolePolicy is attached but does not allow '*:*' administrative privileges.;arn:aws:iam::aws:policy/aws-service-role/AmazonGuardDutyServiceRolePolicy;iam_aws_attached_policy_no_administrative_privileges;False;AmazonGuardDutyServiceRolePolicy;FedRamp-Moderate-Revision-4;FedRAMP Moderate Revision 4;
aws;The Federal Risk and Authorization Management Program (FedRAMP) was established in 2011. It provides a cost-effective, risk-based approach for the adoption and use of cloud services by the U.S. federal government. FedRAMP empowers federal agencies to use modern cloud technologies, with an emphasis on the security and protection of federal information.;<SANDBOX_ACCOUNT_ID>;ap-southeast-7;2026-08-19 02:30:11.271115;ac-2-j;The organization: j. Reviews accounts for compliance with account management requirements [Assignment: organization-defined frequency].;Access Control (AC);Account Management (AC-2);;aws;;PASS;AWS policy AmazonGuardDutyServiceRolePolicy is attached but does not allow '*:*' administrative privileges.;arn:aws:iam::aws:policy/aws-service-role/AmazonGuardDutyServiceRolePolicy;iam_aws_attached_policy_no_administrative_privileges;False;AmazonGuardDutyServiceRolePolicy;FedRamp-Moderate-Revision-4;FedRAMP Moderate Revision 4;
aws;The Federal Risk and Authorization Management Program (FedRAMP) was established in 2011. It provides a cost-effective, risk-based approach for the adoption and use of cloud services by the U.S. federal government. FedRAMP empowers federal agencies to use modern cloud technologies, with an emphasis on the security and protection of federal information.;<SANDBOX_ACCOUNT_ID>;ap-southeast-7;2026-08-19 02:30:11.271115;ac-3;The information system enforces approved authorizations for logical access to information and system resources in accordance with applicable access control policies.;Access Control (AC);;;aws;;PASS;AWS policy AmazonGuardDutyServiceRolePolicy is attached but does not allow '*:*' administrative privileges.;arn:aws:iam::aws:policy/aws-service-role/AmazonGuardDutyServiceRolePolicy;iam_aws_attached_policy_no_administrative_privileges;False;AmazonGuardDutyServiceRolePolicy;FedRamp-Moderate-Revision-4;FedRAMP Moderate Revision 4;
aws;The Federal Risk and Authorization Management Program (FedRAMP) was established in 2011. It provides a cost-effective, risk-based approach for the adoption and use of cloud services by the U.S. federal government. FedRAMP empowers federal agencies to use modern cloud technologies, with an emphasis on the security and protection of federal information.;<SANDBOX_ACCOUNT_ID>;ap-southeast-7;2026-08-19 02:30:11.271115;ac-5-c;The organization: c. Defines information system access authorizations to support separation of duties.;Access Control (AC);Separation Of Duties (AC-5);;aws;;PASS;AWS policy AmazonGuardDutyServiceRolePolicy is attached but does not allow '*:*' administrative privileges.;arn:aws:iam::aws:policy/aws-service-role/AmazonGuardDutyServiceRolePolicy;iam_aws_attached_policy_no_administrative_privileges;False;AmazonGuardDutyServiceRolePolicy;FedRamp-Moderate-Revision-4;FedRAMP Moderate Revision 4;
aws;The Federal Risk and Authorization Management Program (FedRAMP) was established in 2011. It provides a cost-effective, risk-based approach for the adoption and use of cloud services by the U.S. federal government. FedRAMP empowers federal agencies to use modern cloud technologies, with an emphasis on the security and protection of federal information.;<SANDBOX_ACCOUNT_ID>;ap-southeast-7;2026-08-19 02:30:11.271115;ac-6-10;The information system prevents non-privileged users from executing privileged functions to include disabling, circumventing, or altering implemented security safeguards/countermeasures.;Access Control (AC);Least Privilege (AC-6);;aws;;PASS;AWS policy AmazonGuardDutyServiceRolePolicy is attached but does not allow '*:*' administrative privileges.;arn:aws:iam::aws:policy/aws-service-role/AmazonGuardDutyServiceRolePolicy;iam_aws_attached_policy_no_administrative_privileges;False;AmazonGuardDutyServiceRolePolicy;FedRamp-Moderate-Revision-4;FedRAMP Moderate Revision 4;
aws;The Federal Risk and Authorization Management Program (FedRAMP) was established in 2011. It provides a cost-effective, risk-based approach for the adoption and use of cloud services by the U.S. federal government. FedRAMP empowers federal agencies to use modern cloud technologies, with an emphasis on the security and protection of federal information.;<SANDBOX_ACCOUNT_ID>;ap-southeast-7;2026-08-19 02:30:11.271115;ac-6;The organization employs the principle of least privilege, allowing only authorized accesses for users (or processes acting on behalf of users) which are necessary to accomplish assigned tasks in accordance with organizational missions and business functions.;Access Control (AC);;;aws;;PASS;AWS policy AmazonGuardDutyServiceRolePolicy is attached but does not allow '*:*' administrative privileges.;arn:aws:iam::aws:policy/aws-service-role/AmazonGuardDutyServiceRolePolicy;iam_aws_attached_policy_no_administrative_privileges;False;AmazonGuardDutyServiceRolePolicy;FedRamp-Moderate-Revision-4;FedRAMP Moderate Revision 4;
aws;The Federal Risk and Authorization Management Program (FedRAMP) was established in 2011. It provides a cost-effective, risk-based approach for the adoption and use of cloud services by the U.S. federal government. FedRAMP empowers federal agencies to use modern cloud technologies, with an emphasis on the security and protection of federal information.;<SANDBOX_ACCOUNT_ID>;ap-southeast-7;2026-08-19 02:30:11.271115;sc-2;The information system separates user functionality (including user interface services) from information system management functionality.;System and Communications Protection (SC);;;iam;;PASS;AWS policy AmazonGuardDutyServiceRolePolicy is attached but does not allow '*:*' administrative privileges.;arn:aws:iam::aws:policy/aws-service-role/AmazonGuardDutyServiceRolePolicy;iam_aws_attached_policy_no_administrative_privileges;False;AmazonGuardDutyServiceRolePolicy;FedRamp-Moderate-Revision-4;FedRAMP Moderate Revision 4;
aws;The Federal Risk and Authorization Management Program (FedRAMP) was established in 2011. It provides a cost-effective, risk-based approach for the adoption and use of cloud services by the U.S. federal government. FedRAMP empowers federal agencies to use modern cloud technologies, with an emphasis on the security and protection of federal information.;<SANDBOX_ACCOUNT_ID>;ap-southeast-7;2026-08-19 02:30:11.271115;ac-2-1;The organization employs automated mechanisms to support the management of information system accounts.;Access Control (AC);Account Management (AC-2);;aws;;PASS;AWS policy AWSTrustedAdvisorServiceRolePolicy is attached but does not allow '*:*' administrative privileges.;arn:aws:iam::aws:policy/aws-service-role/AWSTrustedAdvisorServiceRolePolicy;iam_aws_attached_policy_no_administrative_privileges;False;AWSTrustedAdvisorServiceRolePolicy;FedRamp-Moderate-Revision-4;FedRAMP Moderate Revision 4;
aws;The Federal Risk and Authorization Management Program (FedRAMP) was established in 2011. It provides a cost-effective, risk-based approach for the adoption and use of cloud services by the U.S. federal government. FedRAMP empowers federal agencies to use modern cloud technologies, with an emphasis on the security and protection of federal information.;<SANDBOX_ACCOUNT_ID>;ap-southeast-7;2026-08-19 02:30:11.271115;ac-2-f;The organization: f. Creates, enables, modifies, disables, and removes information system accounts in accordance with [Assignment: organization-defined procedures or conditions].;Access Control (AC);Account Management (AC-2);;aws;;PASS;AWS policy AWSTrustedAdvisorServiceRolePolicy is attached but does not allow '*:*' administrative privileges.;arn:aws:iam::aws:policy/aws-service-role/AWSTrustedAdvisorServiceRolePolicy;iam_aws_attached_policy_no_administrative_privileges;False;AWSTrustedAdvisorServiceRolePolicy;FedRamp-Moderate-Revision-4;FedRAMP Moderate Revision 4;
aws;The Federal Risk and Authorization Management Program (FedRAMP) was established in 2011. It provides a cost-effective, risk-based approach for the adoption and use of cloud services by the U.S. federal government. FedRAMP empowers federal agencies to use modern cloud technologies, with an emphasis on the security and protection of federal information.;<SANDBOX_ACCOUNT_ID>;ap-southeast-7;2026-08-19 02:30:11.271115;ac-2-j;The organization: j. Reviews accounts for compliance with account management requirements [Assignment: organization-defined frequency].;Access Control (AC);Account Management (AC-2);;aws;;PASS;AWS policy AWSTrustedAdvisorServiceRolePolicy is attached but does not allow '*:*' administrative privileges.;arn:aws:iam::aws:policy/aws-service-role/AWSTrustedAdvisorServiceRolePolicy;iam_aws_attached_policy_no_administrative_privileges;False;AWSTrustedAdvisorServiceRolePolicy;FedRamp-Moderate-Revision-4;FedRAMP Moderate Revision 4;
aws;The Federal Risk and Authorization Management Program (FedRAMP) was established in 2011. It provides a cost-effective, risk-based approach for the adoption and use of cloud services by the U.S. federal government. FedRAMP empowers federal agencies to use modern cloud technologies, with an emphasis on the security and protection of federal information.;<SANDBOX_ACCOUNT_ID>;ap-southeast-7;2026-08-19 02:30:11.271115;ac-3;The information system enforces approved authorizations for logical access to information and system resources in accordance with applicable access control policies.;Access Control (AC);;;aws;;PASS;AWS policy AWSTrustedAdvisorServiceRolePolicy is attached but does not allow '*:*' administrative privileges.;arn:aws:iam::aws:policy/aws-service-role/AWSTrustedAdvisorServiceRolePolicy;iam_aws_attached_policy_no_administrative_privileges;False;AWSTrustedAdvisorServiceRolePolicy;FedRamp-Moderate-Revision-4;FedRAMP Moderate Revision 4;
aws;The Federal Risk and Authorization Management Program (FedRAMP) was established in 2011. It provides a cost-effective, risk-based approach for the adoption and use of cloud services by the U.S. federal government. FedRAMP empowers federal agencies to use modern cloud technologies, with an emphasis on the security and protection of federal information.;<SANDBOX_ACCOUNT_ID>;ap-southeast-7;2026-08-19 02:30:11.271115;ac-5-c;The organization: c. Defines information system access authorizations to support separation of duties.;Access Control (AC);Separation Of Duties (AC-5);;aws;;PASS;AWS policy AWSTrustedAdvisorServiceRolePolicy is attached but does not allow '*:*' administrative privileges.;arn:aws:iam::aws:policy/aws-service-role/AWSTrustedAdvisorServiceRolePolicy;iam_aws_attached_policy_no_administrative_privileges;False;AWSTrustedAdvisorServiceRolePolicy;FedRamp-Moderate-Revision-4;FedRAMP Moderate Revision 4;
aws;The Federal Risk and Authorization Management Program (FedRAMP) was established in 2011. It provides a cost-effective, risk-based approach for the adoption and use of cloud services by the U.S. federal government. FedRAMP empowers federal agencies to use modern cloud technologies, with an emphasis on the security and protection of federal information.;<SANDBOX_ACCOUNT_ID>;ap-southeast-7;2026-08-19 02:30:11.271115;ac-6-10;The information system prevents non-privileged users from executing privileged functions to include disabling, circumventing, or altering implemented security safeguards/countermeasures.;Access Control (AC);Least Privilege (AC-6);;aws;;PASS;AWS policy AWSTrustedAdvisorServiceRolePolicy is attached but does not allow '*:*' administrative privileges.;arn:aws:iam::aws:policy/aws-service-role/AWSTrustedAdvisorServiceRolePolicy;iam_aws_attached_policy_no_administrative_privileges;False;AWSTrustedAdvisorServiceRolePolicy;FedRamp-Moderate-Revision-4;FedRAMP Moderate Revision 4;
aws;The Federal Risk and Authorization Management Program (FedRAMP) was established in 2011. It provides a cost-effective, risk-based approach for the adoption and use of cloud services by the U.S. federal government. FedRAMP empowers federal agencies to use modern cloud technologies, with an emphasis on the security and protection of federal information.;<SANDBOX_ACCOUNT_ID>;ap-southeast-7;2026-08-19 02:30:11.271115;ac-6;The organization employs the principle of least privilege, allowing only authorized accesses for users (or processes acting on behalf of users) which are necessary to accomplish assigned tasks in accordance with organizational missions and business functions.;Access Control (AC);;;aws;;PASS;AWS policy AWSTrustedAdvisorServiceRolePolicy is attached but does not allow '*:*' administrative privileges.;arn:aws:iam::aws:policy/aws-service-role/AWSTrustedAdvisorServiceRolePolicy;iam_aws_attached_policy_no_administrative_privileges;False;AWSTrustedAdvisorServiceRolePolicy;FedRamp-Moderate-Revision-4;FedRAMP Moderate Revision 4;
aws;The Federal Risk and Authorization Management Program (FedRAMP) was established in 2011. It provides a cost-effective, risk-based approach for the adoption and use of cloud services by the U.S. federal government. FedRAMP empowers federal agencies to use modern cloud technologies, with an emphasis on the security and protection of federal information.;<SANDBOX_ACCOUNT_ID>;ap-southeast-7;2026-08-19 02:30:11.271115;sc-2;The information system separates user functionality (including user interface services) from information system management functionality.;System and Communications Protection (SC);;;iam;;PASS;AWS policy AWSTrustedAdvisorServiceRolePolicy is attached but does not allow '*:*' administrative privileges.;arn:aws:iam::aws:policy/aws-service-role/AWSTrustedAdvisorServiceRolePolicy;iam_aws_attached_policy_no_administrative_privileges;False;AWSTrustedAdvisorServiceRolePolicy;FedRamp-Moderate-Revision-4;FedRAMP Moderate Revision 4;
aws;The Federal Risk and Authorization Management Program (FedRAMP) was established in 2011. It provides a cost-effective, risk-based approach for the adoption and use of cloud services by the U.S. federal government. FedRAMP empowers federal agencies to use modern cloud technologies, with an emphasis on the security and protection of federal information.;<SANDBOX_ACCOUNT_ID>;ap-southeast-7;2026-08-19 02:30:11.271115;ac-2-1;The organization employs automated mechanisms to support the management of information system accounts.;Access Control (AC);Account Management (AC-2);;aws;;FAIL;AWS policy AdministratorAccess is attached and allows '*:*' administrative privileges.;arn:aws:iam::aws:policy/AdministratorAccess;iam_aws_attached_policy_no_administrative_privileges;False;AdministratorAccess;FedRamp-Moderate-Revision-4;FedRAMP Moderate Revision 4;
aws;The Federal Risk and Authorization Management Program (FedRAMP) was established in 2011. It provides a cost-effective, risk-based approach for the adoption and use of cloud services by the U.S. federal government. FedRAMP empowers federal agencies to use modern cloud technologies, with an emphasis on the security and protection of federal information.;<SANDBOX_ACCOUNT_ID>;ap-southeast-7;2026-08-19 02:30:11.271115;ac-2-f;The organization: f. Creates, enables, modifies, disables, and removes information system accounts in accordance with [Assignment: organization-defined procedures or conditions].;Access Control (AC);Account Management (AC-2);;aws;;FAIL;AWS policy AdministratorAccess is attached and allows '*:*' administrative privileges.;arn:aws:iam::aws:policy/AdministratorAccess;iam_aws_attached_policy_no_administrative_privileges;False;AdministratorAccess;FedRamp-Moderate-Revision-4;FedRAMP Moderate Revision 4;
aws;The Federal Risk and Authorization Management Program (FedRAMP) was established in 2011. It provides a cost-effective, risk-based approach for the adoption and use of cloud services by the U.S. federal government. FedRAMP empowers federal agencies to use modern cloud technologies, with an emphasis on the security and protection of federal information.;<SANDBOX_ACCOUNT_ID>;ap-southeast-7;2026-08-19 02:30:11.271115;ac-2-j;The organization: j. Reviews accounts for compliance with account management requirements [Assignment: organization-defined frequency].;Access Control (AC);Account Management (AC-2);;aws;;FAIL;AWS policy AdministratorAccess is attached and allows '*:*' administrative privileges.;arn:aws:iam::aws:policy/AdministratorAccess;iam_aws_attached_policy_no_administrative_privileges;False;AdministratorAccess;FedRamp-Moderate-Revision-4;FedRAMP Moderate Revision 4;
aws;The Federal Risk and Authorization Management Program (FedRAMP) was established in 2011. It provides a cost-effective, risk-based approach for the adoption and use of cloud services by the U.S. federal government. FedRAMP empowers federal agencies to use modern cloud technologies, with an emphasis on the security and protection of federal information.;<SANDBOX_ACCOUNT_ID>;ap-southeast-7;2026-08-19 02:30:11.271115;ac-3;The information system enforces approved authorizations for logical access to information and system resources in accordance with applicable access control policies.;Access Control (AC);;;aws;;FAIL;AWS policy AdministratorAccess is attached and allows '*:*' administrative privileges.;arn:aws:iam::aws:policy/AdministratorAccess;iam_aws_attached_policy_no_administrative_privileges;False;AdministratorAccess;FedRamp-Moderate-Revision-4;FedRAMP Moderate Revision 4;
aws;The Federal Risk and Authorization Management Program (FedRAMP) was established in 2011. It provides a cost-effective, risk-based approach for the adoption and use of cloud services by the U.S. federal government. FedRAMP empowers federal agencies to use modern cloud technologies, with an emphasis on the security and protection of federal information.;<SANDBOX_ACCOUNT_ID>;ap-southeast-7;2026-08-19 02:30:11.271115;ac-5-c;The organization: c. Defines information system access authorizations to support separation of duties.;Access Control (AC);Separation Of Duties (AC-5);;aws;;FAIL;AWS policy AdministratorAccess is attached and allows '*:*' administrative privileges.;arn:aws:iam::aws:policy/AdministratorAccess;iam_aws_attached_policy_no_administrative_privileges;False;AdministratorAccess;FedRamp-Moderate-Revision-4;FedRAMP Moderate Revision 4;
aws;The Federal Risk and Authorization Management Program (FedRAMP) was established in 2011. It provides a cost-effective, risk-based approach for the adoption and use of cloud services by the U.S. federal government. FedRAMP empowers federal agencies to use modern cloud technologies, with an emphasis on the security and protection of federal information.;<SANDBOX_ACCOUNT_ID>;ap-southeast-7;2026-08-19 02:30:11.271115;ac-6-10;The information system prevents non-privileged users from executing privileged functions to include disabling, circumventing, or altering implemented security safeguards/countermeasures.;Access Control (AC);Least Privilege (AC-6);;aws;;FAIL;AWS policy AdministratorAccess is attached and allows '*:*' administrative privileges.;arn:aws:iam::aws:policy/AdministratorAccess;iam_aws_attached_policy_no_administrative_privileges;False;AdministratorAccess;FedRamp-Moderate-Revision-4;FedRAMP Moderate Revision 4;
aws;The Federal Risk and Authorization Management Program (FedRAMP) was established in 2011. It provides a cost-effective, risk-based approach for the adoption and use of cloud services by the U.S. federal government. FedRAMP empowers federal agencies to use modern cloud technologies, with an emphasis on the security and protection of federal information.;<SANDBOX_ACCOUNT_ID>;ap-southeast-7;2026-08-19 02:30:11.271115;ac-6;The organization employs the principle of least privilege, allowing only authorized accesses for users (or processes acting on behalf of users) which are necessary to accomplish assigned tasks in accordance with organizational missions and business functions.;Access Control (AC);;;aws;;FAIL;AWS policy AdministratorAccess is attached and allows '*:*' administrative privileges.;arn:aws:iam::aws:policy/AdministratorAccess;iam_aws_attached_policy_no_administrative_privileges;False;AdministratorAccess;FedRamp-Moderate-Revision-4;FedRAMP Moderate Revision 4;
aws;The Federal Risk and Authorization Management Program (FedRAMP) was established in 2011. It provides a cost-effective, risk-based approach for the adoption and use of cloud services by the U.S. federal government. FedRAMP empowers federal agencies to use modern cloud technologies, with an emphasis on the security and protection of federal information.;<SANDBOX_ACCOUNT_ID>;ap-southeast-7;2026-08-19 02:30:11.271115;sc-2;The information system separates user functionality (including user interface services) from information system management functionality.;System and Communications Protection (SC);;;iam;;FAIL;AWS policy AdministratorAccess is attached and allows '*:*' administrative privileges.;arn:aws:iam::aws:policy/AdministratorAccess;iam_aws_attached_policy_no_administrative_privileges;False;AdministratorAccess;FedRamp-Moderate-Revision-4;FedRAMP Moderate Revision 4;
aws;The Federal Risk and Authorization Management Program (FedRAMP) was established in 2011. It provides a cost-effective, risk-based approach for the adoption and use of cloud services by the U.S. federal government. FedRAMP empowers federal agencies to use modern cloud technologies, with an emphasis on the security and protection of federal information.;<SANDBOX_ACCOUNT_ID>;ap-southeast-7;2026-08-19 02:30:11.271115;ac-2-1;The organization employs automated mechanisms to support the management of information system accounts.;Access Control (AC);Account Management (AC-2);;aws;;PASS;AWS policy AWSSupportServiceRolePolicy is attached but does not allow '*:*' administrative privileges.;arn:aws:iam::aws:policy/aws-service-role/AWSSupportServiceRolePolicy;iam_aws_attached_policy_no_administrative_privileges;False;AWSSupportServiceRolePolicy;FedRamp-Moderate-Revision-4;FedRAMP Moderate Revision 4;
aws;The Federal Risk and Authorization Management Program (FedRAMP) was established in 2011. It provides a cost-effective, risk-based approach for the adoption and use of cloud services by the U.S. federal government. FedRAMP empowers federal agencies to use modern cloud technologies, with an emphasis on the security and protection of federal information.;<SANDBOX_ACCOUNT_ID>;ap-southeast-7;2026-08-19 02:30:11.271115;ac-2-f;The organization: f. Creates, enables, modifies, disables, and removes information system accounts in accordance with [Assignment: organization-defined procedures or conditions].;Access Control (AC);Account Management (AC-2);;aws;;PASS;AWS policy AWSSupportServiceRolePolicy is attached but does not allow '*:*' administrative privileges.;arn:aws:iam::aws:policy/aws-service-role/AWSSupportServiceRolePolicy;iam_aws_attached_policy_no_administrative_privileges;False;AWSSupportServiceRolePolicy;FedRamp-Moderate-Revision-4;FedRAMP Moderate Revision 4;
aws;The Federal Risk and Authorization Management Program (FedRAMP) was established in 2011. It provides a cost-effective, risk-based approach for the adoption and use of cloud services by the U.S. federal government. FedRAMP empowers federal agencies to use modern cloud technologies, with an emphasis on the security and protection of federal information.;<SANDBOX_ACCOUNT_ID>;ap-southeast-7;2026-08-19 02:30:11.271115;ac-2-j;The organization: j. Reviews accounts for compliance with account management requirements [Assignment: organization-defined frequency].;Access Control (AC);Account Management (AC-2);;aws;;PASS;AWS policy AWSSupportServiceRolePolicy is attached but does not allow '*:*' administrative privileges.;arn:aws:iam::aws:policy/aws-service-role/AWSSupportServiceRolePolicy;iam_aws_attached_policy_no_administrative_privileges;False;AWSSupportServiceRolePolicy;FedRamp-Moderate-Revision-4;FedRAMP Moderate Revision 4;
aws;The Federal Risk and Authorization Management Program (FedRAMP) was established in 2011. It provides a cost-effective, risk-based approach for the adoption and use of cloud services by the U.S. federal government. FedRAMP empowers federal agencies to use modern cloud technologies, with an emphasis on the security and protection of federal information.;<SANDBOX_ACCOUNT_ID>;ap-southeast-7;2026-08-19 02:30:11.271115;ac-3;The information system enforces approved authorizations for logical access to information and system resources in accordance with applicable access control policies.;Access Control (AC);;;aws;;PASS;AWS policy AWSSupportServiceRolePolicy is attached but does not allow '*:*' administrative privileges.;arn:aws:iam::aws:policy/aws-service-role/AWSSupportServiceRolePolicy;iam_aws_attached_policy_no_administrative_privileges;False;AWSSupportServiceRolePolicy;FedRamp-Moderate-Revision-4;FedRAMP Moderate Revision 4;
aws;The Federal Risk and Authorization Management Program (FedRAMP) was established in 2011. It provides a cost-effective, risk-based approach for the adoption and use of cloud services by the U.S. federal government. FedRAMP empowers federal agencies to use modern cloud technologies, with an emphasis on the security and protection of federal information.;<SANDBOX_ACCOUNT_ID>;ap-southeast-7;2026-08-19 02:30:11.271115;ac-5-c;The organization: c. Defines information system access authorizations to support separation of duties.;Access Control (AC);Separation Of Duties (AC-5);;aws;;PASS;AWS policy AWSSupportServiceRolePolicy is attached but does not allow '*:*' administrative privileges.;arn:aws:iam::aws:policy/aws-service-role/AWSSupportServiceRolePolicy;iam_aws_attached_policy_no_administrative_privileges;False;AWSSupportServiceRolePolicy;FedRamp-Moderate-Revision-4;FedRAMP Moderate Revision 4;
aws;The Federal Risk and Authorization Management Program (FedRAMP) was established in 2011. It provides a cost-effective, risk-based approach for the adoption and use of cloud services by the U.S. federal government. FedRAMP empowers federal agencies to use modern cloud technologies, with an emphasis on the security and protection of federal information.;<SANDBOX_ACCOUNT_ID>;ap-southeast-7;2026-08-19 02:30:11.271115;ac-6-10;The information system prevents non-privileged users from executing privileged functions to include disabling, circumventing, or altering implemented security safeguards/countermeasures.;Access Control (AC);Least Privilege (AC-6);;aws;;PASS;AWS policy AWSSupportServiceRolePolicy is attached but does not allow '*:*' administrative privileges.;arn:aws:iam::aws:policy/aws-service-role/AWSSupportServiceRolePolicy;iam_aws_attached_policy_no_administrative_privileges;False;AWSSupportServiceRolePolicy;FedRamp-Moderate-Revision-4;FedRAMP Moderate Revision 4;
aws;The Federal Risk and Authorization Management Program (FedRAMP) was established in 2011. It provides a cost-effective, risk-based approach for the adoption and use of cloud services by the U.S. federal government. FedRAMP empowers federal agencies to use modern cloud technologies, with an emphasis on the security and protection of federal information.;<SANDBOX_ACCOUNT_ID>;ap-southeast-7;2026-08-19 02:30:11.271115;ac-6;The organization employs the principle of least privilege, allowing only authorized accesses for users (or processes acting on behalf of users) which are necessary to accomplish assigned tasks in accordance with organizational missions and business functions.;Access Control (AC);;;aws;;PASS;AWS policy AWSSupportServiceRolePolicy is attached but does not allow '*:*' administrative privileges.;arn:aws:iam::aws:policy/aws-service-role/AWSSupportServiceRolePolicy;iam_aws_attached_policy_no_administrative_privileges;False;AWSSupportServiceRolePolicy;FedRamp-Moderate-Revision-4;FedRAMP Moderate Revision 4;
aws;The Federal Risk and Authorization Management Program (FedRAMP) was established in 2011. It provides a cost-effective, risk-based approach for the adoption and use of cloud services by the U.S. federal government. FedRAMP empowers federal agencies to use modern cloud technologies, with an emphasis on the security and protection of federal information.;<SANDBOX_ACCOUNT_ID>;ap-southeast-7;2026-08-19 02:30:11.271115;sc-2;The information system separates user functionality (including user interface services) from information system management functionality.;System and Communications Protection (SC);;;iam;;PASS;AWS policy AWSSupportServiceRolePolicy is attached but does not allow '*:*' administrative privileges.;arn:aws:iam::aws:policy/aws-service-role/AWSSupportServiceRolePolicy;iam_aws_attached_policy_no_administrative_privileges;False;AWSSupportServiceRolePolicy;FedRamp-Moderate-Revision-4;FedRAMP Moderate Revision 4;
aws;The Federal Risk and Authorization Management Program (FedRAMP) was established in 2011. It provides a cost-effective, risk-based approach for the adoption and use of cloud services by the U.S. federal government. FedRAMP empowers federal agencies to use modern cloud technologies, with an emphasis on the security and protection of federal information.;<SANDBOX_ACCOUNT_ID>;ap-southeast-7;2026-08-19 02:30:11.271115;ac-2-1;The organization employs automated mechanisms to support the management of information system accounts.;Access Control (AC);Account Management (AC-2);;aws;;PASS;AWS policy CloudTrailServiceRolePolicy is attached but does not allow '*:*' administrative privileges.;arn:aws:iam::aws:policy/aws-service-role/CloudTrailServiceRolePolicy;iam_aws_attached_policy_no_administrative_privileges;False;CloudTrailServiceRolePolicy;FedRamp-Moderate-Revision-4;FedRAMP Moderate Revision 4;
aws;The Federal Risk and Authorization Management Program (FedRAMP) was established in 2011. It provides a cost-effective, risk-based approach for the adoption and use of cloud services by the U.S. federal government. FedRAMP empowers federal agencies to use modern cloud technologies, with an emphasis on the security and protection of federal information.;<SANDBOX_ACCOUNT_ID>;ap-southeast-7;2026-08-19 02:30:11.271115;ac-2-f;The organization: f. Creates, enables, modifies, disables, and removes information system accounts in accordance with [Assignment: organization-defined procedures or conditions].;Access Control (AC);Account Management (AC-2);;aws;;PASS;AWS policy CloudTrailServiceRolePolicy is attached but does not allow '*:*' administrative privileges.;arn:aws:iam::aws:policy/aws-service-role/CloudTrailServiceRolePolicy;iam_aws_attached_policy_no_administrative_privileges;False;CloudTrailServiceRolePolicy;FedRamp-Moderate-Revision-4;FedRAMP Moderate Revision 4;
aws;The Federal Risk and Authorization Management Program (FedRAMP) was established in 2011. It provides a cost-effective, risk-based approach for the adoption and use of cloud services by the U.S. federal government. FedRAMP empowers federal agencies to use modern cloud technologies, with an emphasis on the security and protection of federal information.;<SANDBOX_ACCOUNT_ID>;ap-southeast-7;2026-08-19 02:30:11.271115;ac-2-j;The organization: j. Reviews accounts for compliance with account management requirements [Assignment: organization-defined frequency].;Access Control (AC);Account Management (AC-2);;aws;;PASS;AWS policy CloudTrailServiceRolePolicy is attached but does not allow '*:*' administrative privileges.;arn:aws:iam::aws:policy/aws-service-role/CloudTrailServiceRolePolicy;iam_aws_attached_policy_no_administrative_privileges;False;CloudTrailServiceRolePolicy;FedRamp-Moderate-Revision-4;FedRAMP Moderate Revision 4;
aws;The Federal Risk and Authorization Management Program (FedRAMP) was established in 2011. It provides a cost-effective, risk-based approach for the adoption and use of cloud services by the U.S. federal government. FedRAMP empowers federal agencies to use modern cloud technologies, with an emphasis on the security and protection of federal information.;<SANDBOX_ACCOUNT_ID>;ap-southeast-7;2026-08-19 02:30:11.271115;ac-3;The information system enforces approved authorizations for logical access to information and system resources in accordance with applicable access control policies.;Access Control (AC);;;aws;;PASS;AWS policy CloudTrailServiceRolePolicy is attached but does not allow '*:*' administrative privileges.;arn:aws:iam::aws:policy/aws-service-role/CloudTrailServiceRolePolicy;iam_aws_attached_policy_no_administrative_privileges;False;CloudTrailServiceRolePolicy;FedRamp-Moderate-Revision-4;FedRAMP Moderate Revision 4;
aws;The Federal Risk and Authorization Management Program (FedRAMP) was established in 2011. It provides a cost-effective, risk-based approach for the adoption and use of cloud services by the U.S. federal government. FedRAMP empowers federal agencies to use modern cloud technologies, with an emphasis on the security and protection of federal information.;<SANDBOX_ACCOUNT_ID>;ap-southeast-7;2026-08-19 02:30:11.271115;ac-5-c;The organization: c. Defines information system access authorizations to support separation of duties.;Access Control (AC);Separation Of Duties (AC-5);;aws;;PASS;AWS policy CloudTrailServiceRolePolicy is attached but does not allow '*:*' administrative privileges.;arn:aws:iam::aws:policy/aws-service-role/CloudTrailServiceRolePolicy;iam_aws_attached_policy_no_administrative_privileges;False;CloudTrailServiceRolePolicy;FedRamp-Moderate-Revision-4;FedRAMP Moderate Revision 4;
aws;The Federal Risk and Authorization Management Program (FedRAMP) was established in 2011. It provides a cost-effective, risk-based approach for the adoption and use of cloud services by the U.S. federal government. FedRAMP empowers federal agencies to use modern cloud technologies, with an emphasis on the security and protection of federal information.;<SANDBOX_ACCOUNT_ID>;ap-southeast-7;2026-08-19 02:30:11.271115;ac-6-10;The information system prevents non-privileged users from executing privileged functions to include disabling, circumventing, or altering implemented security safeguards/countermeasures.;Access Control (AC);Least Privilege (AC-6);;aws;;PASS;AWS policy CloudTrailServiceRolePolicy is attached but does not allow '*:*' administrative privileges.;arn:aws:iam::aws:policy/aws-service-role/CloudTrailServiceRolePolicy;iam_aws_attached_policy_no_administrative_privileges;False;CloudTrailServiceRolePolicy;FedRamp-Moderate-Revision-4;FedRAMP Moderate Revision 4;
aws;The Federal Risk and Authorization Management Program (FedRAMP) was established in 2011. It provides a cost-effective, risk-based approach for the adoption and use of cloud services by the U.S. federal government. FedRAMP empowers federal agencies to use modern cloud technologies, with an emphasis on the security and protection of federal information.;<SANDBOX_ACCOUNT_ID>;ap-southeast-7;2026-08-19 02:30:11.271115;ac-6;The organization employs the principle of least privilege, allowing only authorized accesses for users (or processes acting on behalf of users) which are necessary to accomplish assigned tasks in accordance with organizational missions and business functions.;Access Control (AC);;;aws;;PASS;AWS policy CloudTrailServiceRolePolicy is attached but does not allow '*:*' administrative privileges.;arn:aws:iam::aws:policy/aws-service-role/CloudTrailServiceRolePolicy;iam_aws_attached_policy_no_administrative_privileges;False;CloudTrailServiceRolePolicy;FedRamp-Moderate-Revision-4;FedRAMP Moderate Revision 4;
aws;The Federal Risk and Authorization Management Program (FedRAMP) was established in 2011. It provides a cost-effective, risk-based approach for the adoption and use of cloud services by the U.S. federal government. FedRAMP empowers federal agencies to use modern cloud technologies, with an emphasis on the security and protection of federal information.;<SANDBOX_ACCOUNT_ID>;ap-southeast-7;2026-08-19 02:30:11.271115;sc-2;The information system separates user functionality (including user interface services) from information system management functionality.;System and Communications Protection (SC);;;iam;;PASS;AWS policy CloudTrailServiceRolePolicy is attached but does not allow '*:*' administrative privileges.;arn:aws:iam::aws:policy/aws-service-role/CloudTrailServiceRolePolicy;iam_aws_attached_policy_no_administrative_privileges;False;CloudTrailServiceRolePolicy;FedRamp-Moderate-Revision-4;FedRAMP Moderate Revision 4;
aws;The Federal Risk and Authorization Management Program (FedRAMP) was established in 2011. It provides a cost-effective, risk-based approach for the adoption and use of cloud services by the U.S. federal government. FedRAMP empowers federal agencies to use modern cloud technologies, with an emphasis on the security and protection of federal information.;<SANDBOX_ACCOUNT_ID>;ap-southeast-7;2026-08-19 02:30:11.271115;ac-2-1;The organization employs automated mechanisms to support the management of information system accounts.;Access Control (AC);Account Management (AC-2);;aws;;PASS;AWS policy AWSResourceExplorerServiceRolePolicy is attached but does not allow '*:*' administrative privileges.;arn:aws:iam::aws:policy/aws-service-role/AWSResourceExplorerServiceRolePolicy;iam_aws_attached_policy_no_administrative_privileges;False;AWSResourceExplorerServiceRolePolicy;FedRamp-Moderate-Revision-4;FedRAMP Moderate Revision 4;
aws;The Federal Risk and Authorization Management Program (FedRAMP) was established in 2011. It provides a cost-effective, risk-based approach for the adoption and use of cloud services by the U.S. federal government. FedRAMP empowers federal agencies to use modern cloud technologies, with an emphasis on the security and protection of federal information.;<SANDBOX_ACCOUNT_ID>;ap-southeast-7;2026-08-19 02:30:11.271115;ac-2-f;The organization: f. Creates, enables, modifies, disables, and removes information system accounts in accordance with [Assignment: organization-defined procedures or conditions].;Access Control (AC);Account Management (AC-2);;aws;;PASS;AWS policy AWSResourceExplorerServiceRolePolicy is attached but does not allow '*:*' administrative privileges.;arn:aws:iam::aws:policy/aws-service-role/AWSResourceExplorerServiceRolePolicy;iam_aws_attached_policy_no_administrative_privileges;False;AWSResourceExplorerServiceRolePolicy;FedRamp-Moderate-Revision-4;FedRAMP Moderate Revision 4;
aws;The Federal Risk and Authorization Management Program (FedRAMP) was established in 2011. It provides a cost-effective, risk-based approach for the adoption and use of cloud services by the U.S. federal government. FedRAMP empowers federal agencies to use modern cloud technologies, with an emphasis on the security and protection of federal information.;<SANDBOX_ACCOUNT_ID>;ap-southeast-7;2026-08-19 02:30:11.271115;ac-2-j;The organization: j. Reviews accounts for compliance with account management requirements [Assignment: organization-defined frequency].;Access Control (AC);Account Management (AC-2);;aws;;PASS;AWS policy AWSResourceExplorerServiceRolePolicy is attached but does not allow '*:*' administrative privileges.;arn:aws:iam::aws:policy/aws-service-role/AWSResourceExplorerServiceRolePolicy;iam_aws_attached_policy_no_administrative_privileges;False;AWSResourceExplorerServiceRolePolicy;FedRamp-Moderate-Revision-4;FedRAMP Moderate Revision 4;
aws;The Federal Risk and Authorization Management Program (FedRAMP) was established in 2011. It provides a cost-effective, risk-based approach for the adoption and use of cloud services by the U.S. federal government. FedRAMP empowers federal agencies to use modern cloud technologies, with an emphasis on the security and protection of federal information.;<SANDBOX_ACCOUNT_ID>;ap-southeast-7;2026-08-19 02:30:11.271115;ac-3;The information system enforces approved authorizations for logical access to information and system resources in accordance with applicable access control policies.;Access Control (AC);;;aws;;PASS;AWS policy AWSResourceExplorerServiceRolePolicy is attached but does not allow '*:*' administrative privileges.;arn:aws:iam::aws:policy/aws-service-role/AWSResourceExplorerServiceRolePolicy;iam_aws_attached_policy_no_administrative_privileges;False;AWSResourceExplorerServiceRolePolicy;FedRamp-Moderate-Revision-4;FedRAMP Moderate Revision 4;
aws;The Federal Risk and Authorization Management Program (FedRAMP) was established in 2011. It provides a cost-effective, risk-based approach for the adoption and use of cloud services by the U.S. federal government. FedRAMP empowers federal agencies to use modern cloud technologies, with an emphasis on the security and protection of federal information.;<SANDBOX_ACCOUNT_ID>;ap-southeast-7;2026-08-19 02:30:11.271115;ac-5-c;The organization: c. Defines information system access authorizations to support separation of duties.;Access Control (AC);Separation Of Duties (AC-5);;aws;;PASS;AWS policy AWSResourceExplorerServiceRolePolicy is attached but does not allow '*:*' administrative privileges.;arn:aws:iam::aws:policy/aws-service-role/AWSResourceExplorerServiceRolePolicy;iam_aws_attached_policy_no_administrative_privileges;False;AWSResourceExplorerServiceRolePolicy;FedRamp-Moderate-Revision-4;FedRAMP Moderate Revision 4;
aws;The Federal Risk and Authorization Management Program (FedRAMP) was established in 2011. It provides a cost-effective, risk-based approach for the adoption and use of cloud services by the U.S. federal government. FedRAMP empowers federal agencies to use modern cloud technologies, with an emphasis on the security and protection of federal information.;<SANDBOX_ACCOUNT_ID>;ap-southeast-7;2026-08-19 02:30:11.271115;ac-6-10;The information system prevents non-privileged users from executing privileged functions to include disabling, circumventing, or altering implemented security safeguards/countermeasures.;Access Control (AC);Least Privilege (AC-6);;aws;;PASS;AWS policy AWSResourceExplorerServiceRolePolicy is attached but does not allow '*:*' administrative privileges.;arn:aws:iam::aws:policy/aws-service-role/AWSResourceExplorerServiceRolePolicy;iam_aws_attached_policy_no_administrative_privileges;False;AWSResourceExplorerServiceRolePolicy;FedRamp-Moderate-Revision-4;FedRAMP Moderate Revision 4;
aws;The Federal Risk and Authorization Management Program (FedRAMP) was established in 2011. It provides a cost-effective, risk-based approach for the adoption and use of cloud services by the U.S. federal government. FedRAMP empowers federal agencies to use modern cloud technologies, with an emphasis on the security and protection of federal information.;<SANDBOX_ACCOUNT_ID>;ap-southeast-7;2026-08-19 02:30:11.271115;ac-6;The organization employs the principle of least privilege, allowing only authorized accesses for users (or processes acting on behalf of users) which are necessary to accomplish assigned tasks in accordance with organizational missions and business functions.;Access Control (AC);;;aws;;PASS;AWS policy AWSResourceExplorerServiceRolePolicy is attached but does not allow '*:*' administrative privileges.;arn:aws:iam::aws:policy/aws-service-role/AWSResourceExplorerServiceRolePolicy;iam_aws_attached_policy_no_administrative_privileges;False;AWSResourceExplorerServiceRolePolicy;FedRamp-Moderate-Revision-4;FedRAMP Moderate Revision 4;
aws;The Federal Risk and Authorization Management Program (FedRAMP) was established in 2011. It provides a cost-effective, risk-based approach for the adoption and use of cloud services by the U.S. federal government. FedRAMP empowers federal agencies to use modern cloud technologies, with an emphasis on the security and protection of federal information.;<SANDBOX_ACCOUNT_ID>;ap-southeast-7;2026-08-19 02:30:11.271115;sc-2;The information system separates user functionality (including user interface services) from information system management functionality.;System and Communications Protection (SC);;;iam;;PASS;AWS policy AWSResourceExplorerServiceRolePolicy is attached but does not allow '*:*' administrative privileges.;arn:aws:iam::aws:policy/aws-service-role/AWSResourceExplorerServiceRolePolicy;iam_aws_attached_policy_no_administrative_privileges;False;AWSResourceExplorerServiceRolePolicy;FedRamp-Moderate-Revision-4;FedRAMP Moderate Revision 4;
aws;The Federal Risk and Authorization Management Program (FedRAMP) was established in 2011. It provides a cost-effective, risk-based approach for the adoption and use of cloud services by the U.S. federal government. FedRAMP empowers federal agencies to use modern cloud technologies, with an emphasis on the security and protection of federal information.;<SANDBOX_ACCOUNT_ID>;ap-southeast-7;2026-08-19 02:30:11.271115;ac-2-1;The organization employs automated mechanisms to support the management of information system accounts.;Access Control (AC);Account Management (AC-2);;aws;;PASS;Inline policy range-app-deploy-policy attached to role range-app-deploy-role does not allow '*:*' administrative privileges.;arn:aws:iam::<SANDBOX_ACCOUNT_ID>:role/range-app-deploy-role;iam_inline_policy_no_administrative_privileges;False;range-app-deploy-role/range-app-deploy-policy;FedRamp-Moderate-Revision-4;FedRAMP Moderate Revision 4;
aws;The Federal Risk and Authorization Management Program (FedRAMP) was established in 2011. It provides a cost-effective, risk-based approach for the adoption and use of cloud services by the U.S. federal government. FedRAMP empowers federal agencies to use modern cloud technologies, with an emphasis on the security and protection of federal information.;<SANDBOX_ACCOUNT_ID>;ap-southeast-7;2026-08-19 02:30:11.271115;ac-2-f;The organization: f. Creates, enables, modifies, disables, and removes information system accounts in accordance with [Assignment: organization-defined procedures or conditions].;Access Control (AC);Account Management (AC-2);;aws;;PASS;Inline policy range-app-deploy-policy attached to role range-app-deploy-role does not allow '*:*' administrative privileges.;arn:aws:iam::<SANDBOX_ACCOUNT_ID>:role/range-app-deploy-role;iam_inline_policy_no_administrative_privileges;False;range-app-deploy-role/range-app-deploy-policy;FedRamp-Moderate-Revision-4;FedRAMP Moderate Revision 4;
aws;The Federal Risk and Authorization Management Program (FedRAMP) was established in 2011. It provides a cost-effective, risk-based approach for the adoption and use of cloud services by the U.S. federal government. FedRAMP empowers federal agencies to use modern cloud technologies, with an emphasis on the security and protection of federal information.;<SANDBOX_ACCOUNT_ID>;ap-southeast-7;2026-08-19 02:30:11.271115;ac-2-j;The organization: j. Reviews accounts for compliance with account management requirements [Assignment: organization-defined frequency].;Access Control (AC);Account Management (AC-2);;aws;;PASS;Inline policy range-app-deploy-policy attached to role range-app-deploy-role does not allow '*:*' administrative privileges.;arn:aws:iam::<SANDBOX_ACCOUNT_ID>:role/range-app-deploy-role;iam_inline_policy_no_administrative_privileges;False;range-app-deploy-role/range-app-deploy-policy;FedRamp-Moderate-Revision-4;FedRAMP Moderate Revision 4;
aws;The Federal Risk and Authorization Management Program (FedRAMP) was established in 2011. It provides a cost-effective, risk-based approach for the adoption and use of cloud services by the U.S. federal government. FedRAMP empowers federal agencies to use modern cloud technologies, with an emphasis on the security and protection of federal information.;<SANDBOX_ACCOUNT_ID>;ap-southeast-7;2026-08-19 02:30:11.271115;ac-3;The information system enforces approved authorizations for logical access to information and system resources in accordance with applicable access control policies.;Access Control (AC);;;aws;;PASS;Inline policy range-app-deploy-policy attached to role range-app-deploy-role does not allow '*:*' administrative privileges.;arn:aws:iam::<SANDBOX_ACCOUNT_ID>:role/range-app-deploy-role;iam_inline_policy_no_administrative_privileges;False;range-app-deploy-role/range-app-deploy-policy;FedRamp-Moderate-Revision-4;FedRAMP Moderate Revision 4;
aws;The Federal Risk and Authorization Management Program (FedRAMP) was established in 2011. It provides a cost-effective, risk-based approach for the adoption and use of cloud services by the U.S. federal government. FedRAMP empowers federal agencies to use modern cloud technologies, with an emphasis on the security and protection of federal information.;<SANDBOX_ACCOUNT_ID>;ap-southeast-7;2026-08-19 02:30:11.271115;ac-5-c;The organization: c. Defines information system access authorizations to support separation of duties.;Access Control (AC);Separation Of Duties (AC-5);;aws;;PASS;Inline policy range-app-deploy-policy attached to role range-app-deploy-role does not allow '*:*' administrative privileges.;arn:aws:iam::<SANDBOX_ACCOUNT_ID>:role/range-app-deploy-role;iam_inline_policy_no_administrative_privileges;False;range-app-deploy-role/range-app-deploy-policy;FedRamp-Moderate-Revision-4;FedRAMP Moderate Revision 4;
aws;The Federal Risk and Authorization Management Program (FedRAMP) was established in 2011. It provides a cost-effective, risk-based approach for the adoption and use of cloud services by the U.S. federal government. FedRAMP empowers federal agencies to use modern cloud technologies, with an emphasis on the security and protection of federal information.;<SANDBOX_ACCOUNT_ID>;ap-southeast-7;2026-08-19 02:30:11.271115;ac-6-10;The information system prevents non-privileged users from executing privileged functions to include disabling, circumventing, or altering implemented security safeguards/countermeasures.;Access Control (AC);Least Privilege (AC-6);;aws;;PASS;Inline policy range-app-deploy-policy attached to role range-app-deploy-role does not allow '*:*' administrative privileges.;arn:aws:iam::<SANDBOX_ACCOUNT_ID>:role/range-app-deploy-role;iam_inline_policy_no_administrative_privileges;False;range-app-deploy-role/range-app-deploy-policy;FedRamp-Moderate-Revision-4;FedRAMP Moderate Revision 4;
aws;The Federal Risk and Authorization Management Program (FedRAMP) was established in 2011. It provides a cost-effective, risk-based approach for the adoption and use of cloud services by the U.S. federal government. FedRAMP empowers federal agencies to use modern cloud technologies, with an emphasis on the security and protection of federal information.;<SANDBOX_ACCOUNT_ID>;ap-southeast-7;2026-08-19 02:30:11.271115;ac-6;The organization employs the principle of least privilege, allowing only authorized accesses for users (or processes acting on behalf of users) which are necessary to accomplish assigned tasks in accordance with organizational missions and business functions.;Access Control (AC);;;aws;;PASS;Inline policy range-app-deploy-policy attached to role range-app-deploy-role does not allow '*:*' administrative privileges.;arn:aws:iam::<SANDBOX_ACCOUNT_ID>:role/range-app-deploy-role;iam_inline_policy_no_administrative_privileges;False;range-app-deploy-role/range-app-deploy-policy;FedRamp-Moderate-Revision-4;FedRAMP Moderate Revision 4;
aws;The Federal Risk and Authorization Management Program (FedRAMP) was established in 2011. It provides a cost-effective, risk-based approach for the adoption and use of cloud services by the U.S. federal government. FedRAMP empowers federal agencies to use modern cloud technologies, with an emphasis on the security and protection of federal information.;<SANDBOX_ACCOUNT_ID>;ap-southeast-7;2026-08-19 02:30:11.271115;sc-2;The information system separates user functionality (including user interface services) from information system management functionality.;System and Communications Protection (SC);;;iam;;PASS;Inline policy range-app-deploy-policy attached to role range-app-deploy-role does not allow '*:*' administrative privileges.;arn:aws:iam::<SANDBOX_ACCOUNT_ID>:role/range-app-deploy-role;iam_inline_policy_no_administrative_privileges;False;range-app-deploy-role/range-app-deploy-policy;FedRamp-Moderate-Revision-4;FedRAMP Moderate Revision 4;
aws;The Federal Risk and Authorization Management Program (FedRAMP) was established in 2011. It provides a cost-effective, risk-based approach for the adoption and use of cloud services by the U.S. federal government. FedRAMP empowers federal agencies to use modern cloud technologies, with an emphasis on the security and protection of federal information.;<SANDBOX_ACCOUNT_ID>;ap-southeast-7;2026-08-19 02:30:11.271115;ac-2-1;The organization employs automated mechanisms to support the management of information system accounts.;Access Control (AC);Account Management (AC-2);;aws;;PASS;Inline policy range-cloudtrail-to-cwl attached to role range-cloudtrail-to-cwl does not allow '*:*' administrative privileges.;arn:aws:iam::<SANDBOX_ACCOUNT_ID>:role/range-cloudtrail-to-cwl;iam_inline_policy_no_administrative_privileges;False;range-cloudtrail-to-cwl/range-cloudtrail-to-cwl;FedRamp-Moderate-Revision-4;FedRAMP Moderate Revision 4;
aws;The Federal Risk and Authorization Management Program (FedRAMP) was established in 2011. It provides a cost-effective, risk-based approach for the adoption and use of cloud services by the U.S. federal government. FedRAMP empowers federal agencies to use modern cloud technologies, with an emphasis on the security and protection of federal information.;<SANDBOX_ACCOUNT_ID>;ap-southeast-7;2026-08-19 02:30:11.271115;ac-2-f;The organization: f. Creates, enables, modifies, disables, and removes information system accounts in accordance with [Assignment: organization-defined procedures or conditions].;Access Control (AC);Account Management (AC-2);;aws;;PASS;Inline policy range-cloudtrail-to-cwl attached to role range-cloudtrail-to-cwl does not allow '*:*' administrative privileges.;arn:aws:iam::<SANDBOX_ACCOUNT_ID>:role/range-cloudtrail-to-cwl;iam_inline_policy_no_administrative_privileges;False;range-cloudtrail-to-cwl/range-cloudtrail-to-cwl;FedRamp-Moderate-Revision-4;FedRAMP Moderate Revision 4;
aws;The Federal Risk and Authorization Management Program (FedRAMP) was established in 2011. It provides a cost-effective, risk-based approach for the adoption and use of cloud services by the U.S. federal government. FedRAMP empowers federal agencies to use modern cloud technologies, with an emphasis on the security and protection of federal information.;<SANDBOX_ACCOUNT_ID>;ap-southeast-7;2026-08-19 02:30:11.271115;ac-2-j;The organization: j. Reviews accounts for compliance with account management requirements [Assignment: organization-defined frequency].;Access Control (AC);Account Management (AC-2);;aws;;PASS;Inline policy range-cloudtrail-to-cwl attached to role range-cloudtrail-to-cwl does not allow '*:*' administrative privileges.;arn:aws:iam::<SANDBOX_ACCOUNT_ID>:role/range-cloudtrail-to-cwl;iam_inline_policy_no_administrative_privileges;False;range-cloudtrail-to-cwl/range-cloudtrail-to-cwl;FedRamp-Moderate-Revision-4;FedRAMP Moderate Revision 4;
aws;The Federal Risk and Authorization Management Program (FedRAMP) was established in 2011. It provides a cost-effective, risk-based approach for the adoption and use of cloud services by the U.S. federal government. FedRAMP empowers federal agencies to use modern cloud technologies, with an emphasis on the security and protection of federal information.;<SANDBOX_ACCOUNT_ID>;ap-southeast-7;2026-08-19 02:30:11.271115;ac-3;The information system enforces approved authorizations for logical access to information and system resources in accordance with applicable access control policies.;Access Control (AC);;;aws;;PASS;Inline policy range-cloudtrail-to-cwl attached to role range-cloudtrail-to-cwl does not allow '*:*' administrative privileges.;arn:aws:iam::<SANDBOX_ACCOUNT_ID>:role/range-cloudtrail-to-cwl;iam_inline_policy_no_administrative_privileges;False;range-cloudtrail-to-cwl/range-cloudtrail-to-cwl;FedRamp-Moderate-Revision-4;FedRAMP Moderate Revision 4;
aws;The Federal Risk and Authorization Management Program (FedRAMP) was established in 2011. It provides a cost-effective, risk-based approach for the adoption and use of cloud services by the U.S. federal government. FedRAMP empowers federal agencies to use modern cloud technologies, with an emphasis on the security and protection of federal information.;<SANDBOX_ACCOUNT_ID>;ap-southeast-7;2026-08-19 02:30:11.271115;ac-5-c;The organization: c. Defines information system access authorizations to support separation of duties.;Access Control (AC);Separation Of Duties (AC-5);;aws;;PASS;Inline policy range-cloudtrail-to-cwl attached to role range-cloudtrail-to-cwl does not allow '*:*' administrative privileges.;arn:aws:iam::<SANDBOX_ACCOUNT_ID>:role/range-cloudtrail-to-cwl;iam_inline_policy_no_administrative_privileges;False;range-cloudtrail-to-cwl/range-cloudtrail-to-cwl;FedRamp-Moderate-Revision-4;FedRAMP Moderate Revision 4;
aws;The Federal Risk and Authorization Management Program (FedRAMP) was established in 2011. It provides a cost-effective, risk-based approach for the adoption and use of cloud services by the U.S. federal government. FedRAMP empowers federal agencies to use modern cloud technologies, with an emphasis on the security and protection of federal information.;<SANDBOX_ACCOUNT_ID>;ap-southeast-7;2026-08-19 02:30:11.271115;ac-6-10;The information system prevents non-privileged users from executing privileged functions to include disabling, circumventing, or altering implemented security safeguards/countermeasures.;Access Control (AC);Least Privilege (AC-6);;aws;;PASS;Inline policy range-cloudtrail-to-cwl attached to role range-cloudtrail-to-cwl does not allow '*:*' administrative privileges.;arn:aws:iam::<SANDBOX_ACCOUNT_ID>:role/range-cloudtrail-to-cwl;iam_inline_policy_no_administrative_privileges;False;range-cloudtrail-to-cwl/range-cloudtrail-to-cwl;FedRamp-Moderate-Revision-4;FedRAMP Moderate Revision 4;
aws;The Federal Risk and Authorization Management Program (FedRAMP) was established in 2011. It provides a cost-effective, risk-based approach for the adoption and use of cloud services by the U.S. federal government. FedRAMP empowers federal agencies to use modern cloud technologies, with an emphasis on the security and protection of federal information.;<SANDBOX_ACCOUNT_ID>;ap-southeast-7;2026-08-19 02:30:11.271115;ac-6;The organization employs the principle of least privilege, allowing only authorized accesses for users (or processes acting on behalf of users) which are necessary to accomplish assigned tasks in accordance with organizational missions and business functions.;Access Control (AC);;;aws;;PASS;Inline policy range-cloudtrail-to-cwl attached to role range-cloudtrail-to-cwl does not allow '*:*' administrative privileges.;arn:aws:iam::<SANDBOX_ACCOUNT_ID>:role/range-cloudtrail-to-cwl;iam_inline_policy_no_administrative_privileges;False;range-cloudtrail-to-cwl/range-cloudtrail-to-cwl;FedRamp-Moderate-Revision-4;FedRAMP Moderate Revision 4;
aws;The Federal Risk and Authorization Management Program (FedRAMP) was established in 2011. It provides a cost-effective, risk-based approach for the adoption and use of cloud services by the U.S. federal government. FedRAMP empowers federal agencies to use modern cloud technologies, with an emphasis on the security and protection of federal information.;<SANDBOX_ACCOUNT_ID>;ap-southeast-7;2026-08-19 02:30:11.271115;sc-2;The information system separates user functionality (including user interface services) from information system management functionality.;System and Communications Protection (SC);;;iam;;PASS;Inline policy range-cloudtrail-to-cwl attached to role range-cloudtrail-to-cwl does not allow '*:*' administrative privileges.;arn:aws:iam::<SANDBOX_ACCOUNT_ID>:role/range-cloudtrail-to-cwl;iam_inline_policy_no_administrative_privileges;False;range-cloudtrail-to-cwl/range-cloudtrail-to-cwl;FedRamp-Moderate-Revision-4;FedRAMP Moderate Revision 4;
aws;The Federal Risk and Authorization Management Program (FedRAMP) was established in 2011. It provides a cost-effective, risk-based approach for the adoption and use of cloud services by the U.S. federal government. FedRAMP empowers federal agencies to use modern cloud technologies, with an emphasis on the security and protection of federal information.;<SANDBOX_ACCOUNT_ID>;ap-southeast-7;2026-08-19 02:30:11.271115;ac-6;The organization employs the principle of least privilege, allowing only authorized accesses for users (or processes acting on behalf of users) which are necessary to accomplish assigned tasks in accordance with organizational missions and business functions.;Access Control (AC);;;aws;;PASS;Inline policy range-app-deploy-policy attached to role range-app-deploy-role does not allow 'aws-marketplace:Subscribe' on all resources.;arn:aws:iam::<SANDBOX_ACCOUNT_ID>:role/range-app-deploy-role;iam_inline_policy_no_wildcard_marketplace_subscribe;False;range-app-deploy-role/range-app-deploy-policy;FedRamp-Moderate-Revision-4;FedRAMP Moderate Revision 4;
aws;The Federal Risk and Authorization Management Program (FedRAMP) was established in 2011. It provides a cost-effective, risk-based approach for the adoption and use of cloud services by the U.S. federal government. FedRAMP empowers federal agencies to use modern cloud technologies, with an emphasis on the security and protection of federal information.;<SANDBOX_ACCOUNT_ID>;ap-southeast-7;2026-08-19 02:30:11.271115;ac-6;The organization employs the principle of least privilege, allowing only authorized accesses for users (or processes acting on behalf of users) which are necessary to accomplish assigned tasks in accordance with organizational missions and business functions.;Access Control (AC);;;aws;;PASS;Inline policy range-cloudtrail-to-cwl attached to role range-cloudtrail-to-cwl does not allow 'aws-marketplace:Subscribe' on all resources.;arn:aws:iam::<SANDBOX_ACCOUNT_ID>:role/range-cloudtrail-to-cwl;iam_inline_policy_no_wildcard_marketplace_subscribe;False;range-cloudtrail-to-cwl/range-cloudtrail-to-cwl;FedRamp-Moderate-Revision-4;FedRAMP Moderate Revision 4;
aws;The Federal Risk and Authorization Management Program (FedRAMP) was established in 2011. It provides a cost-effective, risk-based approach for the adoption and use of cloud services by the U.S. federal government. FedRAMP empowers federal agencies to use modern cloud technologies, with an emphasis on the security and protection of federal information.;<SANDBOX_ACCOUNT_ID>;ap-southeast-7;2026-08-19 02:30:11.271115;ac-2-1;The organization employs automated mechanisms to support the management of information system accounts.;Access Control (AC);Account Management (AC-2);;aws;;PASS;Root account does not have access keys.;arn:aws:iam::<SANDBOX_ACCOUNT_ID>:root;iam_no_root_access_key;False;<root_account>;FedRamp-Moderate-Revision-4;FedRAMP Moderate Revision 4;
aws;The Federal Risk and Authorization Management Program (FedRAMP) was established in 2011. It provides a cost-effective, risk-based approach for the adoption and use of cloud services by the U.S. federal government. FedRAMP empowers federal agencies to use modern cloud technologies, with an emphasis on the security and protection of federal information.;<SANDBOX_ACCOUNT_ID>;ap-southeast-7;2026-08-19 02:30:11.271115;ac-2-f;The organization: f. Creates, enables, modifies, disables, and removes information system accounts in accordance with [Assignment: organization-defined procedures or conditions].;Access Control (AC);Account Management (AC-2);;aws;;PASS;Root account does not have access keys.;arn:aws:iam::<SANDBOX_ACCOUNT_ID>:root;iam_no_root_access_key;False;<root_account>;FedRamp-Moderate-Revision-4;FedRAMP Moderate Revision 4;
aws;The Federal Risk and Authorization Management Program (FedRAMP) was established in 2011. It provides a cost-effective, risk-based approach for the adoption and use of cloud services by the U.S. federal government. FedRAMP empowers federal agencies to use modern cloud technologies, with an emphasis on the security and protection of federal information.;<SANDBOX_ACCOUNT_ID>;ap-southeast-7;2026-08-19 02:30:11.271115;ac-2-j;The organization: j. Reviews accounts for compliance with account management requirements [Assignment: organization-defined frequency].;Access Control (AC);Account Management (AC-2);;aws;;PASS;Root account does not have access keys.;arn:aws:iam::<SANDBOX_ACCOUNT_ID>:root;iam_no_root_access_key;False;<root_account>;FedRamp-Moderate-Revision-4;FedRAMP Moderate Revision 4;
aws;The Federal Risk and Authorization Management Program (FedRAMP) was established in 2011. It provides a cost-effective, risk-based approach for the adoption and use of cloud services by the U.S. federal government. FedRAMP empowers federal agencies to use modern cloud technologies, with an emphasis on the security and protection of federal information.;<SANDBOX_ACCOUNT_ID>;ap-southeast-7;2026-08-19 02:30:11.271115;ac-3;The information system enforces approved authorizations for logical access to information and system resources in accordance with applicable access control policies.;Access Control (AC);;;aws;;PASS;Root account does not have access keys.;arn:aws:iam::<SANDBOX_ACCOUNT_ID>:root;iam_no_root_access_key;False;<root_account>;FedRamp-Moderate-Revision-4;FedRAMP Moderate Revision 4;
aws;The Federal Risk and Authorization Management Program (FedRAMP) was established in 2011. It provides a cost-effective, risk-based approach for the adoption and use of cloud services by the U.S. federal government. FedRAMP empowers federal agencies to use modern cloud technologies, with an emphasis on the security and protection of federal information.;<SANDBOX_ACCOUNT_ID>;ap-southeast-7;2026-08-19 02:30:11.271115;ac-5-c;The organization: c. Defines information system access authorizations to support separation of duties.;Access Control (AC);Separation Of Duties (AC-5);;aws;;PASS;Root account does not have access keys.;arn:aws:iam::<SANDBOX_ACCOUNT_ID>:root;iam_no_root_access_key;False;<root_account>;FedRamp-Moderate-Revision-4;FedRAMP Moderate Revision 4;
aws;The Federal Risk and Authorization Management Program (FedRAMP) was established in 2011. It provides a cost-effective, risk-based approach for the adoption and use of cloud services by the U.S. federal government. FedRAMP empowers federal agencies to use modern cloud technologies, with an emphasis on the security and protection of federal information.;<SANDBOX_ACCOUNT_ID>;ap-southeast-7;2026-08-19 02:30:11.271115;ac-6-10;The information system prevents non-privileged users from executing privileged functions to include disabling, circumventing, or altering implemented security safeguards/countermeasures.;Access Control (AC);Least Privilege (AC-6);;aws;;PASS;Root account does not have access keys.;arn:aws:iam::<SANDBOX_ACCOUNT_ID>:root;iam_no_root_access_key;False;<root_account>;FedRamp-Moderate-Revision-4;FedRAMP Moderate Revision 4;
aws;The Federal Risk and Authorization Management Program (FedRAMP) was established in 2011. It provides a cost-effective, risk-based approach for the adoption and use of cloud services by the U.S. federal government. FedRAMP empowers federal agencies to use modern cloud technologies, with an emphasis on the security and protection of federal information.;<SANDBOX_ACCOUNT_ID>;ap-southeast-7;2026-08-19 02:30:11.271115;ac-6;The organization employs the principle of least privilege, allowing only authorized accesses for users (or processes acting on behalf of users) which are necessary to accomplish assigned tasks in accordance with organizational missions and business functions.;Access Control (AC);;;aws;;PASS;Root account does not have access keys.;arn:aws:iam::<SANDBOX_ACCOUNT_ID>:root;iam_no_root_access_key;False;<root_account>;FedRamp-Moderate-Revision-4;FedRAMP Moderate Revision 4;
aws;The Federal Risk and Authorization Management Program (FedRAMP) was established in 2011. It provides a cost-effective, risk-based approach for the adoption and use of cloud services by the U.S. federal government. FedRAMP empowers federal agencies to use modern cloud technologies, with an emphasis on the security and protection of federal information.;<SANDBOX_ACCOUNT_ID>;ap-southeast-7;2026-08-19 02:30:11.271115;ia-2;The information system uniquely identifies and authenticates organizational users (or processes acting on behalf of organizational users).;Identification and Authentication (IA);;;iam;;PASS;Root account does not have access keys.;arn:aws:iam::<SANDBOX_ACCOUNT_ID>:root;iam_no_root_access_key;False;<root_account>;FedRamp-Moderate-Revision-4;FedRAMP Moderate Revision 4;
aws;The Federal Risk and Authorization Management Program (FedRAMP) was established in 2011. It provides a cost-effective, risk-based approach for the adoption and use of cloud services by the U.S. federal government. FedRAMP empowers federal agencies to use modern cloud technologies, with an emphasis on the security and protection of federal information.;<SANDBOX_ACCOUNT_ID>;ap-southeast-7;2026-08-19 02:30:11.271115;ac-2-1;The organization employs automated mechanisms to support the management of information system accounts.;Access Control (AC);Account Management (AC-2);;aws;;FAIL;IAM password policy does not require minimum length of 14 characters.;arn:aws:iam:ap-southeast-7:<SANDBOX_ACCOUNT_ID>:password-policy;iam_password_policy_minimum_length_14;False;<SANDBOX_ACCOUNT_ID>;FedRamp-Moderate-Revision-4;FedRAMP Moderate Revision 4;
aws;The Federal Risk and Authorization Management Program (FedRAMP) was established in 2011. It provides a cost-effective, risk-based approach for the adoption and use of cloud services by the U.S. federal government. FedRAMP empowers federal agencies to use modern cloud technologies, with an emphasis on the security and protection of federal information.;<SANDBOX_ACCOUNT_ID>;ap-southeast-7;2026-08-19 02:30:11.271115;ac-2-f;The organization: f. Creates, enables, modifies, disables, and removes information system accounts in accordance with [Assignment: organization-defined procedures or conditions].;Access Control (AC);Account Management (AC-2);;aws;;FAIL;IAM password policy does not require minimum length of 14 characters.;arn:aws:iam:ap-southeast-7:<SANDBOX_ACCOUNT_ID>:password-policy;iam_password_policy_minimum_length_14;False;<SANDBOX_ACCOUNT_ID>;FedRamp-Moderate-Revision-4;FedRAMP Moderate Revision 4;
aws;The Federal Risk and Authorization Management Program (FedRAMP) was established in 2011. It provides a cost-effective, risk-based approach for the adoption and use of cloud services by the U.S. federal government. FedRAMP empowers federal agencies to use modern cloud technologies, with an emphasis on the security and protection of federal information.;<SANDBOX_ACCOUNT_ID>;ap-southeast-7;2026-08-19 02:30:11.271115;ac-2-j;The organization: j. Reviews accounts for compliance with account management requirements [Assignment: organization-defined frequency].;Access Control (AC);Account Management (AC-2);;aws;;FAIL;IAM password policy does not require minimum length of 14 characters.;arn:aws:iam:ap-southeast-7:<SANDBOX_ACCOUNT_ID>:password-policy;iam_password_policy_minimum_length_14;False;<SANDBOX_ACCOUNT_ID>;FedRamp-Moderate-Revision-4;FedRAMP Moderate Revision 4;
aws;The Federal Risk and Authorization Management Program (FedRAMP) was established in 2011. It provides a cost-effective, risk-based approach for the adoption and use of cloud services by the U.S. federal government. FedRAMP empowers federal agencies to use modern cloud technologies, with an emphasis on the security and protection of federal information.;<SANDBOX_ACCOUNT_ID>;ap-southeast-7;2026-08-19 02:30:11.271115;ac-2-3;The information system automatically disables inactive accounts after 90 days for user accounts.;Access Control (AC);Account Management (AC-2);;aws;;FAIL;IAM password policy does not require minimum length of 14 characters.;arn:aws:iam:ap-southeast-7:<SANDBOX_ACCOUNT_ID>:password-policy;iam_password_policy_minimum_length_14;False;<SANDBOX_ACCOUNT_ID>;FedRamp-Moderate-Revision-4;FedRAMP Moderate Revision 4;
aws;The Federal Risk and Authorization Management Program (FedRAMP) was established in 2011. It provides a cost-effective, risk-based approach for the adoption and use of cloud services by the U.S. federal government. FedRAMP empowers federal agencies to use modern cloud technologies, with an emphasis on the security and protection of federal information.;<SANDBOX_ACCOUNT_ID>;ap-southeast-7;2026-08-19 02:30:11.271115;ac-5-c;The organization: c. Defines information system access authorizations to support separation of duties.;Access Control (AC);Separation Of Duties (AC-5);;aws;;FAIL;IAM password policy does not require minimum length of 14 characters.;arn:aws:iam:ap-southeast-7:<SANDBOX_ACCOUNT_ID>:password-policy;iam_password_policy_minimum_length_14;False;<SANDBOX_ACCOUNT_ID>;FedRamp-Moderate-Revision-4;FedRAMP Moderate Revision 4;
aws;The Federal Risk and Authorization Management Program (FedRAMP) was established in 2011. It provides a cost-effective, risk-based approach for the adoption and use of cloud services by the U.S. federal government. FedRAMP empowers federal agencies to use modern cloud technologies, with an emphasis on the security and protection of federal information.;<SANDBOX_ACCOUNT_ID>;ap-southeast-7;2026-08-19 02:30:11.271115;ia-2;The information system uniquely identifies and authenticates organizational users (or processes acting on behalf of organizational users).;Identification and Authentication (IA);;;iam;;FAIL;IAM password policy does not require minimum length of 14 characters.;arn:aws:iam:ap-southeast-7:<SANDBOX_ACCOUNT_ID>:password-policy;iam_password_policy_minimum_length_14;False;<SANDBOX_ACCOUNT_ID>;FedRamp-Moderate-Revision-4;FedRAMP Moderate Revision 4;
aws;The Federal Risk and Authorization Management Program (FedRAMP) was established in 2011. It provides a cost-effective, risk-based approach for the adoption and use of cloud services by the U.S. federal government. FedRAMP empowers federal agencies to use modern cloud technologies, with an emphasis on the security and protection of federal information.;<SANDBOX_ACCOUNT_ID>;ap-southeast-7;2026-08-19 02:30:11.271115;ia-5-1-a-d-e;"The information system, for password-based authentication: a. Enforces minimum password complexity of [Assignment: organization-defined requirements for case sensitivity, number of characters, mix of upper-case letters, lower-case letters, numbers, and special characters, including minimum requirements for each type]; d. Enforces password minimum and maximum lifetime restrictions of [Assignment: organization- defined numbers for lifetime minimum, lifetime maximum]; e. Prohibits password reuse for 24 generations";Identification and Authentication (IA);IA-5(1) Password-Based Authentication;;iam;;FAIL;IAM password policy does not require minimum length of 14 characters.;arn:aws:iam:ap-southeast-7:<SANDBOX_ACCOUNT_ID>:password-policy;iam_password_policy_minimum_length_14;False;<SANDBOX_ACCOUNT_ID>;FedRamp-Moderate-Revision-4;FedRAMP Moderate Revision 4;
aws;The Federal Risk and Authorization Management Program (FedRAMP) was established in 2011. It provides a cost-effective, risk-based approach for the adoption and use of cloud services by the U.S. federal government. FedRAMP empowers federal agencies to use modern cloud technologies, with an emphasis on the security and protection of federal information.;<SANDBOX_ACCOUNT_ID>;ap-southeast-7;2026-08-19 02:30:11.271115;ia-5-4;The organization employs automated tools to determine if password authenticators are sufficiently strong to satisfy [Assignment: organization-defined requirements].;Identification and Authentication (IA);Authenticator Management (IA-5);;iam;;FAIL;IAM password policy does not require minimum length of 14 characters.;arn:aws:iam:ap-southeast-7:<SANDBOX_ACCOUNT_ID>:password-policy;iam_password_policy_minimum_length_14;False;<SANDBOX_ACCOUNT_ID>;FedRamp-Moderate-Revision-4;FedRAMP Moderate Revision 4;
aws;The Federal Risk and Authorization Management Program (FedRAMP) was established in 2011. It provides a cost-effective, risk-based approach for the adoption and use of cloud services by the U.S. federal government. FedRAMP empowers federal agencies to use modern cloud technologies, with an emphasis on the security and protection of federal information.;<SANDBOX_ACCOUNT_ID>;ap-southeast-7;2026-08-19 02:30:11.271115;ac-2-1;The organization employs automated mechanisms to support the management of information system accounts.;Access Control (AC);Account Management (AC-2);;aws;;FAIL;IAM Role AWSReservedSSO_AdministratorAccess_8c8dbb6dc8164670 has Bedrock permissions but has never used them.;arn:aws:iam::<SANDBOX_ACCOUNT_ID>:role/aws-reserved/sso.amazonaws.com/ap-southeast-1/AWSReservedSSO_AdministratorAccess_8c8dbb6dc8164670;iam_role_access_not_stale_to_bedrock;False;AWSReservedSSO_AdministratorAccess_8c8dbb6dc8164670;FedRamp-Moderate-Revision-4;FedRAMP Moderate Revision 4;
aws;The Federal Risk and Authorization Management Program (FedRAMP) was established in 2011. It provides a cost-effective, risk-based approach for the adoption and use of cloud services by the U.S. federal government. FedRAMP empowers federal agencies to use modern cloud technologies, with an emphasis on the security and protection of federal information.;<SANDBOX_ACCOUNT_ID>;ap-southeast-7;2026-08-19 02:30:11.271115;ac-2-f;The organization: f. Creates, enables, modifies, disables, and removes information system accounts in accordance with [Assignment: organization-defined procedures or conditions].;Access Control (AC);Account Management (AC-2);;aws;;FAIL;IAM Role AWSReservedSSO_AdministratorAccess_8c8dbb6dc8164670 has Bedrock permissions but has never used them.;arn:aws:iam::<SANDBOX_ACCOUNT_ID>:role/aws-reserved/sso.amazonaws.com/ap-southeast-1/AWSReservedSSO_AdministratorAccess_8c8dbb6dc8164670;iam_role_access_not_stale_to_bedrock;False;AWSReservedSSO_AdministratorAccess_8c8dbb6dc8164670;FedRamp-Moderate-Revision-4;FedRAMP Moderate Revision 4;
aws;The Federal Risk and Authorization Management Program (FedRAMP) was established in 2011. It provides a cost-effective, risk-based approach for the adoption and use of cloud services by the U.S. federal government. FedRAMP empowers federal agencies to use modern cloud technologies, with an emphasis on the security and protection of federal information.;<SANDBOX_ACCOUNT_ID>;ap-southeast-7;2026-08-19 02:30:11.271115;ac-2-j;The organization: j. Reviews accounts for compliance with account management requirements [Assignment: organization-defined frequency].;Access Control (AC);Account Management (AC-2);;aws;;FAIL;IAM Role AWSReservedSSO_AdministratorAccess_8c8dbb6dc8164670 has Bedrock permissions but has never used them.;arn:aws:iam::<SANDBOX_ACCOUNT_ID>:role/aws-reserved/sso.amazonaws.com/ap-southeast-1/AWSReservedSSO_AdministratorAccess_8c8dbb6dc8164670;iam_role_access_not_stale_to_bedrock;False;AWSReservedSSO_AdministratorAccess_8c8dbb6dc8164670;FedRamp-Moderate-Revision-4;FedRAMP Moderate Revision 4;
aws;The Federal Risk and Authorization Management Program (FedRAMP) was established in 2011. It provides a cost-effective, risk-based approach for the adoption and use of cloud services by the U.S. federal government. FedRAMP empowers federal agencies to use modern cloud technologies, with an emphasis on the security and protection of federal information.;<SANDBOX_ACCOUNT_ID>;ap-southeast-7;2026-08-19 02:30:11.271115;ac-2-3;The information system automatically disables inactive accounts after 90 days for user accounts.;Access Control (AC);Account Management (AC-2);;aws;;FAIL;IAM Role AWSReservedSSO_AdministratorAccess_8c8dbb6dc8164670 has Bedrock permissions but has never used them.;arn:aws:iam::<SANDBOX_ACCOUNT_ID>:role/aws-reserved/sso.amazonaws.com/ap-southeast-1/AWSReservedSSO_AdministratorAccess_8c8dbb6dc8164670;iam_role_access_not_stale_to_bedrock;False;AWSReservedSSO_AdministratorAccess_8c8dbb6dc8164670;FedRamp-Moderate-Revision-4;FedRAMP Moderate Revision 4;
aws;The Federal Risk and Authorization Management Program (FedRAMP) was established in 2011. It provides a cost-effective, risk-based approach for the adoption and use of cloud services by the U.S. federal government. FedRAMP empowers federal agencies to use modern cloud technologies, with an emphasis on the security and protection of federal information.;<SANDBOX_ACCOUNT_ID>;ap-southeast-7;2026-08-19 02:30:11.271115;ac-6;The organization employs the principle of least privilege, allowing only authorized accesses for users (or processes acting on behalf of users) which are necessary to accomplish assigned tasks in accordance with organizational missions and business functions.;Access Control (AC);;;aws;;FAIL;IAM Role AWSReservedSSO_AdministratorAccess_8c8dbb6dc8164670 has Bedrock permissions but has never used them.;arn:aws:iam::<SANDBOX_ACCOUNT_ID>:role/aws-reserved/sso.amazonaws.com/ap-southeast-1/AWSReservedSSO_AdministratorAccess_8c8dbb6dc8164670;iam_role_access_not_stale_to_bedrock;False;AWSReservedSSO_AdministratorAccess_8c8dbb6dc8164670;FedRamp-Moderate-Revision-4;FedRAMP Moderate Revision 4;
aws;The Federal Risk and Authorization Management Program (FedRAMP) was established in 2011. It provides a cost-effective, risk-based approach for the adoption and use of cloud services by the U.S. federal government. FedRAMP empowers federal agencies to use modern cloud technologies, with an emphasis on the security and protection of federal information.;<SANDBOX_ACCOUNT_ID>;ap-southeast-7;2026-08-19 02:30:11.271115;ac-2-1;The organization employs automated mechanisms to support the management of information system accounts.;Access Control (AC);Account Management (AC-2);;aws;;PASS;IAM Role AWSServiceRoleForResourceExplorer accessed Bedrock 0 days ago (threshold: 60 days).;arn:aws:iam::<SANDBOX_ACCOUNT_ID>:role/aws-service-role/resource-explorer-2.amazonaws.com/AWSServiceRoleForResourceExplorer;iam_role_access_not_stale_to_bedrock;False;AWSServiceRoleForResourceExplorer;FedRamp-Moderate-Revision-4;FedRAMP Moderate Revision 4;
aws;The Federal Risk and Authorization Management Program (FedRAMP) was established in 2011. It provides a cost-effective, risk-based approach for the adoption and use of cloud services by the U.S. federal government. FedRAMP empowers federal agencies to use modern cloud technologies, with an emphasis on the security and protection of federal information.;<SANDBOX_ACCOUNT_ID>;ap-southeast-7;2026-08-19 02:30:11.271115;ac-2-f;The organization: f. Creates, enables, modifies, disables, and removes information system accounts in accordance with [Assignment: organization-defined procedures or conditions].;Access Control (AC);Account Management (AC-2);;aws;;PASS;IAM Role AWSServiceRoleForResourceExplorer accessed Bedrock 0 days ago (threshold: 60 days).;arn:aws:iam::<SANDBOX_ACCOUNT_ID>:role/aws-service-role/resource-explorer-2.amazonaws.com/AWSServiceRoleForResourceExplorer;iam_role_access_not_stale_to_bedrock;False;AWSServiceRoleForResourceExplorer;FedRamp-Moderate-Revision-4;FedRAMP Moderate Revision 4;
aws;The Federal Risk and Authorization Management Program (FedRAMP) was established in 2011. It provides a cost-effective, risk-based approach for the adoption and use of cloud services by the U.S. federal government. FedRAMP empowers federal agencies to use modern cloud technologies, with an emphasis on the security and protection of federal information.;<SANDBOX_ACCOUNT_ID>;ap-southeast-7;2026-08-19 02:30:11.271115;ac-2-j;The organization: j. Reviews accounts for compliance with account management requirements [Assignment: organization-defined frequency].;Access Control (AC);Account Management (AC-2);;aws;;PASS;IAM Role AWSServiceRoleForResourceExplorer accessed Bedrock 0 days ago (threshold: 60 days).;arn:aws:iam::<SANDBOX_ACCOUNT_ID>:role/aws-service-role/resource-explorer-2.amazonaws.com/AWSServiceRoleForResourceExplorer;iam_role_access_not_stale_to_bedrock;False;AWSServiceRoleForResourceExplorer;FedRamp-Moderate-Revision-4;FedRAMP Moderate Revision 4;
aws;The Federal Risk and Authorization Management Program (FedRAMP) was established in 2011. It provides a cost-effective, risk-based approach for the adoption and use of cloud services by the U.S. federal government. FedRAMP empowers federal agencies to use modern cloud technologies, with an emphasis on the security and protection of federal information.;<SANDBOX_ACCOUNT_ID>;ap-southeast-7;2026-08-19 02:30:11.271115;ac-2-3;The information system automatically disables inactive accounts after 90 days for user accounts.;Access Control (AC);Account Management (AC-2);;aws;;PASS;IAM Role AWSServiceRoleForResourceExplorer accessed Bedrock 0 days ago (threshold: 60 days).;arn:aws:iam::<SANDBOX_ACCOUNT_ID>:role/aws-service-role/resource-explorer-2.amazonaws.com/AWSServiceRoleForResourceExplorer;iam_role_access_not_stale_to_bedrock;False;AWSServiceRoleForResourceExplorer;FedRamp-Moderate-Revision-4;FedRAMP Moderate Revision 4;
aws;The Federal Risk and Authorization Management Program (FedRAMP) was established in 2011. It provides a cost-effective, risk-based approach for the adoption and use of cloud services by the U.S. federal government. FedRAMP empowers federal agencies to use modern cloud technologies, with an emphasis on the security and protection of federal information.;<SANDBOX_ACCOUNT_ID>;ap-southeast-7;2026-08-19 02:30:11.271115;ac-6;The organization employs the principle of least privilege, allowing only authorized accesses for users (or processes acting on behalf of users) which are necessary to accomplish assigned tasks in accordance with organizational missions and business functions.;Access Control (AC);;;aws;;PASS;IAM Role AWSServiceRoleForResourceExplorer accessed Bedrock 0 days ago (threshold: 60 days).;arn:aws:iam::<SANDBOX_ACCOUNT_ID>:role/aws-service-role/resource-explorer-2.amazonaws.com/AWSServiceRoleForResourceExplorer;iam_role_access_not_stale_to_bedrock;False;AWSServiceRoleForResourceExplorer;FedRamp-Moderate-Revision-4;FedRAMP Moderate Revision 4;
aws;The Federal Risk and Authorization Management Program (FedRAMP) was established in 2011. It provides a cost-effective, risk-based approach for the adoption and use of cloud services by the U.S. federal government. FedRAMP empowers federal agencies to use modern cloud technologies, with an emphasis on the security and protection of federal information.;<SANDBOX_ACCOUNT_ID>;ap-southeast-7;2026-08-19 02:30:11.271115;ac-2-1;The organization employs automated mechanisms to support the management of information system accounts.;Access Control (AC);Account Management (AC-2);;aws;;FAIL;IAM Role AWSServiceRoleForSupport has Bedrock permissions but has never used them.;arn:aws:iam::<SANDBOX_ACCOUNT_ID>:role/aws-service-role/support.amazonaws.com/AWSServiceRoleForSupport;iam_role_access_not_stale_to_bedrock;False;AWSServiceRoleForSupport;FedRamp-Moderate-Revision-4;FedRAMP Moderate Revision 4;
aws;The Federal Risk and Authorization Management Program (FedRAMP) was established in 2011. It provides a cost-effective, risk-based approach for the adoption and use of cloud services by the U.S. federal government. FedRAMP empowers federal agencies to use modern cloud technologies, with an emphasis on the security and protection of federal information.;<SANDBOX_ACCOUNT_ID>;ap-southeast-7;2026-08-19 02:30:11.271115;ac-2-f;The organization: f. Creates, enables, modifies, disables, and removes information system accounts in accordance with [Assignment: organization-defined procedures or conditions].;Access Control (AC);Account Management (AC-2);;aws;;FAIL;IAM Role AWSServiceRoleForSupport has Bedrock permissions but has never used them.;arn:aws:iam::<SANDBOX_ACCOUNT_ID>:role/aws-service-role/support.amazonaws.com/AWSServiceRoleForSupport;iam_role_access_not_stale_to_bedrock;False;AWSServiceRoleForSupport;FedRamp-Moderate-Revision-4;FedRAMP Moderate Revision 4;
aws;The Federal Risk and Authorization Management Program (FedRAMP) was established in 2011. It provides a cost-effective, risk-based approach for the adoption and use of cloud services by the U.S. federal government. FedRAMP empowers federal agencies to use modern cloud technologies, with an emphasis on the security and protection of federal information.;<SANDBOX_ACCOUNT_ID>;ap-southeast-7;2026-08-19 02:30:11.271115;ac-2-j;The organization: j. Reviews accounts for compliance with account management requirements [Assignment: organization-defined frequency].;Access Control (AC);Account Management (AC-2);;aws;;FAIL;IAM Role AWSServiceRoleForSupport has Bedrock permissions but has never used them.;arn:aws:iam::<SANDBOX_ACCOUNT_ID>:role/aws-service-role/support.amazonaws.com/AWSServiceRoleForSupport;iam_role_access_not_stale_to_bedrock;False;AWSServiceRoleForSupport;FedRamp-Moderate-Revision-4;FedRAMP Moderate Revision 4;
aws;The Federal Risk and Authorization Management Program (FedRAMP) was established in 2011. It provides a cost-effective, risk-based approach for the adoption and use of cloud services by the U.S. federal government. FedRAMP empowers federal agencies to use modern cloud technologies, with an emphasis on the security and protection of federal information.;<SANDBOX_ACCOUNT_ID>;ap-southeast-7;2026-08-19 02:30:11.271115;ac-2-3;The information system automatically disables inactive accounts after 90 days for user accounts.;Access Control (AC);Account Management (AC-2);;aws;;FAIL;IAM Role AWSServiceRoleForSupport has Bedrock permissions but has never used them.;arn:aws:iam::<SANDBOX_ACCOUNT_ID>:role/aws-service-role/support.amazonaws.com/AWSServiceRoleForSupport;iam_role_access_not_stale_to_bedrock;False;AWSServiceRoleForSupport;FedRamp-Moderate-Revision-4;FedRAMP Moderate Revision 4;
aws;The Federal Risk and Authorization Management Program (FedRAMP) was established in 2011. It provides a cost-effective, risk-based approach for the adoption and use of cloud services by the U.S. federal government. FedRAMP empowers federal agencies to use modern cloud technologies, with an emphasis on the security and protection of federal information.;<SANDBOX_ACCOUNT_ID>;ap-southeast-7;2026-08-19 02:30:11.271115;ac-6;The organization employs the principle of least privilege, allowing only authorized accesses for users (or processes acting on behalf of users) which are necessary to accomplish assigned tasks in accordance with organizational missions and business functions.;Access Control (AC);;;aws;;FAIL;IAM Role AWSServiceRoleForSupport has Bedrock permissions but has never used them.;arn:aws:iam::<SANDBOX_ACCOUNT_ID>:role/aws-service-role/support.amazonaws.com/AWSServiceRoleForSupport;iam_role_access_not_stale_to_bedrock;False;AWSServiceRoleForSupport;FedRamp-Moderate-Revision-4;FedRAMP Moderate Revision 4;
aws;The Federal Risk and Authorization Management Program (FedRAMP) was established in 2011. It provides a cost-effective, risk-based approach for the adoption and use of cloud services by the U.S. federal government. FedRAMP empowers federal agencies to use modern cloud technologies, with an emphasis on the security and protection of federal information.;<SANDBOX_ACCOUNT_ID>;ap-southeast-7;2026-08-19 02:30:11.271115;ac-2-1;The organization employs automated mechanisms to support the management of information system accounts.;Access Control (AC);Account Management (AC-2);;aws;;FAIL;IAM Role OrganizationAccountAccessRole has Bedrock permissions but has never used them.;arn:aws:iam::<SANDBOX_ACCOUNT_ID>:role/OrganizationAccountAccessRole;iam_role_access_not_stale_to_bedrock;False;OrganizationAccountAccessRole;FedRamp-Moderate-Revision-4;FedRAMP Moderate Revision 4;
aws;The Federal Risk and Authorization Management Program (FedRAMP) was established in 2011. It provides a cost-effective, risk-based approach for the adoption and use of cloud services by the U.S. federal government. FedRAMP empowers federal agencies to use modern cloud technologies, with an emphasis on the security and protection of federal information.;<SANDBOX_ACCOUNT_ID>;ap-southeast-7;2026-08-19 02:30:11.271115;ac-2-f;The organization: f. Creates, enables, modifies, disables, and removes information system accounts in accordance with [Assignment: organization-defined procedures or conditions].;Access Control (AC);Account Management (AC-2);;aws;;FAIL;IAM Role OrganizationAccountAccessRole has Bedrock permissions but has never used them.;arn:aws:iam::<SANDBOX_ACCOUNT_ID>:role/OrganizationAccountAccessRole;iam_role_access_not_stale_to_bedrock;False;OrganizationAccountAccessRole;FedRamp-Moderate-Revision-4;FedRAMP Moderate Revision 4;
aws;The Federal Risk and Authorization Management Program (FedRAMP) was established in 2011. It provides a cost-effective, risk-based approach for the adoption and use of cloud services by the U.S. federal government. FedRAMP empowers federal agencies to use modern cloud technologies, with an emphasis on the security and protection of federal information.;<SANDBOX_ACCOUNT_ID>;ap-southeast-7;2026-08-19 02:30:11.271115;ac-2-j;The organization: j. Reviews accounts for compliance with account management requirements [Assignment: organization-defined frequency].;Access Control (AC);Account Management (AC-2);;aws;;FAIL;IAM Role OrganizationAccountAccessRole has Bedrock permissions but has never used them.;arn:aws:iam::<SANDBOX_ACCOUNT_ID>:role/OrganizationAccountAccessRole;iam_role_access_not_stale_to_bedrock;False;OrganizationAccountAccessRole;FedRamp-Moderate-Revision-4;FedRAMP Moderate Revision 4;
aws;The Federal Risk and Authorization Management Program (FedRAMP) was established in 2011. It provides a cost-effective, risk-based approach for the adoption and use of cloud services by the U.S. federal government. FedRAMP empowers federal agencies to use modern cloud technologies, with an emphasis on the security and protection of federal information.;<SANDBOX_ACCOUNT_ID>;ap-southeast-7;2026-08-19 02:30:11.271115;ac-2-3;The information system automatically disables inactive accounts after 90 days for user accounts.;Access Control (AC);Account Management (AC-2);;aws;;FAIL;IAM Role OrganizationAccountAccessRole has Bedrock permissions but has never used them.;arn:aws:iam::<SANDBOX_ACCOUNT_ID>:role/OrganizationAccountAccessRole;iam_role_access_not_stale_to_bedrock;False;OrganizationAccountAccessRole;FedRamp-Moderate-Revision-4;FedRAMP Moderate Revision 4;
aws;The Federal Risk and Authorization Management Program (FedRAMP) was established in 2011. It provides a cost-effective, risk-based approach for the adoption and use of cloud services by the U.S. federal government. FedRAMP empowers federal agencies to use modern cloud technologies, with an emphasis on the security and protection of federal information.;<SANDBOX_ACCOUNT_ID>;ap-southeast-7;2026-08-19 02:30:11.271115;ac-6;The organization employs the principle of least privilege, allowing only authorized accesses for users (or processes acting on behalf of users) which are necessary to accomplish assigned tasks in accordance with organizational missions and business functions.;Access Control (AC);;;aws;;FAIL;IAM Role OrganizationAccountAccessRole has Bedrock permissions but has never used them.;arn:aws:iam::<SANDBOX_ACCOUNT_ID>:role/OrganizationAccountAccessRole;iam_role_access_not_stale_to_bedrock;False;OrganizationAccountAccessRole;FedRamp-Moderate-Revision-4;FedRAMP Moderate Revision 4;
aws;The Federal Risk and Authorization Management Program (FedRAMP) was established in 2011. It provides a cost-effective, risk-based approach for the adoption and use of cloud services by the U.S. federal government. FedRAMP empowers federal agencies to use modern cloud technologies, with an emphasis on the security and protection of federal information.;<SANDBOX_ACCOUNT_ID>;ap-southeast-7;2026-08-19 02:30:11.271115;ac-2-1;The organization employs automated mechanisms to support the management of information system accounts.;Access Control (AC);Account Management (AC-2);;aws;;FAIL;MFA is not enabled for root account.;arn:aws:iam::<SANDBOX_ACCOUNT_ID>:mfa;iam_root_hardware_mfa_enabled;False;<root_account>;FedRamp-Moderate-Revision-4;FedRAMP Moderate Revision 4;
aws;The Federal Risk and Authorization Management Program (FedRAMP) was established in 2011. It provides a cost-effective, risk-based approach for the adoption and use of cloud services by the U.S. federal government. FedRAMP empowers federal agencies to use modern cloud technologies, with an emphasis on the security and protection of federal information.;<SANDBOX_ACCOUNT_ID>;ap-southeast-7;2026-08-19 02:30:11.271115;ac-2-f;The organization: f. Creates, enables, modifies, disables, and removes information system accounts in accordance with [Assignment: organization-defined procedures or conditions].;Access Control (AC);Account Management (AC-2);;aws;;FAIL;MFA is not enabled for root account.;arn:aws:iam::<SANDBOX_ACCOUNT_ID>:mfa;iam_root_hardware_mfa_enabled;False;<root_account>;FedRamp-Moderate-Revision-4;FedRAMP Moderate Revision 4;
aws;The Federal Risk and Authorization Management Program (FedRAMP) was established in 2011. It provides a cost-effective, risk-based approach for the adoption and use of cloud services by the U.S. federal government. FedRAMP empowers federal agencies to use modern cloud technologies, with an emphasis on the security and protection of federal information.;<SANDBOX_ACCOUNT_ID>;ap-southeast-7;2026-08-19 02:30:11.271115;ia-2-1-2;(1) The information system implements multifactor authentication for network access to privileged accounts. (2) The information system implements multifactor authentication for network access to non- privileged accounts.;Identification and Authentication (IA);IA-2(1) Network Access To Privileged Accounts;;iam;;FAIL;MFA is not enabled for root account.;arn:aws:iam::<SANDBOX_ACCOUNT_ID>:mfa;iam_root_hardware_mfa_enabled;False;<root_account>;FedRamp-Moderate-Revision-4;FedRAMP Moderate Revision 4;
aws;The Federal Risk and Authorization Management Program (FedRAMP) was established in 2011. It provides a cost-effective, risk-based approach for the adoption and use of cloud services by the U.S. federal government. FedRAMP empowers federal agencies to use modern cloud technologies, with an emphasis on the security and protection of federal information.;<SANDBOX_ACCOUNT_ID>;ap-southeast-7;2026-08-19 02:30:11.271115;ia-2-1;The information system implements multi-factor authentication for network access to privileged accounts.;Identification and Authentication (IA);Identification and Authentication (Organizational users) (IA-2);;iam;;FAIL;MFA is not enabled for root account.;arn:aws:iam::<SANDBOX_ACCOUNT_ID>:mfa;iam_root_hardware_mfa_enabled;False;<root_account>;FedRamp-Moderate-Revision-4;FedRAMP Moderate Revision 4;
aws;The Federal Risk and Authorization Management Program (FedRAMP) was established in 2011. It provides a cost-effective, risk-based approach for the adoption and use of cloud services by the U.S. federal government. FedRAMP empowers federal agencies to use modern cloud technologies, with an emphasis on the security and protection of federal information.;<SANDBOX_ACCOUNT_ID>;ap-southeast-7;2026-08-19 02:30:11.271115;ac-2-1;The organization employs automated mechanisms to support the management of information system accounts.;Access Control (AC);Account Management (AC-2);;aws;;FAIL;MFA is not enabled for root account.;arn:aws:iam::<SANDBOX_ACCOUNT_ID>:root;iam_root_mfa_enabled;False;<root_account>;FedRamp-Moderate-Revision-4;FedRAMP Moderate Revision 4;
aws;The Federal Risk and Authorization Management Program (FedRAMP) was established in 2011. It provides a cost-effective, risk-based approach for the adoption and use of cloud services by the U.S. federal government. FedRAMP empowers federal agencies to use modern cloud technologies, with an emphasis on the security and protection of federal information.;<SANDBOX_ACCOUNT_ID>;ap-southeast-7;2026-08-19 02:30:11.271115;ac-2-f;The organization: f. Creates, enables, modifies, disables, and removes information system accounts in accordance with [Assignment: organization-defined procedures or conditions].;Access Control (AC);Account Management (AC-2);;aws;;FAIL;MFA is not enabled for root account.;arn:aws:iam::<SANDBOX_ACCOUNT_ID>:root;iam_root_mfa_enabled;False;<root_account>;FedRamp-Moderate-Revision-4;FedRAMP Moderate Revision 4;
aws;The Federal Risk and Authorization Management Program (FedRAMP) was established in 2011. It provides a cost-effective, risk-based approach for the adoption and use of cloud services by the U.S. federal government. FedRAMP empowers federal agencies to use modern cloud technologies, with an emphasis on the security and protection of federal information.;<SANDBOX_ACCOUNT_ID>;ap-southeast-7;2026-08-19 02:30:11.271115;ac-2-j;The organization: j. Reviews accounts for compliance with account management requirements [Assignment: organization-defined frequency].;Access Control (AC);Account Management (AC-2);;aws;;FAIL;MFA is not enabled for root account.;arn:aws:iam::<SANDBOX_ACCOUNT_ID>:root;iam_root_mfa_enabled;False;<root_account>;FedRamp-Moderate-Revision-4;FedRAMP Moderate Revision 4;
aws;The Federal Risk and Authorization Management Program (FedRAMP) was established in 2011. It provides a cost-effective, risk-based approach for the adoption and use of cloud services by the U.S. federal government. FedRAMP empowers federal agencies to use modern cloud technologies, with an emphasis on the security and protection of federal information.;<SANDBOX_ACCOUNT_ID>;ap-southeast-7;2026-08-19 02:30:11.271115;ia-2-1-2;(1) The information system implements multifactor authentication for network access to privileged accounts. (2) The information system implements multifactor authentication for network access to non- privileged accounts.;Identification and Authentication (IA);IA-2(1) Network Access To Privileged Accounts;;iam;;FAIL;MFA is not enabled for root account.;arn:aws:iam::<SANDBOX_ACCOUNT_ID>:root;iam_root_mfa_enabled;False;<root_account>;FedRamp-Moderate-Revision-4;FedRAMP Moderate Revision 4;
aws;The Federal Risk and Authorization Management Program (FedRAMP) was established in 2011. It provides a cost-effective, risk-based approach for the adoption and use of cloud services by the U.S. federal government. FedRAMP empowers federal agencies to use modern cloud technologies, with an emphasis on the security and protection of federal information.;<SANDBOX_ACCOUNT_ID>;ap-southeast-7;2026-08-19 02:30:11.271115;ia-2-1;The information system implements multi-factor authentication for network access to privileged accounts.;Identification and Authentication (IA);Identification and Authentication (Organizational users) (IA-2);;iam;;FAIL;MFA is not enabled for root account.;arn:aws:iam::<SANDBOX_ACCOUNT_ID>:root;iam_root_mfa_enabled;False;<root_account>;FedRamp-Moderate-Revision-4;FedRAMP Moderate Revision 4;
aws;The Federal Risk and Authorization Management Program (FedRAMP) was established in 2011. It provides a cost-effective, risk-based approach for the adoption and use of cloud services by the U.S. federal government. FedRAMP empowers federal agencies to use modern cloud technologies, with an emphasis on the security and protection of federal information.;<SANDBOX_ACCOUNT_ID>;ap-southeast-7;2026-08-19 02:30:11.271115;ac-2-1;The organization employs automated mechanisms to support the management of information system accounts.;Access Control (AC);Account Management (AC-2);;aws;;PASS;User <root_account> does not have access keys.;arn:aws:iam::<SANDBOX_ACCOUNT_ID>:root;iam_rotate_access_key_90_days;False;<root_account>;FedRamp-Moderate-Revision-4;FedRAMP Moderate Revision 4;
aws;The Federal Risk and Authorization Management Program (FedRAMP) was established in 2011. It provides a cost-effective, risk-based approach for the adoption and use of cloud services by the U.S. federal government. FedRAMP empowers federal agencies to use modern cloud technologies, with an emphasis on the security and protection of federal information.;<SANDBOX_ACCOUNT_ID>;ap-southeast-7;2026-08-19 02:30:11.271115;ac-2-f;The organization: f. Creates, enables, modifies, disables, and removes information system accounts in accordance with [Assignment: organization-defined procedures or conditions].;Access Control (AC);Account Management (AC-2);;aws;;PASS;User <root_account> does not have access keys.;arn:aws:iam::<SANDBOX_ACCOUNT_ID>:root;iam_rotate_access_key_90_days;False;<root_account>;FedRamp-Moderate-Revision-4;FedRAMP Moderate Revision 4;
aws;The Federal Risk and Authorization Management Program (FedRAMP) was established in 2011. It provides a cost-effective, risk-based approach for the adoption and use of cloud services by the U.S. federal government. FedRAMP empowers federal agencies to use modern cloud technologies, with an emphasis on the security and protection of federal information.;<SANDBOX_ACCOUNT_ID>;ap-southeast-7;2026-08-19 02:30:11.271115;ac-2-j;The organization: j. Reviews accounts for compliance with account management requirements [Assignment: organization-defined frequency].;Access Control (AC);Account Management (AC-2);;aws;;PASS;User <root_account> does not have access keys.;arn:aws:iam::<SANDBOX_ACCOUNT_ID>:root;iam_rotate_access_key_90_days;False;<root_account>;FedRamp-Moderate-Revision-4;FedRAMP Moderate Revision 4;
aws;The Federal Risk and Authorization Management Program (FedRAMP) was established in 2011. It provides a cost-effective, risk-based approach for the adoption and use of cloud services by the U.S. federal government. FedRAMP empowers federal agencies to use modern cloud technologies, with an emphasis on the security and protection of federal information.;<SANDBOX_ACCOUNT_ID>;ap-southeast-7;2026-08-19 02:30:11.271115;ac-2-1;The organization employs automated mechanisms to support the management of information system accounts.;Access Control (AC);Account Management (AC-2);;aws;;PASS;User <root_account> does not have access keys.;arn:aws:iam::<SANDBOX_ACCOUNT_ID>:root;iam_user_accesskey_unused;False;<root_account>;FedRamp-Moderate-Revision-4;FedRAMP Moderate Revision 4;
aws;The Federal Risk and Authorization Management Program (FedRAMP) was established in 2011. It provides a cost-effective, risk-based approach for the adoption and use of cloud services by the U.S. federal government. FedRAMP empowers federal agencies to use modern cloud technologies, with an emphasis on the security and protection of federal information.;<SANDBOX_ACCOUNT_ID>;ap-southeast-7;2026-08-19 02:30:11.271115;ac-2-f;The organization: f. Creates, enables, modifies, disables, and removes information system accounts in accordance with [Assignment: organization-defined procedures or conditions].;Access Control (AC);Account Management (AC-2);;aws;;PASS;User <root_account> does not have access keys.;arn:aws:iam::<SANDBOX_ACCOUNT_ID>:root;iam_user_accesskey_unused;False;<root_account>;FedRamp-Moderate-Revision-4;FedRAMP Moderate Revision 4;
aws;The Federal Risk and Authorization Management Program (FedRAMP) was established in 2011. It provides a cost-effective, risk-based approach for the adoption and use of cloud services by the U.S. federal government. FedRAMP empowers federal agencies to use modern cloud technologies, with an emphasis on the security and protection of federal information.;<SANDBOX_ACCOUNT_ID>;ap-southeast-7;2026-08-19 02:30:11.271115;ac-2-j;The organization: j. Reviews accounts for compliance with account management requirements [Assignment: organization-defined frequency].;Access Control (AC);Account Management (AC-2);;aws;;PASS;User <root_account> does not have access keys.;arn:aws:iam::<SANDBOX_ACCOUNT_ID>:root;iam_user_accesskey_unused;False;<root_account>;FedRamp-Moderate-Revision-4;FedRAMP Moderate Revision 4;
aws;The Federal Risk and Authorization Management Program (FedRAMP) was established in 2011. It provides a cost-effective, risk-based approach for the adoption and use of cloud services by the U.S. federal government. FedRAMP empowers federal agencies to use modern cloud technologies, with an emphasis on the security and protection of federal information.;<SANDBOX_ACCOUNT_ID>;ap-southeast-7;2026-08-19 02:30:11.271115;ac-2-3;The information system automatically disables inactive accounts after 90 days for user accounts.;Access Control (AC);Account Management (AC-2);;aws;;PASS;User <root_account> does not have access keys.;arn:aws:iam::<SANDBOX_ACCOUNT_ID>:root;iam_user_accesskey_unused;False;<root_account>;FedRamp-Moderate-Revision-4;FedRAMP Moderate Revision 4;
aws;The Federal Risk and Authorization Management Program (FedRAMP) was established in 2011. It provides a cost-effective, risk-based approach for the adoption and use of cloud services by the U.S. federal government. FedRAMP empowers federal agencies to use modern cloud technologies, with an emphasis on the security and protection of federal information.;<SANDBOX_ACCOUNT_ID>;ap-southeast-7;2026-08-19 02:30:11.271115;ac-3;The information system enforces approved authorizations for logical access to information and system resources in accordance with applicable access control policies.;Access Control (AC);;;aws;;PASS;User <root_account> does not have access keys.;arn:aws:iam::<SANDBOX_ACCOUNT_ID>:root;iam_user_accesskey_unused;False;<root_account>;FedRamp-Moderate-Revision-4;FedRAMP Moderate Revision 4;
aws;The Federal Risk and Authorization Management Program (FedRAMP) was established in 2011. It provides a cost-effective, risk-based approach for the adoption and use of cloud services by the U.S. federal government. FedRAMP empowers federal agencies to use modern cloud technologies, with an emphasis on the security and protection of federal information.;<SANDBOX_ACCOUNT_ID>;ap-southeast-7;2026-08-19 02:30:11.271115;ac-5-c;The organization: c. Defines information system access authorizations to support separation of duties.;Access Control (AC);Separation Of Duties (AC-5);;aws;;PASS;User <root_account> does not have access keys.;arn:aws:iam::<SANDBOX_ACCOUNT_ID>:root;iam_user_accesskey_unused;False;<root_account>;FedRamp-Moderate-Revision-4;FedRAMP Moderate Revision 4;
aws;The Federal Risk and Authorization Management Program (FedRAMP) was established in 2011. It provides a cost-effective, risk-based approach for the adoption and use of cloud services by the U.S. federal government. FedRAMP empowers federal agencies to use modern cloud technologies, with an emphasis on the security and protection of federal information.;<SANDBOX_ACCOUNT_ID>;ap-southeast-7;2026-08-19 02:30:11.271115;ac-6;The organization employs the principle of least privilege, allowing only authorized accesses for users (or processes acting on behalf of users) which are necessary to accomplish assigned tasks in accordance with organizational missions and business functions.;Access Control (AC);;;aws;;PASS;User <root_account> does not have access keys.;arn:aws:iam::<SANDBOX_ACCOUNT_ID>:root;iam_user_accesskey_unused;False;<root_account>;FedRamp-Moderate-Revision-4;FedRAMP Moderate Revision 4;
aws;The Federal Risk and Authorization Management Program (FedRAMP) was established in 2011. It provides a cost-effective, risk-based approach for the adoption and use of cloud services by the U.S. federal government. FedRAMP empowers federal agencies to use modern cloud technologies, with an emphasis on the security and protection of federal information.;<SANDBOX_ACCOUNT_ID>;ap-southeast-7;2026-08-19 02:30:11.271115;sc-28;The information system protects the confidentiality AND integrity of [Assignment: organization-defined information at rest].;System and Communications Protection (SC);;;aws;;MANUAL;"No KMS-from-enclave attestation events found in the last 2160h. Debug-mode status cannot be determined from available data; enclaves that never call KMS in the window are not observable via this check.";arn:aws:kms:ap-southeast-7:<SANDBOX_ACCOUNT_ID>:enclave-debug-attestation;kms_key_enclave_debug_attestation_detected;False;arn:aws:kms:ap-southeast-7:<SANDBOX_ACCOUNT_ID>:enclave-debug-attestation;FedRamp-Moderate-Revision-4;FedRAMP Moderate Revision 4;
aws;The Federal Risk and Authorization Management Program (FedRAMP) was established in 2011. It provides a cost-effective, risk-based approach for the adoption and use of cloud services by the U.S. federal government. FedRAMP empowers federal agencies to use modern cloud technologies, with an emphasis on the security and protection of federal information.;<SANDBOX_ACCOUNT_ID>;ap-southeast-7;2026-08-19 02:30:11.271115;si-4-2;The organization employs automated tools to support near real-time analysis of events.;System and Information Integrity (SI);Information System Monitoring (SI-4);;aws;;MANUAL;"No KMS-from-enclave attestation events found in the last 2160h. Debug-mode status cannot be determined from available data; enclaves that never call KMS in the window are not observable via this check.";arn:aws:kms:ap-southeast-7:<SANDBOX_ACCOUNT_ID>:enclave-debug-attestation;kms_key_enclave_debug_attestation_detected;False;arn:aws:kms:ap-southeast-7:<SANDBOX_ACCOUNT_ID>:enclave-debug-attestation;FedRamp-Moderate-Revision-4;FedRAMP Moderate Revision 4;
aws;The Federal Risk and Authorization Management Program (FedRAMP) was established in 2011. It provides a cost-effective, risk-based approach for the adoption and use of cloud services by the U.S. federal government. FedRAMP empowers federal agencies to use modern cloud technologies, with an emphasis on the security and protection of federal information.;<SANDBOX_ACCOUNT_ID>;ap-southeast-7;2026-08-19 02:30:11.271115;ac-3;The information system enforces approved authorizations for logical access to information and system resources in accordance with applicable access control policies.;Access Control (AC);;;aws;;FAIL;Block Public Access is not configured for the account <SANDBOX_ACCOUNT_ID>.;arn:aws:s3:ap-southeast-7:<SANDBOX_ACCOUNT_ID>:account;s3_account_level_public_access_blocks;False;<SANDBOX_ACCOUNT_ID>;FedRamp-Moderate-Revision-4;FedRAMP Moderate Revision 4;
aws;The Federal Risk and Authorization Management Program (FedRAMP) was established in 2011. It provides a cost-effective, risk-based approach for the adoption and use of cloud services by the U.S. federal government. FedRAMP empowers federal agencies to use modern cloud technologies, with an emphasis on the security and protection of federal information.;<SANDBOX_ACCOUNT_ID>;ap-southeast-7;2026-08-19 02:30:11.271115;ac-6;The organization employs the principle of least privilege, allowing only authorized accesses for users (or processes acting on behalf of users) which are necessary to accomplish assigned tasks in accordance with organizational missions and business functions.;Access Control (AC);;;aws;;FAIL;Block Public Access is not configured for the account <SANDBOX_ACCOUNT_ID>.;arn:aws:s3:ap-southeast-7:<SANDBOX_ACCOUNT_ID>:account;s3_account_level_public_access_blocks;False;<SANDBOX_ACCOUNT_ID>;FedRamp-Moderate-Revision-4;FedRAMP Moderate Revision 4;
aws;The Federal Risk and Authorization Management Program (FedRAMP) was established in 2011. It provides a cost-effective, risk-based approach for the adoption and use of cloud services by the U.S. federal government. FedRAMP empowers federal agencies to use modern cloud technologies, with an emphasis on the security and protection of federal information.;<SANDBOX_ACCOUNT_ID>;ap-southeast-7;2026-08-19 02:30:11.271115;ac-17-1;The information system monitors and controls remote access methods.;Access Control (AC);Remote Access (AC-17);;aws;;FAIL;Block Public Access is not configured for the account <SANDBOX_ACCOUNT_ID>.;arn:aws:s3:ap-southeast-7:<SANDBOX_ACCOUNT_ID>:account;s3_account_level_public_access_blocks;False;<SANDBOX_ACCOUNT_ID>;FedRamp-Moderate-Revision-4;FedRAMP Moderate Revision 4;
aws;The Federal Risk and Authorization Management Program (FedRAMP) was established in 2011. It provides a cost-effective, risk-based approach for the adoption and use of cloud services by the U.S. federal government. FedRAMP empowers federal agencies to use modern cloud technologies, with an emphasis on the security and protection of federal information.;<SANDBOX_ACCOUNT_ID>;ap-southeast-7;2026-08-19 02:30:11.271115;ac-21-b;The organization: b. Employs [Assignment: organization-defined automated mechanisms or manual processes] to assist users in making information sharing/collaboration decisions.;Access Control (AC);Information Sharing (AC-21);;aws;;FAIL;Block Public Access is not configured for the account <SANDBOX_ACCOUNT_ID>.;arn:aws:s3:ap-southeast-7:<SANDBOX_ACCOUNT_ID>:account;s3_account_level_public_access_blocks;False;<SANDBOX_ACCOUNT_ID>;FedRamp-Moderate-Revision-4;FedRAMP Moderate Revision 4;
aws;The Federal Risk and Authorization Management Program (FedRAMP) was established in 2011. It provides a cost-effective, risk-based approach for the adoption and use of cloud services by the U.S. federal government. FedRAMP empowers federal agencies to use modern cloud technologies, with an emphasis on the security and protection of federal information.;<SANDBOX_ACCOUNT_ID>;ap-southeast-7;2026-08-19 02:30:11.271115;cm-2;The organization develops, documents, and maintains under configuration control, a current baseline configuration of the information system.;Configuration Management (CM);;;aws;;FAIL;Block Public Access is not configured for the account <SANDBOX_ACCOUNT_ID>.;arn:aws:s3:ap-southeast-7:<SANDBOX_ACCOUNT_ID>:account;s3_account_level_public_access_blocks;False;<SANDBOX_ACCOUNT_ID>;FedRamp-Moderate-Revision-4;FedRAMP Moderate Revision 4;
aws;The Federal Risk and Authorization Management Program (FedRAMP) was established in 2011. It provides a cost-effective, risk-based approach for the adoption and use of cloud services by the U.S. federal government. FedRAMP empowers federal agencies to use modern cloud technologies, with an emphasis on the security and protection of federal information.;<SANDBOX_ACCOUNT_ID>;ap-southeast-7;2026-08-19 02:30:11.271115;sc-4;The information system prevents unauthorized and unintended information transfer via shared system resources.;System and Communications Protection (SC);;;aws;;FAIL;Block Public Access is not configured for the account <SANDBOX_ACCOUNT_ID>.;arn:aws:s3:ap-southeast-7:<SANDBOX_ACCOUNT_ID>:account;s3_account_level_public_access_blocks;False;<SANDBOX_ACCOUNT_ID>;FedRamp-Moderate-Revision-4;FedRAMP Moderate Revision 4;
aws;The Federal Risk and Authorization Management Program (FedRAMP) was established in 2011. It provides a cost-effective, risk-based approach for the adoption and use of cloud services by the U.S. federal government. FedRAMP empowers federal agencies to use modern cloud technologies, with an emphasis on the security and protection of federal information.;<SANDBOX_ACCOUNT_ID>;ap-southeast-7;2026-08-19 02:30:11.271115;sc-7-3;The organization limits the number of external network connections to the information system.;System and Communications Protection (SC);Boundary Protection (SC-7);;aws;;FAIL;Block Public Access is not configured for the account <SANDBOX_ACCOUNT_ID>.;arn:aws:s3:ap-southeast-7:<SANDBOX_ACCOUNT_ID>:account;s3_account_level_public_access_blocks;False;<SANDBOX_ACCOUNT_ID>;FedRamp-Moderate-Revision-4;FedRAMP Moderate Revision 4;
aws;The Federal Risk and Authorization Management Program (FedRAMP) was established in 2011. It provides a cost-effective, risk-based approach for the adoption and use of cloud services by the U.S. federal government. FedRAMP empowers federal agencies to use modern cloud technologies, with an emphasis on the security and protection of federal information.;<SANDBOX_ACCOUNT_ID>;ap-southeast-7;2026-08-19 02:30:11.271115;sc-7;"The information system: a. Monitors and controls communications at the external boundary of the system and at key internal boundaries within the system; b. Implements subnetworks for publicly accessible system components that are [Selection: physically; logically] separated from internal organizational networks; and c. Connects to external networks or information systems only through managed interfaces consisting of boundary protection devices arranged in accordance with an organizational security architecture.";System and Communications Protection (SC);;;aws;;FAIL;Block Public Access is not configured for the account <SANDBOX_ACCOUNT_ID>.;arn:aws:s3:ap-southeast-7:<SANDBOX_ACCOUNT_ID>:account;s3_account_level_public_access_blocks;False;<SANDBOX_ACCOUNT_ID>;FedRamp-Moderate-Revision-4;FedRAMP Moderate Revision 4;
aws;The Federal Risk and Authorization Management Program (FedRAMP) was established in 2011. It provides a cost-effective, risk-based approach for the adoption and use of cloud services by the U.S. federal government. FedRAMP empowers federal agencies to use modern cloud technologies, with an emphasis on the security and protection of federal information.;<SANDBOX_ACCOUNT_ID>;ap-southeast-7;2026-08-19 02:30:11.271115;sc-13;The information system implements FIPS-validated or NSA-approved cryptography in accordance with applicable federal laws, Executive Orders, directives, policies, regulations, and standards.;System and Communications Protection (SC);;;aws;;PASS;S3 Bucket range-cloudtrail-<SANDBOX_ACCOUNT_ID> has Server Side Encryption with AES256.;arn:aws:s3:::range-cloudtrail-<SANDBOX_ACCOUNT_ID>;s3_bucket_default_encryption;False;range-cloudtrail-<SANDBOX_ACCOUNT_ID>;FedRamp-Moderate-Revision-4;FedRAMP Moderate Revision 4;
aws;The Federal Risk and Authorization Management Program (FedRAMP) was established in 2011. It provides a cost-effective, risk-based approach for the adoption and use of cloud services by the U.S. federal government. FedRAMP empowers federal agencies to use modern cloud technologies, with an emphasis on the security and protection of federal information.;<SANDBOX_ACCOUNT_ID>;ap-southeast-7;2026-08-19 02:30:11.271115;sc-28;The information system protects the confidentiality AND integrity of [Assignment: organization-defined information at rest].;System and Communications Protection (SC);;;aws;;PASS;S3 Bucket range-cloudtrail-<SANDBOX_ACCOUNT_ID> has Server Side Encryption with AES256.;arn:aws:s3:::range-cloudtrail-<SANDBOX_ACCOUNT_ID>;s3_bucket_default_encryption;False;range-cloudtrail-<SANDBOX_ACCOUNT_ID>;FedRamp-Moderate-Revision-4;FedRAMP Moderate Revision 4;
aws;The Federal Risk and Authorization Management Program (FedRAMP) was established in 2011. It provides a cost-effective, risk-based approach for the adoption and use of cloud services by the U.S. federal government. FedRAMP empowers federal agencies to use modern cloud technologies, with an emphasis on the security and protection of federal information.;<SANDBOX_ACCOUNT_ID>;ap-southeast-7;2026-08-19 02:30:11.271115;sc-13;The information system implements FIPS-validated or NSA-approved cryptography in accordance with applicable federal laws, Executive Orders, directives, policies, regulations, and standards.;System and Communications Protection (SC);;;aws;;PASS;S3 Bucket range-customer-data-<SANDBOX_ACCOUNT_ID> has Server Side Encryption with AES256.;arn:aws:s3:::range-customer-data-<SANDBOX_ACCOUNT_ID>;s3_bucket_default_encryption;False;range-customer-data-<SANDBOX_ACCOUNT_ID>;FedRamp-Moderate-Revision-4;FedRAMP Moderate Revision 4;
aws;The Federal Risk and Authorization Management Program (FedRAMP) was established in 2011. It provides a cost-effective, risk-based approach for the adoption and use of cloud services by the U.S. federal government. FedRAMP empowers federal agencies to use modern cloud technologies, with an emphasis on the security and protection of federal information.;<SANDBOX_ACCOUNT_ID>;ap-southeast-7;2026-08-19 02:30:11.271115;sc-28;The information system protects the confidentiality AND integrity of [Assignment: organization-defined information at rest].;System and Communications Protection (SC);;;aws;;PASS;S3 Bucket range-customer-data-<SANDBOX_ACCOUNT_ID> has Server Side Encryption with AES256.;arn:aws:s3:::range-customer-data-<SANDBOX_ACCOUNT_ID>;s3_bucket_default_encryption;False;range-customer-data-<SANDBOX_ACCOUNT_ID>;FedRamp-Moderate-Revision-4;FedRAMP Moderate Revision 4;
aws;The Federal Risk and Authorization Management Program (FedRAMP) was established in 2011. It provides a cost-effective, risk-based approach for the adoption and use of cloud services by the U.S. federal government. FedRAMP empowers federal agencies to use modern cloud technologies, with an emphasis on the security and protection of federal information.;<SANDBOX_ACCOUNT_ID>;ap-southeast-7;2026-08-19 02:30:11.271115;au-9-2;The information system backs up audit records at least weekly onto a physically different system or system component than the system or component being audited.;Audit and Accountability (AU);Protection of Audit Information (AU-9);;aws;;FAIL;S3 Bucket range-cloudtrail-<SANDBOX_ACCOUNT_ID> has versioning disabled.;arn:aws:s3:::range-cloudtrail-<SANDBOX_ACCOUNT_ID>;s3_bucket_object_versioning;False;range-cloudtrail-<SANDBOX_ACCOUNT_ID>;FedRamp-Moderate-Revision-4;FedRAMP Moderate Revision 4;
aws;The Federal Risk and Authorization Management Program (FedRAMP) was established in 2011. It provides a cost-effective, risk-based approach for the adoption and use of cloud services by the U.S. federal government. FedRAMP empowers federal agencies to use modern cloud technologies, with an emphasis on the security and protection of federal information.;<SANDBOX_ACCOUNT_ID>;ap-southeast-7;2026-08-19 02:30:11.271115;cp-9-b;"The organization: b. Conducts backups of system-level information contained in the information system (daily incremental; weekly full).";Contingency Planning (CP);Information System Backup (CP-9);;aws;;FAIL;S3 Bucket range-cloudtrail-<SANDBOX_ACCOUNT_ID> has versioning disabled.;arn:aws:s3:::range-cloudtrail-<SANDBOX_ACCOUNT_ID>;s3_bucket_object_versioning;False;range-cloudtrail-<SANDBOX_ACCOUNT_ID>;FedRamp-Moderate-Revision-4;FedRAMP Moderate Revision 4;
aws;The Federal Risk and Authorization Management Program (FedRAMP) was established in 2011. It provides a cost-effective, risk-based approach for the adoption and use of cloud services by the U.S. federal government. FedRAMP empowers federal agencies to use modern cloud technologies, with an emphasis on the security and protection of federal information.;<SANDBOX_ACCOUNT_ID>;ap-southeast-7;2026-08-19 02:30:11.271115;cp-10;The organization provides for the recovery and reconstitution of the information system to a known state after a disruption, compromise, or failure.;Contingency Planning (CP);;;aws;;FAIL;S3 Bucket range-cloudtrail-<SANDBOX_ACCOUNT_ID> has versioning disabled.;arn:aws:s3:::range-cloudtrail-<SANDBOX_ACCOUNT_ID>;s3_bucket_object_versioning;False;range-cloudtrail-<SANDBOX_ACCOUNT_ID>;FedRamp-Moderate-Revision-4;FedRAMP Moderate Revision 4;
aws;The Federal Risk and Authorization Management Program (FedRAMP) was established in 2011. It provides a cost-effective, risk-based approach for the adoption and use of cloud services by the U.S. federal government. FedRAMP empowers federal agencies to use modern cloud technologies, with an emphasis on the security and protection of federal information.;<SANDBOX_ACCOUNT_ID>;ap-southeast-7;2026-08-19 02:30:11.271115;sc-5;The information system protects against or limits the effects of the following types of denial of service attacks: [Assignment: organization-defined types of denial of service attacks or references to sources for such information] by employing [Assignment: organization-defined security safeguards].;System and Communications Protection (SC);;;aws;;FAIL;S3 Bucket range-cloudtrail-<SANDBOX_ACCOUNT_ID> has versioning disabled.;arn:aws:s3:::range-cloudtrail-<SANDBOX_ACCOUNT_ID>;s3_bucket_object_versioning;False;range-cloudtrail-<SANDBOX_ACCOUNT_ID>;FedRamp-Moderate-Revision-4;FedRAMP Moderate Revision 4;
aws;The Federal Risk and Authorization Management Program (FedRAMP) was established in 2011. It provides a cost-effective, risk-based approach for the adoption and use of cloud services by the U.S. federal government. FedRAMP empowers federal agencies to use modern cloud technologies, with an emphasis on the security and protection of federal information.;<SANDBOX_ACCOUNT_ID>;ap-southeast-7;2026-08-19 02:30:11.271115;si-12;The organization handles and retains information within the information system and information output from the system in accordance with applicable federal laws, Executive Orders, directives, policies, regulations, standards, and operational requirements.;System and Information Integrity (SI);;;aws;;FAIL;S3 Bucket range-cloudtrail-<SANDBOX_ACCOUNT_ID> has versioning disabled.;arn:aws:s3:::range-cloudtrail-<SANDBOX_ACCOUNT_ID>;s3_bucket_object_versioning;False;range-cloudtrail-<SANDBOX_ACCOUNT_ID>;FedRamp-Moderate-Revision-4;FedRAMP Moderate Revision 4;
aws;The Federal Risk and Authorization Management Program (FedRAMP) was established in 2011. It provides a cost-effective, risk-based approach for the adoption and use of cloud services by the U.S. federal government. FedRAMP empowers federal agencies to use modern cloud technologies, with an emphasis on the security and protection of federal information.;<SANDBOX_ACCOUNT_ID>;ap-southeast-7;2026-08-19 02:30:11.271115;au-9-2;The information system backs up audit records at least weekly onto a physically different system or system component than the system or component being audited.;Audit and Accountability (AU);Protection of Audit Information (AU-9);;aws;;FAIL;S3 Bucket range-customer-data-<SANDBOX_ACCOUNT_ID> has versioning disabled.;arn:aws:s3:::range-customer-data-<SANDBOX_ACCOUNT_ID>;s3_bucket_object_versioning;False;range-customer-data-<SANDBOX_ACCOUNT_ID>;FedRamp-Moderate-Revision-4;FedRAMP Moderate Revision 4;
aws;The Federal Risk and Authorization Management Program (FedRAMP) was established in 2011. It provides a cost-effective, risk-based approach for the adoption and use of cloud services by the U.S. federal government. FedRAMP empowers federal agencies to use modern cloud technologies, with an emphasis on the security and protection of federal information.;<SANDBOX_ACCOUNT_ID>;ap-southeast-7;2026-08-19 02:30:11.271115;cp-9-b;"The organization: b. Conducts backups of system-level information contained in the information system (daily incremental; weekly full).";Contingency Planning (CP);Information System Backup (CP-9);;aws;;FAIL;S3 Bucket range-customer-data-<SANDBOX_ACCOUNT_ID> has versioning disabled.;arn:aws:s3:::range-customer-data-<SANDBOX_ACCOUNT_ID>;s3_bucket_object_versioning;False;range-customer-data-<SANDBOX_ACCOUNT_ID>;FedRamp-Moderate-Revision-4;FedRAMP Moderate Revision 4;
aws;The Federal Risk and Authorization Management Program (FedRAMP) was established in 2011. It provides a cost-effective, risk-based approach for the adoption and use of cloud services by the U.S. federal government. FedRAMP empowers federal agencies to use modern cloud technologies, with an emphasis on the security and protection of federal information.;<SANDBOX_ACCOUNT_ID>;ap-southeast-7;2026-08-19 02:30:11.271115;cp-10;The organization provides for the recovery and reconstitution of the information system to a known state after a disruption, compromise, or failure.;Contingency Planning (CP);;;aws;;FAIL;S3 Bucket range-customer-data-<SANDBOX_ACCOUNT_ID> has versioning disabled.;arn:aws:s3:::range-customer-data-<SANDBOX_ACCOUNT_ID>;s3_bucket_object_versioning;False;range-customer-data-<SANDBOX_ACCOUNT_ID>;FedRamp-Moderate-Revision-4;FedRAMP Moderate Revision 4;
aws;The Federal Risk and Authorization Management Program (FedRAMP) was established in 2011. It provides a cost-effective, risk-based approach for the adoption and use of cloud services by the U.S. federal government. FedRAMP empowers federal agencies to use modern cloud technologies, with an emphasis on the security and protection of federal information.;<SANDBOX_ACCOUNT_ID>;ap-southeast-7;2026-08-19 02:30:11.271115;sc-5;The information system protects against or limits the effects of the following types of denial of service attacks: [Assignment: organization-defined types of denial of service attacks or references to sources for such information] by employing [Assignment: organization-defined security safeguards].;System and Communications Protection (SC);;;aws;;FAIL;S3 Bucket range-customer-data-<SANDBOX_ACCOUNT_ID> has versioning disabled.;arn:aws:s3:::range-customer-data-<SANDBOX_ACCOUNT_ID>;s3_bucket_object_versioning;False;range-customer-data-<SANDBOX_ACCOUNT_ID>;FedRamp-Moderate-Revision-4;FedRAMP Moderate Revision 4;
aws;The Federal Risk and Authorization Management Program (FedRAMP) was established in 2011. It provides a cost-effective, risk-based approach for the adoption and use of cloud services by the U.S. federal government. FedRAMP empowers federal agencies to use modern cloud technologies, with an emphasis on the security and protection of federal information.;<SANDBOX_ACCOUNT_ID>;ap-southeast-7;2026-08-19 02:30:11.271115;si-12;The organization handles and retains information within the information system and information output from the system in accordance with applicable federal laws, Executive Orders, directives, policies, regulations, standards, and operational requirements.;System and Information Integrity (SI);;;aws;;FAIL;S3 Bucket range-customer-data-<SANDBOX_ACCOUNT_ID> has versioning disabled.;arn:aws:s3:::range-customer-data-<SANDBOX_ACCOUNT_ID>;s3_bucket_object_versioning;False;range-customer-data-<SANDBOX_ACCOUNT_ID>;FedRamp-Moderate-Revision-4;FedRAMP Moderate Revision 4;
aws;The Federal Risk and Authorization Management Program (FedRAMP) was established in 2011. It provides a cost-effective, risk-based approach for the adoption and use of cloud services by the U.S. federal government. FedRAMP empowers federal agencies to use modern cloud technologies, with an emphasis on the security and protection of federal information.;<SANDBOX_ACCOUNT_ID>;ap-southeast-7;2026-08-19 02:30:11.271115;ac-3;The information system enforces approved authorizations for logical access to information and system resources in accordance with applicable access control policies.;Access Control (AC);;;aws;;PASS;S3 public access blocked at bucket level for range-cloudtrail-<SANDBOX_ACCOUNT_ID>.;arn:aws:s3:::range-cloudtrail-<SANDBOX_ACCOUNT_ID>;s3_bucket_policy_public_write_access;False;range-cloudtrail-<SANDBOX_ACCOUNT_ID>;FedRamp-Moderate-Revision-4;FedRAMP Moderate Revision 4;
aws;The Federal Risk and Authorization Management Program (FedRAMP) was established in 2011. It provides a cost-effective, risk-based approach for the adoption and use of cloud services by the U.S. federal government. FedRAMP empowers federal agencies to use modern cloud technologies, with an emphasis on the security and protection of federal information.;<SANDBOX_ACCOUNT_ID>;ap-southeast-7;2026-08-19 02:30:11.271115;ac-4;The information system enforces approved authorizations for controlling the flow of information within the system and between interconnected systems based on organization-defined information flow control policies.;Access Control (AC);;;aws;;PASS;S3 public access blocked at bucket level for range-cloudtrail-<SANDBOX_ACCOUNT_ID>.;arn:aws:s3:::range-cloudtrail-<SANDBOX_ACCOUNT_ID>;s3_bucket_policy_public_write_access;False;range-cloudtrail-<SANDBOX_ACCOUNT_ID>;FedRamp-Moderate-Revision-4;FedRAMP Moderate Revision 4;
aws;The Federal Risk and Authorization Management Program (FedRAMP) was established in 2011. It provides a cost-effective, risk-based approach for the adoption and use of cloud services by the U.S. federal government. FedRAMP empowers federal agencies to use modern cloud technologies, with an emphasis on the security and protection of federal information.;<SANDBOX_ACCOUNT_ID>;ap-southeast-7;2026-08-19 02:30:11.271115;ac-6;The organization employs the principle of least privilege, allowing only authorized accesses for users (or processes acting on behalf of users) which are necessary to accomplish assigned tasks in accordance with organizational missions and business functions.;Access Control (AC);;;aws;;PASS;S3 public access blocked at bucket level for range-cloudtrail-<SANDBOX_ACCOUNT_ID>.;arn:aws:s3:::range-cloudtrail-<SANDBOX_ACCOUNT_ID>;s3_bucket_policy_public_write_access;False;range-cloudtrail-<SANDBOX_ACCOUNT_ID>;FedRamp-Moderate-Revision-4;FedRAMP Moderate Revision 4;
aws;The Federal Risk and Authorization Management Program (FedRAMP) was established in 2011. It provides a cost-effective, risk-based approach for the adoption and use of cloud services by the U.S. federal government. FedRAMP empowers federal agencies to use modern cloud technologies, with an emphasis on the security and protection of federal information.;<SANDBOX_ACCOUNT_ID>;ap-southeast-7;2026-08-19 02:30:11.271115;ac-17-1;The information system monitors and controls remote access methods.;Access Control (AC);Remote Access (AC-17);;aws;;PASS;S3 public access blocked at bucket level for range-cloudtrail-<SANDBOX_ACCOUNT_ID>.;arn:aws:s3:::range-cloudtrail-<SANDBOX_ACCOUNT_ID>;s3_bucket_policy_public_write_access;False;range-cloudtrail-<SANDBOX_ACCOUNT_ID>;FedRamp-Moderate-Revision-4;FedRAMP Moderate Revision 4;
aws;The Federal Risk and Authorization Management Program (FedRAMP) was established in 2011. It provides a cost-effective, risk-based approach for the adoption and use of cloud services by the U.S. federal government. FedRAMP empowers federal agencies to use modern cloud technologies, with an emphasis on the security and protection of federal information.;<SANDBOX_ACCOUNT_ID>;ap-southeast-7;2026-08-19 02:30:11.271115;ac-21-b;The organization: b. Employs [Assignment: organization-defined automated mechanisms or manual processes] to assist users in making information sharing/collaboration decisions.;Access Control (AC);Information Sharing (AC-21);;aws;;PASS;S3 public access blocked at bucket level for range-cloudtrail-<SANDBOX_ACCOUNT_ID>.;arn:aws:s3:::range-cloudtrail-<SANDBOX_ACCOUNT_ID>;s3_bucket_policy_public_write_access;False;range-cloudtrail-<SANDBOX_ACCOUNT_ID>;FedRamp-Moderate-Revision-4;FedRAMP Moderate Revision 4;
aws;The Federal Risk and Authorization Management Program (FedRAMP) was established in 2011. It provides a cost-effective, risk-based approach for the adoption and use of cloud services by the U.S. federal government. FedRAMP empowers federal agencies to use modern cloud technologies, with an emphasis on the security and protection of federal information.;<SANDBOX_ACCOUNT_ID>;ap-southeast-7;2026-08-19 02:30:11.271115;cm-2;The organization develops, documents, and maintains under configuration control, a current baseline configuration of the information system.;Configuration Management (CM);;;aws;;PASS;S3 public access blocked at bucket level for range-cloudtrail-<SANDBOX_ACCOUNT_ID>.;arn:aws:s3:::range-cloudtrail-<SANDBOX_ACCOUNT_ID>;s3_bucket_policy_public_write_access;False;range-cloudtrail-<SANDBOX_ACCOUNT_ID>;FedRamp-Moderate-Revision-4;FedRAMP Moderate Revision 4;
aws;The Federal Risk and Authorization Management Program (FedRAMP) was established in 2011. It provides a cost-effective, risk-based approach for the adoption and use of cloud services by the U.S. federal government. FedRAMP empowers federal agencies to use modern cloud technologies, with an emphasis on the security and protection of federal information.;<SANDBOX_ACCOUNT_ID>;ap-southeast-7;2026-08-19 02:30:11.271115;sc-4;The information system prevents unauthorized and unintended information transfer via shared system resources.;System and Communications Protection (SC);;;aws;;PASS;S3 public access blocked at bucket level for range-cloudtrail-<SANDBOX_ACCOUNT_ID>.;arn:aws:s3:::range-cloudtrail-<SANDBOX_ACCOUNT_ID>;s3_bucket_policy_public_write_access;False;range-cloudtrail-<SANDBOX_ACCOUNT_ID>;FedRamp-Moderate-Revision-4;FedRAMP Moderate Revision 4;
aws;The Federal Risk and Authorization Management Program (FedRAMP) was established in 2011. It provides a cost-effective, risk-based approach for the adoption and use of cloud services by the U.S. federal government. FedRAMP empowers federal agencies to use modern cloud technologies, with an emphasis on the security and protection of federal information.;<SANDBOX_ACCOUNT_ID>;ap-southeast-7;2026-08-19 02:30:11.271115;sc-7-3;The organization limits the number of external network connections to the information system.;System and Communications Protection (SC);Boundary Protection (SC-7);;aws;;PASS;S3 public access blocked at bucket level for range-cloudtrail-<SANDBOX_ACCOUNT_ID>.;arn:aws:s3:::range-cloudtrail-<SANDBOX_ACCOUNT_ID>;s3_bucket_policy_public_write_access;False;range-cloudtrail-<SANDBOX_ACCOUNT_ID>;FedRamp-Moderate-Revision-4;FedRAMP Moderate Revision 4;
aws;The Federal Risk and Authorization Management Program (FedRAMP) was established in 2011. It provides a cost-effective, risk-based approach for the adoption and use of cloud services by the U.S. federal government. FedRAMP empowers federal agencies to use modern cloud technologies, with an emphasis on the security and protection of federal information.;<SANDBOX_ACCOUNT_ID>;ap-southeast-7;2026-08-19 02:30:11.271115;sc-7;"The information system: a. Monitors and controls communications at the external boundary of the system and at key internal boundaries within the system; b. Implements subnetworks for publicly accessible system components that are [Selection: physically; logically] separated from internal organizational networks; and c. Connects to external networks or information systems only through managed interfaces consisting of boundary protection devices arranged in accordance with an organizational security architecture.";System and Communications Protection (SC);;;aws;;PASS;S3 public access blocked at bucket level for range-cloudtrail-<SANDBOX_ACCOUNT_ID>.;arn:aws:s3:::range-cloudtrail-<SANDBOX_ACCOUNT_ID>;s3_bucket_policy_public_write_access;False;range-cloudtrail-<SANDBOX_ACCOUNT_ID>;FedRamp-Moderate-Revision-4;FedRAMP Moderate Revision 4;
aws;The Federal Risk and Authorization Management Program (FedRAMP) was established in 2011. It provides a cost-effective, risk-based approach for the adoption and use of cloud services by the U.S. federal government. FedRAMP empowers federal agencies to use modern cloud technologies, with an emphasis on the security and protection of federal information.;<SANDBOX_ACCOUNT_ID>;ap-southeast-7;2026-08-19 02:30:11.271115;ac-3;The information system enforces approved authorizations for logical access to information and system resources in accordance with applicable access control policies.;Access Control (AC);;;aws;;PASS;S3 public access blocked at bucket level for range-customer-data-<SANDBOX_ACCOUNT_ID>.;arn:aws:s3:::range-customer-data-<SANDBOX_ACCOUNT_ID>;s3_bucket_policy_public_write_access;False;range-customer-data-<SANDBOX_ACCOUNT_ID>;FedRamp-Moderate-Revision-4;FedRAMP Moderate Revision 4;
aws;The Federal Risk and Authorization Management Program (FedRAMP) was established in 2011. It provides a cost-effective, risk-based approach for the adoption and use of cloud services by the U.S. federal government. FedRAMP empowers federal agencies to use modern cloud technologies, with an emphasis on the security and protection of federal information.;<SANDBOX_ACCOUNT_ID>;ap-southeast-7;2026-08-19 02:30:11.271115;ac-4;The information system enforces approved authorizations for controlling the flow of information within the system and between interconnected systems based on organization-defined information flow control policies.;Access Control (AC);;;aws;;PASS;S3 public access blocked at bucket level for range-customer-data-<SANDBOX_ACCOUNT_ID>.;arn:aws:s3:::range-customer-data-<SANDBOX_ACCOUNT_ID>;s3_bucket_policy_public_write_access;False;range-customer-data-<SANDBOX_ACCOUNT_ID>;FedRamp-Moderate-Revision-4;FedRAMP Moderate Revision 4;
aws;The Federal Risk and Authorization Management Program (FedRAMP) was established in 2011. It provides a cost-effective, risk-based approach for the adoption and use of cloud services by the U.S. federal government. FedRAMP empowers federal agencies to use modern cloud technologies, with an emphasis on the security and protection of federal information.;<SANDBOX_ACCOUNT_ID>;ap-southeast-7;2026-08-19 02:30:11.271115;ac-6;The organization employs the principle of least privilege, allowing only authorized accesses for users (or processes acting on behalf of users) which are necessary to accomplish assigned tasks in accordance with organizational missions and business functions.;Access Control (AC);;;aws;;PASS;S3 public access blocked at bucket level for range-customer-data-<SANDBOX_ACCOUNT_ID>.;arn:aws:s3:::range-customer-data-<SANDBOX_ACCOUNT_ID>;s3_bucket_policy_public_write_access;False;range-customer-data-<SANDBOX_ACCOUNT_ID>;FedRamp-Moderate-Revision-4;FedRAMP Moderate Revision 4;
aws;The Federal Risk and Authorization Management Program (FedRAMP) was established in 2011. It provides a cost-effective, risk-based approach for the adoption and use of cloud services by the U.S. federal government. FedRAMP empowers federal agencies to use modern cloud technologies, with an emphasis on the security and protection of federal information.;<SANDBOX_ACCOUNT_ID>;ap-southeast-7;2026-08-19 02:30:11.271115;ac-17-1;The information system monitors and controls remote access methods.;Access Control (AC);Remote Access (AC-17);;aws;;PASS;S3 public access blocked at bucket level for range-customer-data-<SANDBOX_ACCOUNT_ID>.;arn:aws:s3:::range-customer-data-<SANDBOX_ACCOUNT_ID>;s3_bucket_policy_public_write_access;False;range-customer-data-<SANDBOX_ACCOUNT_ID>;FedRamp-Moderate-Revision-4;FedRAMP Moderate Revision 4;
aws;The Federal Risk and Authorization Management Program (FedRAMP) was established in 2011. It provides a cost-effective, risk-based approach for the adoption and use of cloud services by the U.S. federal government. FedRAMP empowers federal agencies to use modern cloud technologies, with an emphasis on the security and protection of federal information.;<SANDBOX_ACCOUNT_ID>;ap-southeast-7;2026-08-19 02:30:11.271115;ac-21-b;The organization: b. Employs [Assignment: organization-defined automated mechanisms or manual processes] to assist users in making information sharing/collaboration decisions.;Access Control (AC);Information Sharing (AC-21);;aws;;PASS;S3 public access blocked at bucket level for range-customer-data-<SANDBOX_ACCOUNT_ID>.;arn:aws:s3:::range-customer-data-<SANDBOX_ACCOUNT_ID>;s3_bucket_policy_public_write_access;False;range-customer-data-<SANDBOX_ACCOUNT_ID>;FedRamp-Moderate-Revision-4;FedRAMP Moderate Revision 4;
aws;The Federal Risk and Authorization Management Program (FedRAMP) was established in 2011. It provides a cost-effective, risk-based approach for the adoption and use of cloud services by the U.S. federal government. FedRAMP empowers federal agencies to use modern cloud technologies, with an emphasis on the security and protection of federal information.;<SANDBOX_ACCOUNT_ID>;ap-southeast-7;2026-08-19 02:30:11.271115;cm-2;The organization develops, documents, and maintains under configuration control, a current baseline configuration of the information system.;Configuration Management (CM);;;aws;;PASS;S3 public access blocked at bucket level for range-customer-data-<SANDBOX_ACCOUNT_ID>.;arn:aws:s3:::range-customer-data-<SANDBOX_ACCOUNT_ID>;s3_bucket_policy_public_write_access;False;range-customer-data-<SANDBOX_ACCOUNT_ID>;FedRamp-Moderate-Revision-4;FedRAMP Moderate Revision 4;
aws;The Federal Risk and Authorization Management Program (FedRAMP) was established in 2011. It provides a cost-effective, risk-based approach for the adoption and use of cloud services by the U.S. federal government. FedRAMP empowers federal agencies to use modern cloud technologies, with an emphasis on the security and protection of federal information.;<SANDBOX_ACCOUNT_ID>;ap-southeast-7;2026-08-19 02:30:11.271115;sc-4;The information system prevents unauthorized and unintended information transfer via shared system resources.;System and Communications Protection (SC);;;aws;;PASS;S3 public access blocked at bucket level for range-customer-data-<SANDBOX_ACCOUNT_ID>.;arn:aws:s3:::range-customer-data-<SANDBOX_ACCOUNT_ID>;s3_bucket_policy_public_write_access;False;range-customer-data-<SANDBOX_ACCOUNT_ID>;FedRamp-Moderate-Revision-4;FedRAMP Moderate Revision 4;
aws;The Federal Risk and Authorization Management Program (FedRAMP) was established in 2011. It provides a cost-effective, risk-based approach for the adoption and use of cloud services by the U.S. federal government. FedRAMP empowers federal agencies to use modern cloud technologies, with an emphasis on the security and protection of federal information.;<SANDBOX_ACCOUNT_ID>;ap-southeast-7;2026-08-19 02:30:11.271115;sc-7-3;The organization limits the number of external network connections to the information system.;System and Communications Protection (SC);Boundary Protection (SC-7);;aws;;PASS;S3 public access blocked at bucket level for range-customer-data-<SANDBOX_ACCOUNT_ID>.;arn:aws:s3:::range-customer-data-<SANDBOX_ACCOUNT_ID>;s3_bucket_policy_public_write_access;False;range-customer-data-<SANDBOX_ACCOUNT_ID>;FedRamp-Moderate-Revision-4;FedRAMP Moderate Revision 4;
aws;The Federal Risk and Authorization Management Program (FedRAMP) was established in 2011. It provides a cost-effective, risk-based approach for the adoption and use of cloud services by the U.S. federal government. FedRAMP empowers federal agencies to use modern cloud technologies, with an emphasis on the security and protection of federal information.;<SANDBOX_ACCOUNT_ID>;ap-southeast-7;2026-08-19 02:30:11.271115;sc-7;"The information system: a. Monitors and controls communications at the external boundary of the system and at key internal boundaries within the system; b. Implements subnetworks for publicly accessible system components that are [Selection: physically; logically] separated from internal organizational networks; and c. Connects to external networks or information systems only through managed interfaces consisting of boundary protection devices arranged in accordance with an organizational security architecture.";System and Communications Protection (SC);;;aws;;PASS;S3 public access blocked at bucket level for range-customer-data-<SANDBOX_ACCOUNT_ID>.;arn:aws:s3:::range-customer-data-<SANDBOX_ACCOUNT_ID>;s3_bucket_policy_public_write_access;False;range-customer-data-<SANDBOX_ACCOUNT_ID>;FedRamp-Moderate-Revision-4;FedRAMP Moderate Revision 4;
aws;The Federal Risk and Authorization Management Program (FedRAMP) was established in 2011. It provides a cost-effective, risk-based approach for the adoption and use of cloud services by the U.S. federal government. FedRAMP empowers federal agencies to use modern cloud technologies, with an emphasis on the security and protection of federal information.;<SANDBOX_ACCOUNT_ID>;ap-southeast-7;2026-08-19 02:30:11.271115;ac-3;The information system enforces approved authorizations for logical access to information and system resources in accordance with applicable access control policies.;Access Control (AC);;;aws;;PASS;S3 Bucket range-cloudtrail-<SANDBOX_ACCOUNT_ID> is not public.;arn:aws:s3:::range-cloudtrail-<SANDBOX_ACCOUNT_ID>;s3_bucket_public_access;False;range-cloudtrail-<SANDBOX_ACCOUNT_ID>;FedRamp-Moderate-Revision-4;FedRAMP Moderate Revision 4;
aws;The Federal Risk and Authorization Management Program (FedRAMP) was established in 2011. It provides a cost-effective, risk-based approach for the adoption and use of cloud services by the U.S. federal government. FedRAMP empowers federal agencies to use modern cloud technologies, with an emphasis on the security and protection of federal information.;<SANDBOX_ACCOUNT_ID>;ap-southeast-7;2026-08-19 02:30:11.271115;ac-4;The information system enforces approved authorizations for controlling the flow of information within the system and between interconnected systems based on organization-defined information flow control policies.;Access Control (AC);;;aws;;PASS;S3 Bucket range-cloudtrail-<SANDBOX_ACCOUNT_ID> is not public.;arn:aws:s3:::range-cloudtrail-<SANDBOX_ACCOUNT_ID>;s3_bucket_public_access;False;range-cloudtrail-<SANDBOX_ACCOUNT_ID>;FedRamp-Moderate-Revision-4;FedRAMP Moderate Revision 4;
aws;The Federal Risk and Authorization Management Program (FedRAMP) was established in 2011. It provides a cost-effective, risk-based approach for the adoption and use of cloud services by the U.S. federal government. FedRAMP empowers federal agencies to use modern cloud technologies, with an emphasis on the security and protection of federal information.;<SANDBOX_ACCOUNT_ID>;ap-southeast-7;2026-08-19 02:30:11.271115;ac-6;The organization employs the principle of least privilege, allowing only authorized accesses for users (or processes acting on behalf of users) which are necessary to accomplish assigned tasks in accordance with organizational missions and business functions.;Access Control (AC);;;aws;;PASS;S3 Bucket range-cloudtrail-<SANDBOX_ACCOUNT_ID> is not public.;arn:aws:s3:::range-cloudtrail-<SANDBOX_ACCOUNT_ID>;s3_bucket_public_access;False;range-cloudtrail-<SANDBOX_ACCOUNT_ID>;FedRamp-Moderate-Revision-4;FedRAMP Moderate Revision 4;
aws;The Federal Risk and Authorization Management Program (FedRAMP) was established in 2011. It provides a cost-effective, risk-based approach for the adoption and use of cloud services by the U.S. federal government. FedRAMP empowers federal agencies to use modern cloud technologies, with an emphasis on the security and protection of federal information.;<SANDBOX_ACCOUNT_ID>;ap-southeast-7;2026-08-19 02:30:11.271115;ac-17-1;The information system monitors and controls remote access methods.;Access Control (AC);Remote Access (AC-17);;aws;;PASS;S3 Bucket range-cloudtrail-<SANDBOX_ACCOUNT_ID> is not public.;arn:aws:s3:::range-cloudtrail-<SANDBOX_ACCOUNT_ID>;s3_bucket_public_access;False;range-cloudtrail-<SANDBOX_ACCOUNT_ID>;FedRamp-Moderate-Revision-4;FedRAMP Moderate Revision 4;
aws;The Federal Risk and Authorization Management Program (FedRAMP) was established in 2011. It provides a cost-effective, risk-based approach for the adoption and use of cloud services by the U.S. federal government. FedRAMP empowers federal agencies to use modern cloud technologies, with an emphasis on the security and protection of federal information.;<SANDBOX_ACCOUNT_ID>;ap-southeast-7;2026-08-19 02:30:11.271115;ac-21-b;The organization: b. Employs [Assignment: organization-defined automated mechanisms or manual processes] to assist users in making information sharing/collaboration decisions.;Access Control (AC);Information Sharing (AC-21);;aws;;PASS;S3 Bucket range-cloudtrail-<SANDBOX_ACCOUNT_ID> is not public.;arn:aws:s3:::range-cloudtrail-<SANDBOX_ACCOUNT_ID>;s3_bucket_public_access;False;range-cloudtrail-<SANDBOX_ACCOUNT_ID>;FedRamp-Moderate-Revision-4;FedRAMP Moderate Revision 4;
aws;The Federal Risk and Authorization Management Program (FedRAMP) was established in 2011. It provides a cost-effective, risk-based approach for the adoption and use of cloud services by the U.S. federal government. FedRAMP empowers federal agencies to use modern cloud technologies, with an emphasis on the security and protection of federal information.;<SANDBOX_ACCOUNT_ID>;ap-southeast-7;2026-08-19 02:30:11.271115;cm-2;The organization develops, documents, and maintains under configuration control, a current baseline configuration of the information system.;Configuration Management (CM);;;aws;;PASS;S3 Bucket range-cloudtrail-<SANDBOX_ACCOUNT_ID> is not public.;arn:aws:s3:::range-cloudtrail-<SANDBOX_ACCOUNT_ID>;s3_bucket_public_access;False;range-cloudtrail-<SANDBOX_ACCOUNT_ID>;FedRamp-Moderate-Revision-4;FedRAMP Moderate Revision 4;
aws;The Federal Risk and Authorization Management Program (FedRAMP) was established in 2011. It provides a cost-effective, risk-based approach for the adoption and use of cloud services by the U.S. federal government. FedRAMP empowers federal agencies to use modern cloud technologies, with an emphasis on the security and protection of federal information.;<SANDBOX_ACCOUNT_ID>;ap-southeast-7;2026-08-19 02:30:11.271115;sc-4;The information system prevents unauthorized and unintended information transfer via shared system resources.;System and Communications Protection (SC);;;aws;;PASS;S3 Bucket range-cloudtrail-<SANDBOX_ACCOUNT_ID> is not public.;arn:aws:s3:::range-cloudtrail-<SANDBOX_ACCOUNT_ID>;s3_bucket_public_access;False;range-cloudtrail-<SANDBOX_ACCOUNT_ID>;FedRamp-Moderate-Revision-4;FedRAMP Moderate Revision 4;
aws;The Federal Risk and Authorization Management Program (FedRAMP) was established in 2011. It provides a cost-effective, risk-based approach for the adoption and use of cloud services by the U.S. federal government. FedRAMP empowers federal agencies to use modern cloud technologies, with an emphasis on the security and protection of federal information.;<SANDBOX_ACCOUNT_ID>;ap-southeast-7;2026-08-19 02:30:11.271115;sc-7-3;The organization limits the number of external network connections to the information system.;System and Communications Protection (SC);Boundary Protection (SC-7);;aws;;PASS;S3 Bucket range-cloudtrail-<SANDBOX_ACCOUNT_ID> is not public.;arn:aws:s3:::range-cloudtrail-<SANDBOX_ACCOUNT_ID>;s3_bucket_public_access;False;range-cloudtrail-<SANDBOX_ACCOUNT_ID>;FedRamp-Moderate-Revision-4;FedRAMP Moderate Revision 4;
aws;The Federal Risk and Authorization Management Program (FedRAMP) was established in 2011. It provides a cost-effective, risk-based approach for the adoption and use of cloud services by the U.S. federal government. FedRAMP empowers federal agencies to use modern cloud technologies, with an emphasis on the security and protection of federal information.;<SANDBOX_ACCOUNT_ID>;ap-southeast-7;2026-08-19 02:30:11.271115;sc-7;"The information system: a. Monitors and controls communications at the external boundary of the system and at key internal boundaries within the system; b. Implements subnetworks for publicly accessible system components that are [Selection: physically; logically] separated from internal organizational networks; and c. Connects to external networks or information systems only through managed interfaces consisting of boundary protection devices arranged in accordance with an organizational security architecture.";System and Communications Protection (SC);;;aws;;PASS;S3 Bucket range-cloudtrail-<SANDBOX_ACCOUNT_ID> is not public.;arn:aws:s3:::range-cloudtrail-<SANDBOX_ACCOUNT_ID>;s3_bucket_public_access;False;range-cloudtrail-<SANDBOX_ACCOUNT_ID>;FedRamp-Moderate-Revision-4;FedRAMP Moderate Revision 4;
aws;The Federal Risk and Authorization Management Program (FedRAMP) was established in 2011. It provides a cost-effective, risk-based approach for the adoption and use of cloud services by the U.S. federal government. FedRAMP empowers federal agencies to use modern cloud technologies, with an emphasis on the security and protection of federal information.;<SANDBOX_ACCOUNT_ID>;ap-southeast-7;2026-08-19 02:30:11.271115;ac-3;The information system enforces approved authorizations for logical access to information and system resources in accordance with applicable access control policies.;Access Control (AC);;;aws;;PASS;S3 Bucket range-customer-data-<SANDBOX_ACCOUNT_ID> is not public.;arn:aws:s3:::range-customer-data-<SANDBOX_ACCOUNT_ID>;s3_bucket_public_access;False;range-customer-data-<SANDBOX_ACCOUNT_ID>;FedRamp-Moderate-Revision-4;FedRAMP Moderate Revision 4;
aws;The Federal Risk and Authorization Management Program (FedRAMP) was established in 2011. It provides a cost-effective, risk-based approach for the adoption and use of cloud services by the U.S. federal government. FedRAMP empowers federal agencies to use modern cloud technologies, with an emphasis on the security and protection of federal information.;<SANDBOX_ACCOUNT_ID>;ap-southeast-7;2026-08-19 02:30:11.271115;ac-4;The information system enforces approved authorizations for controlling the flow of information within the system and between interconnected systems based on organization-defined information flow control policies.;Access Control (AC);;;aws;;PASS;S3 Bucket range-customer-data-<SANDBOX_ACCOUNT_ID> is not public.;arn:aws:s3:::range-customer-data-<SANDBOX_ACCOUNT_ID>;s3_bucket_public_access;False;range-customer-data-<SANDBOX_ACCOUNT_ID>;FedRamp-Moderate-Revision-4;FedRAMP Moderate Revision 4;
aws;The Federal Risk and Authorization Management Program (FedRAMP) was established in 2011. It provides a cost-effective, risk-based approach for the adoption and use of cloud services by the U.S. federal government. FedRAMP empowers federal agencies to use modern cloud technologies, with an emphasis on the security and protection of federal information.;<SANDBOX_ACCOUNT_ID>;ap-southeast-7;2026-08-19 02:30:11.271115;ac-6;The organization employs the principle of least privilege, allowing only authorized accesses for users (or processes acting on behalf of users) which are necessary to accomplish assigned tasks in accordance with organizational missions and business functions.;Access Control (AC);;;aws;;PASS;S3 Bucket range-customer-data-<SANDBOX_ACCOUNT_ID> is not public.;arn:aws:s3:::range-customer-data-<SANDBOX_ACCOUNT_ID>;s3_bucket_public_access;False;range-customer-data-<SANDBOX_ACCOUNT_ID>;FedRamp-Moderate-Revision-4;FedRAMP Moderate Revision 4;
aws;The Federal Risk and Authorization Management Program (FedRAMP) was established in 2011. It provides a cost-effective, risk-based approach for the adoption and use of cloud services by the U.S. federal government. FedRAMP empowers federal agencies to use modern cloud technologies, with an emphasis on the security and protection of federal information.;<SANDBOX_ACCOUNT_ID>;ap-southeast-7;2026-08-19 02:30:11.271115;ac-17-1;The information system monitors and controls remote access methods.;Access Control (AC);Remote Access (AC-17);;aws;;PASS;S3 Bucket range-customer-data-<SANDBOX_ACCOUNT_ID> is not public.;arn:aws:s3:::range-customer-data-<SANDBOX_ACCOUNT_ID>;s3_bucket_public_access;False;range-customer-data-<SANDBOX_ACCOUNT_ID>;FedRamp-Moderate-Revision-4;FedRAMP Moderate Revision 4;
aws;The Federal Risk and Authorization Management Program (FedRAMP) was established in 2011. It provides a cost-effective, risk-based approach for the adoption and use of cloud services by the U.S. federal government. FedRAMP empowers federal agencies to use modern cloud technologies, with an emphasis on the security and protection of federal information.;<SANDBOX_ACCOUNT_ID>;ap-southeast-7;2026-08-19 02:30:11.271115;ac-21-b;The organization: b. Employs [Assignment: organization-defined automated mechanisms or manual processes] to assist users in making information sharing/collaboration decisions.;Access Control (AC);Information Sharing (AC-21);;aws;;PASS;S3 Bucket range-customer-data-<SANDBOX_ACCOUNT_ID> is not public.;arn:aws:s3:::range-customer-data-<SANDBOX_ACCOUNT_ID>;s3_bucket_public_access;False;range-customer-data-<SANDBOX_ACCOUNT_ID>;FedRamp-Moderate-Revision-4;FedRAMP Moderate Revision 4;
aws;The Federal Risk and Authorization Management Program (FedRAMP) was established in 2011. It provides a cost-effective, risk-based approach for the adoption and use of cloud services by the U.S. federal government. FedRAMP empowers federal agencies to use modern cloud technologies, with an emphasis on the security and protection of federal information.;<SANDBOX_ACCOUNT_ID>;ap-southeast-7;2026-08-19 02:30:11.271115;cm-2;The organization develops, documents, and maintains under configuration control, a current baseline configuration of the information system.;Configuration Management (CM);;;aws;;PASS;S3 Bucket range-customer-data-<SANDBOX_ACCOUNT_ID> is not public.;arn:aws:s3:::range-customer-data-<SANDBOX_ACCOUNT_ID>;s3_bucket_public_access;False;range-customer-data-<SANDBOX_ACCOUNT_ID>;FedRamp-Moderate-Revision-4;FedRAMP Moderate Revision 4;
aws;The Federal Risk and Authorization Management Program (FedRAMP) was established in 2011. It provides a cost-effective, risk-based approach for the adoption and use of cloud services by the U.S. federal government. FedRAMP empowers federal agencies to use modern cloud technologies, with an emphasis on the security and protection of federal information.;<SANDBOX_ACCOUNT_ID>;ap-southeast-7;2026-08-19 02:30:11.271115;sc-4;The information system prevents unauthorized and unintended information transfer via shared system resources.;System and Communications Protection (SC);;;aws;;PASS;S3 Bucket range-customer-data-<SANDBOX_ACCOUNT_ID> is not public.;arn:aws:s3:::range-customer-data-<SANDBOX_ACCOUNT_ID>;s3_bucket_public_access;False;range-customer-data-<SANDBOX_ACCOUNT_ID>;FedRamp-Moderate-Revision-4;FedRAMP Moderate Revision 4;
aws;The Federal Risk and Authorization Management Program (FedRAMP) was established in 2011. It provides a cost-effective, risk-based approach for the adoption and use of cloud services by the U.S. federal government. FedRAMP empowers federal agencies to use modern cloud technologies, with an emphasis on the security and protection of federal information.;<SANDBOX_ACCOUNT_ID>;ap-southeast-7;2026-08-19 02:30:11.271115;sc-7-3;The organization limits the number of external network connections to the information system.;System and Communications Protection (SC);Boundary Protection (SC-7);;aws;;PASS;S3 Bucket range-customer-data-<SANDBOX_ACCOUNT_ID> is not public.;arn:aws:s3:::range-customer-data-<SANDBOX_ACCOUNT_ID>;s3_bucket_public_access;False;range-customer-data-<SANDBOX_ACCOUNT_ID>;FedRamp-Moderate-Revision-4;FedRAMP Moderate Revision 4;
aws;The Federal Risk and Authorization Management Program (FedRAMP) was established in 2011. It provides a cost-effective, risk-based approach for the adoption and use of cloud services by the U.S. federal government. FedRAMP empowers federal agencies to use modern cloud technologies, with an emphasis on the security and protection of federal information.;<SANDBOX_ACCOUNT_ID>;ap-southeast-7;2026-08-19 02:30:11.271115;sc-7;"The information system: a. Monitors and controls communications at the external boundary of the system and at key internal boundaries within the system; b. Implements subnetworks for publicly accessible system components that are [Selection: physically; logically] separated from internal organizational networks; and c. Connects to external networks or information systems only through managed interfaces consisting of boundary protection devices arranged in accordance with an organizational security architecture.";System and Communications Protection (SC);;;aws;;PASS;S3 Bucket range-customer-data-<SANDBOX_ACCOUNT_ID> is not public.;arn:aws:s3:::range-customer-data-<SANDBOX_ACCOUNT_ID>;s3_bucket_public_access;False;range-customer-data-<SANDBOX_ACCOUNT_ID>;FedRamp-Moderate-Revision-4;FedRAMP Moderate Revision 4;
aws;The Federal Risk and Authorization Management Program (FedRAMP) was established in 2011. It provides a cost-effective, risk-based approach for the adoption and use of cloud services by the U.S. federal government. FedRAMP empowers federal agencies to use modern cloud technologies, with an emphasis on the security and protection of federal information.;<SANDBOX_ACCOUNT_ID>;ap-southeast-7;2026-08-19 02:30:11.271115;ac-17-2;The information system implements cryptographic mechanisms to protect the confidentiality and integrity of remote access sessions.;Access Control (AC);Remote Access (AC-17);;aws;;FAIL;S3 Bucket range-cloudtrail-<SANDBOX_ACCOUNT_ID> allows requests over insecure transport in the bucket policy.;arn:aws:s3:::range-cloudtrail-<SANDBOX_ACCOUNT_ID>;s3_bucket_secure_transport_policy;False;range-cloudtrail-<SANDBOX_ACCOUNT_ID>;FedRamp-Moderate-Revision-4;FedRAMP Moderate Revision 4;
aws;The Federal Risk and Authorization Management Program (FedRAMP) was established in 2011. It provides a cost-effective, risk-based approach for the adoption and use of cloud services by the U.S. federal government. FedRAMP empowers federal agencies to use modern cloud technologies, with an emphasis on the security and protection of federal information.;<SANDBOX_ACCOUNT_ID>;ap-southeast-7;2026-08-19 02:30:11.271115;sc-7;"The information system: a. Monitors and controls communications at the external boundary of the system and at key internal boundaries within the system; b. Implements subnetworks for publicly accessible system components that are [Selection: physically; logically] separated from internal organizational networks; and c. Connects to external networks or information systems only through managed interfaces consisting of boundary protection devices arranged in accordance with an organizational security architecture.";System and Communications Protection (SC);;;aws;;FAIL;S3 Bucket range-cloudtrail-<SANDBOX_ACCOUNT_ID> allows requests over insecure transport in the bucket policy.;arn:aws:s3:::range-cloudtrail-<SANDBOX_ACCOUNT_ID>;s3_bucket_secure_transport_policy;False;range-cloudtrail-<SANDBOX_ACCOUNT_ID>;FedRamp-Moderate-Revision-4;FedRAMP Moderate Revision 4;
aws;The Federal Risk and Authorization Management Program (FedRAMP) was established in 2011. It provides a cost-effective, risk-based approach for the adoption and use of cloud services by the U.S. federal government. FedRAMP empowers federal agencies to use modern cloud technologies, with an emphasis on the security and protection of federal information.;<SANDBOX_ACCOUNT_ID>;ap-southeast-7;2026-08-19 02:30:11.271115;sc-8-1;"The information system implements cryptographic mechanisms to [Selection (one or more): prevent unauthorized disclosure of information; detect changes to information] during transmission unless otherwise protected by [Assignment: organization-defined alternative physical safeguards].";System and Communications Protection (SC);Transmission Integrity (SC-8);;aws;;FAIL;S3 Bucket range-cloudtrail-<SANDBOX_ACCOUNT_ID> allows requests over insecure transport in the bucket policy.;arn:aws:s3:::range-cloudtrail-<SANDBOX_ACCOUNT_ID>;s3_bucket_secure_transport_policy;False;range-cloudtrail-<SANDBOX_ACCOUNT_ID>;FedRamp-Moderate-Revision-4;FedRAMP Moderate Revision 4;
aws;The Federal Risk and Authorization Management Program (FedRAMP) was established in 2011. It provides a cost-effective, risk-based approach for the adoption and use of cloud services by the U.S. federal government. FedRAMP empowers federal agencies to use modern cloud technologies, with an emphasis on the security and protection of federal information.;<SANDBOX_ACCOUNT_ID>;ap-southeast-7;2026-08-19 02:30:11.271115;sc-8;The information system protects the confidentiality AND integrity of transmitted information.;System and Communications Protection (SC);;;aws;;FAIL;S3 Bucket range-cloudtrail-<SANDBOX_ACCOUNT_ID> allows requests over insecure transport in the bucket policy.;arn:aws:s3:::range-cloudtrail-<SANDBOX_ACCOUNT_ID>;s3_bucket_secure_transport_policy;False;range-cloudtrail-<SANDBOX_ACCOUNT_ID>;FedRamp-Moderate-Revision-4;FedRAMP Moderate Revision 4;
aws;The Federal Risk and Authorization Management Program (FedRAMP) was established in 2011. It provides a cost-effective, risk-based approach for the adoption and use of cloud services by the U.S. federal government. FedRAMP empowers federal agencies to use modern cloud technologies, with an emphasis on the security and protection of federal information.;<SANDBOX_ACCOUNT_ID>;ap-southeast-7;2026-08-19 02:30:11.271115;sc-23;The information system protects the authenticity of communications sessions.;System and Communications Protection (SC);;;aws;;FAIL;S3 Bucket range-cloudtrail-<SANDBOX_ACCOUNT_ID> allows requests over insecure transport in the bucket policy.;arn:aws:s3:::range-cloudtrail-<SANDBOX_ACCOUNT_ID>;s3_bucket_secure_transport_policy;False;range-cloudtrail-<SANDBOX_ACCOUNT_ID>;FedRamp-Moderate-Revision-4;FedRAMP Moderate Revision 4;
aws;The Federal Risk and Authorization Management Program (FedRAMP) was established in 2011. It provides a cost-effective, risk-based approach for the adoption and use of cloud services by the U.S. federal government. FedRAMP empowers federal agencies to use modern cloud technologies, with an emphasis on the security and protection of federal information.;<SANDBOX_ACCOUNT_ID>;ap-southeast-7;2026-08-19 02:30:11.271115;ac-17-2;The information system implements cryptographic mechanisms to protect the confidentiality and integrity of remote access sessions.;Access Control (AC);Remote Access (AC-17);;aws;;FAIL;S3 Bucket range-customer-data-<SANDBOX_ACCOUNT_ID> allows requests over insecure transport in the bucket policy.;arn:aws:s3:::range-customer-data-<SANDBOX_ACCOUNT_ID>;s3_bucket_secure_transport_policy;False;range-customer-data-<SANDBOX_ACCOUNT_ID>;FedRamp-Moderate-Revision-4;FedRAMP Moderate Revision 4;
aws;The Federal Risk and Authorization Management Program (FedRAMP) was established in 2011. It provides a cost-effective, risk-based approach for the adoption and use of cloud services by the U.S. federal government. FedRAMP empowers federal agencies to use modern cloud technologies, with an emphasis on the security and protection of federal information.;<SANDBOX_ACCOUNT_ID>;ap-southeast-7;2026-08-19 02:30:11.271115;sc-7;"The information system: a. Monitors and controls communications at the external boundary of the system and at key internal boundaries within the system; b. Implements subnetworks for publicly accessible system components that are [Selection: physically; logically] separated from internal organizational networks; and c. Connects to external networks or information systems only through managed interfaces consisting of boundary protection devices arranged in accordance with an organizational security architecture.";System and Communications Protection (SC);;;aws;;FAIL;S3 Bucket range-customer-data-<SANDBOX_ACCOUNT_ID> allows requests over insecure transport in the bucket policy.;arn:aws:s3:::range-customer-data-<SANDBOX_ACCOUNT_ID>;s3_bucket_secure_transport_policy;False;range-customer-data-<SANDBOX_ACCOUNT_ID>;FedRamp-Moderate-Revision-4;FedRAMP Moderate Revision 4;
aws;The Federal Risk and Authorization Management Program (FedRAMP) was established in 2011. It provides a cost-effective, risk-based approach for the adoption and use of cloud services by the U.S. federal government. FedRAMP empowers federal agencies to use modern cloud technologies, with an emphasis on the security and protection of federal information.;<SANDBOX_ACCOUNT_ID>;ap-southeast-7;2026-08-19 02:30:11.271115;sc-8-1;"The information system implements cryptographic mechanisms to [Selection (one or more): prevent unauthorized disclosure of information; detect changes to information] during transmission unless otherwise protected by [Assignment: organization-defined alternative physical safeguards].";System and Communications Protection (SC);Transmission Integrity (SC-8);;aws;;FAIL;S3 Bucket range-customer-data-<SANDBOX_ACCOUNT_ID> allows requests over insecure transport in the bucket policy.;arn:aws:s3:::range-customer-data-<SANDBOX_ACCOUNT_ID>;s3_bucket_secure_transport_policy;False;range-customer-data-<SANDBOX_ACCOUNT_ID>;FedRamp-Moderate-Revision-4;FedRAMP Moderate Revision 4;
aws;The Federal Risk and Authorization Management Program (FedRAMP) was established in 2011. It provides a cost-effective, risk-based approach for the adoption and use of cloud services by the U.S. federal government. FedRAMP empowers federal agencies to use modern cloud technologies, with an emphasis on the security and protection of federal information.;<SANDBOX_ACCOUNT_ID>;ap-southeast-7;2026-08-19 02:30:11.271115;sc-8;The information system protects the confidentiality AND integrity of transmitted information.;System and Communications Protection (SC);;;aws;;FAIL;S3 Bucket range-customer-data-<SANDBOX_ACCOUNT_ID> allows requests over insecure transport in the bucket policy.;arn:aws:s3:::range-customer-data-<SANDBOX_ACCOUNT_ID>;s3_bucket_secure_transport_policy;False;range-customer-data-<SANDBOX_ACCOUNT_ID>;FedRamp-Moderate-Revision-4;FedRAMP Moderate Revision 4;
aws;The Federal Risk and Authorization Management Program (FedRAMP) was established in 2011. It provides a cost-effective, risk-based approach for the adoption and use of cloud services by the U.S. federal government. FedRAMP empowers federal agencies to use modern cloud technologies, with an emphasis on the security and protection of federal information.;<SANDBOX_ACCOUNT_ID>;ap-southeast-7;2026-08-19 02:30:11.271115;sc-23;The information system protects the authenticity of communications sessions.;System and Communications Protection (SC);;;aws;;FAIL;S3 Bucket range-customer-data-<SANDBOX_ACCOUNT_ID> allows requests over insecure transport in the bucket policy.;arn:aws:s3:::range-customer-data-<SANDBOX_ACCOUNT_ID>;s3_bucket_secure_transport_policy;False;range-customer-data-<SANDBOX_ACCOUNT_ID>;FedRamp-Moderate-Revision-4;FedRAMP Moderate Revision 4;
aws;The Federal Risk and Authorization Management Program (FedRAMP) was established in 2011. It provides a cost-effective, risk-based approach for the adoption and use of cloud services by the U.S. federal government. FedRAMP empowers federal agencies to use modern cloud technologies, with an emphasis on the security and protection of federal information.;<SANDBOX_ACCOUNT_ID>;ap-southeast-7;2026-08-19 02:30:11.271115;ac-2-4;The information system automatically audits account creation, modification, enabling, disabling, and removal actions, and notifies [Assignment: organization-defined personnel or roles].;Access Control (AC);Account Management (AC-2);;aws;;FAIL;S3 Bucket range-cloudtrail-<SANDBOX_ACCOUNT_ID> has server access logging disabled.;arn:aws:s3:::range-cloudtrail-<SANDBOX_ACCOUNT_ID>;s3_bucket_server_access_logging_enabled;False;range-cloudtrail-<SANDBOX_ACCOUNT_ID>;FedRamp-Moderate-Revision-4;FedRAMP Moderate Revision 4;
aws;The Federal Risk and Authorization Management Program (FedRAMP) was established in 2011. It provides a cost-effective, risk-based approach for the adoption and use of cloud services by the U.S. federal government. FedRAMP empowers federal agencies to use modern cloud technologies, with an emphasis on the security and protection of federal information.;<SANDBOX_ACCOUNT_ID>;ap-southeast-7;2026-08-19 02:30:11.271115;ac-2-g;The organization: g. Monitors the use of information system accounts.;Access Control (AC);Account Management (AC-2);;aws;;FAIL;S3 Bucket range-cloudtrail-<SANDBOX_ACCOUNT_ID> has server access logging disabled.;arn:aws:s3:::range-cloudtrail-<SANDBOX_ACCOUNT_ID>;s3_bucket_server_access_logging_enabled;False;range-cloudtrail-<SANDBOX_ACCOUNT_ID>;FedRamp-Moderate-Revision-4;FedRAMP Moderate Revision 4;
aws;The Federal Risk and Authorization Management Program (FedRAMP) was established in 2011. It provides a cost-effective, risk-based approach for the adoption and use of cloud services by the U.S. federal government. FedRAMP empowers federal agencies to use modern cloud technologies, with an emphasis on the security and protection of federal information.;<SANDBOX_ACCOUNT_ID>;ap-southeast-7;2026-08-19 02:30:11.271115;au-2-a-d;The organization: a. Determines that the information system is capable of auditing the following events: Successful and unsuccessful account logon events, account management events, object access, policy change, privilege functions, process tracking, and system events. For Web applications: all administrator activity, authentication checks, authorization checks, data deletions, data access, data changes, and permission changes. d. Determines that the following events are to be audited within the information system: [organization-defined subset of the auditable events defined in AU-2 a to be audited continually for each identified event].;Audit and Accountability (AU);Audit Events (AU-2);;aws;;FAIL;S3 Bucket range-cloudtrail-<SANDBOX_ACCOUNT_ID> has server access logging disabled.;arn:aws:s3:::range-cloudtrail-<SANDBOX_ACCOUNT_ID>;s3_bucket_server_access_logging_enabled;False;range-cloudtrail-<SANDBOX_ACCOUNT_ID>;FedRamp-Moderate-Revision-4;FedRAMP Moderate Revision 4;
aws;The Federal Risk and Authorization Management Program (FedRAMP) was established in 2011. It provides a cost-effective, risk-based approach for the adoption and use of cloud services by the U.S. federal government. FedRAMP empowers federal agencies to use modern cloud technologies, with an emphasis on the security and protection of federal information.;<SANDBOX_ACCOUNT_ID>;ap-southeast-7;2026-08-19 02:30:11.271115;au-3;The information system generates audit records containing information that establishes what type of event occurred, when the event occurred, where the event occurred, the source of the event, the outcome of the event, and the identity of any individuals or subjects associated with the event.;Audit and Accountability (AU);;;aws;;FAIL;S3 Bucket range-cloudtrail-<SANDBOX_ACCOUNT_ID> has server access logging disabled.;arn:aws:s3:::range-cloudtrail-<SANDBOX_ACCOUNT_ID>;s3_bucket_server_access_logging_enabled;False;range-cloudtrail-<SANDBOX_ACCOUNT_ID>;FedRamp-Moderate-Revision-4;FedRAMP Moderate Revision 4;
aws;The Federal Risk and Authorization Management Program (FedRAMP) was established in 2011. It provides a cost-effective, risk-based approach for the adoption and use of cloud services by the U.S. federal government. FedRAMP empowers federal agencies to use modern cloud technologies, with an emphasis on the security and protection of federal information.;<SANDBOX_ACCOUNT_ID>;ap-southeast-7;2026-08-19 02:30:11.271115;au-6-1-3;(1) The organization employs automated mechanisms to integrate audit review, analysis, and reporting processes to support organizational processes for investigation and response to suspicious activities. (3) The organization analyzes and correlates audit records across different repositories to gain organization-wide situational awareness.;Audit and Accountability (AU);Audit Review, Analysis And Reporting (AU-6);;aws;;FAIL;S3 Bucket range-cloudtrail-<SANDBOX_ACCOUNT_ID> has server access logging disabled.;arn:aws:s3:::range-cloudtrail-<SANDBOX_ACCOUNT_ID>;s3_bucket_server_access_logging_enabled;False;range-cloudtrail-<SANDBOX_ACCOUNT_ID>;FedRamp-Moderate-Revision-4;FedRAMP Moderate Revision 4;
aws;The Federal Risk and Authorization Management Program (FedRAMP) was established in 2011. It provides a cost-effective, risk-based approach for the adoption and use of cloud services by the U.S. federal government. FedRAMP empowers federal agencies to use modern cloud technologies, with an emphasis on the security and protection of federal information.;<SANDBOX_ACCOUNT_ID>;ap-southeast-7;2026-08-19 02:30:11.271115;au-12-a-c;The information system: a. Provides audit record generation capability for the auditable events defined in AU-2 a. at all information system and network components where audit capability is deployed/available c. Generates audit records for the events defined in AU-2 d. with the content defined in AU-3.;Audit and Accountability (AU);Audit Generation (AU-12);;aws;;FAIL;S3 Bucket range-cloudtrail-<SANDBOX_ACCOUNT_ID> has server access logging disabled.;arn:aws:s3:::range-cloudtrail-<SANDBOX_ACCOUNT_ID>;s3_bucket_server_access_logging_enabled;False;range-cloudtrail-<SANDBOX_ACCOUNT_ID>;FedRamp-Moderate-Revision-4;FedRAMP Moderate Revision 4;
aws;The Federal Risk and Authorization Management Program (FedRAMP) was established in 2011. It provides a cost-effective, risk-based approach for the adoption and use of cloud services by the U.S. federal government. FedRAMP empowers federal agencies to use modern cloud technologies, with an emphasis on the security and protection of federal information.;<SANDBOX_ACCOUNT_ID>;ap-southeast-7;2026-08-19 02:30:11.271115;ac-2-4;The information system automatically audits account creation, modification, enabling, disabling, and removal actions, and notifies [Assignment: organization-defined personnel or roles].;Access Control (AC);Account Management (AC-2);;aws;;FAIL;S3 Bucket range-customer-data-<SANDBOX_ACCOUNT_ID> has server access logging disabled.;arn:aws:s3:::range-customer-data-<SANDBOX_ACCOUNT_ID>;s3_bucket_server_access_logging_enabled;False;range-customer-data-<SANDBOX_ACCOUNT_ID>;FedRamp-Moderate-Revision-4;FedRAMP Moderate Revision 4;
aws;The Federal Risk and Authorization Management Program (FedRAMP) was established in 2011. It provides a cost-effective, risk-based approach for the adoption and use of cloud services by the U.S. federal government. FedRAMP empowers federal agencies to use modern cloud technologies, with an emphasis on the security and protection of federal information.;<SANDBOX_ACCOUNT_ID>;ap-southeast-7;2026-08-19 02:30:11.271115;ac-2-g;The organization: g. Monitors the use of information system accounts.;Access Control (AC);Account Management (AC-2);;aws;;FAIL;S3 Bucket range-customer-data-<SANDBOX_ACCOUNT_ID> has server access logging disabled.;arn:aws:s3:::range-customer-data-<SANDBOX_ACCOUNT_ID>;s3_bucket_server_access_logging_enabled;False;range-customer-data-<SANDBOX_ACCOUNT_ID>;FedRamp-Moderate-Revision-4;FedRAMP Moderate Revision 4;
aws;The Federal Risk and Authorization Management Program (FedRAMP) was established in 2011. It provides a cost-effective, risk-based approach for the adoption and use of cloud services by the U.S. federal government. FedRAMP empowers federal agencies to use modern cloud technologies, with an emphasis on the security and protection of federal information.;<SANDBOX_ACCOUNT_ID>;ap-southeast-7;2026-08-19 02:30:11.271115;au-2-a-d;The organization: a. Determines that the information system is capable of auditing the following events: Successful and unsuccessful account logon events, account management events, object access, policy change, privilege functions, process tracking, and system events. For Web applications: all administrator activity, authentication checks, authorization checks, data deletions, data access, data changes, and permission changes. d. Determines that the following events are to be audited within the information system: [organization-defined subset of the auditable events defined in AU-2 a to be audited continually for each identified event].;Audit and Accountability (AU);Audit Events (AU-2);;aws;;FAIL;S3 Bucket range-customer-data-<SANDBOX_ACCOUNT_ID> has server access logging disabled.;arn:aws:s3:::range-customer-data-<SANDBOX_ACCOUNT_ID>;s3_bucket_server_access_logging_enabled;False;range-customer-data-<SANDBOX_ACCOUNT_ID>;FedRamp-Moderate-Revision-4;FedRAMP Moderate Revision 4;
aws;The Federal Risk and Authorization Management Program (FedRAMP) was established in 2011. It provides a cost-effective, risk-based approach for the adoption and use of cloud services by the U.S. federal government. FedRAMP empowers federal agencies to use modern cloud technologies, with an emphasis on the security and protection of federal information.;<SANDBOX_ACCOUNT_ID>;ap-southeast-7;2026-08-19 02:30:11.271115;au-3;The information system generates audit records containing information that establishes what type of event occurred, when the event occurred, where the event occurred, the source of the event, the outcome of the event, and the identity of any individuals or subjects associated with the event.;Audit and Accountability (AU);;;aws;;FAIL;S3 Bucket range-customer-data-<SANDBOX_ACCOUNT_ID> has server access logging disabled.;arn:aws:s3:::range-customer-data-<SANDBOX_ACCOUNT_ID>;s3_bucket_server_access_logging_enabled;False;range-customer-data-<SANDBOX_ACCOUNT_ID>;FedRamp-Moderate-Revision-4;FedRAMP Moderate Revision 4;
aws;The Federal Risk and Authorization Management Program (FedRAMP) was established in 2011. It provides a cost-effective, risk-based approach for the adoption and use of cloud services by the U.S. federal government. FedRAMP empowers federal agencies to use modern cloud technologies, with an emphasis on the security and protection of federal information.;<SANDBOX_ACCOUNT_ID>;ap-southeast-7;2026-08-19 02:30:11.271115;au-6-1-3;(1) The organization employs automated mechanisms to integrate audit review, analysis, and reporting processes to support organizational processes for investigation and response to suspicious activities. (3) The organization analyzes and correlates audit records across different repositories to gain organization-wide situational awareness.;Audit and Accountability (AU);Audit Review, Analysis And Reporting (AU-6);;aws;;FAIL;S3 Bucket range-customer-data-<SANDBOX_ACCOUNT_ID> has server access logging disabled.;arn:aws:s3:::range-customer-data-<SANDBOX_ACCOUNT_ID>;s3_bucket_server_access_logging_enabled;False;range-customer-data-<SANDBOX_ACCOUNT_ID>;FedRamp-Moderate-Revision-4;FedRAMP Moderate Revision 4;
aws;The Federal Risk and Authorization Management Program (FedRAMP) was established in 2011. It provides a cost-effective, risk-based approach for the adoption and use of cloud services by the U.S. federal government. FedRAMP empowers federal agencies to use modern cloud technologies, with an emphasis on the security and protection of federal information.;<SANDBOX_ACCOUNT_ID>;ap-southeast-7;2026-08-19 02:30:11.271115;au-12-a-c;The information system: a. Provides audit record generation capability for the auditable events defined in AU-2 a. at all information system and network components where audit capability is deployed/available c. Generates audit records for the events defined in AU-2 d. with the content defined in AU-3.;Audit and Accountability (AU);Audit Generation (AU-12);;aws;;FAIL;S3 Bucket range-customer-data-<SANDBOX_ACCOUNT_ID> has server access logging disabled.;arn:aws:s3:::range-customer-data-<SANDBOX_ACCOUNT_ID>;s3_bucket_server_access_logging_enabled;False;range-customer-data-<SANDBOX_ACCOUNT_ID>;FedRamp-Moderate-Revision-4;FedRAMP Moderate Revision 4;
aws;The Federal Risk and Authorization Management Program (FedRAMP) was established in 2011. It provides a cost-effective, risk-based approach for the adoption and use of cloud services by the U.S. federal government. FedRAMP empowers federal agencies to use modern cloud technologies, with an emphasis on the security and protection of federal information.;<SANDBOX_ACCOUNT_ID>;ap-southeast-7;2026-08-19 02:30:11.271115;ac-2-1;The organization employs automated mechanisms to support the management of information system accounts.;Access Control (AC);Account Management (AC-2);;aws;;FAIL;Security Hub is not enabled.;arn:aws:securityhub:ap-southeast-7:<SANDBOX_ACCOUNT_ID>:hub/unknown;securityhub_enabled;False;hub/unknown;FedRamp-Moderate-Revision-4;FedRAMP Moderate Revision 4;
aws;The Federal Risk and Authorization Management Program (FedRAMP) was established in 2011. It provides a cost-effective, risk-based approach for the adoption and use of cloud services by the U.S. federal government. FedRAMP empowers federal agencies to use modern cloud technologies, with an emphasis on the security and protection of federal information.;<SANDBOX_ACCOUNT_ID>;ap-southeast-7;2026-08-19 02:30:11.271115;ac-2-4;The information system automatically audits account creation, modification, enabling, disabling, and removal actions, and notifies [Assignment: organization-defined personnel or roles].;Access Control (AC);Account Management (AC-2);;aws;;FAIL;Security Hub is not enabled.;arn:aws:securityhub:ap-southeast-7:<SANDBOX_ACCOUNT_ID>:hub/unknown;securityhub_enabled;False;hub/unknown;FedRamp-Moderate-Revision-4;FedRAMP Moderate Revision 4;
aws;The Federal Risk and Authorization Management Program (FedRAMP) was established in 2011. It provides a cost-effective, risk-based approach for the adoption and use of cloud services by the U.S. federal government. FedRAMP empowers federal agencies to use modern cloud technologies, with an emphasis on the security and protection of federal information.;<SANDBOX_ACCOUNT_ID>;ap-southeast-7;2026-08-19 02:30:11.271115;ac-2-12-a;The organization: a. Monitors information system accounts for [Assignment: organization-defined atypical use].;Access Control (AC);Account Management (AC-2);;aws;;FAIL;Security Hub is not enabled.;arn:aws:securityhub:ap-southeast-7:<SANDBOX_ACCOUNT_ID>:hub/unknown;securityhub_enabled;False;hub/unknown;FedRamp-Moderate-Revision-4;FedRAMP Moderate Revision 4;
aws;The Federal Risk and Authorization Management Program (FedRAMP) was established in 2011. It provides a cost-effective, risk-based approach for the adoption and use of cloud services by the U.S. federal government. FedRAMP empowers federal agencies to use modern cloud technologies, with an emphasis on the security and protection of federal information.;<SANDBOX_ACCOUNT_ID>;ap-southeast-7;2026-08-19 02:30:11.271115;ac-2-g;The organization: g. Monitors the use of information system accounts.;Access Control (AC);Account Management (AC-2);;aws;;FAIL;Security Hub is not enabled.;arn:aws:securityhub:ap-southeast-7:<SANDBOX_ACCOUNT_ID>:hub/unknown;securityhub_enabled;False;hub/unknown;FedRamp-Moderate-Revision-4;FedRAMP Moderate Revision 4;
aws;The Federal Risk and Authorization Management Program (FedRAMP) was established in 2011. It provides a cost-effective, risk-based approach for the adoption and use of cloud services by the U.S. federal government. FedRAMP empowers federal agencies to use modern cloud technologies, with an emphasis on the security and protection of federal information.;<SANDBOX_ACCOUNT_ID>;ap-southeast-7;2026-08-19 02:30:11.271115;ac-17-1;The information system monitors and controls remote access methods.;Access Control (AC);Remote Access (AC-17);;aws;;FAIL;Security Hub is not enabled.;arn:aws:securityhub:ap-southeast-7:<SANDBOX_ACCOUNT_ID>:hub/unknown;securityhub_enabled;False;hub/unknown;FedRamp-Moderate-Revision-4;FedRAMP Moderate Revision 4;
aws;The Federal Risk and Authorization Management Program (FedRAMP) was established in 2011. It provides a cost-effective, risk-based approach for the adoption and use of cloud services by the U.S. federal government. FedRAMP empowers federal agencies to use modern cloud technologies, with an emphasis on the security and protection of federal information.;<SANDBOX_ACCOUNT_ID>;ap-southeast-7;2026-08-19 02:30:11.271115;au-6-1-3;(1) The organization employs automated mechanisms to integrate audit review, analysis, and reporting processes to support organizational processes for investigation and response to suspicious activities. (3) The organization analyzes and correlates audit records across different repositories to gain organization-wide situational awareness.;Audit and Accountability (AU);Audit Review, Analysis And Reporting (AU-6);;aws;;FAIL;Security Hub is not enabled.;arn:aws:securityhub:ap-southeast-7:<SANDBOX_ACCOUNT_ID>:hub/unknown;securityhub_enabled;False;hub/unknown;FedRamp-Moderate-Revision-4;FedRAMP Moderate Revision 4;
aws;The Federal Risk and Authorization Management Program (FedRAMP) was established in 2011. It provides a cost-effective, risk-based approach for the adoption and use of cloud services by the U.S. federal government. FedRAMP empowers federal agencies to use modern cloud technologies, with an emphasis on the security and protection of federal information.;<SANDBOX_ACCOUNT_ID>;ap-southeast-7;2026-08-19 02:30:11.271115;ca-7-a-b;"The organization develops a continuous monitoring strategy and implements a continuous monitoring program that includes: a. Establishment of [Assignment: organization-defined metrics] to be monitored; b. Establishment of [Assignment: organization-defined frequencies] for monitoring and [Assignment: organization-defined frequencies] for assessments supporting such monitoring.";Security Assessment And Authorization (CA);Continuous Monitoring (CA-7);;aws;;FAIL;Security Hub is not enabled.;arn:aws:securityhub:ap-southeast-7:<SANDBOX_ACCOUNT_ID>:hub/unknown;securityhub_enabled;False;hub/unknown;FedRamp-Moderate-Revision-4;FedRAMP Moderate Revision 4;
aws;The Federal Risk and Authorization Management Program (FedRAMP) was established in 2011. It provides a cost-effective, risk-based approach for the adoption and use of cloud services by the U.S. federal government. FedRAMP empowers federal agencies to use modern cloud technologies, with an emphasis on the security and protection of federal information.;<SANDBOX_ACCOUNT_ID>;ap-southeast-7;2026-08-19 02:30:11.271115;ir-4-1;The organization employs automated mechanisms to support the incident handling process.;Incident Response (IR);Incident Handling (IR-4);;aws;;FAIL;Security Hub is not enabled.;arn:aws:securityhub:ap-southeast-7:<SANDBOX_ACCOUNT_ID>:hub/unknown;securityhub_enabled;False;hub/unknown;FedRamp-Moderate-Revision-4;FedRAMP Moderate Revision 4;
aws;The Federal Risk and Authorization Management Program (FedRAMP) was established in 2011. It provides a cost-effective, risk-based approach for the adoption and use of cloud services by the U.S. federal government. FedRAMP empowers federal agencies to use modern cloud technologies, with an emphasis on the security and protection of federal information.;<SANDBOX_ACCOUNT_ID>;ap-southeast-7;2026-08-19 02:30:11.271115;ir-4-1;The organization employs automated mechanisms to support the incident handling process.;Incident Response (IR);Incident Handling (IR-4);;aws;;FAIL;Security Hub is not enabled.;arn:aws:securityhub:ap-southeast-7:<SANDBOX_ACCOUNT_ID>:hub/unknown;securityhub_enabled;False;hub/unknown;FedRamp-Moderate-Revision-4;FedRAMP Moderate Revision 4;
aws;The Federal Risk and Authorization Management Program (FedRAMP) was established in 2011. It provides a cost-effective, risk-based approach for the adoption and use of cloud services by the U.S. federal government. FedRAMP empowers federal agencies to use modern cloud technologies, with an emphasis on the security and protection of federal information.;<SANDBOX_ACCOUNT_ID>;ap-southeast-7;2026-08-19 02:30:11.271115;ir-6-1;The organization employs automated mechanisms to assist in the reporting of security incidents.;Incident Response (IR);Incident Reporting (IR-6);;aws;;FAIL;Security Hub is not enabled.;arn:aws:securityhub:ap-southeast-7:<SANDBOX_ACCOUNT_ID>:hub/unknown;securityhub_enabled;False;hub/unknown;FedRamp-Moderate-Revision-4;FedRAMP Moderate Revision 4;
aws;The Federal Risk and Authorization Management Program (FedRAMP) was established in 2011. It provides a cost-effective, risk-based approach for the adoption and use of cloud services by the U.S. federal government. FedRAMP empowers federal agencies to use modern cloud technologies, with an emphasis on the security and protection of federal information.;<SANDBOX_ACCOUNT_ID>;ap-southeast-7;2026-08-19 02:30:11.271115;ir-7-1;The organization employs automated mechanisms to increase the availability of incident response-related information and support.;Incident Response (IR);Incident Response Assistance (IR-7);;aws;;FAIL;Security Hub is not enabled.;arn:aws:securityhub:ap-southeast-7:<SANDBOX_ACCOUNT_ID>:hub/unknown;securityhub_enabled;False;hub/unknown;FedRamp-Moderate-Revision-4;FedRAMP Moderate Revision 4;
aws;The Federal Risk and Authorization Management Program (FedRAMP) was established in 2011. It provides a cost-effective, risk-based approach for the adoption and use of cloud services by the U.S. federal government. FedRAMP empowers federal agencies to use modern cloud technologies, with an emphasis on the security and protection of federal information.;<SANDBOX_ACCOUNT_ID>;ap-southeast-7;2026-08-19 02:30:11.271115;sa-10;"The organization requires the developer of the information system, system component, or information system service to: a. Perform configuration management during system, component, or service [Selection (one or more): design; development; implementation; operation]; b. Document, manage, and control the integrity of changes to [Assignment: organization-defined configuration items under configuration management]; c. Implement only organization-approved changes to the system, component, or service; d. Document approved changes to the system, component, or service and the potential security impacts of such changes; and e. Track security flaws and flaw resolution within the system, component, or service and report findings to [Assignment: organization-defined personnel].";System and Services Acquisition (SA);;;aws;;FAIL;Security Hub is not enabled.;arn:aws:securityhub:ap-southeast-7:<SANDBOX_ACCOUNT_ID>:hub/unknown;securityhub_enabled;False;hub/unknown;FedRamp-Moderate-Revision-4;FedRAMP Moderate Revision 4;
aws;The Federal Risk and Authorization Management Program (FedRAMP) was established in 2011. It provides a cost-effective, risk-based approach for the adoption and use of cloud services by the U.S. federal government. FedRAMP empowers federal agencies to use modern cloud technologies, with an emphasis on the security and protection of federal information.;<SANDBOX_ACCOUNT_ID>;ap-southeast-7;2026-08-19 02:30:11.271115;si-4-16;The organization correlates information from monitoring tools employed throughout the information system.;System and Information Integrity (SI);Information System Monitoring (SI-4);;aws;;FAIL;Security Hub is not enabled.;arn:aws:securityhub:ap-southeast-7:<SANDBOX_ACCOUNT_ID>:hub/unknown;securityhub_enabled;False;hub/unknown;FedRamp-Moderate-Revision-4;FedRAMP Moderate Revision 4;
aws;The Federal Risk and Authorization Management Program (FedRAMP) was established in 2011. It provides a cost-effective, risk-based approach for the adoption and use of cloud services by the U.S. federal government. FedRAMP empowers federal agencies to use modern cloud technologies, with an emphasis on the security and protection of federal information.;<SANDBOX_ACCOUNT_ID>;ap-southeast-7;2026-08-19 02:30:11.271115;si-4-2;The organization employs automated tools to support near real-time analysis of events.;System and Information Integrity (SI);Information System Monitoring (SI-4);;aws;;FAIL;Security Hub is not enabled.;arn:aws:securityhub:ap-southeast-7:<SANDBOX_ACCOUNT_ID>:hub/unknown;securityhub_enabled;False;hub/unknown;FedRamp-Moderate-Revision-4;FedRAMP Moderate Revision 4;
aws;The Federal Risk and Authorization Management Program (FedRAMP) was established in 2011. It provides a cost-effective, risk-based approach for the adoption and use of cloud services by the U.S. federal government. FedRAMP empowers federal agencies to use modern cloud technologies, with an emphasis on the security and protection of federal information.;<SANDBOX_ACCOUNT_ID>;ap-southeast-7;2026-08-19 02:30:11.271115;si-4-4;The information system monitors inbound and outbound communications traffic continuously for unusual or unauthorized activities or conditions.;System and Information Integrity (SI);Information System Monitoring (SI-4);;aws;;FAIL;Security Hub is not enabled.;arn:aws:securityhub:ap-southeast-7:<SANDBOX_ACCOUNT_ID>:hub/unknown;securityhub_enabled;False;hub/unknown;FedRamp-Moderate-Revision-4;FedRAMP Moderate Revision 4;
aws;The Federal Risk and Authorization Management Program (FedRAMP) was established in 2011. It provides a cost-effective, risk-based approach for the adoption and use of cloud services by the U.S. federal government. FedRAMP empowers federal agencies to use modern cloud technologies, with an emphasis on the security and protection of federal information.;<SANDBOX_ACCOUNT_ID>;ap-southeast-7;2026-08-19 02:30:11.271115;si-4-5;The information system alerts organization-defined personnel or roles when the following indications of compromise or potential compromise occur: [Assignment: organization-defined compromise indicators].;System and Information Integrity (SI);Information System Monitoring (SI-4);;aws;;FAIL;Security Hub is not enabled.;arn:aws:securityhub:ap-southeast-7:<SANDBOX_ACCOUNT_ID>:hub/unknown;securityhub_enabled;False;hub/unknown;FedRamp-Moderate-Revision-4;FedRAMP Moderate Revision 4;
aws;The Federal Risk and Authorization Management Program (FedRAMP) was established in 2011. It provides a cost-effective, risk-based approach for the adoption and use of cloud services by the U.S. federal government. FedRAMP empowers federal agencies to use modern cloud technologies, with an emphasis on the security and protection of federal information.;<SANDBOX_ACCOUNT_ID>;ap-southeast-7;2026-08-19 02:30:11.271115;si-4-a-b-c;"The organization: a. Monitors the information system to detect: 1. Attacks and indicators of potential attacks in accordance with [Assignment: organization- defined monitoring objectives]; and 2. Unauthorized local, network, and remote connections; b. Identifies unauthorized use of the information system through [Assignment: organization- defined techniques and methods]; c. Deploys monitoring devices: i. strategically within the information system to collect organization-determined essential information; and (ii) at ad hoc locations within the system to track specific types of transactions of interest to the organization.";System and Information Integrity (SI);Information System Monitoring (SI-4);;aws;;FAIL;Security Hub is not enabled.;arn:aws:securityhub:ap-southeast-7:<SANDBOX_ACCOUNT_ID>:hub/unknown;securityhub_enabled;False;hub/unknown;FedRamp-Moderate-Revision-4;FedRAMP Moderate Revision 4;
aws;The Federal Risk and Authorization Management Program (FedRAMP) was established in 2011. It provides a cost-effective, risk-based approach for the adoption and use of cloud services by the U.S. federal government. FedRAMP empowers federal agencies to use modern cloud technologies, with an emphasis on the security and protection of federal information.;;;2026-08-19 02:30:11.271115;ia-5-7;The organization ensures that unencrypted static authenticators are not embedded in applications or access scripts or stored on function keys.;Identification and Authentication (IA);Authenticator Management (IA-5);;codebuild;;MANUAL;Manual check;manual_check;manual;False;Manual check;FedRamp-Moderate-Revision-4;FedRAMP Moderate Revision 4;
