PROVIDER;DESCRIPTION;ACCOUNTID;REGION;ASSESSMENTDATE;REQUIREMENTS_ID;REQUIREMENTS_DESCRIPTION;REQUIREMENTS_ATTRIBUTES_SECTION;REQUIREMENTS_ATTRIBUTES_SUBSECTION;REQUIREMENTS_ATTRIBUTES_SUBGROUP;REQUIREMENTS_ATTRIBUTES_SERVICE;REQUIREMENTS_ATTRIBUTES_TYPE;STATUS;STATUSEXTENDED;RESOURCEID;CHECKID;MUTED;RESOURCENAME;FRAMEWORK;NAME;REQUIREMENTS_ATTRIBUTES_COMMENT
aws;The NIST Cybersecurity Framework (CSF) is supported by governments and industries worldwide as a recommended baseline for use by any organization, regardless of sector or size. The NIST Cybersecurity Framework consists of three primary components: the framework core, the profiles, and the implementation tiers. The framework core contains desired cybersecurity activities and outcomes organized into 23 categories that cover the breadth of cybersecurity objectives for an organization. The profiles contain an organization's unique alignment of their organizational requirements and objectives, risk appetite, and resources using the desired outcomes of the framework core. The implementation tiers describe the degree to which an organization’s cybersecurity risk management practices exhibit the characteristics defined in the framework core.;<SANDBOX_ACCOUNT_ID>;ap-southeast-7;2026-08-19 02:30:11.271115;ae_1;A baseline of network operations and expected data flows for users and systems is established and managed.;Detect (DE);Anomalies and Events (DE.AE);;aws;;FAIL;Multiregion trail lz-org-trail has not been logging in the last 24h or is not configured to deliver logs.;arn:aws:cloudtrail:ap-southeast-7:<MANAGEMENT_ACCOUNT_ID>:trail/lz-org-trail;cloudtrail_cloudwatch_logging_enabled;False;lz-org-trail;NIST-CSF;National Institute of Standards and Technology (NIST) Cybersecurity Framework (CSF) v1.1;
aws;The NIST Cybersecurity Framework (CSF) is supported by governments and industries worldwide as a recommended baseline for use by any organization, regardless of sector or size. The NIST Cybersecurity Framework consists of three primary components: the framework core, the profiles, and the implementation tiers. The framework core contains desired cybersecurity activities and outcomes organized into 23 categories that cover the breadth of cybersecurity objectives for an organization. The profiles contain an organization's unique alignment of their organizational requirements and objectives, risk appetite, and resources using the desired outcomes of the framework core. The implementation tiers describe the degree to which an organization’s cybersecurity risk management practices exhibit the characteristics defined in the framework core.;<SANDBOX_ACCOUNT_ID>;ap-southeast-7;2026-08-19 02:30:11.271115;ae_3;Event data are collected and correlated from multiple sources and sensors.;Detect (DE);Anomalies and Events (DE.AE);;aws;;FAIL;Multiregion trail lz-org-trail has not been logging in the last 24h or is not configured to deliver logs.;arn:aws:cloudtrail:ap-southeast-7:<MANAGEMENT_ACCOUNT_ID>:trail/lz-org-trail;cloudtrail_cloudwatch_logging_enabled;False;lz-org-trail;NIST-CSF;National Institute of Standards and Technology (NIST) Cybersecurity Framework (CSF) v1.1;
aws;The NIST Cybersecurity Framework (CSF) is supported by governments and industries worldwide as a recommended baseline for use by any organization, regardless of sector or size. The NIST Cybersecurity Framework consists of three primary components: the framework core, the profiles, and the implementation tiers. The framework core contains desired cybersecurity activities and outcomes organized into 23 categories that cover the breadth of cybersecurity objectives for an organization. The profiles contain an organization's unique alignment of their organizational requirements and objectives, risk appetite, and resources using the desired outcomes of the framework core. The implementation tiers describe the degree to which an organization’s cybersecurity risk management practices exhibit the characteristics defined in the framework core.;<SANDBOX_ACCOUNT_ID>;ap-southeast-7;2026-08-19 02:30:11.271115;cm_2;The physical environment is monitored to detect potential cybersecurity events.;Detect (DE);Security Continuous Monitoring (DE.CM);;aws;;FAIL;Multiregion trail lz-org-trail has not been logging in the last 24h or is not configured to deliver logs.;arn:aws:cloudtrail:ap-southeast-7:<MANAGEMENT_ACCOUNT_ID>:trail/lz-org-trail;cloudtrail_cloudwatch_logging_enabled;False;lz-org-trail;NIST-CSF;National Institute of Standards and Technology (NIST) Cybersecurity Framework (CSF) v1.1;
aws;The NIST Cybersecurity Framework (CSF) is supported by governments and industries worldwide as a recommended baseline for use by any organization, regardless of sector or size. The NIST Cybersecurity Framework consists of three primary components: the framework core, the profiles, and the implementation tiers. The framework core contains desired cybersecurity activities and outcomes organized into 23 categories that cover the breadth of cybersecurity objectives for an organization. The profiles contain an organization's unique alignment of their organizational requirements and objectives, risk appetite, and resources using the desired outcomes of the framework core. The implementation tiers describe the degree to which an organization’s cybersecurity risk management practices exhibit the characteristics defined in the framework core.;<SANDBOX_ACCOUNT_ID>;ap-southeast-7;2026-08-19 02:30:11.271115;cm_5;Unauthorized mobile code is detected.;Detect (DE);Security Continuous Monitoring (DE.CM);;aws;;FAIL;Multiregion trail lz-org-trail has not been logging in the last 24h or is not configured to deliver logs.;arn:aws:cloudtrail:ap-southeast-7:<MANAGEMENT_ACCOUNT_ID>:trail/lz-org-trail;cloudtrail_cloudwatch_logging_enabled;False;lz-org-trail;NIST-CSF;National Institute of Standards and Technology (NIST) Cybersecurity Framework (CSF) v1.1;
aws;The NIST Cybersecurity Framework (CSF) is supported by governments and industries worldwide as a recommended baseline for use by any organization, regardless of sector or size. The NIST Cybersecurity Framework consists of three primary components: the framework core, the profiles, and the implementation tiers. The framework core contains desired cybersecurity activities and outcomes organized into 23 categories that cover the breadth of cybersecurity objectives for an organization. The profiles contain an organization's unique alignment of their organizational requirements and objectives, risk appetite, and resources using the desired outcomes of the framework core. The implementation tiers describe the degree to which an organization’s cybersecurity risk management practices exhibit the characteristics defined in the framework core.;<SANDBOX_ACCOUNT_ID>;ap-southeast-7;2026-08-19 02:30:11.271115;cp_4;Event detection information is communicated.;Detect (DE);Detection Processes (DE.DP);;aws;;FAIL;Multiregion trail lz-org-trail has not been logging in the last 24h or is not configured to deliver logs.;arn:aws:cloudtrail:ap-southeast-7:<MANAGEMENT_ACCOUNT_ID>:trail/lz-org-trail;cloudtrail_cloudwatch_logging_enabled;False;lz-org-trail;NIST-CSF;National Institute of Standards and Technology (NIST) Cybersecurity Framework (CSF) v1.1;
aws;The NIST Cybersecurity Framework (CSF) is supported by governments and industries worldwide as a recommended baseline for use by any organization, regardless of sector or size. The NIST Cybersecurity Framework consists of three primary components: the framework core, the profiles, and the implementation tiers. The framework core contains desired cybersecurity activities and outcomes organized into 23 categories that cover the breadth of cybersecurity objectives for an organization. The profiles contain an organization's unique alignment of their organizational requirements and objectives, risk appetite, and resources using the desired outcomes of the framework core. The implementation tiers describe the degree to which an organization’s cybersecurity risk management practices exhibit the characteristics defined in the framework core.;<SANDBOX_ACCOUNT_ID>;ap-southeast-7;2026-08-19 02:30:11.271115;ra_5;Threats, vulnerabilities, likelihoods, and impacts are used to determine risk.;Identify (ID);Risk Assessment (ID.RA);;aws;;FAIL;Multiregion trail lz-org-trail has not been logging in the last 24h or is not configured to deliver logs.;arn:aws:cloudtrail:ap-southeast-7:<MANAGEMENT_ACCOUNT_ID>:trail/lz-org-trail;cloudtrail_cloudwatch_logging_enabled;False;lz-org-trail;NIST-CSF;National Institute of Standards and Technology (NIST) Cybersecurity Framework (CSF) v1.1;
aws;The NIST Cybersecurity Framework (CSF) is supported by governments and industries worldwide as a recommended baseline for use by any organization, regardless of sector or size. The NIST Cybersecurity Framework consists of three primary components: the framework core, the profiles, and the implementation tiers. The framework core contains desired cybersecurity activities and outcomes organized into 23 categories that cover the breadth of cybersecurity objectives for an organization. The profiles contain an organization's unique alignment of their organizational requirements and objectives, risk appetite, and resources using the desired outcomes of the framework core. The implementation tiers describe the degree to which an organization’s cybersecurity risk management practices exhibit the characteristics defined in the framework core.;<SANDBOX_ACCOUNT_ID>;ap-southeast-7;2026-08-19 02:30:11.271115;sc_4;Suppliers and third-party partners are routinely assessed using audits, test results, or other forms of evaluations to confirm they are meeting their contractual obligations.;Identify (ID);Supply Chain Risk Management (ID.SC);;aws;;FAIL;Multiregion trail lz-org-trail has not been logging in the last 24h or is not configured to deliver logs.;arn:aws:cloudtrail:ap-southeast-7:<MANAGEMENT_ACCOUNT_ID>:trail/lz-org-trail;cloudtrail_cloudwatch_logging_enabled;False;lz-org-trail;NIST-CSF;National Institute of Standards and Technology (NIST) Cybersecurity Framework (CSF) v1.1;
aws;The NIST Cybersecurity Framework (CSF) is supported by governments and industries worldwide as a recommended baseline for use by any organization, regardless of sector or size. The NIST Cybersecurity Framework consists of three primary components: the framework core, the profiles, and the implementation tiers. The framework core contains desired cybersecurity activities and outcomes organized into 23 categories that cover the breadth of cybersecurity objectives for an organization. The profiles contain an organization's unique alignment of their organizational requirements and objectives, risk appetite, and resources using the desired outcomes of the framework core. The implementation tiers describe the degree to which an organization’s cybersecurity risk management practices exhibit the characteristics defined in the framework core.;<SANDBOX_ACCOUNT_ID>;ap-southeast-7;2026-08-19 02:30:11.271115;pt_1;Audit/log records are determined, documented, implemented, and reviewed in accordance with policy.;Protect (PR);Protective Technology (PR.PT);;aws;;FAIL;Multiregion trail lz-org-trail has not been logging in the last 24h or is not configured to deliver logs.;arn:aws:cloudtrail:ap-southeast-7:<MANAGEMENT_ACCOUNT_ID>:trail/lz-org-trail;cloudtrail_cloudwatch_logging_enabled;False;lz-org-trail;NIST-CSF;National Institute of Standards and Technology (NIST) Cybersecurity Framework (CSF) v1.1;
aws;The NIST Cybersecurity Framework (CSF) is supported by governments and industries worldwide as a recommended baseline for use by any organization, regardless of sector or size. The NIST Cybersecurity Framework consists of three primary components: the framework core, the profiles, and the implementation tiers. The framework core contains desired cybersecurity activities and outcomes organized into 23 categories that cover the breadth of cybersecurity objectives for an organization. The profiles contain an organization's unique alignment of their organizational requirements and objectives, risk appetite, and resources using the desired outcomes of the framework core. The implementation tiers describe the degree to which an organization’s cybersecurity risk management practices exhibit the characteristics defined in the framework core.;<SANDBOX_ACCOUNT_ID>;ap-southeast-7;2026-08-19 02:30:11.271115;ae_1;A baseline of network operations and expected data flows for users and systems is established and managed.;Detect (DE);Anomalies and Events (DE.AE);;aws;;PASS;Multiregion trail range-trail has been logging in the last 24h.;arn:aws:cloudtrail:ap-southeast-7:<SANDBOX_ACCOUNT_ID>:trail/range-trail;cloudtrail_cloudwatch_logging_enabled;False;range-trail;NIST-CSF;National Institute of Standards and Technology (NIST) Cybersecurity Framework (CSF) v1.1;
aws;The NIST Cybersecurity Framework (CSF) is supported by governments and industries worldwide as a recommended baseline for use by any organization, regardless of sector or size. The NIST Cybersecurity Framework consists of three primary components: the framework core, the profiles, and the implementation tiers. The framework core contains desired cybersecurity activities and outcomes organized into 23 categories that cover the breadth of cybersecurity objectives for an organization. The profiles contain an organization's unique alignment of their organizational requirements and objectives, risk appetite, and resources using the desired outcomes of the framework core. The implementation tiers describe the degree to which an organization’s cybersecurity risk management practices exhibit the characteristics defined in the framework core.;<SANDBOX_ACCOUNT_ID>;ap-southeast-7;2026-08-19 02:30:11.271115;ae_3;Event data are collected and correlated from multiple sources and sensors.;Detect (DE);Anomalies and Events (DE.AE);;aws;;PASS;Multiregion trail range-trail has been logging in the last 24h.;arn:aws:cloudtrail:ap-southeast-7:<SANDBOX_ACCOUNT_ID>:trail/range-trail;cloudtrail_cloudwatch_logging_enabled;False;range-trail;NIST-CSF;National Institute of Standards and Technology (NIST) Cybersecurity Framework (CSF) v1.1;
aws;The NIST Cybersecurity Framework (CSF) is supported by governments and industries worldwide as a recommended baseline for use by any organization, regardless of sector or size. The NIST Cybersecurity Framework consists of three primary components: the framework core, the profiles, and the implementation tiers. The framework core contains desired cybersecurity activities and outcomes organized into 23 categories that cover the breadth of cybersecurity objectives for an organization. The profiles contain an organization's unique alignment of their organizational requirements and objectives, risk appetite, and resources using the desired outcomes of the framework core. The implementation tiers describe the degree to which an organization’s cybersecurity risk management practices exhibit the characteristics defined in the framework core.;<SANDBOX_ACCOUNT_ID>;ap-southeast-7;2026-08-19 02:30:11.271115;cm_2;The physical environment is monitored to detect potential cybersecurity events.;Detect (DE);Security Continuous Monitoring (DE.CM);;aws;;PASS;Multiregion trail range-trail has been logging in the last 24h.;arn:aws:cloudtrail:ap-southeast-7:<SANDBOX_ACCOUNT_ID>:trail/range-trail;cloudtrail_cloudwatch_logging_enabled;False;range-trail;NIST-CSF;National Institute of Standards and Technology (NIST) Cybersecurity Framework (CSF) v1.1;
aws;The NIST Cybersecurity Framework (CSF) is supported by governments and industries worldwide as a recommended baseline for use by any organization, regardless of sector or size. The NIST Cybersecurity Framework consists of three primary components: the framework core, the profiles, and the implementation tiers. The framework core contains desired cybersecurity activities and outcomes organized into 23 categories that cover the breadth of cybersecurity objectives for an organization. The profiles contain an organization's unique alignment of their organizational requirements and objectives, risk appetite, and resources using the desired outcomes of the framework core. The implementation tiers describe the degree to which an organization’s cybersecurity risk management practices exhibit the characteristics defined in the framework core.;<SANDBOX_ACCOUNT_ID>;ap-southeast-7;2026-08-19 02:30:11.271115;cm_5;Unauthorized mobile code is detected.;Detect (DE);Security Continuous Monitoring (DE.CM);;aws;;PASS;Multiregion trail range-trail has been logging in the last 24h.;arn:aws:cloudtrail:ap-southeast-7:<SANDBOX_ACCOUNT_ID>:trail/range-trail;cloudtrail_cloudwatch_logging_enabled;False;range-trail;NIST-CSF;National Institute of Standards and Technology (NIST) Cybersecurity Framework (CSF) v1.1;
aws;The NIST Cybersecurity Framework (CSF) is supported by governments and industries worldwide as a recommended baseline for use by any organization, regardless of sector or size. The NIST Cybersecurity Framework consists of three primary components: the framework core, the profiles, and the implementation tiers. The framework core contains desired cybersecurity activities and outcomes organized into 23 categories that cover the breadth of cybersecurity objectives for an organization. The profiles contain an organization's unique alignment of their organizational requirements and objectives, risk appetite, and resources using the desired outcomes of the framework core. The implementation tiers describe the degree to which an organization’s cybersecurity risk management practices exhibit the characteristics defined in the framework core.;<SANDBOX_ACCOUNT_ID>;ap-southeast-7;2026-08-19 02:30:11.271115;cp_4;Event detection information is communicated.;Detect (DE);Detection Processes (DE.DP);;aws;;PASS;Multiregion trail range-trail has been logging in the last 24h.;arn:aws:cloudtrail:ap-southeast-7:<SANDBOX_ACCOUNT_ID>:trail/range-trail;cloudtrail_cloudwatch_logging_enabled;False;range-trail;NIST-CSF;National Institute of Standards and Technology (NIST) Cybersecurity Framework (CSF) v1.1;
aws;The NIST Cybersecurity Framework (CSF) is supported by governments and industries worldwide as a recommended baseline for use by any organization, regardless of sector or size. The NIST Cybersecurity Framework consists of three primary components: the framework core, the profiles, and the implementation tiers. The framework core contains desired cybersecurity activities and outcomes organized into 23 categories that cover the breadth of cybersecurity objectives for an organization. The profiles contain an organization's unique alignment of their organizational requirements and objectives, risk appetite, and resources using the desired outcomes of the framework core. The implementation tiers describe the degree to which an organization’s cybersecurity risk management practices exhibit the characteristics defined in the framework core.;<SANDBOX_ACCOUNT_ID>;ap-southeast-7;2026-08-19 02:30:11.271115;ra_5;Threats, vulnerabilities, likelihoods, and impacts are used to determine risk.;Identify (ID);Risk Assessment (ID.RA);;aws;;PASS;Multiregion trail range-trail has been logging in the last 24h.;arn:aws:cloudtrail:ap-southeast-7:<SANDBOX_ACCOUNT_ID>:trail/range-trail;cloudtrail_cloudwatch_logging_enabled;False;range-trail;NIST-CSF;National Institute of Standards and Technology (NIST) Cybersecurity Framework (CSF) v1.1;
aws;The NIST Cybersecurity Framework (CSF) is supported by governments and industries worldwide as a recommended baseline for use by any organization, regardless of sector or size. The NIST Cybersecurity Framework consists of three primary components: the framework core, the profiles, and the implementation tiers. The framework core contains desired cybersecurity activities and outcomes organized into 23 categories that cover the breadth of cybersecurity objectives for an organization. The profiles contain an organization's unique alignment of their organizational requirements and objectives, risk appetite, and resources using the desired outcomes of the framework core. The implementation tiers describe the degree to which an organization’s cybersecurity risk management practices exhibit the characteristics defined in the framework core.;<SANDBOX_ACCOUNT_ID>;ap-southeast-7;2026-08-19 02:30:11.271115;sc_4;Suppliers and third-party partners are routinely assessed using audits, test results, or other forms of evaluations to confirm they are meeting their contractual obligations.;Identify (ID);Supply Chain Risk Management (ID.SC);;aws;;PASS;Multiregion trail range-trail has been logging in the last 24h.;arn:aws:cloudtrail:ap-southeast-7:<SANDBOX_ACCOUNT_ID>:trail/range-trail;cloudtrail_cloudwatch_logging_enabled;False;range-trail;NIST-CSF;National Institute of Standards and Technology (NIST) Cybersecurity Framework (CSF) v1.1;
aws;The NIST Cybersecurity Framework (CSF) is supported by governments and industries worldwide as a recommended baseline for use by any organization, regardless of sector or size. The NIST Cybersecurity Framework consists of three primary components: the framework core, the profiles, and the implementation tiers. The framework core contains desired cybersecurity activities and outcomes organized into 23 categories that cover the breadth of cybersecurity objectives for an organization. The profiles contain an organization's unique alignment of their organizational requirements and objectives, risk appetite, and resources using the desired outcomes of the framework core. The implementation tiers describe the degree to which an organization’s cybersecurity risk management practices exhibit the characteristics defined in the framework core.;<SANDBOX_ACCOUNT_ID>;ap-southeast-7;2026-08-19 02:30:11.271115;pt_1;Audit/log records are determined, documented, implemented, and reviewed in accordance with policy.;Protect (PR);Protective Technology (PR.PT);;aws;;PASS;Multiregion trail range-trail has been logging in the last 24h.;arn:aws:cloudtrail:ap-southeast-7:<SANDBOX_ACCOUNT_ID>:trail/range-trail;cloudtrail_cloudwatch_logging_enabled;False;range-trail;NIST-CSF;National Institute of Standards and Technology (NIST) Cybersecurity Framework (CSF) v1.1;
aws;The NIST Cybersecurity Framework (CSF) is supported by governments and industries worldwide as a recommended baseline for use by any organization, regardless of sector or size. The NIST Cybersecurity Framework consists of three primary components: the framework core, the profiles, and the implementation tiers. The framework core contains desired cybersecurity activities and outcomes organized into 23 categories that cover the breadth of cybersecurity objectives for an organization. The profiles contain an organization's unique alignment of their organizational requirements and objectives, risk appetite, and resources using the desired outcomes of the framework core. The implementation tiers describe the degree to which an organization’s cybersecurity risk management practices exhibit the characteristics defined in the framework core.;<SANDBOX_ACCOUNT_ID>;ap-southeast-7;2026-08-19 02:30:11.271115;ds_1;Data-at-rest is protected.;Protect (PR);Data Security (PR.DS);;aws;;FAIL;Multiregion trail lz-org-trail has encryption disabled.;arn:aws:cloudtrail:ap-southeast-7:<MANAGEMENT_ACCOUNT_ID>:trail/lz-org-trail;cloudtrail_kms_encryption_enabled;False;lz-org-trail;NIST-CSF;National Institute of Standards and Technology (NIST) Cybersecurity Framework (CSF) v1.1;
aws;The NIST Cybersecurity Framework (CSF) is supported by governments and industries worldwide as a recommended baseline for use by any organization, regardless of sector or size. The NIST Cybersecurity Framework consists of three primary components: the framework core, the profiles, and the implementation tiers. The framework core contains desired cybersecurity activities and outcomes organized into 23 categories that cover the breadth of cybersecurity objectives for an organization. The profiles contain an organization's unique alignment of their organizational requirements and objectives, risk appetite, and resources using the desired outcomes of the framework core. The implementation tiers describe the degree to which an organization’s cybersecurity risk management practices exhibit the characteristics defined in the framework core.;<SANDBOX_ACCOUNT_ID>;ap-southeast-7;2026-08-19 02:30:11.271115;ds_1;Data-at-rest is protected.;Protect (PR);Data Security (PR.DS);;aws;;FAIL;Multiregion trail range-trail has encryption disabled.;arn:aws:cloudtrail:ap-southeast-7:<SANDBOX_ACCOUNT_ID>:trail/range-trail;cloudtrail_kms_encryption_enabled;False;range-trail;NIST-CSF;National Institute of Standards and Technology (NIST) Cybersecurity Framework (CSF) v1.1;
aws;The NIST Cybersecurity Framework (CSF) is supported by governments and industries worldwide as a recommended baseline for use by any organization, regardless of sector or size. The NIST Cybersecurity Framework consists of three primary components: the framework core, the profiles, and the implementation tiers. The framework core contains desired cybersecurity activities and outcomes organized into 23 categories that cover the breadth of cybersecurity objectives for an organization. The profiles contain an organization's unique alignment of their organizational requirements and objectives, risk appetite, and resources using the desired outcomes of the framework core. The implementation tiers describe the degree to which an organization’s cybersecurity risk management practices exhibit the characteristics defined in the framework core.;<SANDBOX_ACCOUNT_ID>;ap-southeast-7;2026-08-19 02:30:11.271115;ds_6;Integrity checking mechanisms are used to verify software, firmware, and information integrity.;Protect (PR);Data Security (PR.DS);;cloudtrail;;PASS;Multiregion trail lz-org-trail has log file validation enabled.;arn:aws:cloudtrail:ap-southeast-7:<MANAGEMENT_ACCOUNT_ID>:trail/lz-org-trail;cloudtrail_log_file_validation_enabled;False;lz-org-trail;NIST-CSF;National Institute of Standards and Technology (NIST) Cybersecurity Framework (CSF) v1.1;
aws;The NIST Cybersecurity Framework (CSF) is supported by governments and industries worldwide as a recommended baseline for use by any organization, regardless of sector or size. The NIST Cybersecurity Framework consists of three primary components: the framework core, the profiles, and the implementation tiers. The framework core contains desired cybersecurity activities and outcomes organized into 23 categories that cover the breadth of cybersecurity objectives for an organization. The profiles contain an organization's unique alignment of their organizational requirements and objectives, risk appetite, and resources using the desired outcomes of the framework core. The implementation tiers describe the degree to which an organization’s cybersecurity risk management practices exhibit the characteristics defined in the framework core.;<SANDBOX_ACCOUNT_ID>;ap-southeast-7;2026-08-19 02:30:11.271115;ds_7;The development and testing environment(s) are separate from the production environment.;Protect (PR);Data Security (PR.DS);;aws;;PASS;Multiregion trail lz-org-trail has log file validation enabled.;arn:aws:cloudtrail:ap-southeast-7:<MANAGEMENT_ACCOUNT_ID>:trail/lz-org-trail;cloudtrail_log_file_validation_enabled;False;lz-org-trail;NIST-CSF;National Institute of Standards and Technology (NIST) Cybersecurity Framework (CSF) v1.1;
aws;The NIST Cybersecurity Framework (CSF) is supported by governments and industries worldwide as a recommended baseline for use by any organization, regardless of sector or size. The NIST Cybersecurity Framework consists of three primary components: the framework core, the profiles, and the implementation tiers. The framework core contains desired cybersecurity activities and outcomes organized into 23 categories that cover the breadth of cybersecurity objectives for an organization. The profiles contain an organization's unique alignment of their organizational requirements and objectives, risk appetite, and resources using the desired outcomes of the framework core. The implementation tiers describe the degree to which an organization’s cybersecurity risk management practices exhibit the characteristics defined in the framework core.;<SANDBOX_ACCOUNT_ID>;ap-southeast-7;2026-08-19 02:30:11.271115;ds_6;Integrity checking mechanisms are used to verify software, firmware, and information integrity.;Protect (PR);Data Security (PR.DS);;cloudtrail;;PASS;Multiregion trail range-trail has log file validation enabled.;arn:aws:cloudtrail:ap-southeast-7:<SANDBOX_ACCOUNT_ID>:trail/range-trail;cloudtrail_log_file_validation_enabled;False;range-trail;NIST-CSF;National Institute of Standards and Technology (NIST) Cybersecurity Framework (CSF) v1.1;
aws;The NIST Cybersecurity Framework (CSF) is supported by governments and industries worldwide as a recommended baseline for use by any organization, regardless of sector or size. The NIST Cybersecurity Framework consists of three primary components: the framework core, the profiles, and the implementation tiers. The framework core contains desired cybersecurity activities and outcomes organized into 23 categories that cover the breadth of cybersecurity objectives for an organization. The profiles contain an organization's unique alignment of their organizational requirements and objectives, risk appetite, and resources using the desired outcomes of the framework core. The implementation tiers describe the degree to which an organization’s cybersecurity risk management practices exhibit the characteristics defined in the framework core.;<SANDBOX_ACCOUNT_ID>;ap-southeast-7;2026-08-19 02:30:11.271115;ds_7;The development and testing environment(s) are separate from the production environment.;Protect (PR);Data Security (PR.DS);;aws;;PASS;Multiregion trail range-trail has log file validation enabled.;arn:aws:cloudtrail:ap-southeast-7:<SANDBOX_ACCOUNT_ID>:trail/range-trail;cloudtrail_log_file_validation_enabled;False;range-trail;NIST-CSF;National Institute of Standards and Technology (NIST) Cybersecurity Framework (CSF) v1.1;
aws;The NIST Cybersecurity Framework (CSF) is supported by governments and industries worldwide as a recommended baseline for use by any organization, regardless of sector or size. The NIST Cybersecurity Framework consists of three primary components: the framework core, the profiles, and the implementation tiers. The framework core contains desired cybersecurity activities and outcomes organized into 23 categories that cover the breadth of cybersecurity objectives for an organization. The profiles contain an organization's unique alignment of their organizational requirements and objectives, risk appetite, and resources using the desired outcomes of the framework core. The implementation tiers describe the degree to which an organization’s cybersecurity risk management practices exhibit the characteristics defined in the framework core.;<SANDBOX_ACCOUNT_ID>;ap-southeast-7;2026-08-19 02:30:11.271115;ae_1;A baseline of network operations and expected data flows for users and systems is established and managed.;Detect (DE);Anomalies and Events (DE.AE);;aws;;PASS;Trail lz-org-trail is multiregion and it is logging.;arn:aws:cloudtrail:ap-southeast-7:<MANAGEMENT_ACCOUNT_ID>:trail/lz-org-trail;cloudtrail_multi_region_enabled;False;lz-org-trail;NIST-CSF;National Institute of Standards and Technology (NIST) Cybersecurity Framework (CSF) v1.1;
aws;The NIST Cybersecurity Framework (CSF) is supported by governments and industries worldwide as a recommended baseline for use by any organization, regardless of sector or size. The NIST Cybersecurity Framework consists of three primary components: the framework core, the profiles, and the implementation tiers. The framework core contains desired cybersecurity activities and outcomes organized into 23 categories that cover the breadth of cybersecurity objectives for an organization. The profiles contain an organization's unique alignment of their organizational requirements and objectives, risk appetite, and resources using the desired outcomes of the framework core. The implementation tiers describe the degree to which an organization’s cybersecurity risk management practices exhibit the characteristics defined in the framework core.;<SANDBOX_ACCOUNT_ID>;ap-southeast-7;2026-08-19 02:30:11.271115;ae_3;Event data are collected and correlated from multiple sources and sensors.;Detect (DE);Anomalies and Events (DE.AE);;aws;;PASS;Trail lz-org-trail is multiregion and it is logging.;arn:aws:cloudtrail:ap-southeast-7:<MANAGEMENT_ACCOUNT_ID>:trail/lz-org-trail;cloudtrail_multi_region_enabled;False;lz-org-trail;NIST-CSF;National Institute of Standards and Technology (NIST) Cybersecurity Framework (CSF) v1.1;
aws;The NIST Cybersecurity Framework (CSF) is supported by governments and industries worldwide as a recommended baseline for use by any organization, regardless of sector or size. The NIST Cybersecurity Framework consists of three primary components: the framework core, the profiles, and the implementation tiers. The framework core contains desired cybersecurity activities and outcomes organized into 23 categories that cover the breadth of cybersecurity objectives for an organization. The profiles contain an organization's unique alignment of their organizational requirements and objectives, risk appetite, and resources using the desired outcomes of the framework core. The implementation tiers describe the degree to which an organization’s cybersecurity risk management practices exhibit the characteristics defined in the framework core.;<SANDBOX_ACCOUNT_ID>;ap-southeast-7;2026-08-19 02:30:11.271115;ae_4;Impact of events is determined.;Detect (DE);Anomalies and Events (DE.AE);;aws;;PASS;Trail lz-org-trail is multiregion and it is logging.;arn:aws:cloudtrail:ap-southeast-7:<MANAGEMENT_ACCOUNT_ID>:trail/lz-org-trail;cloudtrail_multi_region_enabled;False;lz-org-trail;NIST-CSF;National Institute of Standards and Technology (NIST) Cybersecurity Framework (CSF) v1.1;
aws;The NIST Cybersecurity Framework (CSF) is supported by governments and industries worldwide as a recommended baseline for use by any organization, regardless of sector or size. The NIST Cybersecurity Framework consists of three primary components: the framework core, the profiles, and the implementation tiers. The framework core contains desired cybersecurity activities and outcomes organized into 23 categories that cover the breadth of cybersecurity objectives for an organization. The profiles contain an organization's unique alignment of their organizational requirements and objectives, risk appetite, and resources using the desired outcomes of the framework core. The implementation tiers describe the degree to which an organization’s cybersecurity risk management practices exhibit the characteristics defined in the framework core.;<SANDBOX_ACCOUNT_ID>;ap-southeast-7;2026-08-19 02:30:11.271115;cm_1;The network is monitored to detect potential cybersecurity events.;Detect (DE);Security Continuous Monitoring (DE.CM);;aws;;PASS;Trail lz-org-trail is multiregion and it is logging.;arn:aws:cloudtrail:ap-southeast-7:<MANAGEMENT_ACCOUNT_ID>:trail/lz-org-trail;cloudtrail_multi_region_enabled;False;lz-org-trail;NIST-CSF;National Institute of Standards and Technology (NIST) Cybersecurity Framework (CSF) v1.1;
aws;The NIST Cybersecurity Framework (CSF) is supported by governments and industries worldwide as a recommended baseline for use by any organization, regardless of sector or size. The NIST Cybersecurity Framework consists of three primary components: the framework core, the profiles, and the implementation tiers. The framework core contains desired cybersecurity activities and outcomes organized into 23 categories that cover the breadth of cybersecurity objectives for an organization. The profiles contain an organization's unique alignment of their organizational requirements and objectives, risk appetite, and resources using the desired outcomes of the framework core. The implementation tiers describe the degree to which an organization’s cybersecurity risk management practices exhibit the characteristics defined in the framework core.;<SANDBOX_ACCOUNT_ID>;ap-southeast-7;2026-08-19 02:30:11.271115;cm_3;Personnel activity is monitored to detect potential cybersecurity events.;Detect (DE);Security Continuous Monitoring (DE.CM);;aws;;PASS;Trail lz-org-trail is multiregion and it is logging.;arn:aws:cloudtrail:ap-southeast-7:<MANAGEMENT_ACCOUNT_ID>:trail/lz-org-trail;cloudtrail_multi_region_enabled;False;lz-org-trail;NIST-CSF;National Institute of Standards and Technology (NIST) Cybersecurity Framework (CSF) v1.1;
aws;The NIST Cybersecurity Framework (CSF) is supported by governments and industries worldwide as a recommended baseline for use by any organization, regardless of sector or size. The NIST Cybersecurity Framework consists of three primary components: the framework core, the profiles, and the implementation tiers. The framework core contains desired cybersecurity activities and outcomes organized into 23 categories that cover the breadth of cybersecurity objectives for an organization. The profiles contain an organization's unique alignment of their organizational requirements and objectives, risk appetite, and resources using the desired outcomes of the framework core. The implementation tiers describe the degree to which an organization’s cybersecurity risk management practices exhibit the characteristics defined in the framework core.;<SANDBOX_ACCOUNT_ID>;ap-southeast-7;2026-08-19 02:30:11.271115;cm_6;External service provider activity is monitored to detect potential cybersecurity events.;Detect (DE);Security Continuous Monitoring (DE.CM);;aws;;PASS;Trail lz-org-trail is multiregion and it is logging.;arn:aws:cloudtrail:ap-southeast-7:<MANAGEMENT_ACCOUNT_ID>:trail/lz-org-trail;cloudtrail_multi_region_enabled;False;lz-org-trail;NIST-CSF;National Institute of Standards and Technology (NIST) Cybersecurity Framework (CSF) v1.1;
aws;The NIST Cybersecurity Framework (CSF) is supported by governments and industries worldwide as a recommended baseline for use by any organization, regardless of sector or size. The NIST Cybersecurity Framework consists of three primary components: the framework core, the profiles, and the implementation tiers. The framework core contains desired cybersecurity activities and outcomes organized into 23 categories that cover the breadth of cybersecurity objectives for an organization. The profiles contain an organization's unique alignment of their organizational requirements and objectives, risk appetite, and resources using the desired outcomes of the framework core. The implementation tiers describe the degree to which an organization’s cybersecurity risk management practices exhibit the characteristics defined in the framework core.;<SANDBOX_ACCOUNT_ID>;ap-southeast-7;2026-08-19 02:30:11.271115;cm_7;Monitoring for unauthorized personnel, connections, devices, and software is performed.;Detect (DE);Security Continuous Monitoring (DE.CM);;aws;;PASS;Trail lz-org-trail is multiregion and it is logging.;arn:aws:cloudtrail:ap-southeast-7:<MANAGEMENT_ACCOUNT_ID>:trail/lz-org-trail;cloudtrail_multi_region_enabled;False;lz-org-trail;NIST-CSF;National Institute of Standards and Technology (NIST) Cybersecurity Framework (CSF) v1.1;
aws;The NIST Cybersecurity Framework (CSF) is supported by governments and industries worldwide as a recommended baseline for use by any organization, regardless of sector or size. The NIST Cybersecurity Framework consists of three primary components: the framework core, the profiles, and the implementation tiers. The framework core contains desired cybersecurity activities and outcomes organized into 23 categories that cover the breadth of cybersecurity objectives for an organization. The profiles contain an organization's unique alignment of their organizational requirements and objectives, risk appetite, and resources using the desired outcomes of the framework core. The implementation tiers describe the degree to which an organization’s cybersecurity risk management practices exhibit the characteristics defined in the framework core.;<SANDBOX_ACCOUNT_ID>;ap-southeast-7;2026-08-19 02:30:11.271115;am_3;Organizational communication and data flows are mapped.;Identify (ID);Asset Management (ID.AM);;aws;;PASS;Trail lz-org-trail is multiregion and it is logging.;arn:aws:cloudtrail:ap-southeast-7:<MANAGEMENT_ACCOUNT_ID>:trail/lz-org-trail;cloudtrail_multi_region_enabled;False;lz-org-trail;NIST-CSF;National Institute of Standards and Technology (NIST) Cybersecurity Framework (CSF) v1.1;
aws;The NIST Cybersecurity Framework (CSF) is supported by governments and industries worldwide as a recommended baseline for use by any organization, regardless of sector or size. The NIST Cybersecurity Framework consists of three primary components: the framework core, the profiles, and the implementation tiers. The framework core contains desired cybersecurity activities and outcomes organized into 23 categories that cover the breadth of cybersecurity objectives for an organization. The profiles contain an organization's unique alignment of their organizational requirements and objectives, risk appetite, and resources using the desired outcomes of the framework core. The implementation tiers describe the degree to which an organization’s cybersecurity risk management practices exhibit the characteristics defined in the framework core.;<SANDBOX_ACCOUNT_ID>;ap-southeast-7;2026-08-19 02:30:11.271115;ac_6;Identities are proofed and bound to credentials and asserted in interactions.;Protect (PR);Identity Management and Access Control (PR.AC);;aws;;PASS;Trail lz-org-trail is multiregion and it is logging.;arn:aws:cloudtrail:ap-southeast-7:<MANAGEMENT_ACCOUNT_ID>:trail/lz-org-trail;cloudtrail_multi_region_enabled;False;lz-org-trail;NIST-CSF;National Institute of Standards and Technology (NIST) Cybersecurity Framework (CSF) v1.1;
aws;The NIST Cybersecurity Framework (CSF) is supported by governments and industries worldwide as a recommended baseline for use by any organization, regardless of sector or size. The NIST Cybersecurity Framework consists of three primary components: the framework core, the profiles, and the implementation tiers. The framework core contains desired cybersecurity activities and outcomes organized into 23 categories that cover the breadth of cybersecurity objectives for an organization. The profiles contain an organization's unique alignment of their organizational requirements and objectives, risk appetite, and resources using the desired outcomes of the framework core. The implementation tiers describe the degree to which an organization’s cybersecurity risk management practices exhibit the characteristics defined in the framework core.;<SANDBOX_ACCOUNT_ID>;ap-southeast-7;2026-08-19 02:30:11.271115;ds_5;Protections against data leaks are implemented.;Protect (PR);Data Security (PR.DS);;aws;;PASS;Trail lz-org-trail is multiregion and it is logging.;arn:aws:cloudtrail:ap-southeast-7:<MANAGEMENT_ACCOUNT_ID>:trail/lz-org-trail;cloudtrail_multi_region_enabled;False;lz-org-trail;NIST-CSF;National Institute of Standards and Technology (NIST) Cybersecurity Framework (CSF) v1.1;
aws;The NIST Cybersecurity Framework (CSF) is supported by governments and industries worldwide as a recommended baseline for use by any organization, regardless of sector or size. The NIST Cybersecurity Framework consists of three primary components: the framework core, the profiles, and the implementation tiers. The framework core contains desired cybersecurity activities and outcomes organized into 23 categories that cover the breadth of cybersecurity objectives for an organization. The profiles contain an organization's unique alignment of their organizational requirements and objectives, risk appetite, and resources using the desired outcomes of the framework core. The implementation tiers describe the degree to which an organization’s cybersecurity risk management practices exhibit the characteristics defined in the framework core.;<SANDBOX_ACCOUNT_ID>;ap-southeast-7;2026-08-19 02:30:11.271115;ma_2;Remote maintenance of organizational assets is approved, logged, and performed in a manner that prevents unauthorized access.;Protect (PR);Maintenance (PR.MA);;cloudtrail;;PASS;Trail lz-org-trail is multiregion and it is logging.;arn:aws:cloudtrail:ap-southeast-7:<MANAGEMENT_ACCOUNT_ID>:trail/lz-org-trail;cloudtrail_multi_region_enabled;False;lz-org-trail;NIST-CSF;National Institute of Standards and Technology (NIST) Cybersecurity Framework (CSF) v1.1;
aws;The NIST Cybersecurity Framework (CSF) is supported by governments and industries worldwide as a recommended baseline for use by any organization, regardless of sector or size. The NIST Cybersecurity Framework consists of three primary components: the framework core, the profiles, and the implementation tiers. The framework core contains desired cybersecurity activities and outcomes organized into 23 categories that cover the breadth of cybersecurity objectives for an organization. The profiles contain an organization's unique alignment of their organizational requirements and objectives, risk appetite, and resources using the desired outcomes of the framework core. The implementation tiers describe the degree to which an organization’s cybersecurity risk management practices exhibit the characteristics defined in the framework core.;<SANDBOX_ACCOUNT_ID>;ap-southeast-7;2026-08-19 02:30:11.271115;pt_1;Audit/log records are determined, documented, implemented, and reviewed in accordance with policy.;Protect (PR);Protective Technology (PR.PT);;aws;;PASS;Trail lz-org-trail is multiregion and it is logging.;arn:aws:cloudtrail:ap-southeast-7:<MANAGEMENT_ACCOUNT_ID>:trail/lz-org-trail;cloudtrail_multi_region_enabled;False;lz-org-trail;NIST-CSF;National Institute of Standards and Technology (NIST) Cybersecurity Framework (CSF) v1.1;
aws;The NIST Cybersecurity Framework (CSF) is supported by governments and industries worldwide as a recommended baseline for use by any organization, regardless of sector or size. The NIST Cybersecurity Framework consists of three primary components: the framework core, the profiles, and the implementation tiers. The framework core contains desired cybersecurity activities and outcomes organized into 23 categories that cover the breadth of cybersecurity objectives for an organization. The profiles contain an organization's unique alignment of their organizational requirements and objectives, risk appetite, and resources using the desired outcomes of the framework core. The implementation tiers describe the degree to which an organization’s cybersecurity risk management practices exhibit the characteristics defined in the framework core.;<SANDBOX_ACCOUNT_ID>;ap-southeast-7;2026-08-19 02:30:11.271115;ae_3;Event data are collected and correlated from multiple sources and sensors.;Detect (DE);Anomalies and Events (DE.AE);;aws;;FAIL;No CloudTrail trails have a data event to record all S3 object-level API operations.;arn:aws:cloudtrail:ap-southeast-7:<SANDBOX_ACCOUNT_ID>:trail;cloudtrail_s3_dataevents_read_enabled;False;<SANDBOX_ACCOUNT_ID>;NIST-CSF;National Institute of Standards and Technology (NIST) Cybersecurity Framework (CSF) v1.1;
aws;The NIST Cybersecurity Framework (CSF) is supported by governments and industries worldwide as a recommended baseline for use by any organization, regardless of sector or size. The NIST Cybersecurity Framework consists of three primary components: the framework core, the profiles, and the implementation tiers. The framework core contains desired cybersecurity activities and outcomes organized into 23 categories that cover the breadth of cybersecurity objectives for an organization. The profiles contain an organization's unique alignment of their organizational requirements and objectives, risk appetite, and resources using the desired outcomes of the framework core. The implementation tiers describe the degree to which an organization’s cybersecurity risk management practices exhibit the characteristics defined in the framework core.;<SANDBOX_ACCOUNT_ID>;ap-southeast-7;2026-08-19 02:30:11.271115;ae_4;Impact of events is determined.;Detect (DE);Anomalies and Events (DE.AE);;aws;;FAIL;No CloudTrail trails have a data event to record all S3 object-level API operations.;arn:aws:cloudtrail:ap-southeast-7:<SANDBOX_ACCOUNT_ID>:trail;cloudtrail_s3_dataevents_read_enabled;False;<SANDBOX_ACCOUNT_ID>;NIST-CSF;National Institute of Standards and Technology (NIST) Cybersecurity Framework (CSF) v1.1;
aws;The NIST Cybersecurity Framework (CSF) is supported by governments and industries worldwide as a recommended baseline for use by any organization, regardless of sector or size. The NIST Cybersecurity Framework consists of three primary components: the framework core, the profiles, and the implementation tiers. The framework core contains desired cybersecurity activities and outcomes organized into 23 categories that cover the breadth of cybersecurity objectives for an organization. The profiles contain an organization's unique alignment of their organizational requirements and objectives, risk appetite, and resources using the desired outcomes of the framework core. The implementation tiers describe the degree to which an organization’s cybersecurity risk management practices exhibit the characteristics defined in the framework core.;<SANDBOX_ACCOUNT_ID>;ap-southeast-7;2026-08-19 02:30:11.271115;cm_1;The network is monitored to detect potential cybersecurity events.;Detect (DE);Security Continuous Monitoring (DE.CM);;aws;;FAIL;No CloudTrail trails have a data event to record all S3 object-level API operations.;arn:aws:cloudtrail:ap-southeast-7:<SANDBOX_ACCOUNT_ID>:trail;cloudtrail_s3_dataevents_read_enabled;False;<SANDBOX_ACCOUNT_ID>;NIST-CSF;National Institute of Standards and Technology (NIST) Cybersecurity Framework (CSF) v1.1;
aws;The NIST Cybersecurity Framework (CSF) is supported by governments and industries worldwide as a recommended baseline for use by any organization, regardless of sector or size. The NIST Cybersecurity Framework consists of three primary components: the framework core, the profiles, and the implementation tiers. The framework core contains desired cybersecurity activities and outcomes organized into 23 categories that cover the breadth of cybersecurity objectives for an organization. The profiles contain an organization's unique alignment of their organizational requirements and objectives, risk appetite, and resources using the desired outcomes of the framework core. The implementation tiers describe the degree to which an organization’s cybersecurity risk management practices exhibit the characteristics defined in the framework core.;<SANDBOX_ACCOUNT_ID>;ap-southeast-7;2026-08-19 02:30:11.271115;cm_3;Personnel activity is monitored to detect potential cybersecurity events.;Detect (DE);Security Continuous Monitoring (DE.CM);;aws;;FAIL;No CloudTrail trails have a data event to record all S3 object-level API operations.;arn:aws:cloudtrail:ap-southeast-7:<SANDBOX_ACCOUNT_ID>:trail;cloudtrail_s3_dataevents_read_enabled;False;<SANDBOX_ACCOUNT_ID>;NIST-CSF;National Institute of Standards and Technology (NIST) Cybersecurity Framework (CSF) v1.1;
aws;The NIST Cybersecurity Framework (CSF) is supported by governments and industries worldwide as a recommended baseline for use by any organization, regardless of sector or size. The NIST Cybersecurity Framework consists of three primary components: the framework core, the profiles, and the implementation tiers. The framework core contains desired cybersecurity activities and outcomes organized into 23 categories that cover the breadth of cybersecurity objectives for an organization. The profiles contain an organization's unique alignment of their organizational requirements and objectives, risk appetite, and resources using the desired outcomes of the framework core. The implementation tiers describe the degree to which an organization’s cybersecurity risk management practices exhibit the characteristics defined in the framework core.;<SANDBOX_ACCOUNT_ID>;ap-southeast-7;2026-08-19 02:30:11.271115;cm_6;External service provider activity is monitored to detect potential cybersecurity events.;Detect (DE);Security Continuous Monitoring (DE.CM);;aws;;FAIL;No CloudTrail trails have a data event to record all S3 object-level API operations.;arn:aws:cloudtrail:ap-southeast-7:<SANDBOX_ACCOUNT_ID>:trail;cloudtrail_s3_dataevents_read_enabled;False;<SANDBOX_ACCOUNT_ID>;NIST-CSF;National Institute of Standards and Technology (NIST) Cybersecurity Framework (CSF) v1.1;
aws;The NIST Cybersecurity Framework (CSF) is supported by governments and industries worldwide as a recommended baseline for use by any organization, regardless of sector or size. The NIST Cybersecurity Framework consists of three primary components: the framework core, the profiles, and the implementation tiers. The framework core contains desired cybersecurity activities and outcomes organized into 23 categories that cover the breadth of cybersecurity objectives for an organization. The profiles contain an organization's unique alignment of their organizational requirements and objectives, risk appetite, and resources using the desired outcomes of the framework core. The implementation tiers describe the degree to which an organization’s cybersecurity risk management practices exhibit the characteristics defined in the framework core.;<SANDBOX_ACCOUNT_ID>;ap-southeast-7;2026-08-19 02:30:11.271115;cm_7;Monitoring for unauthorized personnel, connections, devices, and software is performed.;Detect (DE);Security Continuous Monitoring (DE.CM);;aws;;FAIL;No CloudTrail trails have a data event to record all S3 object-level API operations.;arn:aws:cloudtrail:ap-southeast-7:<SANDBOX_ACCOUNT_ID>:trail;cloudtrail_s3_dataevents_read_enabled;False;<SANDBOX_ACCOUNT_ID>;NIST-CSF;National Institute of Standards and Technology (NIST) Cybersecurity Framework (CSF) v1.1;
aws;The NIST Cybersecurity Framework (CSF) is supported by governments and industries worldwide as a recommended baseline for use by any organization, regardless of sector or size. The NIST Cybersecurity Framework consists of three primary components: the framework core, the profiles, and the implementation tiers. The framework core contains desired cybersecurity activities and outcomes organized into 23 categories that cover the breadth of cybersecurity objectives for an organization. The profiles contain an organization's unique alignment of their organizational requirements and objectives, risk appetite, and resources using the desired outcomes of the framework core. The implementation tiers describe the degree to which an organization’s cybersecurity risk management practices exhibit the characteristics defined in the framework core.;<SANDBOX_ACCOUNT_ID>;ap-southeast-7;2026-08-19 02:30:11.271115;ds_5;Protections against data leaks are implemented.;Protect (PR);Data Security (PR.DS);;aws;;FAIL;No CloudTrail trails have a data event to record all S3 object-level API operations.;arn:aws:cloudtrail:ap-southeast-7:<SANDBOX_ACCOUNT_ID>:trail;cloudtrail_s3_dataevents_read_enabled;False;<SANDBOX_ACCOUNT_ID>;NIST-CSF;National Institute of Standards and Technology (NIST) Cybersecurity Framework (CSF) v1.1;
aws;The NIST Cybersecurity Framework (CSF) is supported by governments and industries worldwide as a recommended baseline for use by any organization, regardless of sector or size. The NIST Cybersecurity Framework consists of three primary components: the framework core, the profiles, and the implementation tiers. The framework core contains desired cybersecurity activities and outcomes organized into 23 categories that cover the breadth of cybersecurity objectives for an organization. The profiles contain an organization's unique alignment of their organizational requirements and objectives, risk appetite, and resources using the desired outcomes of the framework core. The implementation tiers describe the degree to which an organization’s cybersecurity risk management practices exhibit the characteristics defined in the framework core.;<SANDBOX_ACCOUNT_ID>;ap-southeast-7;2026-08-19 02:30:11.271115;ae_3;Event data are collected and correlated from multiple sources and sensors.;Detect (DE);Anomalies and Events (DE.AE);;aws;;FAIL;No CloudTrail trails have a data event to record all S3 object-level API operations.;arn:aws:cloudtrail:ap-southeast-7:<SANDBOX_ACCOUNT_ID>:trail;cloudtrail_s3_dataevents_write_enabled;False;<SANDBOX_ACCOUNT_ID>;NIST-CSF;National Institute of Standards and Technology (NIST) Cybersecurity Framework (CSF) v1.1;
aws;The NIST Cybersecurity Framework (CSF) is supported by governments and industries worldwide as a recommended baseline for use by any organization, regardless of sector or size. The NIST Cybersecurity Framework consists of three primary components: the framework core, the profiles, and the implementation tiers. The framework core contains desired cybersecurity activities and outcomes organized into 23 categories that cover the breadth of cybersecurity objectives for an organization. The profiles contain an organization's unique alignment of their organizational requirements and objectives, risk appetite, and resources using the desired outcomes of the framework core. The implementation tiers describe the degree to which an organization’s cybersecurity risk management practices exhibit the characteristics defined in the framework core.;<SANDBOX_ACCOUNT_ID>;ap-southeast-7;2026-08-19 02:30:11.271115;ae_4;Impact of events is determined.;Detect (DE);Anomalies and Events (DE.AE);;aws;;FAIL;No CloudTrail trails have a data event to record all S3 object-level API operations.;arn:aws:cloudtrail:ap-southeast-7:<SANDBOX_ACCOUNT_ID>:trail;cloudtrail_s3_dataevents_write_enabled;False;<SANDBOX_ACCOUNT_ID>;NIST-CSF;National Institute of Standards and Technology (NIST) Cybersecurity Framework (CSF) v1.1;
aws;The NIST Cybersecurity Framework (CSF) is supported by governments and industries worldwide as a recommended baseline for use by any organization, regardless of sector or size. The NIST Cybersecurity Framework consists of three primary components: the framework core, the profiles, and the implementation tiers. The framework core contains desired cybersecurity activities and outcomes organized into 23 categories that cover the breadth of cybersecurity objectives for an organization. The profiles contain an organization's unique alignment of their organizational requirements and objectives, risk appetite, and resources using the desired outcomes of the framework core. The implementation tiers describe the degree to which an organization’s cybersecurity risk management practices exhibit the characteristics defined in the framework core.;<SANDBOX_ACCOUNT_ID>;ap-southeast-7;2026-08-19 02:30:11.271115;cm_1;The network is monitored to detect potential cybersecurity events.;Detect (DE);Security Continuous Monitoring (DE.CM);;aws;;FAIL;No CloudTrail trails have a data event to record all S3 object-level API operations.;arn:aws:cloudtrail:ap-southeast-7:<SANDBOX_ACCOUNT_ID>:trail;cloudtrail_s3_dataevents_write_enabled;False;<SANDBOX_ACCOUNT_ID>;NIST-CSF;National Institute of Standards and Technology (NIST) Cybersecurity Framework (CSF) v1.1;
aws;The NIST Cybersecurity Framework (CSF) is supported by governments and industries worldwide as a recommended baseline for use by any organization, regardless of sector or size. The NIST Cybersecurity Framework consists of three primary components: the framework core, the profiles, and the implementation tiers. The framework core contains desired cybersecurity activities and outcomes organized into 23 categories that cover the breadth of cybersecurity objectives for an organization. The profiles contain an organization's unique alignment of their organizational requirements and objectives, risk appetite, and resources using the desired outcomes of the framework core. The implementation tiers describe the degree to which an organization’s cybersecurity risk management practices exhibit the characteristics defined in the framework core.;<SANDBOX_ACCOUNT_ID>;ap-southeast-7;2026-08-19 02:30:11.271115;cm_3;Personnel activity is monitored to detect potential cybersecurity events.;Detect (DE);Security Continuous Monitoring (DE.CM);;aws;;FAIL;No CloudTrail trails have a data event to record all S3 object-level API operations.;arn:aws:cloudtrail:ap-southeast-7:<SANDBOX_ACCOUNT_ID>:trail;cloudtrail_s3_dataevents_write_enabled;False;<SANDBOX_ACCOUNT_ID>;NIST-CSF;National Institute of Standards and Technology (NIST) Cybersecurity Framework (CSF) v1.1;
aws;The NIST Cybersecurity Framework (CSF) is supported by governments and industries worldwide as a recommended baseline for use by any organization, regardless of sector or size. The NIST Cybersecurity Framework consists of three primary components: the framework core, the profiles, and the implementation tiers. The framework core contains desired cybersecurity activities and outcomes organized into 23 categories that cover the breadth of cybersecurity objectives for an organization. The profiles contain an organization's unique alignment of their organizational requirements and objectives, risk appetite, and resources using the desired outcomes of the framework core. The implementation tiers describe the degree to which an organization’s cybersecurity risk management practices exhibit the characteristics defined in the framework core.;<SANDBOX_ACCOUNT_ID>;ap-southeast-7;2026-08-19 02:30:11.271115;cm_6;External service provider activity is monitored to detect potential cybersecurity events.;Detect (DE);Security Continuous Monitoring (DE.CM);;aws;;FAIL;No CloudTrail trails have a data event to record all S3 object-level API operations.;arn:aws:cloudtrail:ap-southeast-7:<SANDBOX_ACCOUNT_ID>:trail;cloudtrail_s3_dataevents_write_enabled;False;<SANDBOX_ACCOUNT_ID>;NIST-CSF;National Institute of Standards and Technology (NIST) Cybersecurity Framework (CSF) v1.1;
aws;The NIST Cybersecurity Framework (CSF) is supported by governments and industries worldwide as a recommended baseline for use by any organization, regardless of sector or size. The NIST Cybersecurity Framework consists of three primary components: the framework core, the profiles, and the implementation tiers. The framework core contains desired cybersecurity activities and outcomes organized into 23 categories that cover the breadth of cybersecurity objectives for an organization. The profiles contain an organization's unique alignment of their organizational requirements and objectives, risk appetite, and resources using the desired outcomes of the framework core. The implementation tiers describe the degree to which an organization’s cybersecurity risk management practices exhibit the characteristics defined in the framework core.;<SANDBOX_ACCOUNT_ID>;ap-southeast-7;2026-08-19 02:30:11.271115;cm_7;Monitoring for unauthorized personnel, connections, devices, and software is performed.;Detect (DE);Security Continuous Monitoring (DE.CM);;aws;;FAIL;No CloudTrail trails have a data event to record all S3 object-level API operations.;arn:aws:cloudtrail:ap-southeast-7:<SANDBOX_ACCOUNT_ID>:trail;cloudtrail_s3_dataevents_write_enabled;False;<SANDBOX_ACCOUNT_ID>;NIST-CSF;National Institute of Standards and Technology (NIST) Cybersecurity Framework (CSF) v1.1;
aws;The NIST Cybersecurity Framework (CSF) is supported by governments and industries worldwide as a recommended baseline for use by any organization, regardless of sector or size. The NIST Cybersecurity Framework consists of three primary components: the framework core, the profiles, and the implementation tiers. The framework core contains desired cybersecurity activities and outcomes organized into 23 categories that cover the breadth of cybersecurity objectives for an organization. The profiles contain an organization's unique alignment of their organizational requirements and objectives, risk appetite, and resources using the desired outcomes of the framework core. The implementation tiers describe the degree to which an organization’s cybersecurity risk management practices exhibit the characteristics defined in the framework core.;<SANDBOX_ACCOUNT_ID>;ap-southeast-7;2026-08-19 02:30:11.271115;ds_5;Protections against data leaks are implemented.;Protect (PR);Data Security (PR.DS);;aws;;FAIL;No CloudTrail trails have a data event to record all S3 object-level API operations.;arn:aws:cloudtrail:ap-southeast-7:<SANDBOX_ACCOUNT_ID>:trail;cloudtrail_s3_dataevents_write_enabled;False;<SANDBOX_ACCOUNT_ID>;NIST-CSF;National Institute of Standards and Technology (NIST) Cybersecurity Framework (CSF) v1.1;
aws;The NIST Cybersecurity Framework (CSF) is supported by governments and industries worldwide as a recommended baseline for use by any organization, regardless of sector or size. The NIST Cybersecurity Framework consists of three primary components: the framework core, the profiles, and the implementation tiers. The framework core contains desired cybersecurity activities and outcomes organized into 23 categories that cover the breadth of cybersecurity objectives for an organization. The profiles contain an organization's unique alignment of their organizational requirements and objectives, risk appetite, and resources using the desired outcomes of the framework core. The implementation tiers describe the degree to which an organization’s cybersecurity risk management practices exhibit the characteristics defined in the framework core.;<SANDBOX_ACCOUNT_ID>;ap-southeast-7;2026-08-19 02:30:11.271115;ae_5;Incident alert thresholds are established.;Detect (DE);Anomalies and Events (DE.AE);;aws;;FAIL;No CloudWatch log groups found with metric filters or alarms associated.;arn:aws:logs:ap-southeast-7:<SANDBOX_ACCOUNT_ID>:log-group;cloudwatch_changes_to_network_acls_alarm_configured;False;<SANDBOX_ACCOUNT_ID>;NIST-CSF;National Institute of Standards and Technology (NIST) Cybersecurity Framework (CSF) v1.1;
aws;The NIST Cybersecurity Framework (CSF) is supported by governments and industries worldwide as a recommended baseline for use by any organization, regardless of sector or size. The NIST Cybersecurity Framework consists of three primary components: the framework core, the profiles, and the implementation tiers. The framework core contains desired cybersecurity activities and outcomes organized into 23 categories that cover the breadth of cybersecurity objectives for an organization. The profiles contain an organization's unique alignment of their organizational requirements and objectives, risk appetite, and resources using the desired outcomes of the framework core. The implementation tiers describe the degree to which an organization’s cybersecurity risk management practices exhibit the characteristics defined in the framework core.;<SANDBOX_ACCOUNT_ID>;ap-southeast-7;2026-08-19 02:30:11.271115;cm_2;The physical environment is monitored to detect potential cybersecurity events.;Detect (DE);Security Continuous Monitoring (DE.CM);;aws;;FAIL;No CloudWatch log groups found with metric filters or alarms associated.;arn:aws:logs:ap-southeast-7:<SANDBOX_ACCOUNT_ID>:log-group;cloudwatch_changes_to_network_acls_alarm_configured;False;<SANDBOX_ACCOUNT_ID>;NIST-CSF;National Institute of Standards and Technology (NIST) Cybersecurity Framework (CSF) v1.1;
aws;The NIST Cybersecurity Framework (CSF) is supported by governments and industries worldwide as a recommended baseline for use by any organization, regardless of sector or size. The NIST Cybersecurity Framework consists of three primary components: the framework core, the profiles, and the implementation tiers. The framework core contains desired cybersecurity activities and outcomes organized into 23 categories that cover the breadth of cybersecurity objectives for an organization. The profiles contain an organization's unique alignment of their organizational requirements and objectives, risk appetite, and resources using the desired outcomes of the framework core. The implementation tiers describe the degree to which an organization’s cybersecurity risk management practices exhibit the characteristics defined in the framework core.;<SANDBOX_ACCOUNT_ID>;ap-southeast-7;2026-08-19 02:30:11.271115;cm_5;Unauthorized mobile code is detected.;Detect (DE);Security Continuous Monitoring (DE.CM);;aws;;FAIL;No CloudWatch log groups found with metric filters or alarms associated.;arn:aws:logs:ap-southeast-7:<SANDBOX_ACCOUNT_ID>:log-group;cloudwatch_changes_to_network_acls_alarm_configured;False;<SANDBOX_ACCOUNT_ID>;NIST-CSF;National Institute of Standards and Technology (NIST) Cybersecurity Framework (CSF) v1.1;
aws;The NIST Cybersecurity Framework (CSF) is supported by governments and industries worldwide as a recommended baseline for use by any organization, regardless of sector or size. The NIST Cybersecurity Framework consists of three primary components: the framework core, the profiles, and the implementation tiers. The framework core contains desired cybersecurity activities and outcomes organized into 23 categories that cover the breadth of cybersecurity objectives for an organization. The profiles contain an organization's unique alignment of their organizational requirements and objectives, risk appetite, and resources using the desired outcomes of the framework core. The implementation tiers describe the degree to which an organization’s cybersecurity risk management practices exhibit the characteristics defined in the framework core.;<SANDBOX_ACCOUNT_ID>;ap-southeast-7;2026-08-19 02:30:11.271115;cp_4;Event detection information is communicated.;Detect (DE);Detection Processes (DE.DP);;aws;;FAIL;No CloudWatch log groups found with metric filters or alarms associated.;arn:aws:logs:ap-southeast-7:<SANDBOX_ACCOUNT_ID>:log-group;cloudwatch_changes_to_network_acls_alarm_configured;False;<SANDBOX_ACCOUNT_ID>;NIST-CSF;National Institute of Standards and Technology (NIST) Cybersecurity Framework (CSF) v1.1;
aws;The NIST Cybersecurity Framework (CSF) is supported by governments and industries worldwide as a recommended baseline for use by any organization, regardless of sector or size. The NIST Cybersecurity Framework consists of three primary components: the framework core, the profiles, and the implementation tiers. The framework core contains desired cybersecurity activities and outcomes organized into 23 categories that cover the breadth of cybersecurity objectives for an organization. The profiles contain an organization's unique alignment of their organizational requirements and objectives, risk appetite, and resources using the desired outcomes of the framework core. The implementation tiers describe the degree to which an organization’s cybersecurity risk management practices exhibit the characteristics defined in the framework core.;<SANDBOX_ACCOUNT_ID>;ap-southeast-7;2026-08-19 02:30:11.271115;ra_5;Threats, vulnerabilities, likelihoods, and impacts are used to determine risk.;Identify (ID);Risk Assessment (ID.RA);;aws;;FAIL;No CloudWatch log groups found with metric filters or alarms associated.;arn:aws:logs:ap-southeast-7:<SANDBOX_ACCOUNT_ID>:log-group;cloudwatch_changes_to_network_acls_alarm_configured;False;<SANDBOX_ACCOUNT_ID>;NIST-CSF;National Institute of Standards and Technology (NIST) Cybersecurity Framework (CSF) v1.1;
aws;The NIST Cybersecurity Framework (CSF) is supported by governments and industries worldwide as a recommended baseline for use by any organization, regardless of sector or size. The NIST Cybersecurity Framework consists of three primary components: the framework core, the profiles, and the implementation tiers. The framework core contains desired cybersecurity activities and outcomes organized into 23 categories that cover the breadth of cybersecurity objectives for an organization. The profiles contain an organization's unique alignment of their organizational requirements and objectives, risk appetite, and resources using the desired outcomes of the framework core. The implementation tiers describe the degree to which an organization’s cybersecurity risk management practices exhibit the characteristics defined in the framework core.;<SANDBOX_ACCOUNT_ID>;ap-southeast-7;2026-08-19 02:30:11.271115;ae_5;Incident alert thresholds are established.;Detect (DE);Anomalies and Events (DE.AE);;aws;;FAIL;No CloudWatch log groups found with metric filters or alarms associated.;arn:aws:logs:ap-southeast-7:<SANDBOX_ACCOUNT_ID>:log-group;cloudwatch_changes_to_network_gateways_alarm_configured;False;<SANDBOX_ACCOUNT_ID>;NIST-CSF;National Institute of Standards and Technology (NIST) Cybersecurity Framework (CSF) v1.1;
aws;The NIST Cybersecurity Framework (CSF) is supported by governments and industries worldwide as a recommended baseline for use by any organization, regardless of sector or size. The NIST Cybersecurity Framework consists of three primary components: the framework core, the profiles, and the implementation tiers. The framework core contains desired cybersecurity activities and outcomes organized into 23 categories that cover the breadth of cybersecurity objectives for an organization. The profiles contain an organization's unique alignment of their organizational requirements and objectives, risk appetite, and resources using the desired outcomes of the framework core. The implementation tiers describe the degree to which an organization’s cybersecurity risk management practices exhibit the characteristics defined in the framework core.;<SANDBOX_ACCOUNT_ID>;ap-southeast-7;2026-08-19 02:30:11.271115;cm_2;The physical environment is monitored to detect potential cybersecurity events.;Detect (DE);Security Continuous Monitoring (DE.CM);;aws;;FAIL;No CloudWatch log groups found with metric filters or alarms associated.;arn:aws:logs:ap-southeast-7:<SANDBOX_ACCOUNT_ID>:log-group;cloudwatch_changes_to_network_gateways_alarm_configured;False;<SANDBOX_ACCOUNT_ID>;NIST-CSF;National Institute of Standards and Technology (NIST) Cybersecurity Framework (CSF) v1.1;
aws;The NIST Cybersecurity Framework (CSF) is supported by governments and industries worldwide as a recommended baseline for use by any organization, regardless of sector or size. The NIST Cybersecurity Framework consists of three primary components: the framework core, the profiles, and the implementation tiers. The framework core contains desired cybersecurity activities and outcomes organized into 23 categories that cover the breadth of cybersecurity objectives for an organization. The profiles contain an organization's unique alignment of their organizational requirements and objectives, risk appetite, and resources using the desired outcomes of the framework core. The implementation tiers describe the degree to which an organization’s cybersecurity risk management practices exhibit the characteristics defined in the framework core.;<SANDBOX_ACCOUNT_ID>;ap-southeast-7;2026-08-19 02:30:11.271115;cm_5;Unauthorized mobile code is detected.;Detect (DE);Security Continuous Monitoring (DE.CM);;aws;;FAIL;No CloudWatch log groups found with metric filters or alarms associated.;arn:aws:logs:ap-southeast-7:<SANDBOX_ACCOUNT_ID>:log-group;cloudwatch_changes_to_network_gateways_alarm_configured;False;<SANDBOX_ACCOUNT_ID>;NIST-CSF;National Institute of Standards and Technology (NIST) Cybersecurity Framework (CSF) v1.1;
aws;The NIST Cybersecurity Framework (CSF) is supported by governments and industries worldwide as a recommended baseline for use by any organization, regardless of sector or size. The NIST Cybersecurity Framework consists of three primary components: the framework core, the profiles, and the implementation tiers. The framework core contains desired cybersecurity activities and outcomes organized into 23 categories that cover the breadth of cybersecurity objectives for an organization. The profiles contain an organization's unique alignment of their organizational requirements and objectives, risk appetite, and resources using the desired outcomes of the framework core. The implementation tiers describe the degree to which an organization’s cybersecurity risk management practices exhibit the characteristics defined in the framework core.;<SANDBOX_ACCOUNT_ID>;ap-southeast-7;2026-08-19 02:30:11.271115;cp_4;Event detection information is communicated.;Detect (DE);Detection Processes (DE.DP);;aws;;FAIL;No CloudWatch log groups found with metric filters or alarms associated.;arn:aws:logs:ap-southeast-7:<SANDBOX_ACCOUNT_ID>:log-group;cloudwatch_changes_to_network_gateways_alarm_configured;False;<SANDBOX_ACCOUNT_ID>;NIST-CSF;National Institute of Standards and Technology (NIST) Cybersecurity Framework (CSF) v1.1;
aws;The NIST Cybersecurity Framework (CSF) is supported by governments and industries worldwide as a recommended baseline for use by any organization, regardless of sector or size. The NIST Cybersecurity Framework consists of three primary components: the framework core, the profiles, and the implementation tiers. The framework core contains desired cybersecurity activities and outcomes organized into 23 categories that cover the breadth of cybersecurity objectives for an organization. The profiles contain an organization's unique alignment of their organizational requirements and objectives, risk appetite, and resources using the desired outcomes of the framework core. The implementation tiers describe the degree to which an organization’s cybersecurity risk management practices exhibit the characteristics defined in the framework core.;<SANDBOX_ACCOUNT_ID>;ap-southeast-7;2026-08-19 02:30:11.271115;ra_5;Threats, vulnerabilities, likelihoods, and impacts are used to determine risk.;Identify (ID);Risk Assessment (ID.RA);;aws;;FAIL;No CloudWatch log groups found with metric filters or alarms associated.;arn:aws:logs:ap-southeast-7:<SANDBOX_ACCOUNT_ID>:log-group;cloudwatch_changes_to_network_gateways_alarm_configured;False;<SANDBOX_ACCOUNT_ID>;NIST-CSF;National Institute of Standards and Technology (NIST) Cybersecurity Framework (CSF) v1.1;
aws;The NIST Cybersecurity Framework (CSF) is supported by governments and industries worldwide as a recommended baseline for use by any organization, regardless of sector or size. The NIST Cybersecurity Framework consists of three primary components: the framework core, the profiles, and the implementation tiers. The framework core contains desired cybersecurity activities and outcomes organized into 23 categories that cover the breadth of cybersecurity objectives for an organization. The profiles contain an organization's unique alignment of their organizational requirements and objectives, risk appetite, and resources using the desired outcomes of the framework core. The implementation tiers describe the degree to which an organization’s cybersecurity risk management practices exhibit the characteristics defined in the framework core.;<SANDBOX_ACCOUNT_ID>;ap-southeast-7;2026-08-19 02:30:11.271115;ae_5;Incident alert thresholds are established.;Detect (DE);Anomalies and Events (DE.AE);;aws;;FAIL;No CloudWatch log groups found with metric filters or alarms associated.;arn:aws:logs:ap-southeast-7:<SANDBOX_ACCOUNT_ID>:log-group;cloudwatch_changes_to_network_route_tables_alarm_configured;False;<SANDBOX_ACCOUNT_ID>;NIST-CSF;National Institute of Standards and Technology (NIST) Cybersecurity Framework (CSF) v1.1;
aws;The NIST Cybersecurity Framework (CSF) is supported by governments and industries worldwide as a recommended baseline for use by any organization, regardless of sector or size. The NIST Cybersecurity Framework consists of three primary components: the framework core, the profiles, and the implementation tiers. The framework core contains desired cybersecurity activities and outcomes organized into 23 categories that cover the breadth of cybersecurity objectives for an organization. The profiles contain an organization's unique alignment of their organizational requirements and objectives, risk appetite, and resources using the desired outcomes of the framework core. The implementation tiers describe the degree to which an organization’s cybersecurity risk management practices exhibit the characteristics defined in the framework core.;<SANDBOX_ACCOUNT_ID>;ap-southeast-7;2026-08-19 02:30:11.271115;cm_2;The physical environment is monitored to detect potential cybersecurity events.;Detect (DE);Security Continuous Monitoring (DE.CM);;aws;;FAIL;No CloudWatch log groups found with metric filters or alarms associated.;arn:aws:logs:ap-southeast-7:<SANDBOX_ACCOUNT_ID>:log-group;cloudwatch_changes_to_network_route_tables_alarm_configured;False;<SANDBOX_ACCOUNT_ID>;NIST-CSF;National Institute of Standards and Technology (NIST) Cybersecurity Framework (CSF) v1.1;
aws;The NIST Cybersecurity Framework (CSF) is supported by governments and industries worldwide as a recommended baseline for use by any organization, regardless of sector or size. The NIST Cybersecurity Framework consists of three primary components: the framework core, the profiles, and the implementation tiers. The framework core contains desired cybersecurity activities and outcomes organized into 23 categories that cover the breadth of cybersecurity objectives for an organization. The profiles contain an organization's unique alignment of their organizational requirements and objectives, risk appetite, and resources using the desired outcomes of the framework core. The implementation tiers describe the degree to which an organization’s cybersecurity risk management practices exhibit the characteristics defined in the framework core.;<SANDBOX_ACCOUNT_ID>;ap-southeast-7;2026-08-19 02:30:11.271115;cm_5;Unauthorized mobile code is detected.;Detect (DE);Security Continuous Monitoring (DE.CM);;aws;;FAIL;No CloudWatch log groups found with metric filters or alarms associated.;arn:aws:logs:ap-southeast-7:<SANDBOX_ACCOUNT_ID>:log-group;cloudwatch_changes_to_network_route_tables_alarm_configured;False;<SANDBOX_ACCOUNT_ID>;NIST-CSF;National Institute of Standards and Technology (NIST) Cybersecurity Framework (CSF) v1.1;
aws;The NIST Cybersecurity Framework (CSF) is supported by governments and industries worldwide as a recommended baseline for use by any organization, regardless of sector or size. The NIST Cybersecurity Framework consists of three primary components: the framework core, the profiles, and the implementation tiers. The framework core contains desired cybersecurity activities and outcomes organized into 23 categories that cover the breadth of cybersecurity objectives for an organization. The profiles contain an organization's unique alignment of their organizational requirements and objectives, risk appetite, and resources using the desired outcomes of the framework core. The implementation tiers describe the degree to which an organization’s cybersecurity risk management practices exhibit the characteristics defined in the framework core.;<SANDBOX_ACCOUNT_ID>;ap-southeast-7;2026-08-19 02:30:11.271115;cp_4;Event detection information is communicated.;Detect (DE);Detection Processes (DE.DP);;aws;;FAIL;No CloudWatch log groups found with metric filters or alarms associated.;arn:aws:logs:ap-southeast-7:<SANDBOX_ACCOUNT_ID>:log-group;cloudwatch_changes_to_network_route_tables_alarm_configured;False;<SANDBOX_ACCOUNT_ID>;NIST-CSF;National Institute of Standards and Technology (NIST) Cybersecurity Framework (CSF) v1.1;
aws;The NIST Cybersecurity Framework (CSF) is supported by governments and industries worldwide as a recommended baseline for use by any organization, regardless of sector or size. The NIST Cybersecurity Framework consists of three primary components: the framework core, the profiles, and the implementation tiers. The framework core contains desired cybersecurity activities and outcomes organized into 23 categories that cover the breadth of cybersecurity objectives for an organization. The profiles contain an organization's unique alignment of their organizational requirements and objectives, risk appetite, and resources using the desired outcomes of the framework core. The implementation tiers describe the degree to which an organization’s cybersecurity risk management practices exhibit the characteristics defined in the framework core.;<SANDBOX_ACCOUNT_ID>;ap-southeast-7;2026-08-19 02:30:11.271115;ra_5;Threats, vulnerabilities, likelihoods, and impacts are used to determine risk.;Identify (ID);Risk Assessment (ID.RA);;aws;;FAIL;No CloudWatch log groups found with metric filters or alarms associated.;arn:aws:logs:ap-southeast-7:<SANDBOX_ACCOUNT_ID>:log-group;cloudwatch_changes_to_network_route_tables_alarm_configured;False;<SANDBOX_ACCOUNT_ID>;NIST-CSF;National Institute of Standards and Technology (NIST) Cybersecurity Framework (CSF) v1.1;
aws;The NIST Cybersecurity Framework (CSF) is supported by governments and industries worldwide as a recommended baseline for use by any organization, regardless of sector or size. The NIST Cybersecurity Framework consists of three primary components: the framework core, the profiles, and the implementation tiers. The framework core contains desired cybersecurity activities and outcomes organized into 23 categories that cover the breadth of cybersecurity objectives for an organization. The profiles contain an organization's unique alignment of their organizational requirements and objectives, risk appetite, and resources using the desired outcomes of the framework core. The implementation tiers describe the degree to which an organization’s cybersecurity risk management practices exhibit the characteristics defined in the framework core.;<SANDBOX_ACCOUNT_ID>;ap-southeast-7;2026-08-19 02:30:11.271115;ae_5;Incident alert thresholds are established.;Detect (DE);Anomalies and Events (DE.AE);;aws;;FAIL;No CloudWatch log groups found with metric filters or alarms associated.;arn:aws:logs:ap-southeast-7:<SANDBOX_ACCOUNT_ID>:log-group;cloudwatch_changes_to_vpcs_alarm_configured;False;<SANDBOX_ACCOUNT_ID>;NIST-CSF;National Institute of Standards and Technology (NIST) Cybersecurity Framework (CSF) v1.1;
aws;The NIST Cybersecurity Framework (CSF) is supported by governments and industries worldwide as a recommended baseline for use by any organization, regardless of sector or size. The NIST Cybersecurity Framework consists of three primary components: the framework core, the profiles, and the implementation tiers. The framework core contains desired cybersecurity activities and outcomes organized into 23 categories that cover the breadth of cybersecurity objectives for an organization. The profiles contain an organization's unique alignment of their organizational requirements and objectives, risk appetite, and resources using the desired outcomes of the framework core. The implementation tiers describe the degree to which an organization’s cybersecurity risk management practices exhibit the characteristics defined in the framework core.;<SANDBOX_ACCOUNT_ID>;ap-southeast-7;2026-08-19 02:30:11.271115;cm_2;The physical environment is monitored to detect potential cybersecurity events.;Detect (DE);Security Continuous Monitoring (DE.CM);;aws;;FAIL;No CloudWatch log groups found with metric filters or alarms associated.;arn:aws:logs:ap-southeast-7:<SANDBOX_ACCOUNT_ID>:log-group;cloudwatch_changes_to_vpcs_alarm_configured;False;<SANDBOX_ACCOUNT_ID>;NIST-CSF;National Institute of Standards and Technology (NIST) Cybersecurity Framework (CSF) v1.1;
aws;The NIST Cybersecurity Framework (CSF) is supported by governments and industries worldwide as a recommended baseline for use by any organization, regardless of sector or size. The NIST Cybersecurity Framework consists of three primary components: the framework core, the profiles, and the implementation tiers. The framework core contains desired cybersecurity activities and outcomes organized into 23 categories that cover the breadth of cybersecurity objectives for an organization. The profiles contain an organization's unique alignment of their organizational requirements and objectives, risk appetite, and resources using the desired outcomes of the framework core. The implementation tiers describe the degree to which an organization’s cybersecurity risk management practices exhibit the characteristics defined in the framework core.;<SANDBOX_ACCOUNT_ID>;ap-southeast-7;2026-08-19 02:30:11.271115;cm_5;Unauthorized mobile code is detected.;Detect (DE);Security Continuous Monitoring (DE.CM);;aws;;FAIL;No CloudWatch log groups found with metric filters or alarms associated.;arn:aws:logs:ap-southeast-7:<SANDBOX_ACCOUNT_ID>:log-group;cloudwatch_changes_to_vpcs_alarm_configured;False;<SANDBOX_ACCOUNT_ID>;NIST-CSF;National Institute of Standards and Technology (NIST) Cybersecurity Framework (CSF) v1.1;
aws;The NIST Cybersecurity Framework (CSF) is supported by governments and industries worldwide as a recommended baseline for use by any organization, regardless of sector or size. The NIST Cybersecurity Framework consists of three primary components: the framework core, the profiles, and the implementation tiers. The framework core contains desired cybersecurity activities and outcomes organized into 23 categories that cover the breadth of cybersecurity objectives for an organization. The profiles contain an organization's unique alignment of their organizational requirements and objectives, risk appetite, and resources using the desired outcomes of the framework core. The implementation tiers describe the degree to which an organization’s cybersecurity risk management practices exhibit the characteristics defined in the framework core.;<SANDBOX_ACCOUNT_ID>;ap-southeast-7;2026-08-19 02:30:11.271115;cp_4;Event detection information is communicated.;Detect (DE);Detection Processes (DE.DP);;aws;;FAIL;No CloudWatch log groups found with metric filters or alarms associated.;arn:aws:logs:ap-southeast-7:<SANDBOX_ACCOUNT_ID>:log-group;cloudwatch_changes_to_vpcs_alarm_configured;False;<SANDBOX_ACCOUNT_ID>;NIST-CSF;National Institute of Standards and Technology (NIST) Cybersecurity Framework (CSF) v1.1;
aws;The NIST Cybersecurity Framework (CSF) is supported by governments and industries worldwide as a recommended baseline for use by any organization, regardless of sector or size. The NIST Cybersecurity Framework consists of three primary components: the framework core, the profiles, and the implementation tiers. The framework core contains desired cybersecurity activities and outcomes organized into 23 categories that cover the breadth of cybersecurity objectives for an organization. The profiles contain an organization's unique alignment of their organizational requirements and objectives, risk appetite, and resources using the desired outcomes of the framework core. The implementation tiers describe the degree to which an organization’s cybersecurity risk management practices exhibit the characteristics defined in the framework core.;<SANDBOX_ACCOUNT_ID>;ap-southeast-7;2026-08-19 02:30:11.271115;ra_5;Threats, vulnerabilities, likelihoods, and impacts are used to determine risk.;Identify (ID);Risk Assessment (ID.RA);;aws;;FAIL;No CloudWatch log groups found with metric filters or alarms associated.;arn:aws:logs:ap-southeast-7:<SANDBOX_ACCOUNT_ID>:log-group;cloudwatch_changes_to_vpcs_alarm_configured;False;<SANDBOX_ACCOUNT_ID>;NIST-CSF;National Institute of Standards and Technology (NIST) Cybersecurity Framework (CSF) v1.1;
aws;The NIST Cybersecurity Framework (CSF) is supported by governments and industries worldwide as a recommended baseline for use by any organization, regardless of sector or size. The NIST Cybersecurity Framework consists of three primary components: the framework core, the profiles, and the implementation tiers. The framework core contains desired cybersecurity activities and outcomes organized into 23 categories that cover the breadth of cybersecurity objectives for an organization. The profiles contain an organization's unique alignment of their organizational requirements and objectives, risk appetite, and resources using the desired outcomes of the framework core. The implementation tiers describe the degree to which an organization’s cybersecurity risk management practices exhibit the characteristics defined in the framework core.;<SANDBOX_ACCOUNT_ID>;ap-southeast-7;2026-08-19 02:30:11.271115;ds_1;Data-at-rest is protected.;Protect (PR);Data Security (PR.DS);;aws;;FAIL;Log Group /aws/cloudtrail/range does not have AWS KMS keys associated.;arn:aws:logs:ap-southeast-7:<SANDBOX_ACCOUNT_ID>:log-group:/aws/cloudtrail/range:*;cloudwatch_log_group_kms_encryption_enabled;False;/aws/cloudtrail/range;NIST-CSF;National Institute of Standards and Technology (NIST) Cybersecurity Framework (CSF) v1.1;
aws;The NIST Cybersecurity Framework (CSF) is supported by governments and industries worldwide as a recommended baseline for use by any organization, regardless of sector or size. The NIST Cybersecurity Framework consists of three primary components: the framework core, the profiles, and the implementation tiers. The framework core contains desired cybersecurity activities and outcomes organized into 23 categories that cover the breadth of cybersecurity objectives for an organization. The profiles contain an organization's unique alignment of their organizational requirements and objectives, risk appetite, and resources using the desired outcomes of the framework core. The implementation tiers describe the degree to which an organization’s cybersecurity risk management practices exhibit the characteristics defined in the framework core.;<SANDBOX_ACCOUNT_ID>;ap-southeast-7;2026-08-19 02:30:11.271115;cm_2;The physical environment is monitored to detect potential cybersecurity events.;Detect (DE);Security Continuous Monitoring (DE.CM);;aws;;FAIL;No CloudWatch log groups found with metric filters or alarms associated.;arn:aws:logs:ap-southeast-7:<SANDBOX_ACCOUNT_ID>:log-group;cloudwatch_log_metric_filter_and_alarm_for_aws_config_configuration_changes_enabled;False;<SANDBOX_ACCOUNT_ID>;NIST-CSF;National Institute of Standards and Technology (NIST) Cybersecurity Framework (CSF) v1.1;
aws;The NIST Cybersecurity Framework (CSF) is supported by governments and industries worldwide as a recommended baseline for use by any organization, regardless of sector or size. The NIST Cybersecurity Framework consists of three primary components: the framework core, the profiles, and the implementation tiers. The framework core contains desired cybersecurity activities and outcomes organized into 23 categories that cover the breadth of cybersecurity objectives for an organization. The profiles contain an organization's unique alignment of their organizational requirements and objectives, risk appetite, and resources using the desired outcomes of the framework core. The implementation tiers describe the degree to which an organization’s cybersecurity risk management practices exhibit the characteristics defined in the framework core.;<SANDBOX_ACCOUNT_ID>;ap-southeast-7;2026-08-19 02:30:11.271115;ra_5;Threats, vulnerabilities, likelihoods, and impacts are used to determine risk.;Identify (ID);Risk Assessment (ID.RA);;aws;;FAIL;No CloudWatch log groups found with metric filters or alarms associated.;arn:aws:logs:ap-southeast-7:<SANDBOX_ACCOUNT_ID>:log-group;cloudwatch_log_metric_filter_and_alarm_for_aws_config_configuration_changes_enabled;False;<SANDBOX_ACCOUNT_ID>;NIST-CSF;National Institute of Standards and Technology (NIST) Cybersecurity Framework (CSF) v1.1;
aws;The NIST Cybersecurity Framework (CSF) is supported by governments and industries worldwide as a recommended baseline for use by any organization, regardless of sector or size. The NIST Cybersecurity Framework consists of three primary components: the framework core, the profiles, and the implementation tiers. The framework core contains desired cybersecurity activities and outcomes organized into 23 categories that cover the breadth of cybersecurity objectives for an organization. The profiles contain an organization's unique alignment of their organizational requirements and objectives, risk appetite, and resources using the desired outcomes of the framework core. The implementation tiers describe the degree to which an organization’s cybersecurity risk management practices exhibit the characteristics defined in the framework core.;<SANDBOX_ACCOUNT_ID>;ap-southeast-7;2026-08-19 02:30:11.271115;sc_4;Suppliers and third-party partners are routinely assessed using audits, test results, or other forms of evaluations to confirm they are meeting their contractual obligations.;Identify (ID);Supply Chain Risk Management (ID.SC);;aws;;FAIL;No CloudWatch log groups found with metric filters or alarms associated.;arn:aws:logs:ap-southeast-7:<SANDBOX_ACCOUNT_ID>:log-group;cloudwatch_log_metric_filter_and_alarm_for_aws_config_configuration_changes_enabled;False;<SANDBOX_ACCOUNT_ID>;NIST-CSF;National Institute of Standards and Technology (NIST) Cybersecurity Framework (CSF) v1.1;
aws;The NIST Cybersecurity Framework (CSF) is supported by governments and industries worldwide as a recommended baseline for use by any organization, regardless of sector or size. The NIST Cybersecurity Framework consists of three primary components: the framework core, the profiles, and the implementation tiers. The framework core contains desired cybersecurity activities and outcomes organized into 23 categories that cover the breadth of cybersecurity objectives for an organization. The profiles contain an organization's unique alignment of their organizational requirements and objectives, risk appetite, and resources using the desired outcomes of the framework core. The implementation tiers describe the degree to which an organization’s cybersecurity risk management practices exhibit the characteristics defined in the framework core.;<SANDBOX_ACCOUNT_ID>;ap-southeast-7;2026-08-19 02:30:11.271115;cm_2;The physical environment is monitored to detect potential cybersecurity events.;Detect (DE);Security Continuous Monitoring (DE.CM);;aws;;FAIL;No CloudWatch log groups found with metric filters or alarms associated.;arn:aws:logs:ap-southeast-7:<SANDBOX_ACCOUNT_ID>:log-group;cloudwatch_log_metric_filter_and_alarm_for_cloudtrail_configuration_changes_enabled;False;<SANDBOX_ACCOUNT_ID>;NIST-CSF;National Institute of Standards and Technology (NIST) Cybersecurity Framework (CSF) v1.1;
aws;The NIST Cybersecurity Framework (CSF) is supported by governments and industries worldwide as a recommended baseline for use by any organization, regardless of sector or size. The NIST Cybersecurity Framework consists of three primary components: the framework core, the profiles, and the implementation tiers. The framework core contains desired cybersecurity activities and outcomes organized into 23 categories that cover the breadth of cybersecurity objectives for an organization. The profiles contain an organization's unique alignment of their organizational requirements and objectives, risk appetite, and resources using the desired outcomes of the framework core. The implementation tiers describe the degree to which an organization’s cybersecurity risk management practices exhibit the characteristics defined in the framework core.;<SANDBOX_ACCOUNT_ID>;ap-southeast-7;2026-08-19 02:30:11.271115;ra_5;Threats, vulnerabilities, likelihoods, and impacts are used to determine risk.;Identify (ID);Risk Assessment (ID.RA);;aws;;FAIL;No CloudWatch log groups found with metric filters or alarms associated.;arn:aws:logs:ap-southeast-7:<SANDBOX_ACCOUNT_ID>:log-group;cloudwatch_log_metric_filter_and_alarm_for_cloudtrail_configuration_changes_enabled;False;<SANDBOX_ACCOUNT_ID>;NIST-CSF;National Institute of Standards and Technology (NIST) Cybersecurity Framework (CSF) v1.1;
aws;The NIST Cybersecurity Framework (CSF) is supported by governments and industries worldwide as a recommended baseline for use by any organization, regardless of sector or size. The NIST Cybersecurity Framework consists of three primary components: the framework core, the profiles, and the implementation tiers. The framework core contains desired cybersecurity activities and outcomes organized into 23 categories that cover the breadth of cybersecurity objectives for an organization. The profiles contain an organization's unique alignment of their organizational requirements and objectives, risk appetite, and resources using the desired outcomes of the framework core. The implementation tiers describe the degree to which an organization’s cybersecurity risk management practices exhibit the characteristics defined in the framework core.;<SANDBOX_ACCOUNT_ID>;ap-southeast-7;2026-08-19 02:30:11.271115;sc_4;Suppliers and third-party partners are routinely assessed using audits, test results, or other forms of evaluations to confirm they are meeting their contractual obligations.;Identify (ID);Supply Chain Risk Management (ID.SC);;aws;;FAIL;No CloudWatch log groups found with metric filters or alarms associated.;arn:aws:logs:ap-southeast-7:<SANDBOX_ACCOUNT_ID>:log-group;cloudwatch_log_metric_filter_and_alarm_for_cloudtrail_configuration_changes_enabled;False;<SANDBOX_ACCOUNT_ID>;NIST-CSF;National Institute of Standards and Technology (NIST) Cybersecurity Framework (CSF) v1.1;
aws;The NIST Cybersecurity Framework (CSF) is supported by governments and industries worldwide as a recommended baseline for use by any organization, regardless of sector or size. The NIST Cybersecurity Framework consists of three primary components: the framework core, the profiles, and the implementation tiers. The framework core contains desired cybersecurity activities and outcomes organized into 23 categories that cover the breadth of cybersecurity objectives for an organization. The profiles contain an organization's unique alignment of their organizational requirements and objectives, risk appetite, and resources using the desired outcomes of the framework core. The implementation tiers describe the degree to which an organization’s cybersecurity risk management practices exhibit the characteristics defined in the framework core.;<SANDBOX_ACCOUNT_ID>;ap-southeast-7;2026-08-19 02:30:11.271115;cm_2;The physical environment is monitored to detect potential cybersecurity events.;Detect (DE);Security Continuous Monitoring (DE.CM);;aws;;FAIL;No CloudWatch log groups found with metric filters or alarms associated.;arn:aws:logs:ap-southeast-7:<SANDBOX_ACCOUNT_ID>:log-group;cloudwatch_log_metric_filter_authentication_failures;False;<SANDBOX_ACCOUNT_ID>;NIST-CSF;National Institute of Standards and Technology (NIST) Cybersecurity Framework (CSF) v1.1;
aws;The NIST Cybersecurity Framework (CSF) is supported by governments and industries worldwide as a recommended baseline for use by any organization, regardless of sector or size. The NIST Cybersecurity Framework consists of three primary components: the framework core, the profiles, and the implementation tiers. The framework core contains desired cybersecurity activities and outcomes organized into 23 categories that cover the breadth of cybersecurity objectives for an organization. The profiles contain an organization's unique alignment of their organizational requirements and objectives, risk appetite, and resources using the desired outcomes of the framework core. The implementation tiers describe the degree to which an organization’s cybersecurity risk management practices exhibit the characteristics defined in the framework core.;<SANDBOX_ACCOUNT_ID>;ap-southeast-7;2026-08-19 02:30:11.271115;ra_5;Threats, vulnerabilities, likelihoods, and impacts are used to determine risk.;Identify (ID);Risk Assessment (ID.RA);;aws;;FAIL;No CloudWatch log groups found with metric filters or alarms associated.;arn:aws:logs:ap-southeast-7:<SANDBOX_ACCOUNT_ID>:log-group;cloudwatch_log_metric_filter_authentication_failures;False;<SANDBOX_ACCOUNT_ID>;NIST-CSF;National Institute of Standards and Technology (NIST) Cybersecurity Framework (CSF) v1.1;
aws;The NIST Cybersecurity Framework (CSF) is supported by governments and industries worldwide as a recommended baseline for use by any organization, regardless of sector or size. The NIST Cybersecurity Framework consists of three primary components: the framework core, the profiles, and the implementation tiers. The framework core contains desired cybersecurity activities and outcomes organized into 23 categories that cover the breadth of cybersecurity objectives for an organization. The profiles contain an organization's unique alignment of their organizational requirements and objectives, risk appetite, and resources using the desired outcomes of the framework core. The implementation tiers describe the degree to which an organization’s cybersecurity risk management practices exhibit the characteristics defined in the framework core.;<SANDBOX_ACCOUNT_ID>;ap-southeast-7;2026-08-19 02:30:11.271115;sc_4;Suppliers and third-party partners are routinely assessed using audits, test results, or other forms of evaluations to confirm they are meeting their contractual obligations.;Identify (ID);Supply Chain Risk Management (ID.SC);;aws;;FAIL;No CloudWatch log groups found with metric filters or alarms associated.;arn:aws:logs:ap-southeast-7:<SANDBOX_ACCOUNT_ID>:log-group;cloudwatch_log_metric_filter_authentication_failures;False;<SANDBOX_ACCOUNT_ID>;NIST-CSF;National Institute of Standards and Technology (NIST) Cybersecurity Framework (CSF) v1.1;
aws;The NIST Cybersecurity Framework (CSF) is supported by governments and industries worldwide as a recommended baseline for use by any organization, regardless of sector or size. The NIST Cybersecurity Framework consists of three primary components: the framework core, the profiles, and the implementation tiers. The framework core contains desired cybersecurity activities and outcomes organized into 23 categories that cover the breadth of cybersecurity objectives for an organization. The profiles contain an organization's unique alignment of their organizational requirements and objectives, risk appetite, and resources using the desired outcomes of the framework core. The implementation tiers describe the degree to which an organization’s cybersecurity risk management practices exhibit the characteristics defined in the framework core.;<SANDBOX_ACCOUNT_ID>;ap-southeast-7;2026-08-19 02:30:11.271115;cm_2;The physical environment is monitored to detect potential cybersecurity events.;Detect (DE);Security Continuous Monitoring (DE.CM);;aws;;FAIL;No CloudWatch log groups found with metric filters or alarms associated.;arn:aws:logs:ap-southeast-7:<SANDBOX_ACCOUNT_ID>:log-group;cloudwatch_log_metric_filter_disable_or_scheduled_deletion_of_kms_cmk;False;<SANDBOX_ACCOUNT_ID>;NIST-CSF;National Institute of Standards and Technology (NIST) Cybersecurity Framework (CSF) v1.1;
aws;The NIST Cybersecurity Framework (CSF) is supported by governments and industries worldwide as a recommended baseline for use by any organization, regardless of sector or size. The NIST Cybersecurity Framework consists of three primary components: the framework core, the profiles, and the implementation tiers. The framework core contains desired cybersecurity activities and outcomes organized into 23 categories that cover the breadth of cybersecurity objectives for an organization. The profiles contain an organization's unique alignment of their organizational requirements and objectives, risk appetite, and resources using the desired outcomes of the framework core. The implementation tiers describe the degree to which an organization’s cybersecurity risk management practices exhibit the characteristics defined in the framework core.;<SANDBOX_ACCOUNT_ID>;ap-southeast-7;2026-08-19 02:30:11.271115;ra_5;Threats, vulnerabilities, likelihoods, and impacts are used to determine risk.;Identify (ID);Risk Assessment (ID.RA);;aws;;FAIL;No CloudWatch log groups found with metric filters or alarms associated.;arn:aws:logs:ap-southeast-7:<SANDBOX_ACCOUNT_ID>:log-group;cloudwatch_log_metric_filter_disable_or_scheduled_deletion_of_kms_cmk;False;<SANDBOX_ACCOUNT_ID>;NIST-CSF;National Institute of Standards and Technology (NIST) Cybersecurity Framework (CSF) v1.1;
aws;The NIST Cybersecurity Framework (CSF) is supported by governments and industries worldwide as a recommended baseline for use by any organization, regardless of sector or size. The NIST Cybersecurity Framework consists of three primary components: the framework core, the profiles, and the implementation tiers. The framework core contains desired cybersecurity activities and outcomes organized into 23 categories that cover the breadth of cybersecurity objectives for an organization. The profiles contain an organization's unique alignment of their organizational requirements and objectives, risk appetite, and resources using the desired outcomes of the framework core. The implementation tiers describe the degree to which an organization’s cybersecurity risk management practices exhibit the characteristics defined in the framework core.;<SANDBOX_ACCOUNT_ID>;ap-southeast-7;2026-08-19 02:30:11.271115;sc_4;Suppliers and third-party partners are routinely assessed using audits, test results, or other forms of evaluations to confirm they are meeting their contractual obligations.;Identify (ID);Supply Chain Risk Management (ID.SC);;aws;;FAIL;No CloudWatch log groups found with metric filters or alarms associated.;arn:aws:logs:ap-southeast-7:<SANDBOX_ACCOUNT_ID>:log-group;cloudwatch_log_metric_filter_disable_or_scheduled_deletion_of_kms_cmk;False;<SANDBOX_ACCOUNT_ID>;NIST-CSF;National Institute of Standards and Technology (NIST) Cybersecurity Framework (CSF) v1.1;
aws;The NIST Cybersecurity Framework (CSF) is supported by governments and industries worldwide as a recommended baseline for use by any organization, regardless of sector or size. The NIST Cybersecurity Framework consists of three primary components: the framework core, the profiles, and the implementation tiers. The framework core contains desired cybersecurity activities and outcomes organized into 23 categories that cover the breadth of cybersecurity objectives for an organization. The profiles contain an organization's unique alignment of their organizational requirements and objectives, risk appetite, and resources using the desired outcomes of the framework core. The implementation tiers describe the degree to which an organization’s cybersecurity risk management practices exhibit the characteristics defined in the framework core.;<SANDBOX_ACCOUNT_ID>;ap-southeast-7;2026-08-19 02:30:11.271115;cm_2;The physical environment is monitored to detect potential cybersecurity events.;Detect (DE);Security Continuous Monitoring (DE.CM);;aws;;FAIL;No CloudWatch log groups found with metric filters or alarms associated.;arn:aws:logs:ap-southeast-7:<SANDBOX_ACCOUNT_ID>:log-group;cloudwatch_log_metric_filter_for_s3_bucket_policy_changes;False;<SANDBOX_ACCOUNT_ID>;NIST-CSF;National Institute of Standards and Technology (NIST) Cybersecurity Framework (CSF) v1.1;
aws;The NIST Cybersecurity Framework (CSF) is supported by governments and industries worldwide as a recommended baseline for use by any organization, regardless of sector or size. The NIST Cybersecurity Framework consists of three primary components: the framework core, the profiles, and the implementation tiers. The framework core contains desired cybersecurity activities and outcomes organized into 23 categories that cover the breadth of cybersecurity objectives for an organization. The profiles contain an organization's unique alignment of their organizational requirements and objectives, risk appetite, and resources using the desired outcomes of the framework core. The implementation tiers describe the degree to which an organization’s cybersecurity risk management practices exhibit the characteristics defined in the framework core.;<SANDBOX_ACCOUNT_ID>;ap-southeast-7;2026-08-19 02:30:11.271115;ra_5;Threats, vulnerabilities, likelihoods, and impacts are used to determine risk.;Identify (ID);Risk Assessment (ID.RA);;aws;;FAIL;No CloudWatch log groups found with metric filters or alarms associated.;arn:aws:logs:ap-southeast-7:<SANDBOX_ACCOUNT_ID>:log-group;cloudwatch_log_metric_filter_for_s3_bucket_policy_changes;False;<SANDBOX_ACCOUNT_ID>;NIST-CSF;National Institute of Standards and Technology (NIST) Cybersecurity Framework (CSF) v1.1;
aws;The NIST Cybersecurity Framework (CSF) is supported by governments and industries worldwide as a recommended baseline for use by any organization, regardless of sector or size. The NIST Cybersecurity Framework consists of three primary components: the framework core, the profiles, and the implementation tiers. The framework core contains desired cybersecurity activities and outcomes organized into 23 categories that cover the breadth of cybersecurity objectives for an organization. The profiles contain an organization's unique alignment of their organizational requirements and objectives, risk appetite, and resources using the desired outcomes of the framework core. The implementation tiers describe the degree to which an organization’s cybersecurity risk management practices exhibit the characteristics defined in the framework core.;<SANDBOX_ACCOUNT_ID>;ap-southeast-7;2026-08-19 02:30:11.271115;sc_4;Suppliers and third-party partners are routinely assessed using audits, test results, or other forms of evaluations to confirm they are meeting their contractual obligations.;Identify (ID);Supply Chain Risk Management (ID.SC);;aws;;FAIL;No CloudWatch log groups found with metric filters or alarms associated.;arn:aws:logs:ap-southeast-7:<SANDBOX_ACCOUNT_ID>:log-group;cloudwatch_log_metric_filter_for_s3_bucket_policy_changes;False;<SANDBOX_ACCOUNT_ID>;NIST-CSF;National Institute of Standards and Technology (NIST) Cybersecurity Framework (CSF) v1.1;
aws;The NIST Cybersecurity Framework (CSF) is supported by governments and industries worldwide as a recommended baseline for use by any organization, regardless of sector or size. The NIST Cybersecurity Framework consists of three primary components: the framework core, the profiles, and the implementation tiers. The framework core contains desired cybersecurity activities and outcomes organized into 23 categories that cover the breadth of cybersecurity objectives for an organization. The profiles contain an organization's unique alignment of their organizational requirements and objectives, risk appetite, and resources using the desired outcomes of the framework core. The implementation tiers describe the degree to which an organization’s cybersecurity risk management practices exhibit the characteristics defined in the framework core.;<SANDBOX_ACCOUNT_ID>;ap-southeast-7;2026-08-19 02:30:11.271115;cm_2;The physical environment is monitored to detect potential cybersecurity events.;Detect (DE);Security Continuous Monitoring (DE.CM);;aws;;FAIL;No CloudWatch log groups found with metric filters or alarms associated.;arn:aws:logs:ap-southeast-7:<SANDBOX_ACCOUNT_ID>:log-group;cloudwatch_log_metric_filter_policy_changes;False;<SANDBOX_ACCOUNT_ID>;NIST-CSF;National Institute of Standards and Technology (NIST) Cybersecurity Framework (CSF) v1.1;
aws;The NIST Cybersecurity Framework (CSF) is supported by governments and industries worldwide as a recommended baseline for use by any organization, regardless of sector or size. The NIST Cybersecurity Framework consists of three primary components: the framework core, the profiles, and the implementation tiers. The framework core contains desired cybersecurity activities and outcomes organized into 23 categories that cover the breadth of cybersecurity objectives for an organization. The profiles contain an organization's unique alignment of their organizational requirements and objectives, risk appetite, and resources using the desired outcomes of the framework core. The implementation tiers describe the degree to which an organization’s cybersecurity risk management practices exhibit the characteristics defined in the framework core.;<SANDBOX_ACCOUNT_ID>;ap-southeast-7;2026-08-19 02:30:11.271115;ra_5;Threats, vulnerabilities, likelihoods, and impacts are used to determine risk.;Identify (ID);Risk Assessment (ID.RA);;aws;;FAIL;No CloudWatch log groups found with metric filters or alarms associated.;arn:aws:logs:ap-southeast-7:<SANDBOX_ACCOUNT_ID>:log-group;cloudwatch_log_metric_filter_policy_changes;False;<SANDBOX_ACCOUNT_ID>;NIST-CSF;National Institute of Standards and Technology (NIST) Cybersecurity Framework (CSF) v1.1;
aws;The NIST Cybersecurity Framework (CSF) is supported by governments and industries worldwide as a recommended baseline for use by any organization, regardless of sector or size. The NIST Cybersecurity Framework consists of three primary components: the framework core, the profiles, and the implementation tiers. The framework core contains desired cybersecurity activities and outcomes organized into 23 categories that cover the breadth of cybersecurity objectives for an organization. The profiles contain an organization's unique alignment of their organizational requirements and objectives, risk appetite, and resources using the desired outcomes of the framework core. The implementation tiers describe the degree to which an organization’s cybersecurity risk management practices exhibit the characteristics defined in the framework core.;<SANDBOX_ACCOUNT_ID>;ap-southeast-7;2026-08-19 02:30:11.271115;sc_4;Suppliers and third-party partners are routinely assessed using audits, test results, or other forms of evaluations to confirm they are meeting their contractual obligations.;Identify (ID);Supply Chain Risk Management (ID.SC);;aws;;FAIL;No CloudWatch log groups found with metric filters or alarms associated.;arn:aws:logs:ap-southeast-7:<SANDBOX_ACCOUNT_ID>:log-group;cloudwatch_log_metric_filter_policy_changes;False;<SANDBOX_ACCOUNT_ID>;NIST-CSF;National Institute of Standards and Technology (NIST) Cybersecurity Framework (CSF) v1.1;
aws;The NIST Cybersecurity Framework (CSF) is supported by governments and industries worldwide as a recommended baseline for use by any organization, regardless of sector or size. The NIST Cybersecurity Framework consists of three primary components: the framework core, the profiles, and the implementation tiers. The framework core contains desired cybersecurity activities and outcomes organized into 23 categories that cover the breadth of cybersecurity objectives for an organization. The profiles contain an organization's unique alignment of their organizational requirements and objectives, risk appetite, and resources using the desired outcomes of the framework core. The implementation tiers describe the degree to which an organization’s cybersecurity risk management practices exhibit the characteristics defined in the framework core.;<SANDBOX_ACCOUNT_ID>;ap-southeast-7;2026-08-19 02:30:11.271115;cm_2;The physical environment is monitored to detect potential cybersecurity events.;Detect (DE);Security Continuous Monitoring (DE.CM);;aws;;FAIL;No CloudWatch log groups found with metric filters or alarms associated.;arn:aws:logs:ap-southeast-7:<SANDBOX_ACCOUNT_ID>:log-group;cloudwatch_log_metric_filter_root_usage;False;<SANDBOX_ACCOUNT_ID>;NIST-CSF;National Institute of Standards and Technology (NIST) Cybersecurity Framework (CSF) v1.1;
aws;The NIST Cybersecurity Framework (CSF) is supported by governments and industries worldwide as a recommended baseline for use by any organization, regardless of sector or size. The NIST Cybersecurity Framework consists of three primary components: the framework core, the profiles, and the implementation tiers. The framework core contains desired cybersecurity activities and outcomes organized into 23 categories that cover the breadth of cybersecurity objectives for an organization. The profiles contain an organization's unique alignment of their organizational requirements and objectives, risk appetite, and resources using the desired outcomes of the framework core. The implementation tiers describe the degree to which an organization’s cybersecurity risk management practices exhibit the characteristics defined in the framework core.;<SANDBOX_ACCOUNT_ID>;ap-southeast-7;2026-08-19 02:30:11.271115;ra_5;Threats, vulnerabilities, likelihoods, and impacts are used to determine risk.;Identify (ID);Risk Assessment (ID.RA);;aws;;FAIL;No CloudWatch log groups found with metric filters or alarms associated.;arn:aws:logs:ap-southeast-7:<SANDBOX_ACCOUNT_ID>:log-group;cloudwatch_log_metric_filter_root_usage;False;<SANDBOX_ACCOUNT_ID>;NIST-CSF;National Institute of Standards and Technology (NIST) Cybersecurity Framework (CSF) v1.1;
aws;The NIST Cybersecurity Framework (CSF) is supported by governments and industries worldwide as a recommended baseline for use by any organization, regardless of sector or size. The NIST Cybersecurity Framework consists of three primary components: the framework core, the profiles, and the implementation tiers. The framework core contains desired cybersecurity activities and outcomes organized into 23 categories that cover the breadth of cybersecurity objectives for an organization. The profiles contain an organization's unique alignment of their organizational requirements and objectives, risk appetite, and resources using the desired outcomes of the framework core. The implementation tiers describe the degree to which an organization’s cybersecurity risk management practices exhibit the characteristics defined in the framework core.;<SANDBOX_ACCOUNT_ID>;ap-southeast-7;2026-08-19 02:30:11.271115;sc_4;Suppliers and third-party partners are routinely assessed using audits, test results, or other forms of evaluations to confirm they are meeting their contractual obligations.;Identify (ID);Supply Chain Risk Management (ID.SC);;aws;;FAIL;No CloudWatch log groups found with metric filters or alarms associated.;arn:aws:logs:ap-southeast-7:<SANDBOX_ACCOUNT_ID>:log-group;cloudwatch_log_metric_filter_root_usage;False;<SANDBOX_ACCOUNT_ID>;NIST-CSF;National Institute of Standards and Technology (NIST) Cybersecurity Framework (CSF) v1.1;
aws;The NIST Cybersecurity Framework (CSF) is supported by governments and industries worldwide as a recommended baseline for use by any organization, regardless of sector or size. The NIST Cybersecurity Framework consists of three primary components: the framework core, the profiles, and the implementation tiers. The framework core contains desired cybersecurity activities and outcomes organized into 23 categories that cover the breadth of cybersecurity objectives for an organization. The profiles contain an organization's unique alignment of their organizational requirements and objectives, risk appetite, and resources using the desired outcomes of the framework core. The implementation tiers describe the degree to which an organization’s cybersecurity risk management practices exhibit the characteristics defined in the framework core.;<SANDBOX_ACCOUNT_ID>;ap-southeast-7;2026-08-19 02:30:11.271115;cm_2;The physical environment is monitored to detect potential cybersecurity events.;Detect (DE);Security Continuous Monitoring (DE.CM);;aws;;FAIL;No CloudWatch log groups found with metric filters or alarms associated.;arn:aws:logs:ap-southeast-7:<SANDBOX_ACCOUNT_ID>:log-group;cloudwatch_log_metric_filter_security_group_changes;False;<SANDBOX_ACCOUNT_ID>;NIST-CSF;National Institute of Standards and Technology (NIST) Cybersecurity Framework (CSF) v1.1;
aws;The NIST Cybersecurity Framework (CSF) is supported by governments and industries worldwide as a recommended baseline for use by any organization, regardless of sector or size. The NIST Cybersecurity Framework consists of three primary components: the framework core, the profiles, and the implementation tiers. The framework core contains desired cybersecurity activities and outcomes organized into 23 categories that cover the breadth of cybersecurity objectives for an organization. The profiles contain an organization's unique alignment of their organizational requirements and objectives, risk appetite, and resources using the desired outcomes of the framework core. The implementation tiers describe the degree to which an organization’s cybersecurity risk management practices exhibit the characteristics defined in the framework core.;<SANDBOX_ACCOUNT_ID>;ap-southeast-7;2026-08-19 02:30:11.271115;ra_5;Threats, vulnerabilities, likelihoods, and impacts are used to determine risk.;Identify (ID);Risk Assessment (ID.RA);;aws;;FAIL;No CloudWatch log groups found with metric filters or alarms associated.;arn:aws:logs:ap-southeast-7:<SANDBOX_ACCOUNT_ID>:log-group;cloudwatch_log_metric_filter_security_group_changes;False;<SANDBOX_ACCOUNT_ID>;NIST-CSF;National Institute of Standards and Technology (NIST) Cybersecurity Framework (CSF) v1.1;
aws;The NIST Cybersecurity Framework (CSF) is supported by governments and industries worldwide as a recommended baseline for use by any organization, regardless of sector or size. The NIST Cybersecurity Framework consists of three primary components: the framework core, the profiles, and the implementation tiers. The framework core contains desired cybersecurity activities and outcomes organized into 23 categories that cover the breadth of cybersecurity objectives for an organization. The profiles contain an organization's unique alignment of their organizational requirements and objectives, risk appetite, and resources using the desired outcomes of the framework core. The implementation tiers describe the degree to which an organization’s cybersecurity risk management practices exhibit the characteristics defined in the framework core.;<SANDBOX_ACCOUNT_ID>;ap-southeast-7;2026-08-19 02:30:11.271115;sc_4;Suppliers and third-party partners are routinely assessed using audits, test results, or other forms of evaluations to confirm they are meeting their contractual obligations.;Identify (ID);Supply Chain Risk Management (ID.SC);;aws;;FAIL;No CloudWatch log groups found with metric filters or alarms associated.;arn:aws:logs:ap-southeast-7:<SANDBOX_ACCOUNT_ID>:log-group;cloudwatch_log_metric_filter_security_group_changes;False;<SANDBOX_ACCOUNT_ID>;NIST-CSF;National Institute of Standards and Technology (NIST) Cybersecurity Framework (CSF) v1.1;
aws;The NIST Cybersecurity Framework (CSF) is supported by governments and industries worldwide as a recommended baseline for use by any organization, regardless of sector or size. The NIST Cybersecurity Framework consists of three primary components: the framework core, the profiles, and the implementation tiers. The framework core contains desired cybersecurity activities and outcomes organized into 23 categories that cover the breadth of cybersecurity objectives for an organization. The profiles contain an organization's unique alignment of their organizational requirements and objectives, risk appetite, and resources using the desired outcomes of the framework core. The implementation tiers describe the degree to which an organization’s cybersecurity risk management practices exhibit the characteristics defined in the framework core.;<SANDBOX_ACCOUNT_ID>;ap-southeast-7;2026-08-19 02:30:11.271115;cm_2;The physical environment is monitored to detect potential cybersecurity events.;Detect (DE);Security Continuous Monitoring (DE.CM);;aws;;FAIL;No CloudWatch log groups found with metric filters or alarms associated.;arn:aws:logs:ap-southeast-7:<SANDBOX_ACCOUNT_ID>:log-group;cloudwatch_log_metric_filter_sign_in_without_mfa;False;<SANDBOX_ACCOUNT_ID>;NIST-CSF;National Institute of Standards and Technology (NIST) Cybersecurity Framework (CSF) v1.1;
aws;The NIST Cybersecurity Framework (CSF) is supported by governments and industries worldwide as a recommended baseline for use by any organization, regardless of sector or size. The NIST Cybersecurity Framework consists of three primary components: the framework core, the profiles, and the implementation tiers. The framework core contains desired cybersecurity activities and outcomes organized into 23 categories that cover the breadth of cybersecurity objectives for an organization. The profiles contain an organization's unique alignment of their organizational requirements and objectives, risk appetite, and resources using the desired outcomes of the framework core. The implementation tiers describe the degree to which an organization’s cybersecurity risk management practices exhibit the characteristics defined in the framework core.;<SANDBOX_ACCOUNT_ID>;ap-southeast-7;2026-08-19 02:30:11.271115;ra_5;Threats, vulnerabilities, likelihoods, and impacts are used to determine risk.;Identify (ID);Risk Assessment (ID.RA);;aws;;FAIL;No CloudWatch log groups found with metric filters or alarms associated.;arn:aws:logs:ap-southeast-7:<SANDBOX_ACCOUNT_ID>:log-group;cloudwatch_log_metric_filter_sign_in_without_mfa;False;<SANDBOX_ACCOUNT_ID>;NIST-CSF;National Institute of Standards and Technology (NIST) Cybersecurity Framework (CSF) v1.1;
aws;The NIST Cybersecurity Framework (CSF) is supported by governments and industries worldwide as a recommended baseline for use by any organization, regardless of sector or size. The NIST Cybersecurity Framework consists of three primary components: the framework core, the profiles, and the implementation tiers. The framework core contains desired cybersecurity activities and outcomes organized into 23 categories that cover the breadth of cybersecurity objectives for an organization. The profiles contain an organization's unique alignment of their organizational requirements and objectives, risk appetite, and resources using the desired outcomes of the framework core. The implementation tiers describe the degree to which an organization’s cybersecurity risk management practices exhibit the characteristics defined in the framework core.;<SANDBOX_ACCOUNT_ID>;ap-southeast-7;2026-08-19 02:30:11.271115;sc_4;Suppliers and third-party partners are routinely assessed using audits, test results, or other forms of evaluations to confirm they are meeting their contractual obligations.;Identify (ID);Supply Chain Risk Management (ID.SC);;aws;;FAIL;No CloudWatch log groups found with metric filters or alarms associated.;arn:aws:logs:ap-southeast-7:<SANDBOX_ACCOUNT_ID>:log-group;cloudwatch_log_metric_filter_sign_in_without_mfa;False;<SANDBOX_ACCOUNT_ID>;NIST-CSF;National Institute of Standards and Technology (NIST) Cybersecurity Framework (CSF) v1.1;
aws;The NIST Cybersecurity Framework (CSF) is supported by governments and industries worldwide as a recommended baseline for use by any organization, regardless of sector or size. The NIST Cybersecurity Framework consists of three primary components: the framework core, the profiles, and the implementation tiers. The framework core contains desired cybersecurity activities and outcomes organized into 23 categories that cover the breadth of cybersecurity objectives for an organization. The profiles contain an organization's unique alignment of their organizational requirements and objectives, risk appetite, and resources using the desired outcomes of the framework core. The implementation tiers describe the degree to which an organization’s cybersecurity risk management practices exhibit the characteristics defined in the framework core.;<SANDBOX_ACCOUNT_ID>;ap-southeast-7;2026-08-19 02:30:11.271115;cm_2;The physical environment is monitored to detect potential cybersecurity events.;Detect (DE);Security Continuous Monitoring (DE.CM);;aws;;FAIL;No CloudWatch log groups found with metric filters or alarms associated.;arn:aws:logs:ap-southeast-7:<SANDBOX_ACCOUNT_ID>:log-group;cloudwatch_log_metric_filter_unauthorized_api_calls;False;<SANDBOX_ACCOUNT_ID>;NIST-CSF;National Institute of Standards and Technology (NIST) Cybersecurity Framework (CSF) v1.1;
aws;The NIST Cybersecurity Framework (CSF) is supported by governments and industries worldwide as a recommended baseline for use by any organization, regardless of sector or size. The NIST Cybersecurity Framework consists of three primary components: the framework core, the profiles, and the implementation tiers. The framework core contains desired cybersecurity activities and outcomes organized into 23 categories that cover the breadth of cybersecurity objectives for an organization. The profiles contain an organization's unique alignment of their organizational requirements and objectives, risk appetite, and resources using the desired outcomes of the framework core. The implementation tiers describe the degree to which an organization’s cybersecurity risk management practices exhibit the characteristics defined in the framework core.;<SANDBOX_ACCOUNT_ID>;ap-southeast-7;2026-08-19 02:30:11.271115;ra_5;Threats, vulnerabilities, likelihoods, and impacts are used to determine risk.;Identify (ID);Risk Assessment (ID.RA);;aws;;FAIL;No CloudWatch log groups found with metric filters or alarms associated.;arn:aws:logs:ap-southeast-7:<SANDBOX_ACCOUNT_ID>:log-group;cloudwatch_log_metric_filter_unauthorized_api_calls;False;<SANDBOX_ACCOUNT_ID>;NIST-CSF;National Institute of Standards and Technology (NIST) Cybersecurity Framework (CSF) v1.1;
aws;The NIST Cybersecurity Framework (CSF) is supported by governments and industries worldwide as a recommended baseline for use by any organization, regardless of sector or size. The NIST Cybersecurity Framework consists of three primary components: the framework core, the profiles, and the implementation tiers. The framework core contains desired cybersecurity activities and outcomes organized into 23 categories that cover the breadth of cybersecurity objectives for an organization. The profiles contain an organization's unique alignment of their organizational requirements and objectives, risk appetite, and resources using the desired outcomes of the framework core. The implementation tiers describe the degree to which an organization’s cybersecurity risk management practices exhibit the characteristics defined in the framework core.;<SANDBOX_ACCOUNT_ID>;ap-southeast-7;2026-08-19 02:30:11.271115;sc_4;Suppliers and third-party partners are routinely assessed using audits, test results, or other forms of evaluations to confirm they are meeting their contractual obligations.;Identify (ID);Supply Chain Risk Management (ID.SC);;aws;;FAIL;No CloudWatch log groups found with metric filters or alarms associated.;arn:aws:logs:ap-southeast-7:<SANDBOX_ACCOUNT_ID>:log-group;cloudwatch_log_metric_filter_unauthorized_api_calls;False;<SANDBOX_ACCOUNT_ID>;NIST-CSF;National Institute of Standards and Technology (NIST) Cybersecurity Framework (CSF) v1.1;
aws;The NIST Cybersecurity Framework (CSF) is supported by governments and industries worldwide as a recommended baseline for use by any organization, regardless of sector or size. The NIST Cybersecurity Framework consists of three primary components: the framework core, the profiles, and the implementation tiers. The framework core contains desired cybersecurity activities and outcomes organized into 23 categories that cover the breadth of cybersecurity objectives for an organization. The profiles contain an organization's unique alignment of their organizational requirements and objectives, risk appetite, and resources using the desired outcomes of the framework core. The implementation tiers describe the degree to which an organization’s cybersecurity risk management practices exhibit the characteristics defined in the framework core.;<SANDBOX_ACCOUNT_ID>;ap-southeast-7;2026-08-19 02:30:11.271115;cm_2;The physical environment is monitored to detect potential cybersecurity events.;Detect (DE);Security Continuous Monitoring (DE.CM);;aws;;FAIL;AWS Config recorder <SANDBOX_ACCOUNT_ID> is disabled.;arn:aws:config:ap-southeast-7:<SANDBOX_ACCOUNT_ID>:recorder;config_recorder_all_regions_enabled;False;<SANDBOX_ACCOUNT_ID>;NIST-CSF;National Institute of Standards and Technology (NIST) Cybersecurity Framework (CSF) v1.1;
aws;The NIST Cybersecurity Framework (CSF) is supported by governments and industries worldwide as a recommended baseline for use by any organization, regardless of sector or size. The NIST Cybersecurity Framework consists of three primary components: the framework core, the profiles, and the implementation tiers. The framework core contains desired cybersecurity activities and outcomes organized into 23 categories that cover the breadth of cybersecurity objectives for an organization. The profiles contain an organization's unique alignment of their organizational requirements and objectives, risk appetite, and resources using the desired outcomes of the framework core. The implementation tiers describe the degree to which an organization’s cybersecurity risk management practices exhibit the characteristics defined in the framework core.;<SANDBOX_ACCOUNT_ID>;ap-southeast-7;2026-08-19 02:30:11.271115;am_1;Physical devices and systems within the organization are inventoried.;Identify (ID);Asset Management (ID.AM);;aws;;FAIL;AWS Config recorder <SANDBOX_ACCOUNT_ID> is disabled.;arn:aws:config:ap-southeast-7:<SANDBOX_ACCOUNT_ID>:recorder;config_recorder_all_regions_enabled;False;<SANDBOX_ACCOUNT_ID>;NIST-CSF;National Institute of Standards and Technology (NIST) Cybersecurity Framework (CSF) v1.1;
aws;The NIST Cybersecurity Framework (CSF) is supported by governments and industries worldwide as a recommended baseline for use by any organization, regardless of sector or size. The NIST Cybersecurity Framework consists of three primary components: the framework core, the profiles, and the implementation tiers. The framework core contains desired cybersecurity activities and outcomes organized into 23 categories that cover the breadth of cybersecurity objectives for an organization. The profiles contain an organization's unique alignment of their organizational requirements and objectives, risk appetite, and resources using the desired outcomes of the framework core. The implementation tiers describe the degree to which an organization’s cybersecurity risk management practices exhibit the characteristics defined in the framework core.;<SANDBOX_ACCOUNT_ID>;ap-southeast-7;2026-08-19 02:30:11.271115;ra_5;Threats, vulnerabilities, likelihoods, and impacts are used to determine risk.;Identify (ID);Risk Assessment (ID.RA);;aws;;FAIL;AWS Config recorder <SANDBOX_ACCOUNT_ID> is disabled.;arn:aws:config:ap-southeast-7:<SANDBOX_ACCOUNT_ID>:recorder;config_recorder_all_regions_enabled;False;<SANDBOX_ACCOUNT_ID>;NIST-CSF;National Institute of Standards and Technology (NIST) Cybersecurity Framework (CSF) v1.1;
aws;The NIST Cybersecurity Framework (CSF) is supported by governments and industries worldwide as a recommended baseline for use by any organization, regardless of sector or size. The NIST Cybersecurity Framework consists of three primary components: the framework core, the profiles, and the implementation tiers. The framework core contains desired cybersecurity activities and outcomes organized into 23 categories that cover the breadth of cybersecurity objectives for an organization. The profiles contain an organization's unique alignment of their organizational requirements and objectives, risk appetite, and resources using the desired outcomes of the framework core. The implementation tiers describe the degree to which an organization’s cybersecurity risk management practices exhibit the characteristics defined in the framework core.;<SANDBOX_ACCOUNT_ID>;ap-southeast-7;2026-08-19 02:30:11.271115;sc_4;Suppliers and third-party partners are routinely assessed using audits, test results, or other forms of evaluations to confirm they are meeting their contractual obligations.;Identify (ID);Supply Chain Risk Management (ID.SC);;aws;;FAIL;AWS Config recorder <SANDBOX_ACCOUNT_ID> is disabled.;arn:aws:config:ap-southeast-7:<SANDBOX_ACCOUNT_ID>:recorder;config_recorder_all_regions_enabled;False;<SANDBOX_ACCOUNT_ID>;NIST-CSF;National Institute of Standards and Technology (NIST) Cybersecurity Framework (CSF) v1.1;
aws;The NIST Cybersecurity Framework (CSF) is supported by governments and industries worldwide as a recommended baseline for use by any organization, regardless of sector or size. The NIST Cybersecurity Framework consists of three primary components: the framework core, the profiles, and the implementation tiers. The framework core contains desired cybersecurity activities and outcomes organized into 23 categories that cover the breadth of cybersecurity objectives for an organization. The profiles contain an organization's unique alignment of their organizational requirements and objectives, risk appetite, and resources using the desired outcomes of the framework core. The implementation tiers describe the degree to which an organization’s cybersecurity risk management practices exhibit the characteristics defined in the framework core.;<SANDBOX_ACCOUNT_ID>;ap-southeast-7;2026-08-19 02:30:11.271115;ip_12;A vulnerability management plan is developed and implemented.;Protect (PR);Information Protection Processes and Procedures (PR.IP);;aws;;FAIL;AWS Config recorder <SANDBOX_ACCOUNT_ID> is disabled.;arn:aws:config:ap-southeast-7:<SANDBOX_ACCOUNT_ID>:recorder;config_recorder_all_regions_enabled;False;<SANDBOX_ACCOUNT_ID>;NIST-CSF;National Institute of Standards and Technology (NIST) Cybersecurity Framework (CSF) v1.1;
aws;The NIST Cybersecurity Framework (CSF) is supported by governments and industries worldwide as a recommended baseline for use by any organization, regardless of sector or size. The NIST Cybersecurity Framework consists of three primary components: the framework core, the profiles, and the implementation tiers. The framework core contains desired cybersecurity activities and outcomes organized into 23 categories that cover the breadth of cybersecurity objectives for an organization. The profiles contain an organization's unique alignment of their organizational requirements and objectives, risk appetite, and resources using the desired outcomes of the framework core. The implementation tiers describe the degree to which an organization’s cybersecurity risk management practices exhibit the characteristics defined in the framework core.;<SANDBOX_ACCOUNT_ID>;ap-southeast-7;2026-08-19 02:30:11.271115;ae_2;Detected events are analyzed to understand attack targets and methods.;Detect (DE);Anomalies and Events (DE.AE);;aws;;PASS;GuardDuty detector c0cfc223468df81e40fec5257649bb70 enabled.;arn:aws:guardduty:ap-southeast-7:<SANDBOX_ACCOUNT_ID>:detector/c0cfc223468df81e40fec5257649bb70;guardduty_is_enabled;False;c0cfc223468df81e40fec5257649bb70;NIST-CSF;National Institute of Standards and Technology (NIST) Cybersecurity Framework (CSF) v1.1;
aws;The NIST Cybersecurity Framework (CSF) is supported by governments and industries worldwide as a recommended baseline for use by any organization, regardless of sector or size. The NIST Cybersecurity Framework consists of three primary components: the framework core, the profiles, and the implementation tiers. The framework core contains desired cybersecurity activities and outcomes organized into 23 categories that cover the breadth of cybersecurity objectives for an organization. The profiles contain an organization's unique alignment of their organizational requirements and objectives, risk appetite, and resources using the desired outcomes of the framework core. The implementation tiers describe the degree to which an organization’s cybersecurity risk management practices exhibit the characteristics defined in the framework core.;<SANDBOX_ACCOUNT_ID>;ap-southeast-7;2026-08-19 02:30:11.271115;ae_4;Impact of events is determined.;Detect (DE);Anomalies and Events (DE.AE);;aws;;PASS;GuardDuty detector c0cfc223468df81e40fec5257649bb70 enabled.;arn:aws:guardduty:ap-southeast-7:<SANDBOX_ACCOUNT_ID>:detector/c0cfc223468df81e40fec5257649bb70;guardduty_is_enabled;False;c0cfc223468df81e40fec5257649bb70;NIST-CSF;National Institute of Standards and Technology (NIST) Cybersecurity Framework (CSF) v1.1;
aws;The NIST Cybersecurity Framework (CSF) is supported by governments and industries worldwide as a recommended baseline for use by any organization, regardless of sector or size. The NIST Cybersecurity Framework consists of three primary components: the framework core, the profiles, and the implementation tiers. The framework core contains desired cybersecurity activities and outcomes organized into 23 categories that cover the breadth of cybersecurity objectives for an organization. The profiles contain an organization's unique alignment of their organizational requirements and objectives, risk appetite, and resources using the desired outcomes of the framework core. The implementation tiers describe the degree to which an organization’s cybersecurity risk management practices exhibit the characteristics defined in the framework core.;<SANDBOX_ACCOUNT_ID>;ap-southeast-7;2026-08-19 02:30:11.271115;cm_1;The network is monitored to detect potential cybersecurity events.;Detect (DE);Security Continuous Monitoring (DE.CM);;aws;;PASS;GuardDuty detector c0cfc223468df81e40fec5257649bb70 enabled.;arn:aws:guardduty:ap-southeast-7:<SANDBOX_ACCOUNT_ID>:detector/c0cfc223468df81e40fec5257649bb70;guardduty_is_enabled;False;c0cfc223468df81e40fec5257649bb70;NIST-CSF;National Institute of Standards and Technology (NIST) Cybersecurity Framework (CSF) v1.1;
aws;The NIST Cybersecurity Framework (CSF) is supported by governments and industries worldwide as a recommended baseline for use by any organization, regardless of sector or size. The NIST Cybersecurity Framework consists of three primary components: the framework core, the profiles, and the implementation tiers. The framework core contains desired cybersecurity activities and outcomes organized into 23 categories that cover the breadth of cybersecurity objectives for an organization. The profiles contain an organization's unique alignment of their organizational requirements and objectives, risk appetite, and resources using the desired outcomes of the framework core. The implementation tiers describe the degree to which an organization’s cybersecurity risk management practices exhibit the characteristics defined in the framework core.;<SANDBOX_ACCOUNT_ID>;ap-southeast-7;2026-08-19 02:30:11.271115;cm_2;The physical environment is monitored to detect potential cybersecurity events.;Detect (DE);Security Continuous Monitoring (DE.CM);;aws;;PASS;GuardDuty detector c0cfc223468df81e40fec5257649bb70 enabled.;arn:aws:guardduty:ap-southeast-7:<SANDBOX_ACCOUNT_ID>:detector/c0cfc223468df81e40fec5257649bb70;guardduty_is_enabled;False;c0cfc223468df81e40fec5257649bb70;NIST-CSF;National Institute of Standards and Technology (NIST) Cybersecurity Framework (CSF) v1.1;
aws;The NIST Cybersecurity Framework (CSF) is supported by governments and industries worldwide as a recommended baseline for use by any organization, regardless of sector or size. The NIST Cybersecurity Framework consists of three primary components: the framework core, the profiles, and the implementation tiers. The framework core contains desired cybersecurity activities and outcomes organized into 23 categories that cover the breadth of cybersecurity objectives for an organization. The profiles contain an organization's unique alignment of their organizational requirements and objectives, risk appetite, and resources using the desired outcomes of the framework core. The implementation tiers describe the degree to which an organization’s cybersecurity risk management practices exhibit the characteristics defined in the framework core.;<SANDBOX_ACCOUNT_ID>;ap-southeast-7;2026-08-19 02:30:11.271115;cm_3;Personnel activity is monitored to detect potential cybersecurity events.;Detect (DE);Security Continuous Monitoring (DE.CM);;aws;;PASS;GuardDuty detector c0cfc223468df81e40fec5257649bb70 enabled.;arn:aws:guardduty:ap-southeast-7:<SANDBOX_ACCOUNT_ID>:detector/c0cfc223468df81e40fec5257649bb70;guardduty_is_enabled;False;c0cfc223468df81e40fec5257649bb70;NIST-CSF;National Institute of Standards and Technology (NIST) Cybersecurity Framework (CSF) v1.1;
aws;The NIST Cybersecurity Framework (CSF) is supported by governments and industries worldwide as a recommended baseline for use by any organization, regardless of sector or size. The NIST Cybersecurity Framework consists of three primary components: the framework core, the profiles, and the implementation tiers. The framework core contains desired cybersecurity activities and outcomes organized into 23 categories that cover the breadth of cybersecurity objectives for an organization. The profiles contain an organization's unique alignment of their organizational requirements and objectives, risk appetite, and resources using the desired outcomes of the framework core. The implementation tiers describe the degree to which an organization’s cybersecurity risk management practices exhibit the characteristics defined in the framework core.;<SANDBOX_ACCOUNT_ID>;ap-southeast-7;2026-08-19 02:30:11.271115;cm_4;Malicious code is detected.;Detect (DE);Security Continuous Monitoring (DE.CM);;aws;;PASS;GuardDuty detector c0cfc223468df81e40fec5257649bb70 enabled.;arn:aws:guardduty:ap-southeast-7:<SANDBOX_ACCOUNT_ID>:detector/c0cfc223468df81e40fec5257649bb70;guardduty_is_enabled;False;c0cfc223468df81e40fec5257649bb70;NIST-CSF;National Institute of Standards and Technology (NIST) Cybersecurity Framework (CSF) v1.1;
aws;The NIST Cybersecurity Framework (CSF) is supported by governments and industries worldwide as a recommended baseline for use by any organization, regardless of sector or size. The NIST Cybersecurity Framework consists of three primary components: the framework core, the profiles, and the implementation tiers. The framework core contains desired cybersecurity activities and outcomes organized into 23 categories that cover the breadth of cybersecurity objectives for an organization. The profiles contain an organization's unique alignment of their organizational requirements and objectives, risk appetite, and resources using the desired outcomes of the framework core. The implementation tiers describe the degree to which an organization’s cybersecurity risk management practices exhibit the characteristics defined in the framework core.;<SANDBOX_ACCOUNT_ID>;ap-southeast-7;2026-08-19 02:30:11.271115;cm_5;Unauthorized mobile code is detected.;Detect (DE);Security Continuous Monitoring (DE.CM);;aws;;PASS;GuardDuty detector c0cfc223468df81e40fec5257649bb70 enabled.;arn:aws:guardduty:ap-southeast-7:<SANDBOX_ACCOUNT_ID>:detector/c0cfc223468df81e40fec5257649bb70;guardduty_is_enabled;False;c0cfc223468df81e40fec5257649bb70;NIST-CSF;National Institute of Standards and Technology (NIST) Cybersecurity Framework (CSF) v1.1;
aws;The NIST Cybersecurity Framework (CSF) is supported by governments and industries worldwide as a recommended baseline for use by any organization, regardless of sector or size. The NIST Cybersecurity Framework consists of three primary components: the framework core, the profiles, and the implementation tiers. The framework core contains desired cybersecurity activities and outcomes organized into 23 categories that cover the breadth of cybersecurity objectives for an organization. The profiles contain an organization's unique alignment of their organizational requirements and objectives, risk appetite, and resources using the desired outcomes of the framework core. The implementation tiers describe the degree to which an organization’s cybersecurity risk management practices exhibit the characteristics defined in the framework core.;<SANDBOX_ACCOUNT_ID>;ap-southeast-7;2026-08-19 02:30:11.271115;cm_6;External service provider activity is monitored to detect potential cybersecurity events.;Detect (DE);Security Continuous Monitoring (DE.CM);;aws;;PASS;GuardDuty detector c0cfc223468df81e40fec5257649bb70 enabled.;arn:aws:guardduty:ap-southeast-7:<SANDBOX_ACCOUNT_ID>:detector/c0cfc223468df81e40fec5257649bb70;guardduty_is_enabled;False;c0cfc223468df81e40fec5257649bb70;NIST-CSF;National Institute of Standards and Technology (NIST) Cybersecurity Framework (CSF) v1.1;
aws;The NIST Cybersecurity Framework (CSF) is supported by governments and industries worldwide as a recommended baseline for use by any organization, regardless of sector or size. The NIST Cybersecurity Framework consists of three primary components: the framework core, the profiles, and the implementation tiers. The framework core contains desired cybersecurity activities and outcomes organized into 23 categories that cover the breadth of cybersecurity objectives for an organization. The profiles contain an organization's unique alignment of their organizational requirements and objectives, risk appetite, and resources using the desired outcomes of the framework core. The implementation tiers describe the degree to which an organization’s cybersecurity risk management practices exhibit the characteristics defined in the framework core.;<SANDBOX_ACCOUNT_ID>;ap-southeast-7;2026-08-19 02:30:11.271115;cm_7;Monitoring for unauthorized personnel, connections, devices, and software is performed.;Detect (DE);Security Continuous Monitoring (DE.CM);;aws;;PASS;GuardDuty detector c0cfc223468df81e40fec5257649bb70 enabled.;arn:aws:guardduty:ap-southeast-7:<SANDBOX_ACCOUNT_ID>:detector/c0cfc223468df81e40fec5257649bb70;guardduty_is_enabled;False;c0cfc223468df81e40fec5257649bb70;NIST-CSF;National Institute of Standards and Technology (NIST) Cybersecurity Framework (CSF) v1.1;
aws;The NIST Cybersecurity Framework (CSF) is supported by governments and industries worldwide as a recommended baseline for use by any organization, regardless of sector or size. The NIST Cybersecurity Framework consists of three primary components: the framework core, the profiles, and the implementation tiers. The framework core contains desired cybersecurity activities and outcomes organized into 23 categories that cover the breadth of cybersecurity objectives for an organization. The profiles contain an organization's unique alignment of their organizational requirements and objectives, risk appetite, and resources using the desired outcomes of the framework core. The implementation tiers describe the degree to which an organization’s cybersecurity risk management practices exhibit the characteristics defined in the framework core.;<SANDBOX_ACCOUNT_ID>;ap-southeast-7;2026-08-19 02:30:11.271115;cp_4;Event detection information is communicated.;Detect (DE);Detection Processes (DE.DP);;aws;;PASS;GuardDuty detector c0cfc223468df81e40fec5257649bb70 enabled.;arn:aws:guardduty:ap-southeast-7:<SANDBOX_ACCOUNT_ID>:detector/c0cfc223468df81e40fec5257649bb70;guardduty_is_enabled;False;c0cfc223468df81e40fec5257649bb70;NIST-CSF;National Institute of Standards and Technology (NIST) Cybersecurity Framework (CSF) v1.1;
aws;The NIST Cybersecurity Framework (CSF) is supported by governments and industries worldwide as a recommended baseline for use by any organization, regardless of sector or size. The NIST Cybersecurity Framework consists of three primary components: the framework core, the profiles, and the implementation tiers. The framework core contains desired cybersecurity activities and outcomes organized into 23 categories that cover the breadth of cybersecurity objectives for an organization. The profiles contain an organization's unique alignment of their organizational requirements and objectives, risk appetite, and resources using the desired outcomes of the framework core. The implementation tiers describe the degree to which an organization’s cybersecurity risk management practices exhibit the characteristics defined in the framework core.;<SANDBOX_ACCOUNT_ID>;ap-southeast-7;2026-08-19 02:30:11.271115;ra_1;Asset vulnerabilities are identified and documented.;Identify (ID);Risk Assessment (ID.RA);;aws;;PASS;GuardDuty detector c0cfc223468df81e40fec5257649bb70 enabled.;arn:aws:guardduty:ap-southeast-7:<SANDBOX_ACCOUNT_ID>:detector/c0cfc223468df81e40fec5257649bb70;guardduty_is_enabled;False;c0cfc223468df81e40fec5257649bb70;NIST-CSF;National Institute of Standards and Technology (NIST) Cybersecurity Framework (CSF) v1.1;
aws;The NIST Cybersecurity Framework (CSF) is supported by governments and industries worldwide as a recommended baseline for use by any organization, regardless of sector or size. The NIST Cybersecurity Framework consists of three primary components: the framework core, the profiles, and the implementation tiers. The framework core contains desired cybersecurity activities and outcomes organized into 23 categories that cover the breadth of cybersecurity objectives for an organization. The profiles contain an organization's unique alignment of their organizational requirements and objectives, risk appetite, and resources using the desired outcomes of the framework core. The implementation tiers describe the degree to which an organization’s cybersecurity risk management practices exhibit the characteristics defined in the framework core.;<SANDBOX_ACCOUNT_ID>;ap-southeast-7;2026-08-19 02:30:11.271115;ra_2;Cyber threat intelligence is received from information sharing forums and sources.;Identify (ID);Risk Assessment (ID.RA);;aws;;PASS;GuardDuty detector c0cfc223468df81e40fec5257649bb70 enabled.;arn:aws:guardduty:ap-southeast-7:<SANDBOX_ACCOUNT_ID>:detector/c0cfc223468df81e40fec5257649bb70;guardduty_is_enabled;False;c0cfc223468df81e40fec5257649bb70;NIST-CSF;National Institute of Standards and Technology (NIST) Cybersecurity Framework (CSF) v1.1;
aws;The NIST Cybersecurity Framework (CSF) is supported by governments and industries worldwide as a recommended baseline for use by any organization, regardless of sector or size. The NIST Cybersecurity Framework consists of three primary components: the framework core, the profiles, and the implementation tiers. The framework core contains desired cybersecurity activities and outcomes organized into 23 categories that cover the breadth of cybersecurity objectives for an organization. The profiles contain an organization's unique alignment of their organizational requirements and objectives, risk appetite, and resources using the desired outcomes of the framework core. The implementation tiers describe the degree to which an organization’s cybersecurity risk management practices exhibit the characteristics defined in the framework core.;<SANDBOX_ACCOUNT_ID>;ap-southeast-7;2026-08-19 02:30:11.271115;ra_3;Threats, both internal and external, are identified and documented.;Identify (ID);Risk Assessment (ID.RA);;aws;;PASS;GuardDuty detector c0cfc223468df81e40fec5257649bb70 enabled.;arn:aws:guardduty:ap-southeast-7:<SANDBOX_ACCOUNT_ID>:detector/c0cfc223468df81e40fec5257649bb70;guardduty_is_enabled;False;c0cfc223468df81e40fec5257649bb70;NIST-CSF;National Institute of Standards and Technology (NIST) Cybersecurity Framework (CSF) v1.1;
aws;The NIST Cybersecurity Framework (CSF) is supported by governments and industries worldwide as a recommended baseline for use by any organization, regardless of sector or size. The NIST Cybersecurity Framework consists of three primary components: the framework core, the profiles, and the implementation tiers. The framework core contains desired cybersecurity activities and outcomes organized into 23 categories that cover the breadth of cybersecurity objectives for an organization. The profiles contain an organization's unique alignment of their organizational requirements and objectives, risk appetite, and resources using the desired outcomes of the framework core. The implementation tiers describe the degree to which an organization’s cybersecurity risk management practices exhibit the characteristics defined in the framework core.;<SANDBOX_ACCOUNT_ID>;ap-southeast-7;2026-08-19 02:30:11.271115;ra_5;Threats, vulnerabilities, likelihoods, and impacts are used to determine risk.;Identify (ID);Risk Assessment (ID.RA);;aws;;PASS;GuardDuty detector c0cfc223468df81e40fec5257649bb70 enabled.;arn:aws:guardduty:ap-southeast-7:<SANDBOX_ACCOUNT_ID>:detector/c0cfc223468df81e40fec5257649bb70;guardduty_is_enabled;False;c0cfc223468df81e40fec5257649bb70;NIST-CSF;National Institute of Standards and Technology (NIST) Cybersecurity Framework (CSF) v1.1;
aws;The NIST Cybersecurity Framework (CSF) is supported by governments and industries worldwide as a recommended baseline for use by any organization, regardless of sector or size. The NIST Cybersecurity Framework consists of three primary components: the framework core, the profiles, and the implementation tiers. The framework core contains desired cybersecurity activities and outcomes organized into 23 categories that cover the breadth of cybersecurity objectives for an organization. The profiles contain an organization's unique alignment of their organizational requirements and objectives, risk appetite, and resources using the desired outcomes of the framework core. The implementation tiers describe the degree to which an organization’s cybersecurity risk management practices exhibit the characteristics defined in the framework core.;<SANDBOX_ACCOUNT_ID>;ap-southeast-7;2026-08-19 02:30:11.271115;sc_4;Suppliers and third-party partners are routinely assessed using audits, test results, or other forms of evaluations to confirm they are meeting their contractual obligations.;Identify (ID);Supply Chain Risk Management (ID.SC);;aws;;PASS;GuardDuty detector c0cfc223468df81e40fec5257649bb70 enabled.;arn:aws:guardduty:ap-southeast-7:<SANDBOX_ACCOUNT_ID>:detector/c0cfc223468df81e40fec5257649bb70;guardduty_is_enabled;False;c0cfc223468df81e40fec5257649bb70;NIST-CSF;National Institute of Standards and Technology (NIST) Cybersecurity Framework (CSF) v1.1;
aws;The NIST Cybersecurity Framework (CSF) is supported by governments and industries worldwide as a recommended baseline for use by any organization, regardless of sector or size. The NIST Cybersecurity Framework consists of three primary components: the framework core, the profiles, and the implementation tiers. The framework core contains desired cybersecurity activities and outcomes organized into 23 categories that cover the breadth of cybersecurity objectives for an organization. The profiles contain an organization's unique alignment of their organizational requirements and objectives, risk appetite, and resources using the desired outcomes of the framework core. The implementation tiers describe the degree to which an organization’s cybersecurity risk management practices exhibit the characteristics defined in the framework core.;<SANDBOX_ACCOUNT_ID>;ap-southeast-7;2026-08-19 02:30:11.271115;ds_5;Protections against data leaks are implemented.;Protect (PR);Data Security (PR.DS);;aws;;PASS;GuardDuty detector c0cfc223468df81e40fec5257649bb70 enabled.;arn:aws:guardduty:ap-southeast-7:<SANDBOX_ACCOUNT_ID>:detector/c0cfc223468df81e40fec5257649bb70;guardduty_is_enabled;False;c0cfc223468df81e40fec5257649bb70;NIST-CSF;National Institute of Standards and Technology (NIST) Cybersecurity Framework (CSF) v1.1;
aws;The NIST Cybersecurity Framework (CSF) is supported by governments and industries worldwide as a recommended baseline for use by any organization, regardless of sector or size. The NIST Cybersecurity Framework consists of three primary components: the framework core, the profiles, and the implementation tiers. The framework core contains desired cybersecurity activities and outcomes organized into 23 categories that cover the breadth of cybersecurity objectives for an organization. The profiles contain an organization's unique alignment of their organizational requirements and objectives, risk appetite, and resources using the desired outcomes of the framework core. The implementation tiers describe the degree to which an organization’s cybersecurity risk management practices exhibit the characteristics defined in the framework core.;<SANDBOX_ACCOUNT_ID>;ap-southeast-7;2026-08-19 02:30:11.271115;ae_4;Impact of events is determined.;Detect (DE);Anomalies and Events (DE.AE);;aws;;FAIL;GuardDuty detector c0cfc223468df81e40fec5257649bb70 has 162 high severity findings.;arn:aws:guardduty:ap-southeast-7:<SANDBOX_ACCOUNT_ID>:detector/c0cfc223468df81e40fec5257649bb70;guardduty_no_high_severity_findings;False;c0cfc223468df81e40fec5257649bb70;NIST-CSF;National Institute of Standards and Technology (NIST) Cybersecurity Framework (CSF) v1.1;
aws;The NIST Cybersecurity Framework (CSF) is supported by governments and industries worldwide as a recommended baseline for use by any organization, regardless of sector or size. The NIST Cybersecurity Framework consists of three primary components: the framework core, the profiles, and the implementation tiers. The framework core contains desired cybersecurity activities and outcomes organized into 23 categories that cover the breadth of cybersecurity objectives for an organization. The profiles contain an organization's unique alignment of their organizational requirements and objectives, risk appetite, and resources using the desired outcomes of the framework core. The implementation tiers describe the degree to which an organization’s cybersecurity risk management practices exhibit the characteristics defined in the framework core.;<SANDBOX_ACCOUNT_ID>;ap-southeast-7;2026-08-19 02:30:11.271115;cm_5;Unauthorized mobile code is detected.;Detect (DE);Security Continuous Monitoring (DE.CM);;aws;;FAIL;GuardDuty detector c0cfc223468df81e40fec5257649bb70 has 162 high severity findings.;arn:aws:guardduty:ap-southeast-7:<SANDBOX_ACCOUNT_ID>:detector/c0cfc223468df81e40fec5257649bb70;guardduty_no_high_severity_findings;False;c0cfc223468df81e40fec5257649bb70;NIST-CSF;National Institute of Standards and Technology (NIST) Cybersecurity Framework (CSF) v1.1;
aws;The NIST Cybersecurity Framework (CSF) is supported by governments and industries worldwide as a recommended baseline for use by any organization, regardless of sector or size. The NIST Cybersecurity Framework consists of three primary components: the framework core, the profiles, and the implementation tiers. The framework core contains desired cybersecurity activities and outcomes organized into 23 categories that cover the breadth of cybersecurity objectives for an organization. The profiles contain an organization's unique alignment of their organizational requirements and objectives, risk appetite, and resources using the desired outcomes of the framework core. The implementation tiers describe the degree to which an organization’s cybersecurity risk management practices exhibit the characteristics defined in the framework core.;<SANDBOX_ACCOUNT_ID>;ap-southeast-7;2026-08-19 02:30:11.271115;cp_4;Event detection information is communicated.;Detect (DE);Detection Processes (DE.DP);;aws;;FAIL;GuardDuty detector c0cfc223468df81e40fec5257649bb70 has 162 high severity findings.;arn:aws:guardduty:ap-southeast-7:<SANDBOX_ACCOUNT_ID>:detector/c0cfc223468df81e40fec5257649bb70;guardduty_no_high_severity_findings;False;c0cfc223468df81e40fec5257649bb70;NIST-CSF;National Institute of Standards and Technology (NIST) Cybersecurity Framework (CSF) v1.1;
aws;The NIST Cybersecurity Framework (CSF) is supported by governments and industries worldwide as a recommended baseline for use by any organization, regardless of sector or size. The NIST Cybersecurity Framework consists of three primary components: the framework core, the profiles, and the implementation tiers. The framework core contains desired cybersecurity activities and outcomes organized into 23 categories that cover the breadth of cybersecurity objectives for an organization. The profiles contain an organization's unique alignment of their organizational requirements and objectives, risk appetite, and resources using the desired outcomes of the framework core. The implementation tiers describe the degree to which an organization’s cybersecurity risk management practices exhibit the characteristics defined in the framework core.;<SANDBOX_ACCOUNT_ID>;ap-southeast-7;2026-08-19 02:30:11.271115;an_2;The impact of the incident is understood.;Respond (RS);Analysis (RS.AN);;guardduty;;FAIL;GuardDuty detector c0cfc223468df81e40fec5257649bb70 has 162 high severity findings.;arn:aws:guardduty:ap-southeast-7:<SANDBOX_ACCOUNT_ID>:detector/c0cfc223468df81e40fec5257649bb70;guardduty_no_high_severity_findings;False;c0cfc223468df81e40fec5257649bb70;NIST-CSF;National Institute of Standards and Technology (NIST) Cybersecurity Framework (CSF) v1.1;
aws;The NIST Cybersecurity Framework (CSF) is supported by governments and industries worldwide as a recommended baseline for use by any organization, regardless of sector or size. The NIST Cybersecurity Framework consists of three primary components: the framework core, the profiles, and the implementation tiers. The framework core contains desired cybersecurity activities and outcomes organized into 23 categories that cover the breadth of cybersecurity objectives for an organization. The profiles contain an organization's unique alignment of their organizational requirements and objectives, risk appetite, and resources using the desired outcomes of the framework core. The implementation tiers describe the degree to which an organization’s cybersecurity risk management practices exhibit the characteristics defined in the framework core.;<SANDBOX_ACCOUNT_ID>;ap-southeast-7;2026-08-19 02:30:11.271115;mi_3;Newly identified vulnerabilities are mitigated or documented as accepted risks.;Respond (RS);Mitigation (RS.MI);;guardduty;;FAIL;GuardDuty detector c0cfc223468df81e40fec5257649bb70 has 162 high severity findings.;arn:aws:guardduty:ap-southeast-7:<SANDBOX_ACCOUNT_ID>:detector/c0cfc223468df81e40fec5257649bb70;guardduty_no_high_severity_findings;False;c0cfc223468df81e40fec5257649bb70;NIST-CSF;National Institute of Standards and Technology (NIST) Cybersecurity Framework (CSF) v1.1;
aws;The NIST Cybersecurity Framework (CSF) is supported by governments and industries worldwide as a recommended baseline for use by any organization, regardless of sector or size. The NIST Cybersecurity Framework consists of three primary components: the framework core, the profiles, and the implementation tiers. The framework core contains desired cybersecurity activities and outcomes organized into 23 categories that cover the breadth of cybersecurity objectives for an organization. The profiles contain an organization's unique alignment of their organizational requirements and objectives, risk appetite, and resources using the desired outcomes of the framework core. The implementation tiers describe the degree to which an organization’s cybersecurity risk management practices exhibit the characteristics defined in the framework core.;<SANDBOX_ACCOUNT_ID>;ap-southeast-7;2026-08-19 02:30:11.271115;ac_1;Identities and credentials are issued, managed, verified, revoked, and audited for authorized devices, users and processes.;Protect (PR);Identity Management and Access Control (PR.AC);;aws;;PASS;AWS policy AWSSSOServiceRolePolicy is attached but does not allow '*:*' administrative privileges.;arn:aws:iam::aws:policy/aws-service-role/AWSSSOServiceRolePolicy;iam_aws_attached_policy_no_administrative_privileges;False;AWSSSOServiceRolePolicy;NIST-CSF;National Institute of Standards and Technology (NIST) Cybersecurity Framework (CSF) v1.1;
aws;The NIST Cybersecurity Framework (CSF) is supported by governments and industries worldwide as a recommended baseline for use by any organization, regardless of sector or size. The NIST Cybersecurity Framework consists of three primary components: the framework core, the profiles, and the implementation tiers. The framework core contains desired cybersecurity activities and outcomes organized into 23 categories that cover the breadth of cybersecurity objectives for an organization. The profiles contain an organization's unique alignment of their organizational requirements and objectives, risk appetite, and resources using the desired outcomes of the framework core. The implementation tiers describe the degree to which an organization’s cybersecurity risk management practices exhibit the characteristics defined in the framework core.;<SANDBOX_ACCOUNT_ID>;ap-southeast-7;2026-08-19 02:30:11.271115;ac_4;Access permissions and authorizations are managed, incorporating the principles of least privilege and separation of duties.;Protect (PR);Identity Management and Access Control (PR.AC);;aws;;PASS;AWS policy AWSSSOServiceRolePolicy is attached but does not allow '*:*' administrative privileges.;arn:aws:iam::aws:policy/aws-service-role/AWSSSOServiceRolePolicy;iam_aws_attached_policy_no_administrative_privileges;False;AWSSSOServiceRolePolicy;NIST-CSF;National Institute of Standards and Technology (NIST) Cybersecurity Framework (CSF) v1.1;
aws;The NIST Cybersecurity Framework (CSF) is supported by governments and industries worldwide as a recommended baseline for use by any organization, regardless of sector or size. The NIST Cybersecurity Framework consists of three primary components: the framework core, the profiles, and the implementation tiers. The framework core contains desired cybersecurity activities and outcomes organized into 23 categories that cover the breadth of cybersecurity objectives for an organization. The profiles contain an organization's unique alignment of their organizational requirements and objectives, risk appetite, and resources using the desired outcomes of the framework core. The implementation tiers describe the degree to which an organization’s cybersecurity risk management practices exhibit the characteristics defined in the framework core.;<SANDBOX_ACCOUNT_ID>;ap-southeast-7;2026-08-19 02:30:11.271115;pt_3;The principle of least functionality is incorporated by configuring systems to provide only essential capabilities.;Protect (PR);Protective Technology (PR.PT);;aws;;PASS;AWS policy AWSSSOServiceRolePolicy is attached but does not allow '*:*' administrative privileges.;arn:aws:iam::aws:policy/aws-service-role/AWSSSOServiceRolePolicy;iam_aws_attached_policy_no_administrative_privileges;False;AWSSSOServiceRolePolicy;NIST-CSF;National Institute of Standards and Technology (NIST) Cybersecurity Framework (CSF) v1.1;
aws;The NIST Cybersecurity Framework (CSF) is supported by governments and industries worldwide as a recommended baseline for use by any organization, regardless of sector or size. The NIST Cybersecurity Framework consists of three primary components: the framework core, the profiles, and the implementation tiers. The framework core contains desired cybersecurity activities and outcomes organized into 23 categories that cover the breadth of cybersecurity objectives for an organization. The profiles contain an organization's unique alignment of their organizational requirements and objectives, risk appetite, and resources using the desired outcomes of the framework core. The implementation tiers describe the degree to which an organization’s cybersecurity risk management practices exhibit the characteristics defined in the framework core.;<SANDBOX_ACCOUNT_ID>;ap-southeast-7;2026-08-19 02:30:11.271115;ac_1;Identities and credentials are issued, managed, verified, revoked, and audited for authorized devices, users and processes.;Protect (PR);Identity Management and Access Control (PR.AC);;aws;;PASS;AWS policy AWSOrganizationsServiceTrustPolicy is attached but does not allow '*:*' administrative privileges.;arn:aws:iam::aws:policy/aws-service-role/AWSOrganizationsServiceTrustPolicy;iam_aws_attached_policy_no_administrative_privileges;False;AWSOrganizationsServiceTrustPolicy;NIST-CSF;National Institute of Standards and Technology (NIST) Cybersecurity Framework (CSF) v1.1;
aws;The NIST Cybersecurity Framework (CSF) is supported by governments and industries worldwide as a recommended baseline for use by any organization, regardless of sector or size. The NIST Cybersecurity Framework consists of three primary components: the framework core, the profiles, and the implementation tiers. The framework core contains desired cybersecurity activities and outcomes organized into 23 categories that cover the breadth of cybersecurity objectives for an organization. The profiles contain an organization's unique alignment of their organizational requirements and objectives, risk appetite, and resources using the desired outcomes of the framework core. The implementation tiers describe the degree to which an organization’s cybersecurity risk management practices exhibit the characteristics defined in the framework core.;<SANDBOX_ACCOUNT_ID>;ap-southeast-7;2026-08-19 02:30:11.271115;ac_4;Access permissions and authorizations are managed, incorporating the principles of least privilege and separation of duties.;Protect (PR);Identity Management and Access Control (PR.AC);;aws;;PASS;AWS policy AWSOrganizationsServiceTrustPolicy is attached but does not allow '*:*' administrative privileges.;arn:aws:iam::aws:policy/aws-service-role/AWSOrganizationsServiceTrustPolicy;iam_aws_attached_policy_no_administrative_privileges;False;AWSOrganizationsServiceTrustPolicy;NIST-CSF;National Institute of Standards and Technology (NIST) Cybersecurity Framework (CSF) v1.1;
aws;The NIST Cybersecurity Framework (CSF) is supported by governments and industries worldwide as a recommended baseline for use by any organization, regardless of sector or size. The NIST Cybersecurity Framework consists of three primary components: the framework core, the profiles, and the implementation tiers. The framework core contains desired cybersecurity activities and outcomes organized into 23 categories that cover the breadth of cybersecurity objectives for an organization. The profiles contain an organization's unique alignment of their organizational requirements and objectives, risk appetite, and resources using the desired outcomes of the framework core. The implementation tiers describe the degree to which an organization’s cybersecurity risk management practices exhibit the characteristics defined in the framework core.;<SANDBOX_ACCOUNT_ID>;ap-southeast-7;2026-08-19 02:30:11.271115;pt_3;The principle of least functionality is incorporated by configuring systems to provide only essential capabilities.;Protect (PR);Protective Technology (PR.PT);;aws;;PASS;AWS policy AWSOrganizationsServiceTrustPolicy is attached but does not allow '*:*' administrative privileges.;arn:aws:iam::aws:policy/aws-service-role/AWSOrganizationsServiceTrustPolicy;iam_aws_attached_policy_no_administrative_privileges;False;AWSOrganizationsServiceTrustPolicy;NIST-CSF;National Institute of Standards and Technology (NIST) Cybersecurity Framework (CSF) v1.1;
aws;The NIST Cybersecurity Framework (CSF) is supported by governments and industries worldwide as a recommended baseline for use by any organization, regardless of sector or size. The NIST Cybersecurity Framework consists of three primary components: the framework core, the profiles, and the implementation tiers. The framework core contains desired cybersecurity activities and outcomes organized into 23 categories that cover the breadth of cybersecurity objectives for an organization. The profiles contain an organization's unique alignment of their organizational requirements and objectives, risk appetite, and resources using the desired outcomes of the framework core. The implementation tiers describe the degree to which an organization’s cybersecurity risk management practices exhibit the characteristics defined in the framework core.;<SANDBOX_ACCOUNT_ID>;ap-southeast-7;2026-08-19 02:30:11.271115;ac_1;Identities and credentials are issued, managed, verified, revoked, and audited for authorized devices, users and processes.;Protect (PR);Identity Management and Access Control (PR.AC);;aws;;PASS;AWS policy AmazonGuardDutyServiceRolePolicy is attached but does not allow '*:*' administrative privileges.;arn:aws:iam::aws:policy/aws-service-role/AmazonGuardDutyServiceRolePolicy;iam_aws_attached_policy_no_administrative_privileges;False;AmazonGuardDutyServiceRolePolicy;NIST-CSF;National Institute of Standards and Technology (NIST) Cybersecurity Framework (CSF) v1.1;
aws;The NIST Cybersecurity Framework (CSF) is supported by governments and industries worldwide as a recommended baseline for use by any organization, regardless of sector or size. The NIST Cybersecurity Framework consists of three primary components: the framework core, the profiles, and the implementation tiers. The framework core contains desired cybersecurity activities and outcomes organized into 23 categories that cover the breadth of cybersecurity objectives for an organization. The profiles contain an organization's unique alignment of their organizational requirements and objectives, risk appetite, and resources using the desired outcomes of the framework core. The implementation tiers describe the degree to which an organization’s cybersecurity risk management practices exhibit the characteristics defined in the framework core.;<SANDBOX_ACCOUNT_ID>;ap-southeast-7;2026-08-19 02:30:11.271115;ac_4;Access permissions and authorizations are managed, incorporating the principles of least privilege and separation of duties.;Protect (PR);Identity Management and Access Control (PR.AC);;aws;;PASS;AWS policy AmazonGuardDutyServiceRolePolicy is attached but does not allow '*:*' administrative privileges.;arn:aws:iam::aws:policy/aws-service-role/AmazonGuardDutyServiceRolePolicy;iam_aws_attached_policy_no_administrative_privileges;False;AmazonGuardDutyServiceRolePolicy;NIST-CSF;National Institute of Standards and Technology (NIST) Cybersecurity Framework (CSF) v1.1;
aws;The NIST Cybersecurity Framework (CSF) is supported by governments and industries worldwide as a recommended baseline for use by any organization, regardless of sector or size. The NIST Cybersecurity Framework consists of three primary components: the framework core, the profiles, and the implementation tiers. The framework core contains desired cybersecurity activities and outcomes organized into 23 categories that cover the breadth of cybersecurity objectives for an organization. The profiles contain an organization's unique alignment of their organizational requirements and objectives, risk appetite, and resources using the desired outcomes of the framework core. The implementation tiers describe the degree to which an organization’s cybersecurity risk management practices exhibit the characteristics defined in the framework core.;<SANDBOX_ACCOUNT_ID>;ap-southeast-7;2026-08-19 02:30:11.271115;pt_3;The principle of least functionality is incorporated by configuring systems to provide only essential capabilities.;Protect (PR);Protective Technology (PR.PT);;aws;;PASS;AWS policy AmazonGuardDutyServiceRolePolicy is attached but does not allow '*:*' administrative privileges.;arn:aws:iam::aws:policy/aws-service-role/AmazonGuardDutyServiceRolePolicy;iam_aws_attached_policy_no_administrative_privileges;False;AmazonGuardDutyServiceRolePolicy;NIST-CSF;National Institute of Standards and Technology (NIST) Cybersecurity Framework (CSF) v1.1;
aws;The NIST Cybersecurity Framework (CSF) is supported by governments and industries worldwide as a recommended baseline for use by any organization, regardless of sector or size. The NIST Cybersecurity Framework consists of three primary components: the framework core, the profiles, and the implementation tiers. The framework core contains desired cybersecurity activities and outcomes organized into 23 categories that cover the breadth of cybersecurity objectives for an organization. The profiles contain an organization's unique alignment of their organizational requirements and objectives, risk appetite, and resources using the desired outcomes of the framework core. The implementation tiers describe the degree to which an organization’s cybersecurity risk management practices exhibit the characteristics defined in the framework core.;<SANDBOX_ACCOUNT_ID>;ap-southeast-7;2026-08-19 02:30:11.271115;ac_1;Identities and credentials are issued, managed, verified, revoked, and audited for authorized devices, users and processes.;Protect (PR);Identity Management and Access Control (PR.AC);;aws;;PASS;AWS policy AWSTrustedAdvisorServiceRolePolicy is attached but does not allow '*:*' administrative privileges.;arn:aws:iam::aws:policy/aws-service-role/AWSTrustedAdvisorServiceRolePolicy;iam_aws_attached_policy_no_administrative_privileges;False;AWSTrustedAdvisorServiceRolePolicy;NIST-CSF;National Institute of Standards and Technology (NIST) Cybersecurity Framework (CSF) v1.1;
aws;The NIST Cybersecurity Framework (CSF) is supported by governments and industries worldwide as a recommended baseline for use by any organization, regardless of sector or size. The NIST Cybersecurity Framework consists of three primary components: the framework core, the profiles, and the implementation tiers. The framework core contains desired cybersecurity activities and outcomes organized into 23 categories that cover the breadth of cybersecurity objectives for an organization. The profiles contain an organization's unique alignment of their organizational requirements and objectives, risk appetite, and resources using the desired outcomes of the framework core. The implementation tiers describe the degree to which an organization’s cybersecurity risk management practices exhibit the characteristics defined in the framework core.;<SANDBOX_ACCOUNT_ID>;ap-southeast-7;2026-08-19 02:30:11.271115;ac_4;Access permissions and authorizations are managed, incorporating the principles of least privilege and separation of duties.;Protect (PR);Identity Management and Access Control (PR.AC);;aws;;PASS;AWS policy AWSTrustedAdvisorServiceRolePolicy is attached but does not allow '*:*' administrative privileges.;arn:aws:iam::aws:policy/aws-service-role/AWSTrustedAdvisorServiceRolePolicy;iam_aws_attached_policy_no_administrative_privileges;False;AWSTrustedAdvisorServiceRolePolicy;NIST-CSF;National Institute of Standards and Technology (NIST) Cybersecurity Framework (CSF) v1.1;
aws;The NIST Cybersecurity Framework (CSF) is supported by governments and industries worldwide as a recommended baseline for use by any organization, regardless of sector or size. The NIST Cybersecurity Framework consists of three primary components: the framework core, the profiles, and the implementation tiers. The framework core contains desired cybersecurity activities and outcomes organized into 23 categories that cover the breadth of cybersecurity objectives for an organization. The profiles contain an organization's unique alignment of their organizational requirements and objectives, risk appetite, and resources using the desired outcomes of the framework core. The implementation tiers describe the degree to which an organization’s cybersecurity risk management practices exhibit the characteristics defined in the framework core.;<SANDBOX_ACCOUNT_ID>;ap-southeast-7;2026-08-19 02:30:11.271115;pt_3;The principle of least functionality is incorporated by configuring systems to provide only essential capabilities.;Protect (PR);Protective Technology (PR.PT);;aws;;PASS;AWS policy AWSTrustedAdvisorServiceRolePolicy is attached but does not allow '*:*' administrative privileges.;arn:aws:iam::aws:policy/aws-service-role/AWSTrustedAdvisorServiceRolePolicy;iam_aws_attached_policy_no_administrative_privileges;False;AWSTrustedAdvisorServiceRolePolicy;NIST-CSF;National Institute of Standards and Technology (NIST) Cybersecurity Framework (CSF) v1.1;
aws;The NIST Cybersecurity Framework (CSF) is supported by governments and industries worldwide as a recommended baseline for use by any organization, regardless of sector or size. The NIST Cybersecurity Framework consists of three primary components: the framework core, the profiles, and the implementation tiers. The framework core contains desired cybersecurity activities and outcomes organized into 23 categories that cover the breadth of cybersecurity objectives for an organization. The profiles contain an organization's unique alignment of their organizational requirements and objectives, risk appetite, and resources using the desired outcomes of the framework core. The implementation tiers describe the degree to which an organization’s cybersecurity risk management practices exhibit the characteristics defined in the framework core.;<SANDBOX_ACCOUNT_ID>;ap-southeast-7;2026-08-19 02:30:11.271115;ac_1;Identities and credentials are issued, managed, verified, revoked, and audited for authorized devices, users and processes.;Protect (PR);Identity Management and Access Control (PR.AC);;aws;;FAIL;AWS policy AdministratorAccess is attached and allows '*:*' administrative privileges.;arn:aws:iam::aws:policy/AdministratorAccess;iam_aws_attached_policy_no_administrative_privileges;False;AdministratorAccess;NIST-CSF;National Institute of Standards and Technology (NIST) Cybersecurity Framework (CSF) v1.1;
aws;The NIST Cybersecurity Framework (CSF) is supported by governments and industries worldwide as a recommended baseline for use by any organization, regardless of sector or size. The NIST Cybersecurity Framework consists of three primary components: the framework core, the profiles, and the implementation tiers. The framework core contains desired cybersecurity activities and outcomes organized into 23 categories that cover the breadth of cybersecurity objectives for an organization. The profiles contain an organization's unique alignment of their organizational requirements and objectives, risk appetite, and resources using the desired outcomes of the framework core. The implementation tiers describe the degree to which an organization’s cybersecurity risk management practices exhibit the characteristics defined in the framework core.;<SANDBOX_ACCOUNT_ID>;ap-southeast-7;2026-08-19 02:30:11.271115;ac_4;Access permissions and authorizations are managed, incorporating the principles of least privilege and separation of duties.;Protect (PR);Identity Management and Access Control (PR.AC);;aws;;FAIL;AWS policy AdministratorAccess is attached and allows '*:*' administrative privileges.;arn:aws:iam::aws:policy/AdministratorAccess;iam_aws_attached_policy_no_administrative_privileges;False;AdministratorAccess;NIST-CSF;National Institute of Standards and Technology (NIST) Cybersecurity Framework (CSF) v1.1;
aws;The NIST Cybersecurity Framework (CSF) is supported by governments and industries worldwide as a recommended baseline for use by any organization, regardless of sector or size. The NIST Cybersecurity Framework consists of three primary components: the framework core, the profiles, and the implementation tiers. The framework core contains desired cybersecurity activities and outcomes organized into 23 categories that cover the breadth of cybersecurity objectives for an organization. The profiles contain an organization's unique alignment of their organizational requirements and objectives, risk appetite, and resources using the desired outcomes of the framework core. The implementation tiers describe the degree to which an organization’s cybersecurity risk management practices exhibit the characteristics defined in the framework core.;<SANDBOX_ACCOUNT_ID>;ap-southeast-7;2026-08-19 02:30:11.271115;pt_3;The principle of least functionality is incorporated by configuring systems to provide only essential capabilities.;Protect (PR);Protective Technology (PR.PT);;aws;;FAIL;AWS policy AdministratorAccess is attached and allows '*:*' administrative privileges.;arn:aws:iam::aws:policy/AdministratorAccess;iam_aws_attached_policy_no_administrative_privileges;False;AdministratorAccess;NIST-CSF;National Institute of Standards and Technology (NIST) Cybersecurity Framework (CSF) v1.1;
aws;The NIST Cybersecurity Framework (CSF) is supported by governments and industries worldwide as a recommended baseline for use by any organization, regardless of sector or size. The NIST Cybersecurity Framework consists of three primary components: the framework core, the profiles, and the implementation tiers. The framework core contains desired cybersecurity activities and outcomes organized into 23 categories that cover the breadth of cybersecurity objectives for an organization. The profiles contain an organization's unique alignment of their organizational requirements and objectives, risk appetite, and resources using the desired outcomes of the framework core. The implementation tiers describe the degree to which an organization’s cybersecurity risk management practices exhibit the characteristics defined in the framework core.;<SANDBOX_ACCOUNT_ID>;ap-southeast-7;2026-08-19 02:30:11.271115;ac_1;Identities and credentials are issued, managed, verified, revoked, and audited for authorized devices, users and processes.;Protect (PR);Identity Management and Access Control (PR.AC);;aws;;PASS;AWS policy AWSSupportServiceRolePolicy is attached but does not allow '*:*' administrative privileges.;arn:aws:iam::aws:policy/aws-service-role/AWSSupportServiceRolePolicy;iam_aws_attached_policy_no_administrative_privileges;False;AWSSupportServiceRolePolicy;NIST-CSF;National Institute of Standards and Technology (NIST) Cybersecurity Framework (CSF) v1.1;
aws;The NIST Cybersecurity Framework (CSF) is supported by governments and industries worldwide as a recommended baseline for use by any organization, regardless of sector or size. The NIST Cybersecurity Framework consists of three primary components: the framework core, the profiles, and the implementation tiers. The framework core contains desired cybersecurity activities and outcomes organized into 23 categories that cover the breadth of cybersecurity objectives for an organization. The profiles contain an organization's unique alignment of their organizational requirements and objectives, risk appetite, and resources using the desired outcomes of the framework core. The implementation tiers describe the degree to which an organization’s cybersecurity risk management practices exhibit the characteristics defined in the framework core.;<SANDBOX_ACCOUNT_ID>;ap-southeast-7;2026-08-19 02:30:11.271115;ac_4;Access permissions and authorizations are managed, incorporating the principles of least privilege and separation of duties.;Protect (PR);Identity Management and Access Control (PR.AC);;aws;;PASS;AWS policy AWSSupportServiceRolePolicy is attached but does not allow '*:*' administrative privileges.;arn:aws:iam::aws:policy/aws-service-role/AWSSupportServiceRolePolicy;iam_aws_attached_policy_no_administrative_privileges;False;AWSSupportServiceRolePolicy;NIST-CSF;National Institute of Standards and Technology (NIST) Cybersecurity Framework (CSF) v1.1;
aws;The NIST Cybersecurity Framework (CSF) is supported by governments and industries worldwide as a recommended baseline for use by any organization, regardless of sector or size. The NIST Cybersecurity Framework consists of three primary components: the framework core, the profiles, and the implementation tiers. The framework core contains desired cybersecurity activities and outcomes organized into 23 categories that cover the breadth of cybersecurity objectives for an organization. The profiles contain an organization's unique alignment of their organizational requirements and objectives, risk appetite, and resources using the desired outcomes of the framework core. The implementation tiers describe the degree to which an organization’s cybersecurity risk management practices exhibit the characteristics defined in the framework core.;<SANDBOX_ACCOUNT_ID>;ap-southeast-7;2026-08-19 02:30:11.271115;pt_3;The principle of least functionality is incorporated by configuring systems to provide only essential capabilities.;Protect (PR);Protective Technology (PR.PT);;aws;;PASS;AWS policy AWSSupportServiceRolePolicy is attached but does not allow '*:*' administrative privileges.;arn:aws:iam::aws:policy/aws-service-role/AWSSupportServiceRolePolicy;iam_aws_attached_policy_no_administrative_privileges;False;AWSSupportServiceRolePolicy;NIST-CSF;National Institute of Standards and Technology (NIST) Cybersecurity Framework (CSF) v1.1;
aws;The NIST Cybersecurity Framework (CSF) is supported by governments and industries worldwide as a recommended baseline for use by any organization, regardless of sector or size. The NIST Cybersecurity Framework consists of three primary components: the framework core, the profiles, and the implementation tiers. The framework core contains desired cybersecurity activities and outcomes organized into 23 categories that cover the breadth of cybersecurity objectives for an organization. The profiles contain an organization's unique alignment of their organizational requirements and objectives, risk appetite, and resources using the desired outcomes of the framework core. The implementation tiers describe the degree to which an organization’s cybersecurity risk management practices exhibit the characteristics defined in the framework core.;<SANDBOX_ACCOUNT_ID>;ap-southeast-7;2026-08-19 02:30:11.271115;ac_1;Identities and credentials are issued, managed, verified, revoked, and audited for authorized devices, users and processes.;Protect (PR);Identity Management and Access Control (PR.AC);;aws;;PASS;AWS policy CloudTrailServiceRolePolicy is attached but does not allow '*:*' administrative privileges.;arn:aws:iam::aws:policy/aws-service-role/CloudTrailServiceRolePolicy;iam_aws_attached_policy_no_administrative_privileges;False;CloudTrailServiceRolePolicy;NIST-CSF;National Institute of Standards and Technology (NIST) Cybersecurity Framework (CSF) v1.1;
aws;The NIST Cybersecurity Framework (CSF) is supported by governments and industries worldwide as a recommended baseline for use by any organization, regardless of sector or size. The NIST Cybersecurity Framework consists of three primary components: the framework core, the profiles, and the implementation tiers. The framework core contains desired cybersecurity activities and outcomes organized into 23 categories that cover the breadth of cybersecurity objectives for an organization. The profiles contain an organization's unique alignment of their organizational requirements and objectives, risk appetite, and resources using the desired outcomes of the framework core. The implementation tiers describe the degree to which an organization’s cybersecurity risk management practices exhibit the characteristics defined in the framework core.;<SANDBOX_ACCOUNT_ID>;ap-southeast-7;2026-08-19 02:30:11.271115;ac_4;Access permissions and authorizations are managed, incorporating the principles of least privilege and separation of duties.;Protect (PR);Identity Management and Access Control (PR.AC);;aws;;PASS;AWS policy CloudTrailServiceRolePolicy is attached but does not allow '*:*' administrative privileges.;arn:aws:iam::aws:policy/aws-service-role/CloudTrailServiceRolePolicy;iam_aws_attached_policy_no_administrative_privileges;False;CloudTrailServiceRolePolicy;NIST-CSF;National Institute of Standards and Technology (NIST) Cybersecurity Framework (CSF) v1.1;
aws;The NIST Cybersecurity Framework (CSF) is supported by governments and industries worldwide as a recommended baseline for use by any organization, regardless of sector or size. The NIST Cybersecurity Framework consists of three primary components: the framework core, the profiles, and the implementation tiers. The framework core contains desired cybersecurity activities and outcomes organized into 23 categories that cover the breadth of cybersecurity objectives for an organization. The profiles contain an organization's unique alignment of their organizational requirements and objectives, risk appetite, and resources using the desired outcomes of the framework core. The implementation tiers describe the degree to which an organization’s cybersecurity risk management practices exhibit the characteristics defined in the framework core.;<SANDBOX_ACCOUNT_ID>;ap-southeast-7;2026-08-19 02:30:11.271115;pt_3;The principle of least functionality is incorporated by configuring systems to provide only essential capabilities.;Protect (PR);Protective Technology (PR.PT);;aws;;PASS;AWS policy CloudTrailServiceRolePolicy is attached but does not allow '*:*' administrative privileges.;arn:aws:iam::aws:policy/aws-service-role/CloudTrailServiceRolePolicy;iam_aws_attached_policy_no_administrative_privileges;False;CloudTrailServiceRolePolicy;NIST-CSF;National Institute of Standards and Technology (NIST) Cybersecurity Framework (CSF) v1.1;
aws;The NIST Cybersecurity Framework (CSF) is supported by governments and industries worldwide as a recommended baseline for use by any organization, regardless of sector or size. The NIST Cybersecurity Framework consists of three primary components: the framework core, the profiles, and the implementation tiers. The framework core contains desired cybersecurity activities and outcomes organized into 23 categories that cover the breadth of cybersecurity objectives for an organization. The profiles contain an organization's unique alignment of their organizational requirements and objectives, risk appetite, and resources using the desired outcomes of the framework core. The implementation tiers describe the degree to which an organization’s cybersecurity risk management practices exhibit the characteristics defined in the framework core.;<SANDBOX_ACCOUNT_ID>;ap-southeast-7;2026-08-19 02:30:11.271115;ac_1;Identities and credentials are issued, managed, verified, revoked, and audited for authorized devices, users and processes.;Protect (PR);Identity Management and Access Control (PR.AC);;aws;;PASS;AWS policy AWSResourceExplorerServiceRolePolicy is attached but does not allow '*:*' administrative privileges.;arn:aws:iam::aws:policy/aws-service-role/AWSResourceExplorerServiceRolePolicy;iam_aws_attached_policy_no_administrative_privileges;False;AWSResourceExplorerServiceRolePolicy;NIST-CSF;National Institute of Standards and Technology (NIST) Cybersecurity Framework (CSF) v1.1;
aws;The NIST Cybersecurity Framework (CSF) is supported by governments and industries worldwide as a recommended baseline for use by any organization, regardless of sector or size. The NIST Cybersecurity Framework consists of three primary components: the framework core, the profiles, and the implementation tiers. The framework core contains desired cybersecurity activities and outcomes organized into 23 categories that cover the breadth of cybersecurity objectives for an organization. The profiles contain an organization's unique alignment of their organizational requirements and objectives, risk appetite, and resources using the desired outcomes of the framework core. The implementation tiers describe the degree to which an organization’s cybersecurity risk management practices exhibit the characteristics defined in the framework core.;<SANDBOX_ACCOUNT_ID>;ap-southeast-7;2026-08-19 02:30:11.271115;ac_4;Access permissions and authorizations are managed, incorporating the principles of least privilege and separation of duties.;Protect (PR);Identity Management and Access Control (PR.AC);;aws;;PASS;AWS policy AWSResourceExplorerServiceRolePolicy is attached but does not allow '*:*' administrative privileges.;arn:aws:iam::aws:policy/aws-service-role/AWSResourceExplorerServiceRolePolicy;iam_aws_attached_policy_no_administrative_privileges;False;AWSResourceExplorerServiceRolePolicy;NIST-CSF;National Institute of Standards and Technology (NIST) Cybersecurity Framework (CSF) v1.1;
aws;The NIST Cybersecurity Framework (CSF) is supported by governments and industries worldwide as a recommended baseline for use by any organization, regardless of sector or size. The NIST Cybersecurity Framework consists of three primary components: the framework core, the profiles, and the implementation tiers. The framework core contains desired cybersecurity activities and outcomes organized into 23 categories that cover the breadth of cybersecurity objectives for an organization. The profiles contain an organization's unique alignment of their organizational requirements and objectives, risk appetite, and resources using the desired outcomes of the framework core. The implementation tiers describe the degree to which an organization’s cybersecurity risk management practices exhibit the characteristics defined in the framework core.;<SANDBOX_ACCOUNT_ID>;ap-southeast-7;2026-08-19 02:30:11.271115;pt_3;The principle of least functionality is incorporated by configuring systems to provide only essential capabilities.;Protect (PR);Protective Technology (PR.PT);;aws;;PASS;AWS policy AWSResourceExplorerServiceRolePolicy is attached but does not allow '*:*' administrative privileges.;arn:aws:iam::aws:policy/aws-service-role/AWSResourceExplorerServiceRolePolicy;iam_aws_attached_policy_no_administrative_privileges;False;AWSResourceExplorerServiceRolePolicy;NIST-CSF;National Institute of Standards and Technology (NIST) Cybersecurity Framework (CSF) v1.1;
aws;The NIST Cybersecurity Framework (CSF) is supported by governments and industries worldwide as a recommended baseline for use by any organization, regardless of sector or size. The NIST Cybersecurity Framework consists of three primary components: the framework core, the profiles, and the implementation tiers. The framework core contains desired cybersecurity activities and outcomes organized into 23 categories that cover the breadth of cybersecurity objectives for an organization. The profiles contain an organization's unique alignment of their organizational requirements and objectives, risk appetite, and resources using the desired outcomes of the framework core. The implementation tiers describe the degree to which an organization’s cybersecurity risk management practices exhibit the characteristics defined in the framework core.;<SANDBOX_ACCOUNT_ID>;ap-southeast-7;2026-08-19 02:30:11.271115;ac_1;Identities and credentials are issued, managed, verified, revoked, and audited for authorized devices, users and processes.;Protect (PR);Identity Management and Access Control (PR.AC);;aws;;PASS;Inline policy range-app-deploy-policy attached to role range-app-deploy-role does not allow '*:*' administrative privileges.;arn:aws:iam::<SANDBOX_ACCOUNT_ID>:role/range-app-deploy-role;iam_inline_policy_no_administrative_privileges;False;range-app-deploy-role/range-app-deploy-policy;NIST-CSF;National Institute of Standards and Technology (NIST) Cybersecurity Framework (CSF) v1.1;
aws;The NIST Cybersecurity Framework (CSF) is supported by governments and industries worldwide as a recommended baseline for use by any organization, regardless of sector or size. The NIST Cybersecurity Framework consists of three primary components: the framework core, the profiles, and the implementation tiers. The framework core contains desired cybersecurity activities and outcomes organized into 23 categories that cover the breadth of cybersecurity objectives for an organization. The profiles contain an organization's unique alignment of their organizational requirements and objectives, risk appetite, and resources using the desired outcomes of the framework core. The implementation tiers describe the degree to which an organization’s cybersecurity risk management practices exhibit the characteristics defined in the framework core.;<SANDBOX_ACCOUNT_ID>;ap-southeast-7;2026-08-19 02:30:11.271115;ac_4;Access permissions and authorizations are managed, incorporating the principles of least privilege and separation of duties.;Protect (PR);Identity Management and Access Control (PR.AC);;aws;;PASS;Inline policy range-app-deploy-policy attached to role range-app-deploy-role does not allow '*:*' administrative privileges.;arn:aws:iam::<SANDBOX_ACCOUNT_ID>:role/range-app-deploy-role;iam_inline_policy_no_administrative_privileges;False;range-app-deploy-role/range-app-deploy-policy;NIST-CSF;National Institute of Standards and Technology (NIST) Cybersecurity Framework (CSF) v1.1;
aws;The NIST Cybersecurity Framework (CSF) is supported by governments and industries worldwide as a recommended baseline for use by any organization, regardless of sector or size. The NIST Cybersecurity Framework consists of three primary components: the framework core, the profiles, and the implementation tiers. The framework core contains desired cybersecurity activities and outcomes organized into 23 categories that cover the breadth of cybersecurity objectives for an organization. The profiles contain an organization's unique alignment of their organizational requirements and objectives, risk appetite, and resources using the desired outcomes of the framework core. The implementation tiers describe the degree to which an organization’s cybersecurity risk management practices exhibit the characteristics defined in the framework core.;<SANDBOX_ACCOUNT_ID>;ap-southeast-7;2026-08-19 02:30:11.271115;pt_3;The principle of least functionality is incorporated by configuring systems to provide only essential capabilities.;Protect (PR);Protective Technology (PR.PT);;aws;;PASS;Inline policy range-app-deploy-policy attached to role range-app-deploy-role does not allow '*:*' administrative privileges.;arn:aws:iam::<SANDBOX_ACCOUNT_ID>:role/range-app-deploy-role;iam_inline_policy_no_administrative_privileges;False;range-app-deploy-role/range-app-deploy-policy;NIST-CSF;National Institute of Standards and Technology (NIST) Cybersecurity Framework (CSF) v1.1;
aws;The NIST Cybersecurity Framework (CSF) is supported by governments and industries worldwide as a recommended baseline for use by any organization, regardless of sector or size. The NIST Cybersecurity Framework consists of three primary components: the framework core, the profiles, and the implementation tiers. The framework core contains desired cybersecurity activities and outcomes organized into 23 categories that cover the breadth of cybersecurity objectives for an organization. The profiles contain an organization's unique alignment of their organizational requirements and objectives, risk appetite, and resources using the desired outcomes of the framework core. The implementation tiers describe the degree to which an organization’s cybersecurity risk management practices exhibit the characteristics defined in the framework core.;<SANDBOX_ACCOUNT_ID>;ap-southeast-7;2026-08-19 02:30:11.271115;ac_1;Identities and credentials are issued, managed, verified, revoked, and audited for authorized devices, users and processes.;Protect (PR);Identity Management and Access Control (PR.AC);;aws;;PASS;Inline policy range-cloudtrail-to-cwl attached to role range-cloudtrail-to-cwl does not allow '*:*' administrative privileges.;arn:aws:iam::<SANDBOX_ACCOUNT_ID>:role/range-cloudtrail-to-cwl;iam_inline_policy_no_administrative_privileges;False;range-cloudtrail-to-cwl/range-cloudtrail-to-cwl;NIST-CSF;National Institute of Standards and Technology (NIST) Cybersecurity Framework (CSF) v1.1;
aws;The NIST Cybersecurity Framework (CSF) is supported by governments and industries worldwide as a recommended baseline for use by any organization, regardless of sector or size. The NIST Cybersecurity Framework consists of three primary components: the framework core, the profiles, and the implementation tiers. The framework core contains desired cybersecurity activities and outcomes organized into 23 categories that cover the breadth of cybersecurity objectives for an organization. The profiles contain an organization's unique alignment of their organizational requirements and objectives, risk appetite, and resources using the desired outcomes of the framework core. The implementation tiers describe the degree to which an organization’s cybersecurity risk management practices exhibit the characteristics defined in the framework core.;<SANDBOX_ACCOUNT_ID>;ap-southeast-7;2026-08-19 02:30:11.271115;ac_4;Access permissions and authorizations are managed, incorporating the principles of least privilege and separation of duties.;Protect (PR);Identity Management and Access Control (PR.AC);;aws;;PASS;Inline policy range-cloudtrail-to-cwl attached to role range-cloudtrail-to-cwl does not allow '*:*' administrative privileges.;arn:aws:iam::<SANDBOX_ACCOUNT_ID>:role/range-cloudtrail-to-cwl;iam_inline_policy_no_administrative_privileges;False;range-cloudtrail-to-cwl/range-cloudtrail-to-cwl;NIST-CSF;National Institute of Standards and Technology (NIST) Cybersecurity Framework (CSF) v1.1;
aws;The NIST Cybersecurity Framework (CSF) is supported by governments and industries worldwide as a recommended baseline for use by any organization, regardless of sector or size. The NIST Cybersecurity Framework consists of three primary components: the framework core, the profiles, and the implementation tiers. The framework core contains desired cybersecurity activities and outcomes organized into 23 categories that cover the breadth of cybersecurity objectives for an organization. The profiles contain an organization's unique alignment of their organizational requirements and objectives, risk appetite, and resources using the desired outcomes of the framework core. The implementation tiers describe the degree to which an organization’s cybersecurity risk management practices exhibit the characteristics defined in the framework core.;<SANDBOX_ACCOUNT_ID>;ap-southeast-7;2026-08-19 02:30:11.271115;pt_3;The principle of least functionality is incorporated by configuring systems to provide only essential capabilities.;Protect (PR);Protective Technology (PR.PT);;aws;;PASS;Inline policy range-cloudtrail-to-cwl attached to role range-cloudtrail-to-cwl does not allow '*:*' administrative privileges.;arn:aws:iam::<SANDBOX_ACCOUNT_ID>:role/range-cloudtrail-to-cwl;iam_inline_policy_no_administrative_privileges;False;range-cloudtrail-to-cwl/range-cloudtrail-to-cwl;NIST-CSF;National Institute of Standards and Technology (NIST) Cybersecurity Framework (CSF) v1.1;
aws;The NIST Cybersecurity Framework (CSF) is supported by governments and industries worldwide as a recommended baseline for use by any organization, regardless of sector or size. The NIST Cybersecurity Framework consists of three primary components: the framework core, the profiles, and the implementation tiers. The framework core contains desired cybersecurity activities and outcomes organized into 23 categories that cover the breadth of cybersecurity objectives for an organization. The profiles contain an organization's unique alignment of their organizational requirements and objectives, risk appetite, and resources using the desired outcomes of the framework core. The implementation tiers describe the degree to which an organization’s cybersecurity risk management practices exhibit the characteristics defined in the framework core.;<SANDBOX_ACCOUNT_ID>;ap-southeast-7;2026-08-19 02:30:11.271115;ac_4;Access permissions and authorizations are managed, incorporating the principles of least privilege and separation of duties.;Protect (PR);Identity Management and Access Control (PR.AC);;aws;;PASS;Inline policy range-app-deploy-policy attached to role range-app-deploy-role does not allow 'aws-marketplace:Subscribe' on all resources.;arn:aws:iam::<SANDBOX_ACCOUNT_ID>:role/range-app-deploy-role;iam_inline_policy_no_wildcard_marketplace_subscribe;False;range-app-deploy-role/range-app-deploy-policy;NIST-CSF;National Institute of Standards and Technology (NIST) Cybersecurity Framework (CSF) v1.1;
aws;The NIST Cybersecurity Framework (CSF) is supported by governments and industries worldwide as a recommended baseline for use by any organization, regardless of sector or size. The NIST Cybersecurity Framework consists of three primary components: the framework core, the profiles, and the implementation tiers. The framework core contains desired cybersecurity activities and outcomes organized into 23 categories that cover the breadth of cybersecurity objectives for an organization. The profiles contain an organization's unique alignment of their organizational requirements and objectives, risk appetite, and resources using the desired outcomes of the framework core. The implementation tiers describe the degree to which an organization’s cybersecurity risk management practices exhibit the characteristics defined in the framework core.;<SANDBOX_ACCOUNT_ID>;ap-southeast-7;2026-08-19 02:30:11.271115;ac_4;Access permissions and authorizations are managed, incorporating the principles of least privilege and separation of duties.;Protect (PR);Identity Management and Access Control (PR.AC);;aws;;PASS;Inline policy range-cloudtrail-to-cwl attached to role range-cloudtrail-to-cwl does not allow 'aws-marketplace:Subscribe' on all resources.;arn:aws:iam::<SANDBOX_ACCOUNT_ID>:role/range-cloudtrail-to-cwl;iam_inline_policy_no_wildcard_marketplace_subscribe;False;range-cloudtrail-to-cwl/range-cloudtrail-to-cwl;NIST-CSF;National Institute of Standards and Technology (NIST) Cybersecurity Framework (CSF) v1.1;
aws;The NIST Cybersecurity Framework (CSF) is supported by governments and industries worldwide as a recommended baseline for use by any organization, regardless of sector or size. The NIST Cybersecurity Framework consists of three primary components: the framework core, the profiles, and the implementation tiers. The framework core contains desired cybersecurity activities and outcomes organized into 23 categories that cover the breadth of cybersecurity objectives for an organization. The profiles contain an organization's unique alignment of their organizational requirements and objectives, risk appetite, and resources using the desired outcomes of the framework core. The implementation tiers describe the degree to which an organization’s cybersecurity risk management practices exhibit the characteristics defined in the framework core.;<SANDBOX_ACCOUNT_ID>;ap-southeast-7;2026-08-19 02:30:11.271115;ac_1;Identities and credentials are issued, managed, verified, revoked, and audited for authorized devices, users and processes.;Protect (PR);Identity Management and Access Control (PR.AC);;aws;;PASS;Root account does not have access keys.;arn:aws:iam::<SANDBOX_ACCOUNT_ID>:root;iam_no_root_access_key;False;<root_account>;NIST-CSF;National Institute of Standards and Technology (NIST) Cybersecurity Framework (CSF) v1.1;
aws;The NIST Cybersecurity Framework (CSF) is supported by governments and industries worldwide as a recommended baseline for use by any organization, regardless of sector or size. The NIST Cybersecurity Framework consists of three primary components: the framework core, the profiles, and the implementation tiers. The framework core contains desired cybersecurity activities and outcomes organized into 23 categories that cover the breadth of cybersecurity objectives for an organization. The profiles contain an organization's unique alignment of their organizational requirements and objectives, risk appetite, and resources using the desired outcomes of the framework core. The implementation tiers describe the degree to which an organization’s cybersecurity risk management practices exhibit the characteristics defined in the framework core.;<SANDBOX_ACCOUNT_ID>;ap-southeast-7;2026-08-19 02:30:11.271115;ac_4;Access permissions and authorizations are managed, incorporating the principles of least privilege and separation of duties.;Protect (PR);Identity Management and Access Control (PR.AC);;aws;;PASS;Root account does not have access keys.;arn:aws:iam::<SANDBOX_ACCOUNT_ID>:root;iam_no_root_access_key;False;<root_account>;NIST-CSF;National Institute of Standards and Technology (NIST) Cybersecurity Framework (CSF) v1.1;
aws;The NIST Cybersecurity Framework (CSF) is supported by governments and industries worldwide as a recommended baseline for use by any organization, regardless of sector or size. The NIST Cybersecurity Framework consists of three primary components: the framework core, the profiles, and the implementation tiers. The framework core contains desired cybersecurity activities and outcomes organized into 23 categories that cover the breadth of cybersecurity objectives for an organization. The profiles contain an organization's unique alignment of their organizational requirements and objectives, risk appetite, and resources using the desired outcomes of the framework core. The implementation tiers describe the degree to which an organization’s cybersecurity risk management practices exhibit the characteristics defined in the framework core.;<SANDBOX_ACCOUNT_ID>;ap-southeast-7;2026-08-19 02:30:11.271115;pt_3;The principle of least functionality is incorporated by configuring systems to provide only essential capabilities.;Protect (PR);Protective Technology (PR.PT);;aws;;PASS;Root account does not have access keys.;arn:aws:iam::<SANDBOX_ACCOUNT_ID>:root;iam_no_root_access_key;False;<root_account>;NIST-CSF;National Institute of Standards and Technology (NIST) Cybersecurity Framework (CSF) v1.1;
aws;The NIST Cybersecurity Framework (CSF) is supported by governments and industries worldwide as a recommended baseline for use by any organization, regardless of sector or size. The NIST Cybersecurity Framework consists of three primary components: the framework core, the profiles, and the implementation tiers. The framework core contains desired cybersecurity activities and outcomes organized into 23 categories that cover the breadth of cybersecurity objectives for an organization. The profiles contain an organization's unique alignment of their organizational requirements and objectives, risk appetite, and resources using the desired outcomes of the framework core. The implementation tiers describe the degree to which an organization’s cybersecurity risk management practices exhibit the characteristics defined in the framework core.;<SANDBOX_ACCOUNT_ID>;ap-southeast-7;2026-08-19 02:30:11.271115;ac_1;Identities and credentials are issued, managed, verified, revoked, and audited for authorized devices, users and processes.;Protect (PR);Identity Management and Access Control (PR.AC);;aws;;FAIL;IAM password policy reuse prevention is less than 24 or not set.;arn:aws:iam:ap-southeast-7:<SANDBOX_ACCOUNT_ID>:password-policy;iam_password_policy_reuse_24;False;<SANDBOX_ACCOUNT_ID>;NIST-CSF;National Institute of Standards and Technology (NIST) Cybersecurity Framework (CSF) v1.1;
aws;The NIST Cybersecurity Framework (CSF) is supported by governments and industries worldwide as a recommended baseline for use by any organization, regardless of sector or size. The NIST Cybersecurity Framework consists of three primary components: the framework core, the profiles, and the implementation tiers. The framework core contains desired cybersecurity activities and outcomes organized into 23 categories that cover the breadth of cybersecurity objectives for an organization. The profiles contain an organization's unique alignment of their organizational requirements and objectives, risk appetite, and resources using the desired outcomes of the framework core. The implementation tiers describe the degree to which an organization’s cybersecurity risk management practices exhibit the characteristics defined in the framework core.;<SANDBOX_ACCOUNT_ID>;ap-southeast-7;2026-08-19 02:30:11.271115;ac_1;Identities and credentials are issued, managed, verified, revoked, and audited for authorized devices, users and processes.;Protect (PR);Identity Management and Access Control (PR.AC);;aws;;FAIL;IAM Role AWSReservedSSO_AdministratorAccess_8c8dbb6dc8164670 has Bedrock permissions but has never used them.;arn:aws:iam::<SANDBOX_ACCOUNT_ID>:role/aws-reserved/sso.amazonaws.com/ap-southeast-1/AWSReservedSSO_AdministratorAccess_8c8dbb6dc8164670;iam_role_access_not_stale_to_bedrock;False;AWSReservedSSO_AdministratorAccess_8c8dbb6dc8164670;NIST-CSF;National Institute of Standards and Technology (NIST) Cybersecurity Framework (CSF) v1.1;
aws;The NIST Cybersecurity Framework (CSF) is supported by governments and industries worldwide as a recommended baseline for use by any organization, regardless of sector or size. The NIST Cybersecurity Framework consists of three primary components: the framework core, the profiles, and the implementation tiers. The framework core contains desired cybersecurity activities and outcomes organized into 23 categories that cover the breadth of cybersecurity objectives for an organization. The profiles contain an organization's unique alignment of their organizational requirements and objectives, risk appetite, and resources using the desired outcomes of the framework core. The implementation tiers describe the degree to which an organization’s cybersecurity risk management practices exhibit the characteristics defined in the framework core.;<SANDBOX_ACCOUNT_ID>;ap-southeast-7;2026-08-19 02:30:11.271115;ac_4;Access permissions and authorizations are managed, incorporating the principles of least privilege and separation of duties.;Protect (PR);Identity Management and Access Control (PR.AC);;aws;;FAIL;IAM Role AWSReservedSSO_AdministratorAccess_8c8dbb6dc8164670 has Bedrock permissions but has never used them.;arn:aws:iam::<SANDBOX_ACCOUNT_ID>:role/aws-reserved/sso.amazonaws.com/ap-southeast-1/AWSReservedSSO_AdministratorAccess_8c8dbb6dc8164670;iam_role_access_not_stale_to_bedrock;False;AWSReservedSSO_AdministratorAccess_8c8dbb6dc8164670;NIST-CSF;National Institute of Standards and Technology (NIST) Cybersecurity Framework (CSF) v1.1;
aws;The NIST Cybersecurity Framework (CSF) is supported by governments and industries worldwide as a recommended baseline for use by any organization, regardless of sector or size. The NIST Cybersecurity Framework consists of three primary components: the framework core, the profiles, and the implementation tiers. The framework core contains desired cybersecurity activities and outcomes organized into 23 categories that cover the breadth of cybersecurity objectives for an organization. The profiles contain an organization's unique alignment of their organizational requirements and objectives, risk appetite, and resources using the desired outcomes of the framework core. The implementation tiers describe the degree to which an organization’s cybersecurity risk management practices exhibit the characteristics defined in the framework core.;<SANDBOX_ACCOUNT_ID>;ap-southeast-7;2026-08-19 02:30:11.271115;ac_1;Identities and credentials are issued, managed, verified, revoked, and audited for authorized devices, users and processes.;Protect (PR);Identity Management and Access Control (PR.AC);;aws;;PASS;IAM Role AWSServiceRoleForResourceExplorer accessed Bedrock 0 days ago (threshold: 60 days).;arn:aws:iam::<SANDBOX_ACCOUNT_ID>:role/aws-service-role/resource-explorer-2.amazonaws.com/AWSServiceRoleForResourceExplorer;iam_role_access_not_stale_to_bedrock;False;AWSServiceRoleForResourceExplorer;NIST-CSF;National Institute of Standards and Technology (NIST) Cybersecurity Framework (CSF) v1.1;
aws;The NIST Cybersecurity Framework (CSF) is supported by governments and industries worldwide as a recommended baseline for use by any organization, regardless of sector or size. The NIST Cybersecurity Framework consists of three primary components: the framework core, the profiles, and the implementation tiers. The framework core contains desired cybersecurity activities and outcomes organized into 23 categories that cover the breadth of cybersecurity objectives for an organization. The profiles contain an organization's unique alignment of their organizational requirements and objectives, risk appetite, and resources using the desired outcomes of the framework core. The implementation tiers describe the degree to which an organization’s cybersecurity risk management practices exhibit the characteristics defined in the framework core.;<SANDBOX_ACCOUNT_ID>;ap-southeast-7;2026-08-19 02:30:11.271115;ac_4;Access permissions and authorizations are managed, incorporating the principles of least privilege and separation of duties.;Protect (PR);Identity Management and Access Control (PR.AC);;aws;;PASS;IAM Role AWSServiceRoleForResourceExplorer accessed Bedrock 0 days ago (threshold: 60 days).;arn:aws:iam::<SANDBOX_ACCOUNT_ID>:role/aws-service-role/resource-explorer-2.amazonaws.com/AWSServiceRoleForResourceExplorer;iam_role_access_not_stale_to_bedrock;False;AWSServiceRoleForResourceExplorer;NIST-CSF;National Institute of Standards and Technology (NIST) Cybersecurity Framework (CSF) v1.1;
aws;The NIST Cybersecurity Framework (CSF) is supported by governments and industries worldwide as a recommended baseline for use by any organization, regardless of sector or size. The NIST Cybersecurity Framework consists of three primary components: the framework core, the profiles, and the implementation tiers. The framework core contains desired cybersecurity activities and outcomes organized into 23 categories that cover the breadth of cybersecurity objectives for an organization. The profiles contain an organization's unique alignment of their organizational requirements and objectives, risk appetite, and resources using the desired outcomes of the framework core. The implementation tiers describe the degree to which an organization’s cybersecurity risk management practices exhibit the characteristics defined in the framework core.;<SANDBOX_ACCOUNT_ID>;ap-southeast-7;2026-08-19 02:30:11.271115;ac_1;Identities and credentials are issued, managed, verified, revoked, and audited for authorized devices, users and processes.;Protect (PR);Identity Management and Access Control (PR.AC);;aws;;FAIL;IAM Role AWSServiceRoleForSupport has Bedrock permissions but has never used them.;arn:aws:iam::<SANDBOX_ACCOUNT_ID>:role/aws-service-role/support.amazonaws.com/AWSServiceRoleForSupport;iam_role_access_not_stale_to_bedrock;False;AWSServiceRoleForSupport;NIST-CSF;National Institute of Standards and Technology (NIST) Cybersecurity Framework (CSF) v1.1;
aws;The NIST Cybersecurity Framework (CSF) is supported by governments and industries worldwide as a recommended baseline for use by any organization, regardless of sector or size. The NIST Cybersecurity Framework consists of three primary components: the framework core, the profiles, and the implementation tiers. The framework core contains desired cybersecurity activities and outcomes organized into 23 categories that cover the breadth of cybersecurity objectives for an organization. The profiles contain an organization's unique alignment of their organizational requirements and objectives, risk appetite, and resources using the desired outcomes of the framework core. The implementation tiers describe the degree to which an organization’s cybersecurity risk management practices exhibit the characteristics defined in the framework core.;<SANDBOX_ACCOUNT_ID>;ap-southeast-7;2026-08-19 02:30:11.271115;ac_4;Access permissions and authorizations are managed, incorporating the principles of least privilege and separation of duties.;Protect (PR);Identity Management and Access Control (PR.AC);;aws;;FAIL;IAM Role AWSServiceRoleForSupport has Bedrock permissions but has never used them.;arn:aws:iam::<SANDBOX_ACCOUNT_ID>:role/aws-service-role/support.amazonaws.com/AWSServiceRoleForSupport;iam_role_access_not_stale_to_bedrock;False;AWSServiceRoleForSupport;NIST-CSF;National Institute of Standards and Technology (NIST) Cybersecurity Framework (CSF) v1.1;
aws;The NIST Cybersecurity Framework (CSF) is supported by governments and industries worldwide as a recommended baseline for use by any organization, regardless of sector or size. The NIST Cybersecurity Framework consists of three primary components: the framework core, the profiles, and the implementation tiers. The framework core contains desired cybersecurity activities and outcomes organized into 23 categories that cover the breadth of cybersecurity objectives for an organization. The profiles contain an organization's unique alignment of their organizational requirements and objectives, risk appetite, and resources using the desired outcomes of the framework core. The implementation tiers describe the degree to which an organization’s cybersecurity risk management practices exhibit the characteristics defined in the framework core.;<SANDBOX_ACCOUNT_ID>;ap-southeast-7;2026-08-19 02:30:11.271115;ac_1;Identities and credentials are issued, managed, verified, revoked, and audited for authorized devices, users and processes.;Protect (PR);Identity Management and Access Control (PR.AC);;aws;;FAIL;IAM Role OrganizationAccountAccessRole has Bedrock permissions but has never used them.;arn:aws:iam::<SANDBOX_ACCOUNT_ID>:role/OrganizationAccountAccessRole;iam_role_access_not_stale_to_bedrock;False;OrganizationAccountAccessRole;NIST-CSF;National Institute of Standards and Technology (NIST) Cybersecurity Framework (CSF) v1.1;
aws;The NIST Cybersecurity Framework (CSF) is supported by governments and industries worldwide as a recommended baseline for use by any organization, regardless of sector or size. The NIST Cybersecurity Framework consists of three primary components: the framework core, the profiles, and the implementation tiers. The framework core contains desired cybersecurity activities and outcomes organized into 23 categories that cover the breadth of cybersecurity objectives for an organization. The profiles contain an organization's unique alignment of their organizational requirements and objectives, risk appetite, and resources using the desired outcomes of the framework core. The implementation tiers describe the degree to which an organization’s cybersecurity risk management practices exhibit the characteristics defined in the framework core.;<SANDBOX_ACCOUNT_ID>;ap-southeast-7;2026-08-19 02:30:11.271115;ac_4;Access permissions and authorizations are managed, incorporating the principles of least privilege and separation of duties.;Protect (PR);Identity Management and Access Control (PR.AC);;aws;;FAIL;IAM Role OrganizationAccountAccessRole has Bedrock permissions but has never used them.;arn:aws:iam::<SANDBOX_ACCOUNT_ID>:role/OrganizationAccountAccessRole;iam_role_access_not_stale_to_bedrock;False;OrganizationAccountAccessRole;NIST-CSF;National Institute of Standards and Technology (NIST) Cybersecurity Framework (CSF) v1.1;
aws;The NIST Cybersecurity Framework (CSF) is supported by governments and industries worldwide as a recommended baseline for use by any organization, regardless of sector or size. The NIST Cybersecurity Framework consists of three primary components: the framework core, the profiles, and the implementation tiers. The framework core contains desired cybersecurity activities and outcomes organized into 23 categories that cover the breadth of cybersecurity objectives for an organization. The profiles contain an organization's unique alignment of their organizational requirements and objectives, risk appetite, and resources using the desired outcomes of the framework core. The implementation tiers describe the degree to which an organization’s cybersecurity risk management practices exhibit the characteristics defined in the framework core.;<SANDBOX_ACCOUNT_ID>;ap-southeast-7;2026-08-19 02:30:11.271115;ac_3;Remote access is managed.;Protect (PR);Identity Management and Access Control (PR.AC);;aws;;FAIL;MFA is not enabled for root account.;arn:aws:iam::<SANDBOX_ACCOUNT_ID>:mfa;iam_root_hardware_mfa_enabled;False;<root_account>;NIST-CSF;National Institute of Standards and Technology (NIST) Cybersecurity Framework (CSF) v1.1;
aws;The NIST Cybersecurity Framework (CSF) is supported by governments and industries worldwide as a recommended baseline for use by any organization, regardless of sector or size. The NIST Cybersecurity Framework consists of three primary components: the framework core, the profiles, and the implementation tiers. The framework core contains desired cybersecurity activities and outcomes organized into 23 categories that cover the breadth of cybersecurity objectives for an organization. The profiles contain an organization's unique alignment of their organizational requirements and objectives, risk appetite, and resources using the desired outcomes of the framework core. The implementation tiers describe the degree to which an organization’s cybersecurity risk management practices exhibit the characteristics defined in the framework core.;<SANDBOX_ACCOUNT_ID>;ap-southeast-7;2026-08-19 02:30:11.271115;ac_7;Users, devices, and other assets are authenticated (e.g., single-factor, multi-factor) commensurate with the risk of the transaction (e.g., individuals’ security and privacy risks and other organizational risks).;Protect (PR);Identity Management and Access Control (PR.AC);;iam;;FAIL;MFA is not enabled for root account.;arn:aws:iam::<SANDBOX_ACCOUNT_ID>:mfa;iam_root_hardware_mfa_enabled;False;<root_account>;NIST-CSF;National Institute of Standards and Technology (NIST) Cybersecurity Framework (CSF) v1.1;
aws;The NIST Cybersecurity Framework (CSF) is supported by governments and industries worldwide as a recommended baseline for use by any organization, regardless of sector or size. The NIST Cybersecurity Framework consists of three primary components: the framework core, the profiles, and the implementation tiers. The framework core contains desired cybersecurity activities and outcomes organized into 23 categories that cover the breadth of cybersecurity objectives for an organization. The profiles contain an organization's unique alignment of their organizational requirements and objectives, risk appetite, and resources using the desired outcomes of the framework core. The implementation tiers describe the degree to which an organization’s cybersecurity risk management practices exhibit the characteristics defined in the framework core.;<SANDBOX_ACCOUNT_ID>;ap-southeast-7;2026-08-19 02:30:11.271115;ac_3;Remote access is managed.;Protect (PR);Identity Management and Access Control (PR.AC);;aws;;FAIL;MFA is not enabled for root account.;arn:aws:iam::<SANDBOX_ACCOUNT_ID>:root;iam_root_mfa_enabled;False;<root_account>;NIST-CSF;National Institute of Standards and Technology (NIST) Cybersecurity Framework (CSF) v1.1;
aws;The NIST Cybersecurity Framework (CSF) is supported by governments and industries worldwide as a recommended baseline for use by any organization, regardless of sector or size. The NIST Cybersecurity Framework consists of three primary components: the framework core, the profiles, and the implementation tiers. The framework core contains desired cybersecurity activities and outcomes organized into 23 categories that cover the breadth of cybersecurity objectives for an organization. The profiles contain an organization's unique alignment of their organizational requirements and objectives, risk appetite, and resources using the desired outcomes of the framework core. The implementation tiers describe the degree to which an organization’s cybersecurity risk management practices exhibit the characteristics defined in the framework core.;<SANDBOX_ACCOUNT_ID>;ap-southeast-7;2026-08-19 02:30:11.271115;ac_7;Users, devices, and other assets are authenticated (e.g., single-factor, multi-factor) commensurate with the risk of the transaction (e.g., individuals’ security and privacy risks and other organizational risks).;Protect (PR);Identity Management and Access Control (PR.AC);;iam;;FAIL;MFA is not enabled for root account.;arn:aws:iam::<SANDBOX_ACCOUNT_ID>:root;iam_root_mfa_enabled;False;<root_account>;NIST-CSF;National Institute of Standards and Technology (NIST) Cybersecurity Framework (CSF) v1.1;
aws;The NIST Cybersecurity Framework (CSF) is supported by governments and industries worldwide as a recommended baseline for use by any organization, regardless of sector or size. The NIST Cybersecurity Framework consists of three primary components: the framework core, the profiles, and the implementation tiers. The framework core contains desired cybersecurity activities and outcomes organized into 23 categories that cover the breadth of cybersecurity objectives for an organization. The profiles contain an organization's unique alignment of their organizational requirements and objectives, risk appetite, and resources using the desired outcomes of the framework core. The implementation tiers describe the degree to which an organization’s cybersecurity risk management practices exhibit the characteristics defined in the framework core.;<SANDBOX_ACCOUNT_ID>;ap-southeast-7;2026-08-19 02:30:11.271115;ac_1;Identities and credentials are issued, managed, verified, revoked, and audited for authorized devices, users and processes.;Protect (PR);Identity Management and Access Control (PR.AC);;aws;;PASS;User <root_account> does not have access keys.;arn:aws:iam::<SANDBOX_ACCOUNT_ID>:root;iam_rotate_access_key_90_days;False;<root_account>;NIST-CSF;National Institute of Standards and Technology (NIST) Cybersecurity Framework (CSF) v1.1;
aws;The NIST Cybersecurity Framework (CSF) is supported by governments and industries worldwide as a recommended baseline for use by any organization, regardless of sector or size. The NIST Cybersecurity Framework consists of three primary components: the framework core, the profiles, and the implementation tiers. The framework core contains desired cybersecurity activities and outcomes organized into 23 categories that cover the breadth of cybersecurity objectives for an organization. The profiles contain an organization's unique alignment of their organizational requirements and objectives, risk appetite, and resources using the desired outcomes of the framework core. The implementation tiers describe the degree to which an organization’s cybersecurity risk management practices exhibit the characteristics defined in the framework core.;<SANDBOX_ACCOUNT_ID>;ap-southeast-7;2026-08-19 02:30:11.271115;ac_1;Identities and credentials are issued, managed, verified, revoked, and audited for authorized devices, users and processes.;Protect (PR);Identity Management and Access Control (PR.AC);;aws;;PASS;User <root_account> does not have access keys.;arn:aws:iam::<SANDBOX_ACCOUNT_ID>:root;iam_user_accesskey_unused;False;<root_account>;NIST-CSF;National Institute of Standards and Technology (NIST) Cybersecurity Framework (CSF) v1.1;
aws;The NIST Cybersecurity Framework (CSF) is supported by governments and industries worldwide as a recommended baseline for use by any organization, regardless of sector or size. The NIST Cybersecurity Framework consists of three primary components: the framework core, the profiles, and the implementation tiers. The framework core contains desired cybersecurity activities and outcomes organized into 23 categories that cover the breadth of cybersecurity objectives for an organization. The profiles contain an organization's unique alignment of their organizational requirements and objectives, risk appetite, and resources using the desired outcomes of the framework core. The implementation tiers describe the degree to which an organization’s cybersecurity risk management practices exhibit the characteristics defined in the framework core.;<SANDBOX_ACCOUNT_ID>;ap-southeast-7;2026-08-19 02:30:11.271115;ac_4;Access permissions and authorizations are managed, incorporating the principles of least privilege and separation of duties.;Protect (PR);Identity Management and Access Control (PR.AC);;aws;;PASS;User <root_account> does not have access keys.;arn:aws:iam::<SANDBOX_ACCOUNT_ID>:root;iam_user_accesskey_unused;False;<root_account>;NIST-CSF;National Institute of Standards and Technology (NIST) Cybersecurity Framework (CSF) v1.1;
aws;The NIST Cybersecurity Framework (CSF) is supported by governments and industries worldwide as a recommended baseline for use by any organization, regardless of sector or size. The NIST Cybersecurity Framework consists of three primary components: the framework core, the profiles, and the implementation tiers. The framework core contains desired cybersecurity activities and outcomes organized into 23 categories that cover the breadth of cybersecurity objectives for an organization. The profiles contain an organization's unique alignment of their organizational requirements and objectives, risk appetite, and resources using the desired outcomes of the framework core. The implementation tiers describe the degree to which an organization’s cybersecurity risk management practices exhibit the characteristics defined in the framework core.;<SANDBOX_ACCOUNT_ID>;ap-southeast-7;2026-08-19 02:30:11.271115;ac_3;Remote access is managed.;Protect (PR);Identity Management and Access Control (PR.AC);;aws;;FAIL;Block Public Access is not configured for the account <SANDBOX_ACCOUNT_ID>.;arn:aws:s3:ap-southeast-7:<SANDBOX_ACCOUNT_ID>:account;s3_account_level_public_access_blocks;False;<SANDBOX_ACCOUNT_ID>;NIST-CSF;National Institute of Standards and Technology (NIST) Cybersecurity Framework (CSF) v1.1;
aws;The NIST Cybersecurity Framework (CSF) is supported by governments and industries worldwide as a recommended baseline for use by any organization, regardless of sector or size. The NIST Cybersecurity Framework consists of three primary components: the framework core, the profiles, and the implementation tiers. The framework core contains desired cybersecurity activities and outcomes organized into 23 categories that cover the breadth of cybersecurity objectives for an organization. The profiles contain an organization's unique alignment of their organizational requirements and objectives, risk appetite, and resources using the desired outcomes of the framework core. The implementation tiers describe the degree to which an organization’s cybersecurity risk management practices exhibit the characteristics defined in the framework core.;<SANDBOX_ACCOUNT_ID>;ap-southeast-7;2026-08-19 02:30:11.271115;ac_5;Network integrity is protected (e.g., network segregation, network segmentation).;Protect (PR);Identity Management and Access Control (PR.AC);;aws;;FAIL;Block Public Access is not configured for the account <SANDBOX_ACCOUNT_ID>.;arn:aws:s3:ap-southeast-7:<SANDBOX_ACCOUNT_ID>:account;s3_account_level_public_access_blocks;False;<SANDBOX_ACCOUNT_ID>;NIST-CSF;National Institute of Standards and Technology (NIST) Cybersecurity Framework (CSF) v1.1;
aws;The NIST Cybersecurity Framework (CSF) is supported by governments and industries worldwide as a recommended baseline for use by any organization, regardless of sector or size. The NIST Cybersecurity Framework consists of three primary components: the framework core, the profiles, and the implementation tiers. The framework core contains desired cybersecurity activities and outcomes organized into 23 categories that cover the breadth of cybersecurity objectives for an organization. The profiles contain an organization's unique alignment of their organizational requirements and objectives, risk appetite, and resources using the desired outcomes of the framework core. The implementation tiers describe the degree to which an organization’s cybersecurity risk management practices exhibit the characteristics defined in the framework core.;<SANDBOX_ACCOUNT_ID>;ap-southeast-7;2026-08-19 02:30:11.271115;ds_5;Protections against data leaks are implemented.;Protect (PR);Data Security (PR.DS);;aws;;FAIL;Block Public Access is not configured for the account <SANDBOX_ACCOUNT_ID>.;arn:aws:s3:ap-southeast-7:<SANDBOX_ACCOUNT_ID>:account;s3_account_level_public_access_blocks;False;<SANDBOX_ACCOUNT_ID>;NIST-CSF;National Institute of Standards and Technology (NIST) Cybersecurity Framework (CSF) v1.1;
aws;The NIST Cybersecurity Framework (CSF) is supported by governments and industries worldwide as a recommended baseline for use by any organization, regardless of sector or size. The NIST Cybersecurity Framework consists of three primary components: the framework core, the profiles, and the implementation tiers. The framework core contains desired cybersecurity activities and outcomes organized into 23 categories that cover the breadth of cybersecurity objectives for an organization. The profiles contain an organization's unique alignment of their organizational requirements and objectives, risk appetite, and resources using the desired outcomes of the framework core. The implementation tiers describe the degree to which an organization’s cybersecurity risk management practices exhibit the characteristics defined in the framework core.;<SANDBOX_ACCOUNT_ID>;ap-southeast-7;2026-08-19 02:30:11.271115;ip_8;Effectiveness of protection technologies is shared.;Protect (PR);Information Protection Processes and Procedures (PR.IP);;aws;;FAIL;Block Public Access is not configured for the account <SANDBOX_ACCOUNT_ID>.;arn:aws:s3:ap-southeast-7:<SANDBOX_ACCOUNT_ID>:account;s3_account_level_public_access_blocks;False;<SANDBOX_ACCOUNT_ID>;NIST-CSF;National Institute of Standards and Technology (NIST) Cybersecurity Framework (CSF) v1.1;
aws;The NIST Cybersecurity Framework (CSF) is supported by governments and industries worldwide as a recommended baseline for use by any organization, regardless of sector or size. The NIST Cybersecurity Framework consists of three primary components: the framework core, the profiles, and the implementation tiers. The framework core contains desired cybersecurity activities and outcomes organized into 23 categories that cover the breadth of cybersecurity objectives for an organization. The profiles contain an organization's unique alignment of their organizational requirements and objectives, risk appetite, and resources using the desired outcomes of the framework core. The implementation tiers describe the degree to which an organization’s cybersecurity risk management practices exhibit the characteristics defined in the framework core.;<SANDBOX_ACCOUNT_ID>;ap-southeast-7;2026-08-19 02:30:11.271115;pt_3;The principle of least functionality is incorporated by configuring systems to provide only essential capabilities.;Protect (PR);Protective Technology (PR.PT);;aws;;FAIL;Block Public Access is not configured for the account <SANDBOX_ACCOUNT_ID>.;arn:aws:s3:ap-southeast-7:<SANDBOX_ACCOUNT_ID>:account;s3_account_level_public_access_blocks;False;<SANDBOX_ACCOUNT_ID>;NIST-CSF;National Institute of Standards and Technology (NIST) Cybersecurity Framework (CSF) v1.1;
aws;The NIST Cybersecurity Framework (CSF) is supported by governments and industries worldwide as a recommended baseline for use by any organization, regardless of sector or size. The NIST Cybersecurity Framework consists of three primary components: the framework core, the profiles, and the implementation tiers. The framework core contains desired cybersecurity activities and outcomes organized into 23 categories that cover the breadth of cybersecurity objectives for an organization. The profiles contain an organization's unique alignment of their organizational requirements and objectives, risk appetite, and resources using the desired outcomes of the framework core. The implementation tiers describe the degree to which an organization’s cybersecurity risk management practices exhibit the characteristics defined in the framework core.;<SANDBOX_ACCOUNT_ID>;ap-southeast-7;2026-08-19 02:30:11.271115;ds_1;Data-at-rest is protected.;Protect (PR);Data Security (PR.DS);;aws;;PASS;S3 Bucket range-cloudtrail-<SANDBOX_ACCOUNT_ID> has Server Side Encryption with AES256.;arn:aws:s3:::range-cloudtrail-<SANDBOX_ACCOUNT_ID>;s3_bucket_default_encryption;False;range-cloudtrail-<SANDBOX_ACCOUNT_ID>;NIST-CSF;National Institute of Standards and Technology (NIST) Cybersecurity Framework (CSF) v1.1;
aws;The NIST Cybersecurity Framework (CSF) is supported by governments and industries worldwide as a recommended baseline for use by any organization, regardless of sector or size. The NIST Cybersecurity Framework consists of three primary components: the framework core, the profiles, and the implementation tiers. The framework core contains desired cybersecurity activities and outcomes organized into 23 categories that cover the breadth of cybersecurity objectives for an organization. The profiles contain an organization's unique alignment of their organizational requirements and objectives, risk appetite, and resources using the desired outcomes of the framework core. The implementation tiers describe the degree to which an organization’s cybersecurity risk management practices exhibit the characteristics defined in the framework core.;<SANDBOX_ACCOUNT_ID>;ap-southeast-7;2026-08-19 02:30:11.271115;ds_1;Data-at-rest is protected.;Protect (PR);Data Security (PR.DS);;aws;;PASS;S3 Bucket range-customer-data-<SANDBOX_ACCOUNT_ID> has Server Side Encryption with AES256.;arn:aws:s3:::range-customer-data-<SANDBOX_ACCOUNT_ID>;s3_bucket_default_encryption;False;range-customer-data-<SANDBOX_ACCOUNT_ID>;NIST-CSF;National Institute of Standards and Technology (NIST) Cybersecurity Framework (CSF) v1.1;
aws;The NIST Cybersecurity Framework (CSF) is supported by governments and industries worldwide as a recommended baseline for use by any organization, regardless of sector or size. The NIST Cybersecurity Framework consists of three primary components: the framework core, the profiles, and the implementation tiers. The framework core contains desired cybersecurity activities and outcomes organized into 23 categories that cover the breadth of cybersecurity objectives for an organization. The profiles contain an organization's unique alignment of their organizational requirements and objectives, risk appetite, and resources using the desired outcomes of the framework core. The implementation tiers describe the degree to which an organization’s cybersecurity risk management practices exhibit the characteristics defined in the framework core.;<SANDBOX_ACCOUNT_ID>;ap-southeast-7;2026-08-19 02:30:11.271115;be_5;Resilience requirements to support delivery of critical services are established for all operating states (e.g. under duress/attack, during recovery, normal operations);Identify (ID);Business Environment (ID.BE);;aws;;FAIL;S3 Bucket range-cloudtrail-<SANDBOX_ACCOUNT_ID> has versioning disabled.;arn:aws:s3:::range-cloudtrail-<SANDBOX_ACCOUNT_ID>;s3_bucket_object_versioning;False;range-cloudtrail-<SANDBOX_ACCOUNT_ID>;NIST-CSF;National Institute of Standards and Technology (NIST) Cybersecurity Framework (CSF) v1.1;
aws;The NIST Cybersecurity Framework (CSF) is supported by governments and industries worldwide as a recommended baseline for use by any organization, regardless of sector or size. The NIST Cybersecurity Framework consists of three primary components: the framework core, the profiles, and the implementation tiers. The framework core contains desired cybersecurity activities and outcomes organized into 23 categories that cover the breadth of cybersecurity objectives for an organization. The profiles contain an organization's unique alignment of their organizational requirements and objectives, risk appetite, and resources using the desired outcomes of the framework core. The implementation tiers describe the degree to which an organization’s cybersecurity risk management practices exhibit the characteristics defined in the framework core.;<SANDBOX_ACCOUNT_ID>;ap-southeast-7;2026-08-19 02:30:11.271115;ds_4;Adequate capacity to ensure availability is maintained.;Protect (PR);Data Security (PR.DS);;aws;;FAIL;S3 Bucket range-cloudtrail-<SANDBOX_ACCOUNT_ID> has versioning disabled.;arn:aws:s3:::range-cloudtrail-<SANDBOX_ACCOUNT_ID>;s3_bucket_object_versioning;False;range-cloudtrail-<SANDBOX_ACCOUNT_ID>;NIST-CSF;National Institute of Standards and Technology (NIST) Cybersecurity Framework (CSF) v1.1;
aws;The NIST Cybersecurity Framework (CSF) is supported by governments and industries worldwide as a recommended baseline for use by any organization, regardless of sector or size. The NIST Cybersecurity Framework consists of three primary components: the framework core, the profiles, and the implementation tiers. The framework core contains desired cybersecurity activities and outcomes organized into 23 categories that cover the breadth of cybersecurity objectives for an organization. The profiles contain an organization's unique alignment of their organizational requirements and objectives, risk appetite, and resources using the desired outcomes of the framework core. The implementation tiers describe the degree to which an organization’s cybersecurity risk management practices exhibit the characteristics defined in the framework core.;<SANDBOX_ACCOUNT_ID>;ap-southeast-7;2026-08-19 02:30:11.271115;ip_4;Backups of information are conducted, maintained, and tested periodically.;Protect (PR);Information Protection Processes and Procedures (PR.IP);;aws;;FAIL;S3 Bucket range-cloudtrail-<SANDBOX_ACCOUNT_ID> has versioning disabled.;arn:aws:s3:::range-cloudtrail-<SANDBOX_ACCOUNT_ID>;s3_bucket_object_versioning;False;range-cloudtrail-<SANDBOX_ACCOUNT_ID>;NIST-CSF;National Institute of Standards and Technology (NIST) Cybersecurity Framework (CSF) v1.1;
aws;The NIST Cybersecurity Framework (CSF) is supported by governments and industries worldwide as a recommended baseline for use by any organization, regardless of sector or size. The NIST Cybersecurity Framework consists of three primary components: the framework core, the profiles, and the implementation tiers. The framework core contains desired cybersecurity activities and outcomes organized into 23 categories that cover the breadth of cybersecurity objectives for an organization. The profiles contain an organization's unique alignment of their organizational requirements and objectives, risk appetite, and resources using the desired outcomes of the framework core. The implementation tiers describe the degree to which an organization’s cybersecurity risk management practices exhibit the characteristics defined in the framework core.;<SANDBOX_ACCOUNT_ID>;ap-southeast-7;2026-08-19 02:30:11.271115;ip_9;Response plans (Incident Response and Business Continuity) and recovery plans (Incident Recovery and Disaster Recovery) are in place and managed.;Protect (PR);Information Protection Processes and Procedures (PR.IP);;aws;;FAIL;S3 Bucket range-cloudtrail-<SANDBOX_ACCOUNT_ID> has versioning disabled.;arn:aws:s3:::range-cloudtrail-<SANDBOX_ACCOUNT_ID>;s3_bucket_object_versioning;False;range-cloudtrail-<SANDBOX_ACCOUNT_ID>;NIST-CSF;National Institute of Standards and Technology (NIST) Cybersecurity Framework (CSF) v1.1;
aws;The NIST Cybersecurity Framework (CSF) is supported by governments and industries worldwide as a recommended baseline for use by any organization, regardless of sector or size. The NIST Cybersecurity Framework consists of three primary components: the framework core, the profiles, and the implementation tiers. The framework core contains desired cybersecurity activities and outcomes organized into 23 categories that cover the breadth of cybersecurity objectives for an organization. The profiles contain an organization's unique alignment of their organizational requirements and objectives, risk appetite, and resources using the desired outcomes of the framework core. The implementation tiers describe the degree to which an organization’s cybersecurity risk management practices exhibit the characteristics defined in the framework core.;<SANDBOX_ACCOUNT_ID>;ap-southeast-7;2026-08-19 02:30:11.271115;pt_5;Mechanisms (e.g., failsafe, load balancing, hot swap) are implemented to achieve resilience requirements in normal and adverse situations.;Protect (PR);Protective Technology (PR.PT);;aws;;FAIL;S3 Bucket range-cloudtrail-<SANDBOX_ACCOUNT_ID> has versioning disabled.;arn:aws:s3:::range-cloudtrail-<SANDBOX_ACCOUNT_ID>;s3_bucket_object_versioning;False;range-cloudtrail-<SANDBOX_ACCOUNT_ID>;NIST-CSF;National Institute of Standards and Technology (NIST) Cybersecurity Framework (CSF) v1.1;
aws;The NIST Cybersecurity Framework (CSF) is supported by governments and industries worldwide as a recommended baseline for use by any organization, regardless of sector or size. The NIST Cybersecurity Framework consists of three primary components: the framework core, the profiles, and the implementation tiers. The framework core contains desired cybersecurity activities and outcomes organized into 23 categories that cover the breadth of cybersecurity objectives for an organization. The profiles contain an organization's unique alignment of their organizational requirements and objectives, risk appetite, and resources using the desired outcomes of the framework core. The implementation tiers describe the degree to which an organization’s cybersecurity risk management practices exhibit the characteristics defined in the framework core.;<SANDBOX_ACCOUNT_ID>;ap-southeast-7;2026-08-19 02:30:11.271115;rp_1;Recovery plan is executed during or after a cybersecurity incident.;Recover (RC);Recovery Planning (RC.RP);;aws;;FAIL;S3 Bucket range-cloudtrail-<SANDBOX_ACCOUNT_ID> has versioning disabled.;arn:aws:s3:::range-cloudtrail-<SANDBOX_ACCOUNT_ID>;s3_bucket_object_versioning;False;range-cloudtrail-<SANDBOX_ACCOUNT_ID>;NIST-CSF;National Institute of Standards and Technology (NIST) Cybersecurity Framework (CSF) v1.1;
aws;The NIST Cybersecurity Framework (CSF) is supported by governments and industries worldwide as a recommended baseline for use by any organization, regardless of sector or size. The NIST Cybersecurity Framework consists of three primary components: the framework core, the profiles, and the implementation tiers. The framework core contains desired cybersecurity activities and outcomes organized into 23 categories that cover the breadth of cybersecurity objectives for an organization. The profiles contain an organization's unique alignment of their organizational requirements and objectives, risk appetite, and resources using the desired outcomes of the framework core. The implementation tiers describe the degree to which an organization’s cybersecurity risk management practices exhibit the characteristics defined in the framework core.;<SANDBOX_ACCOUNT_ID>;ap-southeast-7;2026-08-19 02:30:11.271115;rp_1;Response plan is executed during or after an incident.;Respond (RS);Response Planning (RS.RP);;aws;;FAIL;S3 Bucket range-cloudtrail-<SANDBOX_ACCOUNT_ID> has versioning disabled.;arn:aws:s3:::range-cloudtrail-<SANDBOX_ACCOUNT_ID>;s3_bucket_object_versioning;False;range-cloudtrail-<SANDBOX_ACCOUNT_ID>;NIST-CSF;National Institute of Standards and Technology (NIST) Cybersecurity Framework (CSF) v1.1;
aws;The NIST Cybersecurity Framework (CSF) is supported by governments and industries worldwide as a recommended baseline for use by any organization, regardless of sector or size. The NIST Cybersecurity Framework consists of three primary components: the framework core, the profiles, and the implementation tiers. The framework core contains desired cybersecurity activities and outcomes organized into 23 categories that cover the breadth of cybersecurity objectives for an organization. The profiles contain an organization's unique alignment of their organizational requirements and objectives, risk appetite, and resources using the desired outcomes of the framework core. The implementation tiers describe the degree to which an organization’s cybersecurity risk management practices exhibit the characteristics defined in the framework core.;<SANDBOX_ACCOUNT_ID>;ap-southeast-7;2026-08-19 02:30:11.271115;be_5;Resilience requirements to support delivery of critical services are established for all operating states (e.g. under duress/attack, during recovery, normal operations);Identify (ID);Business Environment (ID.BE);;aws;;FAIL;S3 Bucket range-customer-data-<SANDBOX_ACCOUNT_ID> has versioning disabled.;arn:aws:s3:::range-customer-data-<SANDBOX_ACCOUNT_ID>;s3_bucket_object_versioning;False;range-customer-data-<SANDBOX_ACCOUNT_ID>;NIST-CSF;National Institute of Standards and Technology (NIST) Cybersecurity Framework (CSF) v1.1;
aws;The NIST Cybersecurity Framework (CSF) is supported by governments and industries worldwide as a recommended baseline for use by any organization, regardless of sector or size. The NIST Cybersecurity Framework consists of three primary components: the framework core, the profiles, and the implementation tiers. The framework core contains desired cybersecurity activities and outcomes organized into 23 categories that cover the breadth of cybersecurity objectives for an organization. The profiles contain an organization's unique alignment of their organizational requirements and objectives, risk appetite, and resources using the desired outcomes of the framework core. The implementation tiers describe the degree to which an organization’s cybersecurity risk management practices exhibit the characteristics defined in the framework core.;<SANDBOX_ACCOUNT_ID>;ap-southeast-7;2026-08-19 02:30:11.271115;ds_4;Adequate capacity to ensure availability is maintained.;Protect (PR);Data Security (PR.DS);;aws;;FAIL;S3 Bucket range-customer-data-<SANDBOX_ACCOUNT_ID> has versioning disabled.;arn:aws:s3:::range-customer-data-<SANDBOX_ACCOUNT_ID>;s3_bucket_object_versioning;False;range-customer-data-<SANDBOX_ACCOUNT_ID>;NIST-CSF;National Institute of Standards and Technology (NIST) Cybersecurity Framework (CSF) v1.1;
aws;The NIST Cybersecurity Framework (CSF) is supported by governments and industries worldwide as a recommended baseline for use by any organization, regardless of sector or size. The NIST Cybersecurity Framework consists of three primary components: the framework core, the profiles, and the implementation tiers. The framework core contains desired cybersecurity activities and outcomes organized into 23 categories that cover the breadth of cybersecurity objectives for an organization. The profiles contain an organization's unique alignment of their organizational requirements and objectives, risk appetite, and resources using the desired outcomes of the framework core. The implementation tiers describe the degree to which an organization’s cybersecurity risk management practices exhibit the characteristics defined in the framework core.;<SANDBOX_ACCOUNT_ID>;ap-southeast-7;2026-08-19 02:30:11.271115;ip_4;Backups of information are conducted, maintained, and tested periodically.;Protect (PR);Information Protection Processes and Procedures (PR.IP);;aws;;FAIL;S3 Bucket range-customer-data-<SANDBOX_ACCOUNT_ID> has versioning disabled.;arn:aws:s3:::range-customer-data-<SANDBOX_ACCOUNT_ID>;s3_bucket_object_versioning;False;range-customer-data-<SANDBOX_ACCOUNT_ID>;NIST-CSF;National Institute of Standards and Technology (NIST) Cybersecurity Framework (CSF) v1.1;
aws;The NIST Cybersecurity Framework (CSF) is supported by governments and industries worldwide as a recommended baseline for use by any organization, regardless of sector or size. The NIST Cybersecurity Framework consists of three primary components: the framework core, the profiles, and the implementation tiers. The framework core contains desired cybersecurity activities and outcomes organized into 23 categories that cover the breadth of cybersecurity objectives for an organization. The profiles contain an organization's unique alignment of their organizational requirements and objectives, risk appetite, and resources using the desired outcomes of the framework core. The implementation tiers describe the degree to which an organization’s cybersecurity risk management practices exhibit the characteristics defined in the framework core.;<SANDBOX_ACCOUNT_ID>;ap-southeast-7;2026-08-19 02:30:11.271115;ip_9;Response plans (Incident Response and Business Continuity) and recovery plans (Incident Recovery and Disaster Recovery) are in place and managed.;Protect (PR);Information Protection Processes and Procedures (PR.IP);;aws;;FAIL;S3 Bucket range-customer-data-<SANDBOX_ACCOUNT_ID> has versioning disabled.;arn:aws:s3:::range-customer-data-<SANDBOX_ACCOUNT_ID>;s3_bucket_object_versioning;False;range-customer-data-<SANDBOX_ACCOUNT_ID>;NIST-CSF;National Institute of Standards and Technology (NIST) Cybersecurity Framework (CSF) v1.1;
aws;The NIST Cybersecurity Framework (CSF) is supported by governments and industries worldwide as a recommended baseline for use by any organization, regardless of sector or size. The NIST Cybersecurity Framework consists of three primary components: the framework core, the profiles, and the implementation tiers. The framework core contains desired cybersecurity activities and outcomes organized into 23 categories that cover the breadth of cybersecurity objectives for an organization. The profiles contain an organization's unique alignment of their organizational requirements and objectives, risk appetite, and resources using the desired outcomes of the framework core. The implementation tiers describe the degree to which an organization’s cybersecurity risk management practices exhibit the characteristics defined in the framework core.;<SANDBOX_ACCOUNT_ID>;ap-southeast-7;2026-08-19 02:30:11.271115;pt_5;Mechanisms (e.g., failsafe, load balancing, hot swap) are implemented to achieve resilience requirements in normal and adverse situations.;Protect (PR);Protective Technology (PR.PT);;aws;;FAIL;S3 Bucket range-customer-data-<SANDBOX_ACCOUNT_ID> has versioning disabled.;arn:aws:s3:::range-customer-data-<SANDBOX_ACCOUNT_ID>;s3_bucket_object_versioning;False;range-customer-data-<SANDBOX_ACCOUNT_ID>;NIST-CSF;National Institute of Standards and Technology (NIST) Cybersecurity Framework (CSF) v1.1;
aws;The NIST Cybersecurity Framework (CSF) is supported by governments and industries worldwide as a recommended baseline for use by any organization, regardless of sector or size. The NIST Cybersecurity Framework consists of three primary components: the framework core, the profiles, and the implementation tiers. The framework core contains desired cybersecurity activities and outcomes organized into 23 categories that cover the breadth of cybersecurity objectives for an organization. The profiles contain an organization's unique alignment of their organizational requirements and objectives, risk appetite, and resources using the desired outcomes of the framework core. The implementation tiers describe the degree to which an organization’s cybersecurity risk management practices exhibit the characteristics defined in the framework core.;<SANDBOX_ACCOUNT_ID>;ap-southeast-7;2026-08-19 02:30:11.271115;rp_1;Recovery plan is executed during or after a cybersecurity incident.;Recover (RC);Recovery Planning (RC.RP);;aws;;FAIL;S3 Bucket range-customer-data-<SANDBOX_ACCOUNT_ID> has versioning disabled.;arn:aws:s3:::range-customer-data-<SANDBOX_ACCOUNT_ID>;s3_bucket_object_versioning;False;range-customer-data-<SANDBOX_ACCOUNT_ID>;NIST-CSF;National Institute of Standards and Technology (NIST) Cybersecurity Framework (CSF) v1.1;
aws;The NIST Cybersecurity Framework (CSF) is supported by governments and industries worldwide as a recommended baseline for use by any organization, regardless of sector or size. The NIST Cybersecurity Framework consists of three primary components: the framework core, the profiles, and the implementation tiers. The framework core contains desired cybersecurity activities and outcomes organized into 23 categories that cover the breadth of cybersecurity objectives for an organization. The profiles contain an organization's unique alignment of their organizational requirements and objectives, risk appetite, and resources using the desired outcomes of the framework core. The implementation tiers describe the degree to which an organization’s cybersecurity risk management practices exhibit the characteristics defined in the framework core.;<SANDBOX_ACCOUNT_ID>;ap-southeast-7;2026-08-19 02:30:11.271115;rp_1;Response plan is executed during or after an incident.;Respond (RS);Response Planning (RS.RP);;aws;;FAIL;S3 Bucket range-customer-data-<SANDBOX_ACCOUNT_ID> has versioning disabled.;arn:aws:s3:::range-customer-data-<SANDBOX_ACCOUNT_ID>;s3_bucket_object_versioning;False;range-customer-data-<SANDBOX_ACCOUNT_ID>;NIST-CSF;National Institute of Standards and Technology (NIST) Cybersecurity Framework (CSF) v1.1;
aws;The NIST Cybersecurity Framework (CSF) is supported by governments and industries worldwide as a recommended baseline for use by any organization, regardless of sector or size. The NIST Cybersecurity Framework consists of three primary components: the framework core, the profiles, and the implementation tiers. The framework core contains desired cybersecurity activities and outcomes organized into 23 categories that cover the breadth of cybersecurity objectives for an organization. The profiles contain an organization's unique alignment of their organizational requirements and objectives, risk appetite, and resources using the desired outcomes of the framework core. The implementation tiers describe the degree to which an organization’s cybersecurity risk management practices exhibit the characteristics defined in the framework core.;<SANDBOX_ACCOUNT_ID>;ap-southeast-7;2026-08-19 02:30:11.271115;ac_3;Remote access is managed.;Protect (PR);Identity Management and Access Control (PR.AC);;aws;;PASS;S3 public access blocked at bucket level for range-cloudtrail-<SANDBOX_ACCOUNT_ID>.;arn:aws:s3:::range-cloudtrail-<SANDBOX_ACCOUNT_ID>;s3_bucket_policy_public_write_access;False;range-cloudtrail-<SANDBOX_ACCOUNT_ID>;NIST-CSF;National Institute of Standards and Technology (NIST) Cybersecurity Framework (CSF) v1.1;
aws;The NIST Cybersecurity Framework (CSF) is supported by governments and industries worldwide as a recommended baseline for use by any organization, regardless of sector or size. The NIST Cybersecurity Framework consists of three primary components: the framework core, the profiles, and the implementation tiers. The framework core contains desired cybersecurity activities and outcomes organized into 23 categories that cover the breadth of cybersecurity objectives for an organization. The profiles contain an organization's unique alignment of their organizational requirements and objectives, risk appetite, and resources using the desired outcomes of the framework core. The implementation tiers describe the degree to which an organization’s cybersecurity risk management practices exhibit the characteristics defined in the framework core.;<SANDBOX_ACCOUNT_ID>;ap-southeast-7;2026-08-19 02:30:11.271115;ac_5;Network integrity is protected (e.g., network segregation, network segmentation).;Protect (PR);Identity Management and Access Control (PR.AC);;aws;;PASS;S3 public access blocked at bucket level for range-cloudtrail-<SANDBOX_ACCOUNT_ID>.;arn:aws:s3:::range-cloudtrail-<SANDBOX_ACCOUNT_ID>;s3_bucket_policy_public_write_access;False;range-cloudtrail-<SANDBOX_ACCOUNT_ID>;NIST-CSF;National Institute of Standards and Technology (NIST) Cybersecurity Framework (CSF) v1.1;
aws;The NIST Cybersecurity Framework (CSF) is supported by governments and industries worldwide as a recommended baseline for use by any organization, regardless of sector or size. The NIST Cybersecurity Framework consists of three primary components: the framework core, the profiles, and the implementation tiers. The framework core contains desired cybersecurity activities and outcomes organized into 23 categories that cover the breadth of cybersecurity objectives for an organization. The profiles contain an organization's unique alignment of their organizational requirements and objectives, risk appetite, and resources using the desired outcomes of the framework core. The implementation tiers describe the degree to which an organization’s cybersecurity risk management practices exhibit the characteristics defined in the framework core.;<SANDBOX_ACCOUNT_ID>;ap-southeast-7;2026-08-19 02:30:11.271115;ds_5;Protections against data leaks are implemented.;Protect (PR);Data Security (PR.DS);;aws;;PASS;S3 public access blocked at bucket level for range-cloudtrail-<SANDBOX_ACCOUNT_ID>.;arn:aws:s3:::range-cloudtrail-<SANDBOX_ACCOUNT_ID>;s3_bucket_policy_public_write_access;False;range-cloudtrail-<SANDBOX_ACCOUNT_ID>;NIST-CSF;National Institute of Standards and Technology (NIST) Cybersecurity Framework (CSF) v1.1;
aws;The NIST Cybersecurity Framework (CSF) is supported by governments and industries worldwide as a recommended baseline for use by any organization, regardless of sector or size. The NIST Cybersecurity Framework consists of three primary components: the framework core, the profiles, and the implementation tiers. The framework core contains desired cybersecurity activities and outcomes organized into 23 categories that cover the breadth of cybersecurity objectives for an organization. The profiles contain an organization's unique alignment of their organizational requirements and objectives, risk appetite, and resources using the desired outcomes of the framework core. The implementation tiers describe the degree to which an organization’s cybersecurity risk management practices exhibit the characteristics defined in the framework core.;<SANDBOX_ACCOUNT_ID>;ap-southeast-7;2026-08-19 02:30:11.271115;ip_8;Effectiveness of protection technologies is shared.;Protect (PR);Information Protection Processes and Procedures (PR.IP);;aws;;PASS;S3 public access blocked at bucket level for range-cloudtrail-<SANDBOX_ACCOUNT_ID>.;arn:aws:s3:::range-cloudtrail-<SANDBOX_ACCOUNT_ID>;s3_bucket_policy_public_write_access;False;range-cloudtrail-<SANDBOX_ACCOUNT_ID>;NIST-CSF;National Institute of Standards and Technology (NIST) Cybersecurity Framework (CSF) v1.1;
aws;The NIST Cybersecurity Framework (CSF) is supported by governments and industries worldwide as a recommended baseline for use by any organization, regardless of sector or size. The NIST Cybersecurity Framework consists of three primary components: the framework core, the profiles, and the implementation tiers. The framework core contains desired cybersecurity activities and outcomes organized into 23 categories that cover the breadth of cybersecurity objectives for an organization. The profiles contain an organization's unique alignment of their organizational requirements and objectives, risk appetite, and resources using the desired outcomes of the framework core. The implementation tiers describe the degree to which an organization’s cybersecurity risk management practices exhibit the characteristics defined in the framework core.;<SANDBOX_ACCOUNT_ID>;ap-southeast-7;2026-08-19 02:30:11.271115;pt_3;The principle of least functionality is incorporated by configuring systems to provide only essential capabilities.;Protect (PR);Protective Technology (PR.PT);;aws;;PASS;S3 public access blocked at bucket level for range-cloudtrail-<SANDBOX_ACCOUNT_ID>.;arn:aws:s3:::range-cloudtrail-<SANDBOX_ACCOUNT_ID>;s3_bucket_policy_public_write_access;False;range-cloudtrail-<SANDBOX_ACCOUNT_ID>;NIST-CSF;National Institute of Standards and Technology (NIST) Cybersecurity Framework (CSF) v1.1;
aws;The NIST Cybersecurity Framework (CSF) is supported by governments and industries worldwide as a recommended baseline for use by any organization, regardless of sector or size. The NIST Cybersecurity Framework consists of three primary components: the framework core, the profiles, and the implementation tiers. The framework core contains desired cybersecurity activities and outcomes organized into 23 categories that cover the breadth of cybersecurity objectives for an organization. The profiles contain an organization's unique alignment of their organizational requirements and objectives, risk appetite, and resources using the desired outcomes of the framework core. The implementation tiers describe the degree to which an organization’s cybersecurity risk management practices exhibit the characteristics defined in the framework core.;<SANDBOX_ACCOUNT_ID>;ap-southeast-7;2026-08-19 02:30:11.271115;ac_3;Remote access is managed.;Protect (PR);Identity Management and Access Control (PR.AC);;aws;;PASS;S3 public access blocked at bucket level for range-customer-data-<SANDBOX_ACCOUNT_ID>.;arn:aws:s3:::range-customer-data-<SANDBOX_ACCOUNT_ID>;s3_bucket_policy_public_write_access;False;range-customer-data-<SANDBOX_ACCOUNT_ID>;NIST-CSF;National Institute of Standards and Technology (NIST) Cybersecurity Framework (CSF) v1.1;
aws;The NIST Cybersecurity Framework (CSF) is supported by governments and industries worldwide as a recommended baseline for use by any organization, regardless of sector or size. The NIST Cybersecurity Framework consists of three primary components: the framework core, the profiles, and the implementation tiers. The framework core contains desired cybersecurity activities and outcomes organized into 23 categories that cover the breadth of cybersecurity objectives for an organization. The profiles contain an organization's unique alignment of their organizational requirements and objectives, risk appetite, and resources using the desired outcomes of the framework core. The implementation tiers describe the degree to which an organization’s cybersecurity risk management practices exhibit the characteristics defined in the framework core.;<SANDBOX_ACCOUNT_ID>;ap-southeast-7;2026-08-19 02:30:11.271115;ac_5;Network integrity is protected (e.g., network segregation, network segmentation).;Protect (PR);Identity Management and Access Control (PR.AC);;aws;;PASS;S3 public access blocked at bucket level for range-customer-data-<SANDBOX_ACCOUNT_ID>.;arn:aws:s3:::range-customer-data-<SANDBOX_ACCOUNT_ID>;s3_bucket_policy_public_write_access;False;range-customer-data-<SANDBOX_ACCOUNT_ID>;NIST-CSF;National Institute of Standards and Technology (NIST) Cybersecurity Framework (CSF) v1.1;
aws;The NIST Cybersecurity Framework (CSF) is supported by governments and industries worldwide as a recommended baseline for use by any organization, regardless of sector or size. The NIST Cybersecurity Framework consists of three primary components: the framework core, the profiles, and the implementation tiers. The framework core contains desired cybersecurity activities and outcomes organized into 23 categories that cover the breadth of cybersecurity objectives for an organization. The profiles contain an organization's unique alignment of their organizational requirements and objectives, risk appetite, and resources using the desired outcomes of the framework core. The implementation tiers describe the degree to which an organization’s cybersecurity risk management practices exhibit the characteristics defined in the framework core.;<SANDBOX_ACCOUNT_ID>;ap-southeast-7;2026-08-19 02:30:11.271115;ds_5;Protections against data leaks are implemented.;Protect (PR);Data Security (PR.DS);;aws;;PASS;S3 public access blocked at bucket level for range-customer-data-<SANDBOX_ACCOUNT_ID>.;arn:aws:s3:::range-customer-data-<SANDBOX_ACCOUNT_ID>;s3_bucket_policy_public_write_access;False;range-customer-data-<SANDBOX_ACCOUNT_ID>;NIST-CSF;National Institute of Standards and Technology (NIST) Cybersecurity Framework (CSF) v1.1;
aws;The NIST Cybersecurity Framework (CSF) is supported by governments and industries worldwide as a recommended baseline for use by any organization, regardless of sector or size. The NIST Cybersecurity Framework consists of three primary components: the framework core, the profiles, and the implementation tiers. The framework core contains desired cybersecurity activities and outcomes organized into 23 categories that cover the breadth of cybersecurity objectives for an organization. The profiles contain an organization's unique alignment of their organizational requirements and objectives, risk appetite, and resources using the desired outcomes of the framework core. The implementation tiers describe the degree to which an organization’s cybersecurity risk management practices exhibit the characteristics defined in the framework core.;<SANDBOX_ACCOUNT_ID>;ap-southeast-7;2026-08-19 02:30:11.271115;ip_8;Effectiveness of protection technologies is shared.;Protect (PR);Information Protection Processes and Procedures (PR.IP);;aws;;PASS;S3 public access blocked at bucket level for range-customer-data-<SANDBOX_ACCOUNT_ID>.;arn:aws:s3:::range-customer-data-<SANDBOX_ACCOUNT_ID>;s3_bucket_policy_public_write_access;False;range-customer-data-<SANDBOX_ACCOUNT_ID>;NIST-CSF;National Institute of Standards and Technology (NIST) Cybersecurity Framework (CSF) v1.1;
aws;The NIST Cybersecurity Framework (CSF) is supported by governments and industries worldwide as a recommended baseline for use by any organization, regardless of sector or size. The NIST Cybersecurity Framework consists of three primary components: the framework core, the profiles, and the implementation tiers. The framework core contains desired cybersecurity activities and outcomes organized into 23 categories that cover the breadth of cybersecurity objectives for an organization. The profiles contain an organization's unique alignment of their organizational requirements and objectives, risk appetite, and resources using the desired outcomes of the framework core. The implementation tiers describe the degree to which an organization’s cybersecurity risk management practices exhibit the characteristics defined in the framework core.;<SANDBOX_ACCOUNT_ID>;ap-southeast-7;2026-08-19 02:30:11.271115;pt_3;The principle of least functionality is incorporated by configuring systems to provide only essential capabilities.;Protect (PR);Protective Technology (PR.PT);;aws;;PASS;S3 public access blocked at bucket level for range-customer-data-<SANDBOX_ACCOUNT_ID>.;arn:aws:s3:::range-customer-data-<SANDBOX_ACCOUNT_ID>;s3_bucket_policy_public_write_access;False;range-customer-data-<SANDBOX_ACCOUNT_ID>;NIST-CSF;National Institute of Standards and Technology (NIST) Cybersecurity Framework (CSF) v1.1;
aws;The NIST Cybersecurity Framework (CSF) is supported by governments and industries worldwide as a recommended baseline for use by any organization, regardless of sector or size. The NIST Cybersecurity Framework consists of three primary components: the framework core, the profiles, and the implementation tiers. The framework core contains desired cybersecurity activities and outcomes organized into 23 categories that cover the breadth of cybersecurity objectives for an organization. The profiles contain an organization's unique alignment of their organizational requirements and objectives, risk appetite, and resources using the desired outcomes of the framework core. The implementation tiers describe the degree to which an organization’s cybersecurity risk management practices exhibit the characteristics defined in the framework core.;<SANDBOX_ACCOUNT_ID>;ap-southeast-7;2026-08-19 02:30:11.271115;ac_3;Remote access is managed.;Protect (PR);Identity Management and Access Control (PR.AC);;aws;;PASS;S3 Bucket range-cloudtrail-<SANDBOX_ACCOUNT_ID> is not public.;arn:aws:s3:::range-cloudtrail-<SANDBOX_ACCOUNT_ID>;s3_bucket_public_access;False;range-cloudtrail-<SANDBOX_ACCOUNT_ID>;NIST-CSF;National Institute of Standards and Technology (NIST) Cybersecurity Framework (CSF) v1.1;
aws;The NIST Cybersecurity Framework (CSF) is supported by governments and industries worldwide as a recommended baseline for use by any organization, regardless of sector or size. The NIST Cybersecurity Framework consists of three primary components: the framework core, the profiles, and the implementation tiers. The framework core contains desired cybersecurity activities and outcomes organized into 23 categories that cover the breadth of cybersecurity objectives for an organization. The profiles contain an organization's unique alignment of their organizational requirements and objectives, risk appetite, and resources using the desired outcomes of the framework core. The implementation tiers describe the degree to which an organization’s cybersecurity risk management practices exhibit the characteristics defined in the framework core.;<SANDBOX_ACCOUNT_ID>;ap-southeast-7;2026-08-19 02:30:11.271115;ac_5;Network integrity is protected (e.g., network segregation, network segmentation).;Protect (PR);Identity Management and Access Control (PR.AC);;aws;;PASS;S3 Bucket range-cloudtrail-<SANDBOX_ACCOUNT_ID> is not public.;arn:aws:s3:::range-cloudtrail-<SANDBOX_ACCOUNT_ID>;s3_bucket_public_access;False;range-cloudtrail-<SANDBOX_ACCOUNT_ID>;NIST-CSF;National Institute of Standards and Technology (NIST) Cybersecurity Framework (CSF) v1.1;
aws;The NIST Cybersecurity Framework (CSF) is supported by governments and industries worldwide as a recommended baseline for use by any organization, regardless of sector or size. The NIST Cybersecurity Framework consists of three primary components: the framework core, the profiles, and the implementation tiers. The framework core contains desired cybersecurity activities and outcomes organized into 23 categories that cover the breadth of cybersecurity objectives for an organization. The profiles contain an organization's unique alignment of their organizational requirements and objectives, risk appetite, and resources using the desired outcomes of the framework core. The implementation tiers describe the degree to which an organization’s cybersecurity risk management practices exhibit the characteristics defined in the framework core.;<SANDBOX_ACCOUNT_ID>;ap-southeast-7;2026-08-19 02:30:11.271115;ds_5;Protections against data leaks are implemented.;Protect (PR);Data Security (PR.DS);;aws;;PASS;S3 Bucket range-cloudtrail-<SANDBOX_ACCOUNT_ID> is not public.;arn:aws:s3:::range-cloudtrail-<SANDBOX_ACCOUNT_ID>;s3_bucket_public_access;False;range-cloudtrail-<SANDBOX_ACCOUNT_ID>;NIST-CSF;National Institute of Standards and Technology (NIST) Cybersecurity Framework (CSF) v1.1;
aws;The NIST Cybersecurity Framework (CSF) is supported by governments and industries worldwide as a recommended baseline for use by any organization, regardless of sector or size. The NIST Cybersecurity Framework consists of three primary components: the framework core, the profiles, and the implementation tiers. The framework core contains desired cybersecurity activities and outcomes organized into 23 categories that cover the breadth of cybersecurity objectives for an organization. The profiles contain an organization's unique alignment of their organizational requirements and objectives, risk appetite, and resources using the desired outcomes of the framework core. The implementation tiers describe the degree to which an organization’s cybersecurity risk management practices exhibit the characteristics defined in the framework core.;<SANDBOX_ACCOUNT_ID>;ap-southeast-7;2026-08-19 02:30:11.271115;ip_8;Effectiveness of protection technologies is shared.;Protect (PR);Information Protection Processes and Procedures (PR.IP);;aws;;PASS;S3 Bucket range-cloudtrail-<SANDBOX_ACCOUNT_ID> is not public.;arn:aws:s3:::range-cloudtrail-<SANDBOX_ACCOUNT_ID>;s3_bucket_public_access;False;range-cloudtrail-<SANDBOX_ACCOUNT_ID>;NIST-CSF;National Institute of Standards and Technology (NIST) Cybersecurity Framework (CSF) v1.1;
aws;The NIST Cybersecurity Framework (CSF) is supported by governments and industries worldwide as a recommended baseline for use by any organization, regardless of sector or size. The NIST Cybersecurity Framework consists of three primary components: the framework core, the profiles, and the implementation tiers. The framework core contains desired cybersecurity activities and outcomes organized into 23 categories that cover the breadth of cybersecurity objectives for an organization. The profiles contain an organization's unique alignment of their organizational requirements and objectives, risk appetite, and resources using the desired outcomes of the framework core. The implementation tiers describe the degree to which an organization’s cybersecurity risk management practices exhibit the characteristics defined in the framework core.;<SANDBOX_ACCOUNT_ID>;ap-southeast-7;2026-08-19 02:30:11.271115;pt_3;The principle of least functionality is incorporated by configuring systems to provide only essential capabilities.;Protect (PR);Protective Technology (PR.PT);;aws;;PASS;S3 Bucket range-cloudtrail-<SANDBOX_ACCOUNT_ID> is not public.;arn:aws:s3:::range-cloudtrail-<SANDBOX_ACCOUNT_ID>;s3_bucket_public_access;False;range-cloudtrail-<SANDBOX_ACCOUNT_ID>;NIST-CSF;National Institute of Standards and Technology (NIST) Cybersecurity Framework (CSF) v1.1;
aws;The NIST Cybersecurity Framework (CSF) is supported by governments and industries worldwide as a recommended baseline for use by any organization, regardless of sector or size. The NIST Cybersecurity Framework consists of three primary components: the framework core, the profiles, and the implementation tiers. The framework core contains desired cybersecurity activities and outcomes organized into 23 categories that cover the breadth of cybersecurity objectives for an organization. The profiles contain an organization's unique alignment of their organizational requirements and objectives, risk appetite, and resources using the desired outcomes of the framework core. The implementation tiers describe the degree to which an organization’s cybersecurity risk management practices exhibit the characteristics defined in the framework core.;<SANDBOX_ACCOUNT_ID>;ap-southeast-7;2026-08-19 02:30:11.271115;ac_3;Remote access is managed.;Protect (PR);Identity Management and Access Control (PR.AC);;aws;;PASS;S3 Bucket range-customer-data-<SANDBOX_ACCOUNT_ID> is not public.;arn:aws:s3:::range-customer-data-<SANDBOX_ACCOUNT_ID>;s3_bucket_public_access;False;range-customer-data-<SANDBOX_ACCOUNT_ID>;NIST-CSF;National Institute of Standards and Technology (NIST) Cybersecurity Framework (CSF) v1.1;
aws;The NIST Cybersecurity Framework (CSF) is supported by governments and industries worldwide as a recommended baseline for use by any organization, regardless of sector or size. The NIST Cybersecurity Framework consists of three primary components: the framework core, the profiles, and the implementation tiers. The framework core contains desired cybersecurity activities and outcomes organized into 23 categories that cover the breadth of cybersecurity objectives for an organization. The profiles contain an organization's unique alignment of their organizational requirements and objectives, risk appetite, and resources using the desired outcomes of the framework core. The implementation tiers describe the degree to which an organization’s cybersecurity risk management practices exhibit the characteristics defined in the framework core.;<SANDBOX_ACCOUNT_ID>;ap-southeast-7;2026-08-19 02:30:11.271115;ac_5;Network integrity is protected (e.g., network segregation, network segmentation).;Protect (PR);Identity Management and Access Control (PR.AC);;aws;;PASS;S3 Bucket range-customer-data-<SANDBOX_ACCOUNT_ID> is not public.;arn:aws:s3:::range-customer-data-<SANDBOX_ACCOUNT_ID>;s3_bucket_public_access;False;range-customer-data-<SANDBOX_ACCOUNT_ID>;NIST-CSF;National Institute of Standards and Technology (NIST) Cybersecurity Framework (CSF) v1.1;
aws;The NIST Cybersecurity Framework (CSF) is supported by governments and industries worldwide as a recommended baseline for use by any organization, regardless of sector or size. The NIST Cybersecurity Framework consists of three primary components: the framework core, the profiles, and the implementation tiers. The framework core contains desired cybersecurity activities and outcomes organized into 23 categories that cover the breadth of cybersecurity objectives for an organization. The profiles contain an organization's unique alignment of their organizational requirements and objectives, risk appetite, and resources using the desired outcomes of the framework core. The implementation tiers describe the degree to which an organization’s cybersecurity risk management practices exhibit the characteristics defined in the framework core.;<SANDBOX_ACCOUNT_ID>;ap-southeast-7;2026-08-19 02:30:11.271115;ds_5;Protections against data leaks are implemented.;Protect (PR);Data Security (PR.DS);;aws;;PASS;S3 Bucket range-customer-data-<SANDBOX_ACCOUNT_ID> is not public.;arn:aws:s3:::range-customer-data-<SANDBOX_ACCOUNT_ID>;s3_bucket_public_access;False;range-customer-data-<SANDBOX_ACCOUNT_ID>;NIST-CSF;National Institute of Standards and Technology (NIST) Cybersecurity Framework (CSF) v1.1;
aws;The NIST Cybersecurity Framework (CSF) is supported by governments and industries worldwide as a recommended baseline for use by any organization, regardless of sector or size. The NIST Cybersecurity Framework consists of three primary components: the framework core, the profiles, and the implementation tiers. The framework core contains desired cybersecurity activities and outcomes organized into 23 categories that cover the breadth of cybersecurity objectives for an organization. The profiles contain an organization's unique alignment of their organizational requirements and objectives, risk appetite, and resources using the desired outcomes of the framework core. The implementation tiers describe the degree to which an organization’s cybersecurity risk management practices exhibit the characteristics defined in the framework core.;<SANDBOX_ACCOUNT_ID>;ap-southeast-7;2026-08-19 02:30:11.271115;ip_8;Effectiveness of protection technologies is shared.;Protect (PR);Information Protection Processes and Procedures (PR.IP);;aws;;PASS;S3 Bucket range-customer-data-<SANDBOX_ACCOUNT_ID> is not public.;arn:aws:s3:::range-customer-data-<SANDBOX_ACCOUNT_ID>;s3_bucket_public_access;False;range-customer-data-<SANDBOX_ACCOUNT_ID>;NIST-CSF;National Institute of Standards and Technology (NIST) Cybersecurity Framework (CSF) v1.1;
aws;The NIST Cybersecurity Framework (CSF) is supported by governments and industries worldwide as a recommended baseline for use by any organization, regardless of sector or size. The NIST Cybersecurity Framework consists of three primary components: the framework core, the profiles, and the implementation tiers. The framework core contains desired cybersecurity activities and outcomes organized into 23 categories that cover the breadth of cybersecurity objectives for an organization. The profiles contain an organization's unique alignment of their organizational requirements and objectives, risk appetite, and resources using the desired outcomes of the framework core. The implementation tiers describe the degree to which an organization’s cybersecurity risk management practices exhibit the characteristics defined in the framework core.;<SANDBOX_ACCOUNT_ID>;ap-southeast-7;2026-08-19 02:30:11.271115;pt_3;The principle of least functionality is incorporated by configuring systems to provide only essential capabilities.;Protect (PR);Protective Technology (PR.PT);;aws;;PASS;S3 Bucket range-customer-data-<SANDBOX_ACCOUNT_ID> is not public.;arn:aws:s3:::range-customer-data-<SANDBOX_ACCOUNT_ID>;s3_bucket_public_access;False;range-customer-data-<SANDBOX_ACCOUNT_ID>;NIST-CSF;National Institute of Standards and Technology (NIST) Cybersecurity Framework (CSF) v1.1;
aws;The NIST Cybersecurity Framework (CSF) is supported by governments and industries worldwide as a recommended baseline for use by any organization, regardless of sector or size. The NIST Cybersecurity Framework consists of three primary components: the framework core, the profiles, and the implementation tiers. The framework core contains desired cybersecurity activities and outcomes organized into 23 categories that cover the breadth of cybersecurity objectives for an organization. The profiles contain an organization's unique alignment of their organizational requirements and objectives, risk appetite, and resources using the desired outcomes of the framework core. The implementation tiers describe the degree to which an organization’s cybersecurity risk management practices exhibit the characteristics defined in the framework core.;<SANDBOX_ACCOUNT_ID>;ap-southeast-7;2026-08-19 02:30:11.271115;ds_2;Data-in-transit is protected.;Protect (PR);Data Security (PR.DS);;aws;;FAIL;S3 Bucket range-cloudtrail-<SANDBOX_ACCOUNT_ID> allows requests over insecure transport in the bucket policy.;arn:aws:s3:::range-cloudtrail-<SANDBOX_ACCOUNT_ID>;s3_bucket_secure_transport_policy;False;range-cloudtrail-<SANDBOX_ACCOUNT_ID>;NIST-CSF;National Institute of Standards and Technology (NIST) Cybersecurity Framework (CSF) v1.1;
aws;The NIST Cybersecurity Framework (CSF) is supported by governments and industries worldwide as a recommended baseline for use by any organization, regardless of sector or size. The NIST Cybersecurity Framework consists of three primary components: the framework core, the profiles, and the implementation tiers. The framework core contains desired cybersecurity activities and outcomes organized into 23 categories that cover the breadth of cybersecurity objectives for an organization. The profiles contain an organization's unique alignment of their organizational requirements and objectives, risk appetite, and resources using the desired outcomes of the framework core. The implementation tiers describe the degree to which an organization’s cybersecurity risk management practices exhibit the characteristics defined in the framework core.;<SANDBOX_ACCOUNT_ID>;ap-southeast-7;2026-08-19 02:30:11.271115;ds_2;Data-in-transit is protected.;Protect (PR);Data Security (PR.DS);;aws;;FAIL;S3 Bucket range-customer-data-<SANDBOX_ACCOUNT_ID> allows requests over insecure transport in the bucket policy.;arn:aws:s3:::range-customer-data-<SANDBOX_ACCOUNT_ID>;s3_bucket_secure_transport_policy;False;range-customer-data-<SANDBOX_ACCOUNT_ID>;NIST-CSF;National Institute of Standards and Technology (NIST) Cybersecurity Framework (CSF) v1.1;
aws;The NIST Cybersecurity Framework (CSF) is supported by governments and industries worldwide as a recommended baseline for use by any organization, regardless of sector or size. The NIST Cybersecurity Framework consists of three primary components: the framework core, the profiles, and the implementation tiers. The framework core contains desired cybersecurity activities and outcomes organized into 23 categories that cover the breadth of cybersecurity objectives for an organization. The profiles contain an organization's unique alignment of their organizational requirements and objectives, risk appetite, and resources using the desired outcomes of the framework core. The implementation tiers describe the degree to which an organization’s cybersecurity risk management practices exhibit the characteristics defined in the framework core.;<SANDBOX_ACCOUNT_ID>;ap-southeast-7;2026-08-19 02:30:11.271115;ae_1;A baseline of network operations and expected data flows for users and systems is established and managed.;Detect (DE);Anomalies and Events (DE.AE);;aws;;FAIL;S3 Bucket range-cloudtrail-<SANDBOX_ACCOUNT_ID> has server access logging disabled.;arn:aws:s3:::range-cloudtrail-<SANDBOX_ACCOUNT_ID>;s3_bucket_server_access_logging_enabled;False;range-cloudtrail-<SANDBOX_ACCOUNT_ID>;NIST-CSF;National Institute of Standards and Technology (NIST) Cybersecurity Framework (CSF) v1.1;
aws;The NIST Cybersecurity Framework (CSF) is supported by governments and industries worldwide as a recommended baseline for use by any organization, regardless of sector or size. The NIST Cybersecurity Framework consists of three primary components: the framework core, the profiles, and the implementation tiers. The framework core contains desired cybersecurity activities and outcomes organized into 23 categories that cover the breadth of cybersecurity objectives for an organization. The profiles contain an organization's unique alignment of their organizational requirements and objectives, risk appetite, and resources using the desired outcomes of the framework core. The implementation tiers describe the degree to which an organization’s cybersecurity risk management practices exhibit the characteristics defined in the framework core.;<SANDBOX_ACCOUNT_ID>;ap-southeast-7;2026-08-19 02:30:11.271115;ae_3;Event data are collected and correlated from multiple sources and sensors.;Detect (DE);Anomalies and Events (DE.AE);;aws;;FAIL;S3 Bucket range-cloudtrail-<SANDBOX_ACCOUNT_ID> has server access logging disabled.;arn:aws:s3:::range-cloudtrail-<SANDBOX_ACCOUNT_ID>;s3_bucket_server_access_logging_enabled;False;range-cloudtrail-<SANDBOX_ACCOUNT_ID>;NIST-CSF;National Institute of Standards and Technology (NIST) Cybersecurity Framework (CSF) v1.1;
aws;The NIST Cybersecurity Framework (CSF) is supported by governments and industries worldwide as a recommended baseline for use by any organization, regardless of sector or size. The NIST Cybersecurity Framework consists of three primary components: the framework core, the profiles, and the implementation tiers. The framework core contains desired cybersecurity activities and outcomes organized into 23 categories that cover the breadth of cybersecurity objectives for an organization. The profiles contain an organization's unique alignment of their organizational requirements and objectives, risk appetite, and resources using the desired outcomes of the framework core. The implementation tiers describe the degree to which an organization’s cybersecurity risk management practices exhibit the characteristics defined in the framework core.;<SANDBOX_ACCOUNT_ID>;ap-southeast-7;2026-08-19 02:30:11.271115;ae_4;Impact of events is determined.;Detect (DE);Anomalies and Events (DE.AE);;aws;;FAIL;S3 Bucket range-cloudtrail-<SANDBOX_ACCOUNT_ID> has server access logging disabled.;arn:aws:s3:::range-cloudtrail-<SANDBOX_ACCOUNT_ID>;s3_bucket_server_access_logging_enabled;False;range-cloudtrail-<SANDBOX_ACCOUNT_ID>;NIST-CSF;National Institute of Standards and Technology (NIST) Cybersecurity Framework (CSF) v1.1;
aws;The NIST Cybersecurity Framework (CSF) is supported by governments and industries worldwide as a recommended baseline for use by any organization, regardless of sector or size. The NIST Cybersecurity Framework consists of three primary components: the framework core, the profiles, and the implementation tiers. The framework core contains desired cybersecurity activities and outcomes organized into 23 categories that cover the breadth of cybersecurity objectives for an organization. The profiles contain an organization's unique alignment of their organizational requirements and objectives, risk appetite, and resources using the desired outcomes of the framework core. The implementation tiers describe the degree to which an organization’s cybersecurity risk management practices exhibit the characteristics defined in the framework core.;<SANDBOX_ACCOUNT_ID>;ap-southeast-7;2026-08-19 02:30:11.271115;cm_1;The network is monitored to detect potential cybersecurity events.;Detect (DE);Security Continuous Monitoring (DE.CM);;aws;;FAIL;S3 Bucket range-cloudtrail-<SANDBOX_ACCOUNT_ID> has server access logging disabled.;arn:aws:s3:::range-cloudtrail-<SANDBOX_ACCOUNT_ID>;s3_bucket_server_access_logging_enabled;False;range-cloudtrail-<SANDBOX_ACCOUNT_ID>;NIST-CSF;National Institute of Standards and Technology (NIST) Cybersecurity Framework (CSF) v1.1;
aws;The NIST Cybersecurity Framework (CSF) is supported by governments and industries worldwide as a recommended baseline for use by any organization, regardless of sector or size. The NIST Cybersecurity Framework consists of three primary components: the framework core, the profiles, and the implementation tiers. The framework core contains desired cybersecurity activities and outcomes organized into 23 categories that cover the breadth of cybersecurity objectives for an organization. The profiles contain an organization's unique alignment of their organizational requirements and objectives, risk appetite, and resources using the desired outcomes of the framework core. The implementation tiers describe the degree to which an organization’s cybersecurity risk management practices exhibit the characteristics defined in the framework core.;<SANDBOX_ACCOUNT_ID>;ap-southeast-7;2026-08-19 02:30:11.271115;cm_3;Personnel activity is monitored to detect potential cybersecurity events.;Detect (DE);Security Continuous Monitoring (DE.CM);;aws;;FAIL;S3 Bucket range-cloudtrail-<SANDBOX_ACCOUNT_ID> has server access logging disabled.;arn:aws:s3:::range-cloudtrail-<SANDBOX_ACCOUNT_ID>;s3_bucket_server_access_logging_enabled;False;range-cloudtrail-<SANDBOX_ACCOUNT_ID>;NIST-CSF;National Institute of Standards and Technology (NIST) Cybersecurity Framework (CSF) v1.1;
aws;The NIST Cybersecurity Framework (CSF) is supported by governments and industries worldwide as a recommended baseline for use by any organization, regardless of sector or size. The NIST Cybersecurity Framework consists of three primary components: the framework core, the profiles, and the implementation tiers. The framework core contains desired cybersecurity activities and outcomes organized into 23 categories that cover the breadth of cybersecurity objectives for an organization. The profiles contain an organization's unique alignment of their organizational requirements and objectives, risk appetite, and resources using the desired outcomes of the framework core. The implementation tiers describe the degree to which an organization’s cybersecurity risk management practices exhibit the characteristics defined in the framework core.;<SANDBOX_ACCOUNT_ID>;ap-southeast-7;2026-08-19 02:30:11.271115;cm_6;External service provider activity is monitored to detect potential cybersecurity events.;Detect (DE);Security Continuous Monitoring (DE.CM);;aws;;FAIL;S3 Bucket range-cloudtrail-<SANDBOX_ACCOUNT_ID> has server access logging disabled.;arn:aws:s3:::range-cloudtrail-<SANDBOX_ACCOUNT_ID>;s3_bucket_server_access_logging_enabled;False;range-cloudtrail-<SANDBOX_ACCOUNT_ID>;NIST-CSF;National Institute of Standards and Technology (NIST) Cybersecurity Framework (CSF) v1.1;
aws;The NIST Cybersecurity Framework (CSF) is supported by governments and industries worldwide as a recommended baseline for use by any organization, regardless of sector or size. The NIST Cybersecurity Framework consists of three primary components: the framework core, the profiles, and the implementation tiers. The framework core contains desired cybersecurity activities and outcomes organized into 23 categories that cover the breadth of cybersecurity objectives for an organization. The profiles contain an organization's unique alignment of their organizational requirements and objectives, risk appetite, and resources using the desired outcomes of the framework core. The implementation tiers describe the degree to which an organization’s cybersecurity risk management practices exhibit the characteristics defined in the framework core.;<SANDBOX_ACCOUNT_ID>;ap-southeast-7;2026-08-19 02:30:11.271115;cm_7;Monitoring for unauthorized personnel, connections, devices, and software is performed.;Detect (DE);Security Continuous Monitoring (DE.CM);;aws;;FAIL;S3 Bucket range-cloudtrail-<SANDBOX_ACCOUNT_ID> has server access logging disabled.;arn:aws:s3:::range-cloudtrail-<SANDBOX_ACCOUNT_ID>;s3_bucket_server_access_logging_enabled;False;range-cloudtrail-<SANDBOX_ACCOUNT_ID>;NIST-CSF;National Institute of Standards and Technology (NIST) Cybersecurity Framework (CSF) v1.1;
aws;The NIST Cybersecurity Framework (CSF) is supported by governments and industries worldwide as a recommended baseline for use by any organization, regardless of sector or size. The NIST Cybersecurity Framework consists of three primary components: the framework core, the profiles, and the implementation tiers. The framework core contains desired cybersecurity activities and outcomes organized into 23 categories that cover the breadth of cybersecurity objectives for an organization. The profiles contain an organization's unique alignment of their organizational requirements and objectives, risk appetite, and resources using the desired outcomes of the framework core. The implementation tiers describe the degree to which an organization’s cybersecurity risk management practices exhibit the characteristics defined in the framework core.;<SANDBOX_ACCOUNT_ID>;ap-southeast-7;2026-08-19 02:30:11.271115;am_3;Organizational communication and data flows are mapped.;Identify (ID);Asset Management (ID.AM);;aws;;FAIL;S3 Bucket range-cloudtrail-<SANDBOX_ACCOUNT_ID> has server access logging disabled.;arn:aws:s3:::range-cloudtrail-<SANDBOX_ACCOUNT_ID>;s3_bucket_server_access_logging_enabled;False;range-cloudtrail-<SANDBOX_ACCOUNT_ID>;NIST-CSF;National Institute of Standards and Technology (NIST) Cybersecurity Framework (CSF) v1.1;
aws;The NIST Cybersecurity Framework (CSF) is supported by governments and industries worldwide as a recommended baseline for use by any organization, regardless of sector or size. The NIST Cybersecurity Framework consists of three primary components: the framework core, the profiles, and the implementation tiers. The framework core contains desired cybersecurity activities and outcomes organized into 23 categories that cover the breadth of cybersecurity objectives for an organization. The profiles contain an organization's unique alignment of their organizational requirements and objectives, risk appetite, and resources using the desired outcomes of the framework core. The implementation tiers describe the degree to which an organization’s cybersecurity risk management practices exhibit the characteristics defined in the framework core.;<SANDBOX_ACCOUNT_ID>;ap-southeast-7;2026-08-19 02:30:11.271115;ac_6;Identities are proofed and bound to credentials and asserted in interactions.;Protect (PR);Identity Management and Access Control (PR.AC);;aws;;FAIL;S3 Bucket range-cloudtrail-<SANDBOX_ACCOUNT_ID> has server access logging disabled.;arn:aws:s3:::range-cloudtrail-<SANDBOX_ACCOUNT_ID>;s3_bucket_server_access_logging_enabled;False;range-cloudtrail-<SANDBOX_ACCOUNT_ID>;NIST-CSF;National Institute of Standards and Technology (NIST) Cybersecurity Framework (CSF) v1.1;
aws;The NIST Cybersecurity Framework (CSF) is supported by governments and industries worldwide as a recommended baseline for use by any organization, regardless of sector or size. The NIST Cybersecurity Framework consists of three primary components: the framework core, the profiles, and the implementation tiers. The framework core contains desired cybersecurity activities and outcomes organized into 23 categories that cover the breadth of cybersecurity objectives for an organization. The profiles contain an organization's unique alignment of their organizational requirements and objectives, risk appetite, and resources using the desired outcomes of the framework core. The implementation tiers describe the degree to which an organization’s cybersecurity risk management practices exhibit the characteristics defined in the framework core.;<SANDBOX_ACCOUNT_ID>;ap-southeast-7;2026-08-19 02:30:11.271115;ds_5;Protections against data leaks are implemented.;Protect (PR);Data Security (PR.DS);;aws;;FAIL;S3 Bucket range-cloudtrail-<SANDBOX_ACCOUNT_ID> has server access logging disabled.;arn:aws:s3:::range-cloudtrail-<SANDBOX_ACCOUNT_ID>;s3_bucket_server_access_logging_enabled;False;range-cloudtrail-<SANDBOX_ACCOUNT_ID>;NIST-CSF;National Institute of Standards and Technology (NIST) Cybersecurity Framework (CSF) v1.1;
aws;The NIST Cybersecurity Framework (CSF) is supported by governments and industries worldwide as a recommended baseline for use by any organization, regardless of sector or size. The NIST Cybersecurity Framework consists of three primary components: the framework core, the profiles, and the implementation tiers. The framework core contains desired cybersecurity activities and outcomes organized into 23 categories that cover the breadth of cybersecurity objectives for an organization. The profiles contain an organization's unique alignment of their organizational requirements and objectives, risk appetite, and resources using the desired outcomes of the framework core. The implementation tiers describe the degree to which an organization’s cybersecurity risk management practices exhibit the characteristics defined in the framework core.;<SANDBOX_ACCOUNT_ID>;ap-southeast-7;2026-08-19 02:30:11.271115;pt_1;Audit/log records are determined, documented, implemented, and reviewed in accordance with policy.;Protect (PR);Protective Technology (PR.PT);;aws;;FAIL;S3 Bucket range-cloudtrail-<SANDBOX_ACCOUNT_ID> has server access logging disabled.;arn:aws:s3:::range-cloudtrail-<SANDBOX_ACCOUNT_ID>;s3_bucket_server_access_logging_enabled;False;range-cloudtrail-<SANDBOX_ACCOUNT_ID>;NIST-CSF;National Institute of Standards and Technology (NIST) Cybersecurity Framework (CSF) v1.1;
aws;The NIST Cybersecurity Framework (CSF) is supported by governments and industries worldwide as a recommended baseline for use by any organization, regardless of sector or size. The NIST Cybersecurity Framework consists of three primary components: the framework core, the profiles, and the implementation tiers. The framework core contains desired cybersecurity activities and outcomes organized into 23 categories that cover the breadth of cybersecurity objectives for an organization. The profiles contain an organization's unique alignment of their organizational requirements and objectives, risk appetite, and resources using the desired outcomes of the framework core. The implementation tiers describe the degree to which an organization’s cybersecurity risk management practices exhibit the characteristics defined in the framework core.;<SANDBOX_ACCOUNT_ID>;ap-southeast-7;2026-08-19 02:30:11.271115;ae_1;A baseline of network operations and expected data flows for users and systems is established and managed.;Detect (DE);Anomalies and Events (DE.AE);;aws;;FAIL;S3 Bucket range-customer-data-<SANDBOX_ACCOUNT_ID> has server access logging disabled.;arn:aws:s3:::range-customer-data-<SANDBOX_ACCOUNT_ID>;s3_bucket_server_access_logging_enabled;False;range-customer-data-<SANDBOX_ACCOUNT_ID>;NIST-CSF;National Institute of Standards and Technology (NIST) Cybersecurity Framework (CSF) v1.1;
aws;The NIST Cybersecurity Framework (CSF) is supported by governments and industries worldwide as a recommended baseline for use by any organization, regardless of sector or size. The NIST Cybersecurity Framework consists of three primary components: the framework core, the profiles, and the implementation tiers. The framework core contains desired cybersecurity activities and outcomes organized into 23 categories that cover the breadth of cybersecurity objectives for an organization. The profiles contain an organization's unique alignment of their organizational requirements and objectives, risk appetite, and resources using the desired outcomes of the framework core. The implementation tiers describe the degree to which an organization’s cybersecurity risk management practices exhibit the characteristics defined in the framework core.;<SANDBOX_ACCOUNT_ID>;ap-southeast-7;2026-08-19 02:30:11.271115;ae_3;Event data are collected and correlated from multiple sources and sensors.;Detect (DE);Anomalies and Events (DE.AE);;aws;;FAIL;S3 Bucket range-customer-data-<SANDBOX_ACCOUNT_ID> has server access logging disabled.;arn:aws:s3:::range-customer-data-<SANDBOX_ACCOUNT_ID>;s3_bucket_server_access_logging_enabled;False;range-customer-data-<SANDBOX_ACCOUNT_ID>;NIST-CSF;National Institute of Standards and Technology (NIST) Cybersecurity Framework (CSF) v1.1;
aws;The NIST Cybersecurity Framework (CSF) is supported by governments and industries worldwide as a recommended baseline for use by any organization, regardless of sector or size. The NIST Cybersecurity Framework consists of three primary components: the framework core, the profiles, and the implementation tiers. The framework core contains desired cybersecurity activities and outcomes organized into 23 categories that cover the breadth of cybersecurity objectives for an organization. The profiles contain an organization's unique alignment of their organizational requirements and objectives, risk appetite, and resources using the desired outcomes of the framework core. The implementation tiers describe the degree to which an organization’s cybersecurity risk management practices exhibit the characteristics defined in the framework core.;<SANDBOX_ACCOUNT_ID>;ap-southeast-7;2026-08-19 02:30:11.271115;ae_4;Impact of events is determined.;Detect (DE);Anomalies and Events (DE.AE);;aws;;FAIL;S3 Bucket range-customer-data-<SANDBOX_ACCOUNT_ID> has server access logging disabled.;arn:aws:s3:::range-customer-data-<SANDBOX_ACCOUNT_ID>;s3_bucket_server_access_logging_enabled;False;range-customer-data-<SANDBOX_ACCOUNT_ID>;NIST-CSF;National Institute of Standards and Technology (NIST) Cybersecurity Framework (CSF) v1.1;
aws;The NIST Cybersecurity Framework (CSF) is supported by governments and industries worldwide as a recommended baseline for use by any organization, regardless of sector or size. The NIST Cybersecurity Framework consists of three primary components: the framework core, the profiles, and the implementation tiers. The framework core contains desired cybersecurity activities and outcomes organized into 23 categories that cover the breadth of cybersecurity objectives for an organization. The profiles contain an organization's unique alignment of their organizational requirements and objectives, risk appetite, and resources using the desired outcomes of the framework core. The implementation tiers describe the degree to which an organization’s cybersecurity risk management practices exhibit the characteristics defined in the framework core.;<SANDBOX_ACCOUNT_ID>;ap-southeast-7;2026-08-19 02:30:11.271115;cm_1;The network is monitored to detect potential cybersecurity events.;Detect (DE);Security Continuous Monitoring (DE.CM);;aws;;FAIL;S3 Bucket range-customer-data-<SANDBOX_ACCOUNT_ID> has server access logging disabled.;arn:aws:s3:::range-customer-data-<SANDBOX_ACCOUNT_ID>;s3_bucket_server_access_logging_enabled;False;range-customer-data-<SANDBOX_ACCOUNT_ID>;NIST-CSF;National Institute of Standards and Technology (NIST) Cybersecurity Framework (CSF) v1.1;
aws;The NIST Cybersecurity Framework (CSF) is supported by governments and industries worldwide as a recommended baseline for use by any organization, regardless of sector or size. The NIST Cybersecurity Framework consists of three primary components: the framework core, the profiles, and the implementation tiers. The framework core contains desired cybersecurity activities and outcomes organized into 23 categories that cover the breadth of cybersecurity objectives for an organization. The profiles contain an organization's unique alignment of their organizational requirements and objectives, risk appetite, and resources using the desired outcomes of the framework core. The implementation tiers describe the degree to which an organization’s cybersecurity risk management practices exhibit the characteristics defined in the framework core.;<SANDBOX_ACCOUNT_ID>;ap-southeast-7;2026-08-19 02:30:11.271115;cm_3;Personnel activity is monitored to detect potential cybersecurity events.;Detect (DE);Security Continuous Monitoring (DE.CM);;aws;;FAIL;S3 Bucket range-customer-data-<SANDBOX_ACCOUNT_ID> has server access logging disabled.;arn:aws:s3:::range-customer-data-<SANDBOX_ACCOUNT_ID>;s3_bucket_server_access_logging_enabled;False;range-customer-data-<SANDBOX_ACCOUNT_ID>;NIST-CSF;National Institute of Standards and Technology (NIST) Cybersecurity Framework (CSF) v1.1;
aws;The NIST Cybersecurity Framework (CSF) is supported by governments and industries worldwide as a recommended baseline for use by any organization, regardless of sector or size. The NIST Cybersecurity Framework consists of three primary components: the framework core, the profiles, and the implementation tiers. The framework core contains desired cybersecurity activities and outcomes organized into 23 categories that cover the breadth of cybersecurity objectives for an organization. The profiles contain an organization's unique alignment of their organizational requirements and objectives, risk appetite, and resources using the desired outcomes of the framework core. The implementation tiers describe the degree to which an organization’s cybersecurity risk management practices exhibit the characteristics defined in the framework core.;<SANDBOX_ACCOUNT_ID>;ap-southeast-7;2026-08-19 02:30:11.271115;cm_6;External service provider activity is monitored to detect potential cybersecurity events.;Detect (DE);Security Continuous Monitoring (DE.CM);;aws;;FAIL;S3 Bucket range-customer-data-<SANDBOX_ACCOUNT_ID> has server access logging disabled.;arn:aws:s3:::range-customer-data-<SANDBOX_ACCOUNT_ID>;s3_bucket_server_access_logging_enabled;False;range-customer-data-<SANDBOX_ACCOUNT_ID>;NIST-CSF;National Institute of Standards and Technology (NIST) Cybersecurity Framework (CSF) v1.1;
aws;The NIST Cybersecurity Framework (CSF) is supported by governments and industries worldwide as a recommended baseline for use by any organization, regardless of sector or size. The NIST Cybersecurity Framework consists of three primary components: the framework core, the profiles, and the implementation tiers. The framework core contains desired cybersecurity activities and outcomes organized into 23 categories that cover the breadth of cybersecurity objectives for an organization. The profiles contain an organization's unique alignment of their organizational requirements and objectives, risk appetite, and resources using the desired outcomes of the framework core. The implementation tiers describe the degree to which an organization’s cybersecurity risk management practices exhibit the characteristics defined in the framework core.;<SANDBOX_ACCOUNT_ID>;ap-southeast-7;2026-08-19 02:30:11.271115;cm_7;Monitoring for unauthorized personnel, connections, devices, and software is performed.;Detect (DE);Security Continuous Monitoring (DE.CM);;aws;;FAIL;S3 Bucket range-customer-data-<SANDBOX_ACCOUNT_ID> has server access logging disabled.;arn:aws:s3:::range-customer-data-<SANDBOX_ACCOUNT_ID>;s3_bucket_server_access_logging_enabled;False;range-customer-data-<SANDBOX_ACCOUNT_ID>;NIST-CSF;National Institute of Standards and Technology (NIST) Cybersecurity Framework (CSF) v1.1;
aws;The NIST Cybersecurity Framework (CSF) is supported by governments and industries worldwide as a recommended baseline for use by any organization, regardless of sector or size. The NIST Cybersecurity Framework consists of three primary components: the framework core, the profiles, and the implementation tiers. The framework core contains desired cybersecurity activities and outcomes organized into 23 categories that cover the breadth of cybersecurity objectives for an organization. The profiles contain an organization's unique alignment of their organizational requirements and objectives, risk appetite, and resources using the desired outcomes of the framework core. The implementation tiers describe the degree to which an organization’s cybersecurity risk management practices exhibit the characteristics defined in the framework core.;<SANDBOX_ACCOUNT_ID>;ap-southeast-7;2026-08-19 02:30:11.271115;am_3;Organizational communication and data flows are mapped.;Identify (ID);Asset Management (ID.AM);;aws;;FAIL;S3 Bucket range-customer-data-<SANDBOX_ACCOUNT_ID> has server access logging disabled.;arn:aws:s3:::range-customer-data-<SANDBOX_ACCOUNT_ID>;s3_bucket_server_access_logging_enabled;False;range-customer-data-<SANDBOX_ACCOUNT_ID>;NIST-CSF;National Institute of Standards and Technology (NIST) Cybersecurity Framework (CSF) v1.1;
aws;The NIST Cybersecurity Framework (CSF) is supported by governments and industries worldwide as a recommended baseline for use by any organization, regardless of sector or size. The NIST Cybersecurity Framework consists of three primary components: the framework core, the profiles, and the implementation tiers. The framework core contains desired cybersecurity activities and outcomes organized into 23 categories that cover the breadth of cybersecurity objectives for an organization. The profiles contain an organization's unique alignment of their organizational requirements and objectives, risk appetite, and resources using the desired outcomes of the framework core. The implementation tiers describe the degree to which an organization’s cybersecurity risk management practices exhibit the characteristics defined in the framework core.;<SANDBOX_ACCOUNT_ID>;ap-southeast-7;2026-08-19 02:30:11.271115;ac_6;Identities are proofed and bound to credentials and asserted in interactions.;Protect (PR);Identity Management and Access Control (PR.AC);;aws;;FAIL;S3 Bucket range-customer-data-<SANDBOX_ACCOUNT_ID> has server access logging disabled.;arn:aws:s3:::range-customer-data-<SANDBOX_ACCOUNT_ID>;s3_bucket_server_access_logging_enabled;False;range-customer-data-<SANDBOX_ACCOUNT_ID>;NIST-CSF;National Institute of Standards and Technology (NIST) Cybersecurity Framework (CSF) v1.1;
aws;The NIST Cybersecurity Framework (CSF) is supported by governments and industries worldwide as a recommended baseline for use by any organization, regardless of sector or size. The NIST Cybersecurity Framework consists of three primary components: the framework core, the profiles, and the implementation tiers. The framework core contains desired cybersecurity activities and outcomes organized into 23 categories that cover the breadth of cybersecurity objectives for an organization. The profiles contain an organization's unique alignment of their organizational requirements and objectives, risk appetite, and resources using the desired outcomes of the framework core. The implementation tiers describe the degree to which an organization’s cybersecurity risk management practices exhibit the characteristics defined in the framework core.;<SANDBOX_ACCOUNT_ID>;ap-southeast-7;2026-08-19 02:30:11.271115;ds_5;Protections against data leaks are implemented.;Protect (PR);Data Security (PR.DS);;aws;;FAIL;S3 Bucket range-customer-data-<SANDBOX_ACCOUNT_ID> has server access logging disabled.;arn:aws:s3:::range-customer-data-<SANDBOX_ACCOUNT_ID>;s3_bucket_server_access_logging_enabled;False;range-customer-data-<SANDBOX_ACCOUNT_ID>;NIST-CSF;National Institute of Standards and Technology (NIST) Cybersecurity Framework (CSF) v1.1;
aws;The NIST Cybersecurity Framework (CSF) is supported by governments and industries worldwide as a recommended baseline for use by any organization, regardless of sector or size. The NIST Cybersecurity Framework consists of three primary components: the framework core, the profiles, and the implementation tiers. The framework core contains desired cybersecurity activities and outcomes organized into 23 categories that cover the breadth of cybersecurity objectives for an organization. The profiles contain an organization's unique alignment of their organizational requirements and objectives, risk appetite, and resources using the desired outcomes of the framework core. The implementation tiers describe the degree to which an organization’s cybersecurity risk management practices exhibit the characteristics defined in the framework core.;<SANDBOX_ACCOUNT_ID>;ap-southeast-7;2026-08-19 02:30:11.271115;pt_1;Audit/log records are determined, documented, implemented, and reviewed in accordance with policy.;Protect (PR);Protective Technology (PR.PT);;aws;;FAIL;S3 Bucket range-customer-data-<SANDBOX_ACCOUNT_ID> has server access logging disabled.;arn:aws:s3:::range-customer-data-<SANDBOX_ACCOUNT_ID>;s3_bucket_server_access_logging_enabled;False;range-customer-data-<SANDBOX_ACCOUNT_ID>;NIST-CSF;National Institute of Standards and Technology (NIST) Cybersecurity Framework (CSF) v1.1;
aws;The NIST Cybersecurity Framework (CSF) is supported by governments and industries worldwide as a recommended baseline for use by any organization, regardless of sector or size. The NIST Cybersecurity Framework consists of three primary components: the framework core, the profiles, and the implementation tiers. The framework core contains desired cybersecurity activities and outcomes organized into 23 categories that cover the breadth of cybersecurity objectives for an organization. The profiles contain an organization's unique alignment of their organizational requirements and objectives, risk appetite, and resources using the desired outcomes of the framework core. The implementation tiers describe the degree to which an organization’s cybersecurity risk management practices exhibit the characteristics defined in the framework core.;<SANDBOX_ACCOUNT_ID>;ap-southeast-7;2026-08-19 02:30:11.271115;ae_2;Detected events are analyzed to understand attack targets and methods.;Detect (DE);Anomalies and Events (DE.AE);;aws;;FAIL;Security Hub is not enabled.;arn:aws:securityhub:ap-southeast-7:<SANDBOX_ACCOUNT_ID>:hub/unknown;securityhub_enabled;False;hub/unknown;NIST-CSF;National Institute of Standards and Technology (NIST) Cybersecurity Framework (CSF) v1.1;
aws;The NIST Cybersecurity Framework (CSF) is supported by governments and industries worldwide as a recommended baseline for use by any organization, regardless of sector or size. The NIST Cybersecurity Framework consists of three primary components: the framework core, the profiles, and the implementation tiers. The framework core contains desired cybersecurity activities and outcomes organized into 23 categories that cover the breadth of cybersecurity objectives for an organization. The profiles contain an organization's unique alignment of their organizational requirements and objectives, risk appetite, and resources using the desired outcomes of the framework core. The implementation tiers describe the degree to which an organization’s cybersecurity risk management practices exhibit the characteristics defined in the framework core.;<SANDBOX_ACCOUNT_ID>;ap-southeast-7;2026-08-19 02:30:11.271115;ae_4;Impact of events is determined.;Detect (DE);Anomalies and Events (DE.AE);;aws;;FAIL;Security Hub is not enabled.;arn:aws:securityhub:ap-southeast-7:<SANDBOX_ACCOUNT_ID>:hub/unknown;securityhub_enabled;False;hub/unknown;NIST-CSF;National Institute of Standards and Technology (NIST) Cybersecurity Framework (CSF) v1.1;
aws;The NIST Cybersecurity Framework (CSF) is supported by governments and industries worldwide as a recommended baseline for use by any organization, regardless of sector or size. The NIST Cybersecurity Framework consists of three primary components: the framework core, the profiles, and the implementation tiers. The framework core contains desired cybersecurity activities and outcomes organized into 23 categories that cover the breadth of cybersecurity objectives for an organization. The profiles contain an organization's unique alignment of their organizational requirements and objectives, risk appetite, and resources using the desired outcomes of the framework core. The implementation tiers describe the degree to which an organization’s cybersecurity risk management practices exhibit the characteristics defined in the framework core.;<SANDBOX_ACCOUNT_ID>;ap-southeast-7;2026-08-19 02:30:11.271115;cm_1;The network is monitored to detect potential cybersecurity events.;Detect (DE);Security Continuous Monitoring (DE.CM);;aws;;FAIL;Security Hub is not enabled.;arn:aws:securityhub:ap-southeast-7:<SANDBOX_ACCOUNT_ID>:hub/unknown;securityhub_enabled;False;hub/unknown;NIST-CSF;National Institute of Standards and Technology (NIST) Cybersecurity Framework (CSF) v1.1;
aws;The NIST Cybersecurity Framework (CSF) is supported by governments and industries worldwide as a recommended baseline for use by any organization, regardless of sector or size. The NIST Cybersecurity Framework consists of three primary components: the framework core, the profiles, and the implementation tiers. The framework core contains desired cybersecurity activities and outcomes organized into 23 categories that cover the breadth of cybersecurity objectives for an organization. The profiles contain an organization's unique alignment of their organizational requirements and objectives, risk appetite, and resources using the desired outcomes of the framework core. The implementation tiers describe the degree to which an organization’s cybersecurity risk management practices exhibit the characteristics defined in the framework core.;<SANDBOX_ACCOUNT_ID>;ap-southeast-7;2026-08-19 02:30:11.271115;cm_2;The physical environment is monitored to detect potential cybersecurity events.;Detect (DE);Security Continuous Monitoring (DE.CM);;aws;;FAIL;Security Hub is not enabled.;arn:aws:securityhub:ap-southeast-7:<SANDBOX_ACCOUNT_ID>:hub/unknown;securityhub_enabled;False;hub/unknown;NIST-CSF;National Institute of Standards and Technology (NIST) Cybersecurity Framework (CSF) v1.1;
aws;The NIST Cybersecurity Framework (CSF) is supported by governments and industries worldwide as a recommended baseline for use by any organization, regardless of sector or size. The NIST Cybersecurity Framework consists of three primary components: the framework core, the profiles, and the implementation tiers. The framework core contains desired cybersecurity activities and outcomes organized into 23 categories that cover the breadth of cybersecurity objectives for an organization. The profiles contain an organization's unique alignment of their organizational requirements and objectives, risk appetite, and resources using the desired outcomes of the framework core. The implementation tiers describe the degree to which an organization’s cybersecurity risk management practices exhibit the characteristics defined in the framework core.;<SANDBOX_ACCOUNT_ID>;ap-southeast-7;2026-08-19 02:30:11.271115;cm_3;Personnel activity is monitored to detect potential cybersecurity events.;Detect (DE);Security Continuous Monitoring (DE.CM);;aws;;FAIL;Security Hub is not enabled.;arn:aws:securityhub:ap-southeast-7:<SANDBOX_ACCOUNT_ID>:hub/unknown;securityhub_enabled;False;hub/unknown;NIST-CSF;National Institute of Standards and Technology (NIST) Cybersecurity Framework (CSF) v1.1;
aws;The NIST Cybersecurity Framework (CSF) is supported by governments and industries worldwide as a recommended baseline for use by any organization, regardless of sector or size. The NIST Cybersecurity Framework consists of three primary components: the framework core, the profiles, and the implementation tiers. The framework core contains desired cybersecurity activities and outcomes organized into 23 categories that cover the breadth of cybersecurity objectives for an organization. The profiles contain an organization's unique alignment of their organizational requirements and objectives, risk appetite, and resources using the desired outcomes of the framework core. The implementation tiers describe the degree to which an organization’s cybersecurity risk management practices exhibit the characteristics defined in the framework core.;<SANDBOX_ACCOUNT_ID>;ap-southeast-7;2026-08-19 02:30:11.271115;cm_4;Malicious code is detected.;Detect (DE);Security Continuous Monitoring (DE.CM);;aws;;FAIL;Security Hub is not enabled.;arn:aws:securityhub:ap-southeast-7:<SANDBOX_ACCOUNT_ID>:hub/unknown;securityhub_enabled;False;hub/unknown;NIST-CSF;National Institute of Standards and Technology (NIST) Cybersecurity Framework (CSF) v1.1;
aws;The NIST Cybersecurity Framework (CSF) is supported by governments and industries worldwide as a recommended baseline for use by any organization, regardless of sector or size. The NIST Cybersecurity Framework consists of three primary components: the framework core, the profiles, and the implementation tiers. The framework core contains desired cybersecurity activities and outcomes organized into 23 categories that cover the breadth of cybersecurity objectives for an organization. The profiles contain an organization's unique alignment of their organizational requirements and objectives, risk appetite, and resources using the desired outcomes of the framework core. The implementation tiers describe the degree to which an organization’s cybersecurity risk management practices exhibit the characteristics defined in the framework core.;<SANDBOX_ACCOUNT_ID>;ap-southeast-7;2026-08-19 02:30:11.271115;cm_5;Unauthorized mobile code is detected.;Detect (DE);Security Continuous Monitoring (DE.CM);;aws;;FAIL;Security Hub is not enabled.;arn:aws:securityhub:ap-southeast-7:<SANDBOX_ACCOUNT_ID>:hub/unknown;securityhub_enabled;False;hub/unknown;NIST-CSF;National Institute of Standards and Technology (NIST) Cybersecurity Framework (CSF) v1.1;
aws;The NIST Cybersecurity Framework (CSF) is supported by governments and industries worldwide as a recommended baseline for use by any organization, regardless of sector or size. The NIST Cybersecurity Framework consists of three primary components: the framework core, the profiles, and the implementation tiers. The framework core contains desired cybersecurity activities and outcomes organized into 23 categories that cover the breadth of cybersecurity objectives for an organization. The profiles contain an organization's unique alignment of their organizational requirements and objectives, risk appetite, and resources using the desired outcomes of the framework core. The implementation tiers describe the degree to which an organization’s cybersecurity risk management practices exhibit the characteristics defined in the framework core.;<SANDBOX_ACCOUNT_ID>;ap-southeast-7;2026-08-19 02:30:11.271115;cm_6;External service provider activity is monitored to detect potential cybersecurity events.;Detect (DE);Security Continuous Monitoring (DE.CM);;aws;;FAIL;Security Hub is not enabled.;arn:aws:securityhub:ap-southeast-7:<SANDBOX_ACCOUNT_ID>:hub/unknown;securityhub_enabled;False;hub/unknown;NIST-CSF;National Institute of Standards and Technology (NIST) Cybersecurity Framework (CSF) v1.1;
aws;The NIST Cybersecurity Framework (CSF) is supported by governments and industries worldwide as a recommended baseline for use by any organization, regardless of sector or size. The NIST Cybersecurity Framework consists of three primary components: the framework core, the profiles, and the implementation tiers. The framework core contains desired cybersecurity activities and outcomes organized into 23 categories that cover the breadth of cybersecurity objectives for an organization. The profiles contain an organization's unique alignment of their organizational requirements and objectives, risk appetite, and resources using the desired outcomes of the framework core. The implementation tiers describe the degree to which an organization’s cybersecurity risk management practices exhibit the characteristics defined in the framework core.;<SANDBOX_ACCOUNT_ID>;ap-southeast-7;2026-08-19 02:30:11.271115;cm_7;Monitoring for unauthorized personnel, connections, devices, and software is performed.;Detect (DE);Security Continuous Monitoring (DE.CM);;aws;;FAIL;Security Hub is not enabled.;arn:aws:securityhub:ap-southeast-7:<SANDBOX_ACCOUNT_ID>:hub/unknown;securityhub_enabled;False;hub/unknown;NIST-CSF;National Institute of Standards and Technology (NIST) Cybersecurity Framework (CSF) v1.1;
aws;The NIST Cybersecurity Framework (CSF) is supported by governments and industries worldwide as a recommended baseline for use by any organization, regardless of sector or size. The NIST Cybersecurity Framework consists of three primary components: the framework core, the profiles, and the implementation tiers. The framework core contains desired cybersecurity activities and outcomes organized into 23 categories that cover the breadth of cybersecurity objectives for an organization. The profiles contain an organization's unique alignment of their organizational requirements and objectives, risk appetite, and resources using the desired outcomes of the framework core. The implementation tiers describe the degree to which an organization’s cybersecurity risk management practices exhibit the characteristics defined in the framework core.;<SANDBOX_ACCOUNT_ID>;ap-southeast-7;2026-08-19 02:30:11.271115;cp_4;Event detection information is communicated.;Detect (DE);Detection Processes (DE.DP);;aws;;FAIL;Security Hub is not enabled.;arn:aws:securityhub:ap-southeast-7:<SANDBOX_ACCOUNT_ID>:hub/unknown;securityhub_enabled;False;hub/unknown;NIST-CSF;National Institute of Standards and Technology (NIST) Cybersecurity Framework (CSF) v1.1;
aws;The NIST Cybersecurity Framework (CSF) is supported by governments and industries worldwide as a recommended baseline for use by any organization, regardless of sector or size. The NIST Cybersecurity Framework consists of three primary components: the framework core, the profiles, and the implementation tiers. The framework core contains desired cybersecurity activities and outcomes organized into 23 categories that cover the breadth of cybersecurity objectives for an organization. The profiles contain an organization's unique alignment of their organizational requirements and objectives, risk appetite, and resources using the desired outcomes of the framework core. The implementation tiers describe the degree to which an organization’s cybersecurity risk management practices exhibit the characteristics defined in the framework core.;<SANDBOX_ACCOUNT_ID>;ap-southeast-7;2026-08-19 02:30:11.271115;ra_1;Asset vulnerabilities are identified and documented.;Identify (ID);Risk Assessment (ID.RA);;aws;;FAIL;Security Hub is not enabled.;arn:aws:securityhub:ap-southeast-7:<SANDBOX_ACCOUNT_ID>:hub/unknown;securityhub_enabled;False;hub/unknown;NIST-CSF;National Institute of Standards and Technology (NIST) Cybersecurity Framework (CSF) v1.1;
aws;The NIST Cybersecurity Framework (CSF) is supported by governments and industries worldwide as a recommended baseline for use by any organization, regardless of sector or size. The NIST Cybersecurity Framework consists of three primary components: the framework core, the profiles, and the implementation tiers. The framework core contains desired cybersecurity activities and outcomes organized into 23 categories that cover the breadth of cybersecurity objectives for an organization. The profiles contain an organization's unique alignment of their organizational requirements and objectives, risk appetite, and resources using the desired outcomes of the framework core. The implementation tiers describe the degree to which an organization’s cybersecurity risk management practices exhibit the characteristics defined in the framework core.;<SANDBOX_ACCOUNT_ID>;ap-southeast-7;2026-08-19 02:30:11.271115;ra_2;Cyber threat intelligence is received from information sharing forums and sources.;Identify (ID);Risk Assessment (ID.RA);;aws;;FAIL;Security Hub is not enabled.;arn:aws:securityhub:ap-southeast-7:<SANDBOX_ACCOUNT_ID>:hub/unknown;securityhub_enabled;False;hub/unknown;NIST-CSF;National Institute of Standards and Technology (NIST) Cybersecurity Framework (CSF) v1.1;
aws;The NIST Cybersecurity Framework (CSF) is supported by governments and industries worldwide as a recommended baseline for use by any organization, regardless of sector or size. The NIST Cybersecurity Framework consists of three primary components: the framework core, the profiles, and the implementation tiers. The framework core contains desired cybersecurity activities and outcomes organized into 23 categories that cover the breadth of cybersecurity objectives for an organization. The profiles contain an organization's unique alignment of their organizational requirements and objectives, risk appetite, and resources using the desired outcomes of the framework core. The implementation tiers describe the degree to which an organization’s cybersecurity risk management practices exhibit the characteristics defined in the framework core.;<SANDBOX_ACCOUNT_ID>;ap-southeast-7;2026-08-19 02:30:11.271115;ra_3;Threats, both internal and external, are identified and documented.;Identify (ID);Risk Assessment (ID.RA);;aws;;FAIL;Security Hub is not enabled.;arn:aws:securityhub:ap-southeast-7:<SANDBOX_ACCOUNT_ID>:hub/unknown;securityhub_enabled;False;hub/unknown;NIST-CSF;National Institute of Standards and Technology (NIST) Cybersecurity Framework (CSF) v1.1;
aws;The NIST Cybersecurity Framework (CSF) is supported by governments and industries worldwide as a recommended baseline for use by any organization, regardless of sector or size. The NIST Cybersecurity Framework consists of three primary components: the framework core, the profiles, and the implementation tiers. The framework core contains desired cybersecurity activities and outcomes organized into 23 categories that cover the breadth of cybersecurity objectives for an organization. The profiles contain an organization's unique alignment of their organizational requirements and objectives, risk appetite, and resources using the desired outcomes of the framework core. The implementation tiers describe the degree to which an organization’s cybersecurity risk management practices exhibit the characteristics defined in the framework core.;<SANDBOX_ACCOUNT_ID>;ap-southeast-7;2026-08-19 02:30:11.271115;ra_5;Threats, vulnerabilities, likelihoods, and impacts are used to determine risk.;Identify (ID);Risk Assessment (ID.RA);;aws;;FAIL;Security Hub is not enabled.;arn:aws:securityhub:ap-southeast-7:<SANDBOX_ACCOUNT_ID>:hub/unknown;securityhub_enabled;False;hub/unknown;NIST-CSF;National Institute of Standards and Technology (NIST) Cybersecurity Framework (CSF) v1.1;
aws;The NIST Cybersecurity Framework (CSF) is supported by governments and industries worldwide as a recommended baseline for use by any organization, regardless of sector or size. The NIST Cybersecurity Framework consists of three primary components: the framework core, the profiles, and the implementation tiers. The framework core contains desired cybersecurity activities and outcomes organized into 23 categories that cover the breadth of cybersecurity objectives for an organization. The profiles contain an organization's unique alignment of their organizational requirements and objectives, risk appetite, and resources using the desired outcomes of the framework core. The implementation tiers describe the degree to which an organization’s cybersecurity risk management practices exhibit the characteristics defined in the framework core.;<SANDBOX_ACCOUNT_ID>;ap-southeast-7;2026-08-19 02:30:11.271115;sc_4;Suppliers and third-party partners are routinely assessed using audits, test results, or other forms of evaluations to confirm they are meeting their contractual obligations.;Identify (ID);Supply Chain Risk Management (ID.SC);;aws;;FAIL;Security Hub is not enabled.;arn:aws:securityhub:ap-southeast-7:<SANDBOX_ACCOUNT_ID>:hub/unknown;securityhub_enabled;False;hub/unknown;NIST-CSF;National Institute of Standards and Technology (NIST) Cybersecurity Framework (CSF) v1.1;
aws;The NIST Cybersecurity Framework (CSF) is supported by governments and industries worldwide as a recommended baseline for use by any organization, regardless of sector or size. The NIST Cybersecurity Framework consists of three primary components: the framework core, the profiles, and the implementation tiers. The framework core contains desired cybersecurity activities and outcomes organized into 23 categories that cover the breadth of cybersecurity objectives for an organization. The profiles contain an organization's unique alignment of their organizational requirements and objectives, risk appetite, and resources using the desired outcomes of the framework core. The implementation tiers describe the degree to which an organization’s cybersecurity risk management practices exhibit the characteristics defined in the framework core.;<SANDBOX_ACCOUNT_ID>;ap-southeast-7;2026-08-19 02:30:11.271115;ds_5;Protections against data leaks are implemented.;Protect (PR);Data Security (PR.DS);;aws;;FAIL;Security Hub is not enabled.;arn:aws:securityhub:ap-southeast-7:<SANDBOX_ACCOUNT_ID>:hub/unknown;securityhub_enabled;False;hub/unknown;NIST-CSF;National Institute of Standards and Technology (NIST) Cybersecurity Framework (CSF) v1.1;
aws;The NIST Cybersecurity Framework (CSF) is supported by governments and industries worldwide as a recommended baseline for use by any organization, regardless of sector or size. The NIST Cybersecurity Framework consists of three primary components: the framework core, the profiles, and the implementation tiers. The framework core contains desired cybersecurity activities and outcomes organized into 23 categories that cover the breadth of cybersecurity objectives for an organization. The profiles contain an organization's unique alignment of their organizational requirements and objectives, risk appetite, and resources using the desired outcomes of the framework core. The implementation tiers describe the degree to which an organization’s cybersecurity risk management practices exhibit the characteristics defined in the framework core.;<SANDBOX_ACCOUNT_ID>;ap-southeast-7;2026-08-19 02:30:11.271115;ds_8;Integrity checking mechanisms are used to verify hardware integrity.;Protect (PR);Data Security (PR.DS);;aws;;FAIL;Security Hub is not enabled.;arn:aws:securityhub:ap-southeast-7:<SANDBOX_ACCOUNT_ID>:hub/unknown;securityhub_enabled;False;hub/unknown;NIST-CSF;National Institute of Standards and Technology (NIST) Cybersecurity Framework (CSF) v1.1;
aws;The NIST Cybersecurity Framework (CSF) is supported by governments and industries worldwide as a recommended baseline for use by any organization, regardless of sector or size. The NIST Cybersecurity Framework consists of three primary components: the framework core, the profiles, and the implementation tiers. The framework core contains desired cybersecurity activities and outcomes organized into 23 categories that cover the breadth of cybersecurity objectives for an organization. The profiles contain an organization's unique alignment of their organizational requirements and objectives, risk appetite, and resources using the desired outcomes of the framework core. The implementation tiers describe the degree to which an organization’s cybersecurity risk management practices exhibit the characteristics defined in the framework core.;;;2026-08-19 02:30:11.271115;am_5;Resources (e.g., hardware, devices, data, time, personnel, and software) are prioritized based on their classification, criticality, and business value.;Identify (ID);Asset Management (ID.AM);;aws;;MANUAL;Manual check;manual_check;manual;False;Manual check;NIST-CSF;National Institute of Standards and Technology (NIST) Cybersecurity Framework (CSF) v1.1;
aws;The NIST Cybersecurity Framework (CSF) is supported by governments and industries worldwide as a recommended baseline for use by any organization, regardless of sector or size. The NIST Cybersecurity Framework consists of three primary components: the framework core, the profiles, and the implementation tiers. The framework core contains desired cybersecurity activities and outcomes organized into 23 categories that cover the breadth of cybersecurity objectives for an organization. The profiles contain an organization's unique alignment of their organizational requirements and objectives, risk appetite, and resources using the desired outcomes of the framework core. The implementation tiers describe the degree to which an organization’s cybersecurity risk management practices exhibit the characteristics defined in the framework core.;;;2026-08-19 02:30:11.271115;am_6;Cybersecurity roles and responsibilities for the entire workforce and third-party stakeholders (e.g., suppliers, customers, partners) are established.;Identify (ID);Asset Management (ID.AM);;iam;;MANUAL;Manual check;manual_check;manual;False;Manual check;NIST-CSF;National Institute of Standards and Technology (NIST) Cybersecurity Framework (CSF) v1.1;
aws;The NIST Cybersecurity Framework (CSF) is supported by governments and industries worldwide as a recommended baseline for use by any organization, regardless of sector or size. The NIST Cybersecurity Framework consists of three primary components: the framework core, the profiles, and the implementation tiers. The framework core contains desired cybersecurity activities and outcomes organized into 23 categories that cover the breadth of cybersecurity objectives for an organization. The profiles contain an organization's unique alignment of their organizational requirements and objectives, risk appetite, and resources using the desired outcomes of the framework core. The implementation tiers describe the degree to which an organization’s cybersecurity risk management practices exhibit the characteristics defined in the framework core.;;;2026-08-19 02:30:11.271115;ip_7;Protection processes are improved.;Protect (PR);Information Protection Processes and Procedures (PR.IP);;ec2;;MANUAL;Manual check;manual_check;manual;False;Manual check;NIST-CSF;National Institute of Standards and Technology (NIST) Cybersecurity Framework (CSF) v1.1;
