PROVIDER;DESCRIPTION;ACCOUNTID;REGION;ASSESSMENTDATE;REQUIREMENTS_ID;REQUIREMENTS_DESCRIPTION;REQUIREMENTS_ATTRIBUTES_SECTION;REQUIREMENTS_ATTRIBUTES_SUBSECTION;REQUIREMENTS_ATTRIBUTES_SUBGROUP;REQUIREMENTS_ATTRIBUTES_SERVICE;REQUIREMENTS_ATTRIBUTES_TYPE;STATUS;STATUSEXTENDED;RESOURCEID;CHECKID;MUTED;RESOURCENAME;FRAMEWORK;NAME;REQUIREMENTS_ATTRIBUTES_COMMENT
aws;System and Organization Controls (SOC), defined by the American Institute of Certified Public Accountants (AICPA), is the name of a set of reports that's produced during an audit. It's intended for use by service organizations (organizations that provide information systems as a service to other organizations) to issue validated reports of internal controls over those information systems to the users of those services. The reports focus on controls grouped into five categories known as Trust Service Principles.;<SANDBOX_ACCOUNT_ID>;ap-southeast-7;2026-08-29 00:18:02.370487;cc_a_1_1;Measures Current Usage - The use of the system components is measured to establish a baseline for capacity management and to use when evaluating the risk of impaired availability due to capacity constraints. Forecasts Capacity - The expected average and peak use of system components is forecasted and compared to system capacity and associated tolerances. Forecasting considers capacity in the event of the failure of system components that constrain capacity. Makes Changes Based on Forecasts - The system change management process is initiated when forecasted usage exceeds capacity tolerances.;CCA1.0 - Additional Criterial for Availability;;;aws;automated;FAIL;Lambda function range-responder is not recorded by CloudTrail.;arn:aws:lambda:ap-southeast-7:<SANDBOX_ACCOUNT_ID>:function:range-responder;awslambda_function_invoke_api_operations_cloudtrail_logging_enabled;False;range-responder;SOC2;System and Organization Controls 2 (SOC2);
aws;System and Organization Controls (SOC), defined by the American Institute of Certified Public Accountants (AICPA), is the name of a set of reports that's produced during an audit. It's intended for use by service organizations (organizations that provide information systems as a service to other organizations) to issue validated reports of internal controls over those information systems to the users of those services. The reports focus on controls grouped into five categories known as Trust Service Principles.;<SANDBOX_ACCOUNT_ID>;ap-southeast-7;2026-08-29 00:18:02.370487;cc_6_3;Creates or Modifies Access to Protected Information Assets - Processes are in place to create or modify access to protected information assets based on authorization from the asset’s owner. Removes Access to Protected Information Assets - Processes are in place to remove access to protected information assets when an individual no longer requires access. Uses Role-Based Access Controls - Role-based access control is utilized to support segregation of incompatible functions.;CC6.0 - Logical and Physical Access;;;iam;automated;PASS;IAM Role AWSReservedSSO_AdministratorAccess_8c8dbb6dc8164670 does not have AmazonBedrockFullAccess policy attached.;arn:aws:iam::<SANDBOX_ACCOUNT_ID>:role/aws-reserved/sso.amazonaws.com/ap-southeast-1/AWSReservedSSO_AdministratorAccess_8c8dbb6dc8164670;bedrock_full_access_policy_attached;False;AWSReservedSSO_AdministratorAccess_8c8dbb6dc8164670;SOC2;System and Organization Controls 2 (SOC2);
aws;System and Organization Controls (SOC), defined by the American Institute of Certified Public Accountants (AICPA), is the name of a set of reports that's produced during an audit. It's intended for use by service organizations (organizations that provide information systems as a service to other organizations) to issue validated reports of internal controls over those information systems to the users of those services. The reports focus on controls grouped into five categories known as Trust Service Principles.;<SANDBOX_ACCOUNT_ID>;ap-southeast-7;2026-08-29 00:18:02.370487;cc_6_3;Creates or Modifies Access to Protected Information Assets - Processes are in place to create or modify access to protected information assets based on authorization from the asset’s owner. Removes Access to Protected Information Assets - Processes are in place to remove access to protected information assets when an individual no longer requires access. Uses Role-Based Access Controls - Role-based access control is utilized to support segregation of incompatible functions.;CC6.0 - Logical and Physical Access;;;iam;automated;PASS;IAM Role OrganizationAccountAccessRole does not have AmazonBedrockFullAccess policy attached.;arn:aws:iam::<SANDBOX_ACCOUNT_ID>:role/OrganizationAccountAccessRole;bedrock_full_access_policy_attached;False;OrganizationAccountAccessRole;SOC2;System and Organization Controls 2 (SOC2);
aws;System and Organization Controls (SOC), defined by the American Institute of Certified Public Accountants (AICPA), is the name of a set of reports that's produced during an audit. It's intended for use by service organizations (organizations that provide information systems as a service to other organizations) to issue validated reports of internal controls over those information systems to the users of those services. The reports focus on controls grouped into five categories known as Trust Service Principles.;<SANDBOX_ACCOUNT_ID>;ap-southeast-7;2026-08-29 00:18:02.370487;cc_6_3;Creates or Modifies Access to Protected Information Assets - Processes are in place to create or modify access to protected information assets based on authorization from the asset’s owner. Removes Access to Protected Information Assets - Processes are in place to remove access to protected information assets when an individual no longer requires access. Uses Role-Based Access Controls - Role-based access control is utilized to support segregation of incompatible functions.;CC6.0 - Logical and Physical Access;;;iam;automated;PASS;IAM Role range-app-deploy-role does not have AmazonBedrockFullAccess policy attached.;arn:aws:iam::<SANDBOX_ACCOUNT_ID>:role/range-app-deploy-role;bedrock_full_access_policy_attached;False;range-app-deploy-role;SOC2;System and Organization Controls 2 (SOC2);
aws;System and Organization Controls (SOC), defined by the American Institute of Certified Public Accountants (AICPA), is the name of a set of reports that's produced during an audit. It's intended for use by service organizations (organizations that provide information systems as a service to other organizations) to issue validated reports of internal controls over those information systems to the users of those services. The reports focus on controls grouped into five categories known as Trust Service Principles.;<SANDBOX_ACCOUNT_ID>;ap-southeast-7;2026-08-29 00:18:02.370487;cc_a_1_1;Measures Current Usage - The use of the system components is measured to establish a baseline for capacity management and to use when evaluating the risk of impaired availability due to capacity constraints. Forecasts Capacity - The expected average and peak use of system components is forecasted and compared to system capacity and associated tolerances. Forecasting considers capacity in the event of the failure of system components that constrain capacity. Makes Changes Based on Forecasts - The system change management process is initiated when forecasted usage exceeds capacity tolerances.;CCA1.0 - Additional Criterial for Availability;;;aws;automated;FAIL;Bedrock Model Invocation Logging is disabled.;arn:aws:bedrock:ap-southeast-7:<SANDBOX_ACCOUNT_ID>:model-invocation-logging;bedrock_model_invocation_logging_enabled;False;model-invocation-logging;SOC2;System and Organization Controls 2 (SOC2);
aws;System and Organization Controls (SOC), defined by the American Institute of Certified Public Accountants (AICPA), is the name of a set of reports that's produced during an audit. It's intended for use by service organizations (organizations that provide information systems as a service to other organizations) to issue validated reports of internal controls over those information systems to the users of those services. The reports focus on controls grouped into five categories known as Trust Service Principles.;<SANDBOX_ACCOUNT_ID>;ap-southeast-7;2026-08-29 00:18:02.370487;cc_7_2;"Implements Detection Policies, Procedures, and Tools - Detection policies and procedures are defined and implemented, and detection tools are implemented on Infrastructure and software to identify anomalies in the operation or unusual activity on systems. Procedures may include (1) a defined governance process for security event detection and management that includes provision of resources; (2) use of intelligence sources to identify newly discovered threats and vulnerabilities; and (3) logging of unusual system activities. Designs Detection Measures - Detection measures are designed to identify anomalies that could result from actual or attempted (1) compromise of physical barriers; (2) unauthorized actions of authorized personnel; (3) use of compromised identification and authentication credentials; (4) unauthorized access from outside the system boundaries; (5) compromise of authorized external parties; and (6) implementation or connection of unauthorized hardware and software. Implements Filters to Analyze Anomalies - Management has implemented procedures to filter, summarize, and analyze anomalies to identify security events. Monitors Detection Tools for Effective Operation - Management has implemented processes to monitor the effectiveness of detection tools.";CC7.0 - System Operations;;;aws;automated;PASS;Trail lz-org-trail from home region ap-southeast-7 has management events enabled to log Amazon Bedrock control-plane API calls.;arn:aws:cloudtrail:ap-southeast-7:<MANAGEMENT_ACCOUNT_ID>:trail/lz-org-trail;cloudtrail_bedrock_logging_enabled;False;lz-org-trail;SOC2;System and Organization Controls 2 (SOC2);
aws;System and Organization Controls (SOC), defined by the American Institute of Certified Public Accountants (AICPA), is the name of a set of reports that's produced during an audit. It's intended for use by service organizations (organizations that provide information systems as a service to other organizations) to issue validated reports of internal controls over those information systems to the users of those services. The reports focus on controls grouped into five categories known as Trust Service Principles.;<SANDBOX_ACCOUNT_ID>;ap-southeast-7;2026-08-29 00:18:02.370487;cc_7_2;"Implements Detection Policies, Procedures, and Tools - Detection policies and procedures are defined and implemented, and detection tools are implemented on Infrastructure and software to identify anomalies in the operation or unusual activity on systems. Procedures may include (1) a defined governance process for security event detection and management that includes provision of resources; (2) use of intelligence sources to identify newly discovered threats and vulnerabilities; and (3) logging of unusual system activities. Designs Detection Measures - Detection measures are designed to identify anomalies that could result from actual or attempted (1) compromise of physical barriers; (2) unauthorized actions of authorized personnel; (3) use of compromised identification and authentication credentials; (4) unauthorized access from outside the system boundaries; (5) compromise of authorized external parties; and (6) implementation or connection of unauthorized hardware and software. Implements Filters to Analyze Anomalies - Management has implemented procedures to filter, summarize, and analyze anomalies to identify security events. Monitors Detection Tools for Effective Operation - Management has implemented processes to monitor the effectiveness of detection tools.";CC7.0 - System Operations;;;aws;automated;PASS;Trail range-trail from home region ap-southeast-7 has management events enabled to log Amazon Bedrock control-plane API calls.;arn:aws:cloudtrail:ap-southeast-7:<SANDBOX_ACCOUNT_ID>:trail/range-trail;cloudtrail_bedrock_logging_enabled;False;range-trail;SOC2;System and Organization Controls 2 (SOC2);
aws;System and Organization Controls (SOC), defined by the American Institute of Certified Public Accountants (AICPA), is the name of a set of reports that's produced during an audit. It's intended for use by service organizations (organizations that provide information systems as a service to other organizations) to issue validated reports of internal controls over those information systems to the users of those services. The reports focus on controls grouped into five categories known as Trust Service Principles.;<SANDBOX_ACCOUNT_ID>;ap-southeast-7;2026-08-29 00:18:02.370487;cc_7_2;"Implements Detection Policies, Procedures, and Tools - Detection policies and procedures are defined and implemented, and detection tools are implemented on Infrastructure and software to identify anomalies in the operation or unusual activity on systems. Procedures may include (1) a defined governance process for security event detection and management that includes provision of resources; (2) use of intelligence sources to identify newly discovered threats and vulnerabilities; and (3) logging of unusual system activities. Designs Detection Measures - Detection measures are designed to identify anomalies that could result from actual or attempted (1) compromise of physical barriers; (2) unauthorized actions of authorized personnel; (3) use of compromised identification and authentication credentials; (4) unauthorized access from outside the system boundaries; (5) compromise of authorized external parties; and (6) implementation or connection of unauthorized hardware and software. Implements Filters to Analyze Anomalies - Management has implemented procedures to filter, summarize, and analyze anomalies to identify security events. Monitors Detection Tools for Effective Operation - Management has implemented processes to monitor the effectiveness of detection tools.";CC7.0 - System Operations;;;aws;automated;PASS;Trail stratus-red-team-ct-stop-trail-arzkiholin from home region ap-southeast-7 has management events enabled to log Amazon Bedrock control-plane API calls.;arn:aws:cloudtrail:ap-southeast-7:<SANDBOX_ACCOUNT_ID>:trail/stratus-red-team-ct-stop-trail-arzkiholin;cloudtrail_bedrock_logging_enabled;False;stratus-red-team-ct-stop-trail-arzkiholin;SOC2;System and Organization Controls 2 (SOC2);
aws;System and Organization Controls (SOC), defined by the American Institute of Certified Public Accountants (AICPA), is the name of a set of reports that's produced during an audit. It's intended for use by service organizations (organizations that provide information systems as a service to other organizations) to issue validated reports of internal controls over those information systems to the users of those services. The reports focus on controls grouped into five categories known as Trust Service Principles.;<SANDBOX_ACCOUNT_ID>;ap-southeast-7;2026-08-29 00:18:02.370487;cc_7_2;"Implements Detection Policies, Procedures, and Tools - Detection policies and procedures are defined and implemented, and detection tools are implemented on Infrastructure and software to identify anomalies in the operation or unusual activity on systems. Procedures may include (1) a defined governance process for security event detection and management that includes provision of resources; (2) use of intelligence sources to identify newly discovered threats and vulnerabilities; and (3) logging of unusual system activities. Designs Detection Measures - Detection measures are designed to identify anomalies that could result from actual or attempted (1) compromise of physical barriers; (2) unauthorized actions of authorized personnel; (3) use of compromised identification and authentication credentials; (4) unauthorized access from outside the system boundaries; (5) compromise of authorized external parties; and (6) implementation or connection of unauthorized hardware and software. Implements Filters to Analyze Anomalies - Management has implemented procedures to filter, summarize, and analyze anomalies to identify security events. Monitors Detection Tools for Effective Operation - Management has implemented processes to monitor the effectiveness of detection tools.";CC7.0 - System Operations;;;aws;automated;FAIL;Multiregion trail lz-org-trail has not been logging in the last 24h or is not configured to deliver logs.;arn:aws:cloudtrail:ap-southeast-7:<MANAGEMENT_ACCOUNT_ID>:trail/lz-org-trail;cloudtrail_cloudwatch_logging_enabled;False;lz-org-trail;SOC2;System and Organization Controls 2 (SOC2);
aws;System and Organization Controls (SOC), defined by the American Institute of Certified Public Accountants (AICPA), is the name of a set of reports that's produced during an audit. It's intended for use by service organizations (organizations that provide information systems as a service to other organizations) to issue validated reports of internal controls over those information systems to the users of those services. The reports focus on controls grouped into five categories known as Trust Service Principles.;<SANDBOX_ACCOUNT_ID>;ap-southeast-7;2026-08-29 00:18:02.370487;cc_7_3;Responds to Security Incidents - Procedures are in place for responding to security incidents and evaluating the effectiveness of those policies and procedures on a periodic basis. Communicates and Reviews Detected Security Events - Detected security events are communicated to and reviewed by the individuals responsible for the management of the security program and actions are taken, if necessary. Develops and Implements Procedures to Analyze Security Incidents - Procedures are in place to analyze security incidents and determine system impact. Assesses the Impact on Personal Information - Detected security events are evaluated to determine whether they could or did result in the unauthorized disclosure or use of personal information and whether there has been a failure to comply with applicable laws or regulations. Determines Personal Information Used or Disclosed - When an unauthorized use or disclosure of personal information has occurred, the affected information is identified.;CC7.0 - System Operations;;;aws;automated;FAIL;Multiregion trail lz-org-trail has not been logging in the last 24h or is not configured to deliver logs.;arn:aws:cloudtrail:ap-southeast-7:<MANAGEMENT_ACCOUNT_ID>:trail/lz-org-trail;cloudtrail_cloudwatch_logging_enabled;False;lz-org-trail;SOC2;System and Organization Controls 2 (SOC2);
aws;System and Organization Controls (SOC), defined by the American Institute of Certified Public Accountants (AICPA), is the name of a set of reports that's produced during an audit. It's intended for use by service organizations (organizations that provide information systems as a service to other organizations) to issue validated reports of internal controls over those information systems to the users of those services. The reports focus on controls grouped into five categories known as Trust Service Principles.;<SANDBOX_ACCOUNT_ID>;ap-southeast-7;2026-08-29 00:18:02.370487;cc_a_1_1;Measures Current Usage - The use of the system components is measured to establish a baseline for capacity management and to use when evaluating the risk of impaired availability due to capacity constraints. Forecasts Capacity - The expected average and peak use of system components is forecasted and compared to system capacity and associated tolerances. Forecasting considers capacity in the event of the failure of system components that constrain capacity. Makes Changes Based on Forecasts - The system change management process is initiated when forecasted usage exceeds capacity tolerances.;CCA1.0 - Additional Criterial for Availability;;;aws;automated;FAIL;Multiregion trail lz-org-trail has not been logging in the last 24h or is not configured to deliver logs.;arn:aws:cloudtrail:ap-southeast-7:<MANAGEMENT_ACCOUNT_ID>:trail/lz-org-trail;cloudtrail_cloudwatch_logging_enabled;False;lz-org-trail;SOC2;System and Organization Controls 2 (SOC2);
aws;System and Organization Controls (SOC), defined by the American Institute of Certified Public Accountants (AICPA), is the name of a set of reports that's produced during an audit. It's intended for use by service organizations (organizations that provide information systems as a service to other organizations) to issue validated reports of internal controls over those information systems to the users of those services. The reports focus on controls grouped into five categories known as Trust Service Principles.;<SANDBOX_ACCOUNT_ID>;ap-southeast-7;2026-08-29 00:18:02.370487;pi_1_3;The entity implements controls to ensure data is processed completely, accurately, and timely. This includes defining processing specifications, identifying processing activities, detecting and correcting errors throughout processing, recording processing activities with accurate logs, and ensuring completeness and timeliness of processing.;PI1.0 - Processing Integrity;;;aws;automated;FAIL;Multiregion trail lz-org-trail has not been logging in the last 24h or is not configured to deliver logs.;arn:aws:cloudtrail:ap-southeast-7:<MANAGEMENT_ACCOUNT_ID>:trail/lz-org-trail;cloudtrail_cloudwatch_logging_enabled;False;lz-org-trail;SOC2;System and Organization Controls 2 (SOC2);
aws;System and Organization Controls (SOC), defined by the American Institute of Certified Public Accountants (AICPA), is the name of a set of reports that's produced during an audit. It's intended for use by service organizations (organizations that provide information systems as a service to other organizations) to issue validated reports of internal controls over those information systems to the users of those services. The reports focus on controls grouped into five categories known as Trust Service Principles.;<SANDBOX_ACCOUNT_ID>;ap-southeast-7;2026-08-29 00:18:02.370487;cc_7_2;"Implements Detection Policies, Procedures, and Tools - Detection policies and procedures are defined and implemented, and detection tools are implemented on Infrastructure and software to identify anomalies in the operation or unusual activity on systems. Procedures may include (1) a defined governance process for security event detection and management that includes provision of resources; (2) use of intelligence sources to identify newly discovered threats and vulnerabilities; and (3) logging of unusual system activities. Designs Detection Measures - Detection measures are designed to identify anomalies that could result from actual or attempted (1) compromise of physical barriers; (2) unauthorized actions of authorized personnel; (3) use of compromised identification and authentication credentials; (4) unauthorized access from outside the system boundaries; (5) compromise of authorized external parties; and (6) implementation or connection of unauthorized hardware and software. Implements Filters to Analyze Anomalies - Management has implemented procedures to filter, summarize, and analyze anomalies to identify security events. Monitors Detection Tools for Effective Operation - Management has implemented processes to monitor the effectiveness of detection tools.";CC7.0 - System Operations;;;aws;automated;PASS;Multiregion trail range-trail has been logging in the last 24h.;arn:aws:cloudtrail:ap-southeast-7:<SANDBOX_ACCOUNT_ID>:trail/range-trail;cloudtrail_cloudwatch_logging_enabled;False;range-trail;SOC2;System and Organization Controls 2 (SOC2);
aws;System and Organization Controls (SOC), defined by the American Institute of Certified Public Accountants (AICPA), is the name of a set of reports that's produced during an audit. It's intended for use by service organizations (organizations that provide information systems as a service to other organizations) to issue validated reports of internal controls over those information systems to the users of those services. The reports focus on controls grouped into five categories known as Trust Service Principles.;<SANDBOX_ACCOUNT_ID>;ap-southeast-7;2026-08-29 00:18:02.370487;cc_7_3;Responds to Security Incidents - Procedures are in place for responding to security incidents and evaluating the effectiveness of those policies and procedures on a periodic basis. Communicates and Reviews Detected Security Events - Detected security events are communicated to and reviewed by the individuals responsible for the management of the security program and actions are taken, if necessary. Develops and Implements Procedures to Analyze Security Incidents - Procedures are in place to analyze security incidents and determine system impact. Assesses the Impact on Personal Information - Detected security events are evaluated to determine whether they could or did result in the unauthorized disclosure or use of personal information and whether there has been a failure to comply with applicable laws or regulations. Determines Personal Information Used or Disclosed - When an unauthorized use or disclosure of personal information has occurred, the affected information is identified.;CC7.0 - System Operations;;;aws;automated;PASS;Multiregion trail range-trail has been logging in the last 24h.;arn:aws:cloudtrail:ap-southeast-7:<SANDBOX_ACCOUNT_ID>:trail/range-trail;cloudtrail_cloudwatch_logging_enabled;False;range-trail;SOC2;System and Organization Controls 2 (SOC2);
aws;System and Organization Controls (SOC), defined by the American Institute of Certified Public Accountants (AICPA), is the name of a set of reports that's produced during an audit. It's intended for use by service organizations (organizations that provide information systems as a service to other organizations) to issue validated reports of internal controls over those information systems to the users of those services. The reports focus on controls grouped into five categories known as Trust Service Principles.;<SANDBOX_ACCOUNT_ID>;ap-southeast-7;2026-08-29 00:18:02.370487;cc_a_1_1;Measures Current Usage - The use of the system components is measured to establish a baseline for capacity management and to use when evaluating the risk of impaired availability due to capacity constraints. Forecasts Capacity - The expected average and peak use of system components is forecasted and compared to system capacity and associated tolerances. Forecasting considers capacity in the event of the failure of system components that constrain capacity. Makes Changes Based on Forecasts - The system change management process is initiated when forecasted usage exceeds capacity tolerances.;CCA1.0 - Additional Criterial for Availability;;;aws;automated;PASS;Multiregion trail range-trail has been logging in the last 24h.;arn:aws:cloudtrail:ap-southeast-7:<SANDBOX_ACCOUNT_ID>:trail/range-trail;cloudtrail_cloudwatch_logging_enabled;False;range-trail;SOC2;System and Organization Controls 2 (SOC2);
aws;System and Organization Controls (SOC), defined by the American Institute of Certified Public Accountants (AICPA), is the name of a set of reports that's produced during an audit. It's intended for use by service organizations (organizations that provide information systems as a service to other organizations) to issue validated reports of internal controls over those information systems to the users of those services. The reports focus on controls grouped into five categories known as Trust Service Principles.;<SANDBOX_ACCOUNT_ID>;ap-southeast-7;2026-08-29 00:18:02.370487;pi_1_3;The entity implements controls to ensure data is processed completely, accurately, and timely. This includes defining processing specifications, identifying processing activities, detecting and correcting errors throughout processing, recording processing activities with accurate logs, and ensuring completeness and timeliness of processing.;PI1.0 - Processing Integrity;;;aws;automated;PASS;Multiregion trail range-trail has been logging in the last 24h.;arn:aws:cloudtrail:ap-southeast-7:<SANDBOX_ACCOUNT_ID>:trail/range-trail;cloudtrail_cloudwatch_logging_enabled;False;range-trail;SOC2;System and Organization Controls 2 (SOC2);
aws;System and Organization Controls (SOC), defined by the American Institute of Certified Public Accountants (AICPA), is the name of a set of reports that's produced during an audit. It's intended for use by service organizations (organizations that provide information systems as a service to other organizations) to issue validated reports of internal controls over those information systems to the users of those services. The reports focus on controls grouped into five categories known as Trust Service Principles.;<SANDBOX_ACCOUNT_ID>;ap-southeast-7;2026-08-29 00:18:02.370487;cc_7_2;"Implements Detection Policies, Procedures, and Tools - Detection policies and procedures are defined and implemented, and detection tools are implemented on Infrastructure and software to identify anomalies in the operation or unusual activity on systems. Procedures may include (1) a defined governance process for security event detection and management that includes provision of resources; (2) use of intelligence sources to identify newly discovered threats and vulnerabilities; and (3) logging of unusual system activities. Designs Detection Measures - Detection measures are designed to identify anomalies that could result from actual or attempted (1) compromise of physical barriers; (2) unauthorized actions of authorized personnel; (3) use of compromised identification and authentication credentials; (4) unauthorized access from outside the system boundaries; (5) compromise of authorized external parties; and (6) implementation or connection of unauthorized hardware and software. Implements Filters to Analyze Anomalies - Management has implemented procedures to filter, summarize, and analyze anomalies to identify security events. Monitors Detection Tools for Effective Operation - Management has implemented processes to monitor the effectiveness of detection tools.";CC7.0 - System Operations;;;aws;automated;FAIL;Single region trail stratus-red-team-ct-stop-trail-arzkiholin has not been logging in the last 24h or is not configured to deliver logs.;arn:aws:cloudtrail:ap-southeast-7:<SANDBOX_ACCOUNT_ID>:trail/stratus-red-team-ct-stop-trail-arzkiholin;cloudtrail_cloudwatch_logging_enabled;False;stratus-red-team-ct-stop-trail-arzkiholin;SOC2;System and Organization Controls 2 (SOC2);
aws;System and Organization Controls (SOC), defined by the American Institute of Certified Public Accountants (AICPA), is the name of a set of reports that's produced during an audit. It's intended for use by service organizations (organizations that provide information systems as a service to other organizations) to issue validated reports of internal controls over those information systems to the users of those services. The reports focus on controls grouped into five categories known as Trust Service Principles.;<SANDBOX_ACCOUNT_ID>;ap-southeast-7;2026-08-29 00:18:02.370487;cc_7_3;Responds to Security Incidents - Procedures are in place for responding to security incidents and evaluating the effectiveness of those policies and procedures on a periodic basis. Communicates and Reviews Detected Security Events - Detected security events are communicated to and reviewed by the individuals responsible for the management of the security program and actions are taken, if necessary. Develops and Implements Procedures to Analyze Security Incidents - Procedures are in place to analyze security incidents and determine system impact. Assesses the Impact on Personal Information - Detected security events are evaluated to determine whether they could or did result in the unauthorized disclosure or use of personal information and whether there has been a failure to comply with applicable laws or regulations. Determines Personal Information Used or Disclosed - When an unauthorized use or disclosure of personal information has occurred, the affected information is identified.;CC7.0 - System Operations;;;aws;automated;FAIL;Single region trail stratus-red-team-ct-stop-trail-arzkiholin has not been logging in the last 24h or is not configured to deliver logs.;arn:aws:cloudtrail:ap-southeast-7:<SANDBOX_ACCOUNT_ID>:trail/stratus-red-team-ct-stop-trail-arzkiholin;cloudtrail_cloudwatch_logging_enabled;False;stratus-red-team-ct-stop-trail-arzkiholin;SOC2;System and Organization Controls 2 (SOC2);
aws;System and Organization Controls (SOC), defined by the American Institute of Certified Public Accountants (AICPA), is the name of a set of reports that's produced during an audit. It's intended for use by service organizations (organizations that provide information systems as a service to other organizations) to issue validated reports of internal controls over those information systems to the users of those services. The reports focus on controls grouped into five categories known as Trust Service Principles.;<SANDBOX_ACCOUNT_ID>;ap-southeast-7;2026-08-29 00:18:02.370487;cc_a_1_1;Measures Current Usage - The use of the system components is measured to establish a baseline for capacity management and to use when evaluating the risk of impaired availability due to capacity constraints. Forecasts Capacity - The expected average and peak use of system components is forecasted and compared to system capacity and associated tolerances. Forecasting considers capacity in the event of the failure of system components that constrain capacity. Makes Changes Based on Forecasts - The system change management process is initiated when forecasted usage exceeds capacity tolerances.;CCA1.0 - Additional Criterial for Availability;;;aws;automated;FAIL;Single region trail stratus-red-team-ct-stop-trail-arzkiholin has not been logging in the last 24h or is not configured to deliver logs.;arn:aws:cloudtrail:ap-southeast-7:<SANDBOX_ACCOUNT_ID>:trail/stratus-red-team-ct-stop-trail-arzkiholin;cloudtrail_cloudwatch_logging_enabled;False;stratus-red-team-ct-stop-trail-arzkiholin;SOC2;System and Organization Controls 2 (SOC2);
aws;System and Organization Controls (SOC), defined by the American Institute of Certified Public Accountants (AICPA), is the name of a set of reports that's produced during an audit. It's intended for use by service organizations (organizations that provide information systems as a service to other organizations) to issue validated reports of internal controls over those information systems to the users of those services. The reports focus on controls grouped into five categories known as Trust Service Principles.;<SANDBOX_ACCOUNT_ID>;ap-southeast-7;2026-08-29 00:18:02.370487;pi_1_3;The entity implements controls to ensure data is processed completely, accurately, and timely. This includes defining processing specifications, identifying processing activities, detecting and correcting errors throughout processing, recording processing activities with accurate logs, and ensuring completeness and timeliness of processing.;PI1.0 - Processing Integrity;;;aws;automated;FAIL;Single region trail stratus-red-team-ct-stop-trail-arzkiholin has not been logging in the last 24h or is not configured to deliver logs.;arn:aws:cloudtrail:ap-southeast-7:<SANDBOX_ACCOUNT_ID>:trail/stratus-red-team-ct-stop-trail-arzkiholin;cloudtrail_cloudwatch_logging_enabled;False;stratus-red-team-ct-stop-trail-arzkiholin;SOC2;System and Organization Controls 2 (SOC2);
aws;System and Organization Controls (SOC), defined by the American Institute of Certified Public Accountants (AICPA), is the name of a set of reports that's produced during an audit. It's intended for use by service organizations (organizations that provide information systems as a service to other organizations) to issue validated reports of internal controls over those information systems to the users of those services. The reports focus on controls grouped into five categories known as Trust Service Principles.;<SANDBOX_ACCOUNT_ID>;ap-southeast-7;2026-08-29 00:18:02.370487;cc_7_3;Responds to Security Incidents - Procedures are in place for responding to security incidents and evaluating the effectiveness of those policies and procedures on a periodic basis. Communicates and Reviews Detected Security Events - Detected security events are communicated to and reviewed by the individuals responsible for the management of the security program and actions are taken, if necessary. Develops and Implements Procedures to Analyze Security Incidents - Procedures are in place to analyze security incidents and determine system impact. Assesses the Impact on Personal Information - Detected security events are evaluated to determine whether they could or did result in the unauthorized disclosure or use of personal information and whether there has been a failure to comply with applicable laws or regulations. Determines Personal Information Used or Disclosed - When an unauthorized use or disclosure of personal information has occurred, the affected information is identified.;CC7.0 - System Operations;;;aws;automated;PASS;Multiregion trail lz-org-trail has log file validation enabled.;arn:aws:cloudtrail:ap-southeast-7:<MANAGEMENT_ACCOUNT_ID>:trail/lz-org-trail;cloudtrail_log_file_validation_enabled;False;lz-org-trail;SOC2;System and Organization Controls 2 (SOC2);
aws;System and Organization Controls (SOC), defined by the American Institute of Certified Public Accountants (AICPA), is the name of a set of reports that's produced during an audit. It's intended for use by service organizations (organizations that provide information systems as a service to other organizations) to issue validated reports of internal controls over those information systems to the users of those services. The reports focus on controls grouped into five categories known as Trust Service Principles.;<SANDBOX_ACCOUNT_ID>;ap-southeast-7;2026-08-29 00:18:02.370487;pi_1_3;The entity implements controls to ensure data is processed completely, accurately, and timely. This includes defining processing specifications, identifying processing activities, detecting and correcting errors throughout processing, recording processing activities with accurate logs, and ensuring completeness and timeliness of processing.;PI1.0 - Processing Integrity;;;aws;automated;PASS;Multiregion trail lz-org-trail has log file validation enabled.;arn:aws:cloudtrail:ap-southeast-7:<MANAGEMENT_ACCOUNT_ID>:trail/lz-org-trail;cloudtrail_log_file_validation_enabled;False;lz-org-trail;SOC2;System and Organization Controls 2 (SOC2);
aws;System and Organization Controls (SOC), defined by the American Institute of Certified Public Accountants (AICPA), is the name of a set of reports that's produced during an audit. It's intended for use by service organizations (organizations that provide information systems as a service to other organizations) to issue validated reports of internal controls over those information systems to the users of those services. The reports focus on controls grouped into five categories known as Trust Service Principles.;<SANDBOX_ACCOUNT_ID>;ap-southeast-7;2026-08-29 00:18:02.370487;cc_7_3;Responds to Security Incidents - Procedures are in place for responding to security incidents and evaluating the effectiveness of those policies and procedures on a periodic basis. Communicates and Reviews Detected Security Events - Detected security events are communicated to and reviewed by the individuals responsible for the management of the security program and actions are taken, if necessary. Develops and Implements Procedures to Analyze Security Incidents - Procedures are in place to analyze security incidents and determine system impact. Assesses the Impact on Personal Information - Detected security events are evaluated to determine whether they could or did result in the unauthorized disclosure or use of personal information and whether there has been a failure to comply with applicable laws or regulations. Determines Personal Information Used or Disclosed - When an unauthorized use or disclosure of personal information has occurred, the affected information is identified.;CC7.0 - System Operations;;;aws;automated;PASS;Multiregion trail range-trail has log file validation enabled.;arn:aws:cloudtrail:ap-southeast-7:<SANDBOX_ACCOUNT_ID>:trail/range-trail;cloudtrail_log_file_validation_enabled;False;range-trail;SOC2;System and Organization Controls 2 (SOC2);
aws;System and Organization Controls (SOC), defined by the American Institute of Certified Public Accountants (AICPA), is the name of a set of reports that's produced during an audit. It's intended for use by service organizations (organizations that provide information systems as a service to other organizations) to issue validated reports of internal controls over those information systems to the users of those services. The reports focus on controls grouped into five categories known as Trust Service Principles.;<SANDBOX_ACCOUNT_ID>;ap-southeast-7;2026-08-29 00:18:02.370487;pi_1_3;The entity implements controls to ensure data is processed completely, accurately, and timely. This includes defining processing specifications, identifying processing activities, detecting and correcting errors throughout processing, recording processing activities with accurate logs, and ensuring completeness and timeliness of processing.;PI1.0 - Processing Integrity;;;aws;automated;PASS;Multiregion trail range-trail has log file validation enabled.;arn:aws:cloudtrail:ap-southeast-7:<SANDBOX_ACCOUNT_ID>:trail/range-trail;cloudtrail_log_file_validation_enabled;False;range-trail;SOC2;System and Organization Controls 2 (SOC2);
aws;System and Organization Controls (SOC), defined by the American Institute of Certified Public Accountants (AICPA), is the name of a set of reports that's produced during an audit. It's intended for use by service organizations (organizations that provide information systems as a service to other organizations) to issue validated reports of internal controls over those information systems to the users of those services. The reports focus on controls grouped into five categories known as Trust Service Principles.;<SANDBOX_ACCOUNT_ID>;ap-southeast-7;2026-08-29 00:18:02.370487;cc_7_3;Responds to Security Incidents - Procedures are in place for responding to security incidents and evaluating the effectiveness of those policies and procedures on a periodic basis. Communicates and Reviews Detected Security Events - Detected security events are communicated to and reviewed by the individuals responsible for the management of the security program and actions are taken, if necessary. Develops and Implements Procedures to Analyze Security Incidents - Procedures are in place to analyze security incidents and determine system impact. Assesses the Impact on Personal Information - Detected security events are evaluated to determine whether they could or did result in the unauthorized disclosure or use of personal information and whether there has been a failure to comply with applicable laws or regulations. Determines Personal Information Used or Disclosed - When an unauthorized use or disclosure of personal information has occurred, the affected information is identified.;CC7.0 - System Operations;;;aws;automated;FAIL;Single region trail stratus-red-team-ct-stop-trail-arzkiholin has log file validation disabled.;arn:aws:cloudtrail:ap-southeast-7:<SANDBOX_ACCOUNT_ID>:trail/stratus-red-team-ct-stop-trail-arzkiholin;cloudtrail_log_file_validation_enabled;False;stratus-red-team-ct-stop-trail-arzkiholin;SOC2;System and Organization Controls 2 (SOC2);
aws;System and Organization Controls (SOC), defined by the American Institute of Certified Public Accountants (AICPA), is the name of a set of reports that's produced during an audit. It's intended for use by service organizations (organizations that provide information systems as a service to other organizations) to issue validated reports of internal controls over those information systems to the users of those services. The reports focus on controls grouped into five categories known as Trust Service Principles.;<SANDBOX_ACCOUNT_ID>;ap-southeast-7;2026-08-29 00:18:02.370487;pi_1_3;The entity implements controls to ensure data is processed completely, accurately, and timely. This includes defining processing specifications, identifying processing activities, detecting and correcting errors throughout processing, recording processing activities with accurate logs, and ensuring completeness and timeliness of processing.;PI1.0 - Processing Integrity;;;aws;automated;FAIL;Single region trail stratus-red-team-ct-stop-trail-arzkiholin has log file validation disabled.;arn:aws:cloudtrail:ap-southeast-7:<SANDBOX_ACCOUNT_ID>:trail/stratus-red-team-ct-stop-trail-arzkiholin;cloudtrail_log_file_validation_enabled;False;stratus-red-team-ct-stop-trail-arzkiholin;SOC2;System and Organization Controls 2 (SOC2);
aws;System and Organization Controls (SOC), defined by the American Institute of Certified Public Accountants (AICPA), is the name of a set of reports that's produced during an audit. It's intended for use by service organizations (organizations that provide information systems as a service to other organizations) to issue validated reports of internal controls over those information systems to the users of those services. The reports focus on controls grouped into five categories known as Trust Service Principles.;<SANDBOX_ACCOUNT_ID>;ap-southeast-7;2026-08-29 00:18:02.370487;cc_a_1_1;Measures Current Usage - The use of the system components is measured to establish a baseline for capacity management and to use when evaluating the risk of impaired availability due to capacity constraints. Forecasts Capacity - The expected average and peak use of system components is forecasted and compared to system capacity and associated tolerances. Forecasting considers capacity in the event of the failure of system components that constrain capacity. Makes Changes Based on Forecasts - The system change management process is initiated when forecasted usage exceeds capacity tolerances.;CCA1.0 - Additional Criterial for Availability;;;aws;automated;MANUAL;Trail lz-org-trail is delivering logs to bucket lz-org-cloudtrail-logs-<LOG_ARCHIVE_ACCOUNT_ID> which is a cross-account bucket or out of Prowler's audit scope, please check it manually.;arn:aws:cloudtrail:ap-southeast-7:<MANAGEMENT_ACCOUNT_ID>:trail/lz-org-trail;cloudtrail_logs_s3_bucket_access_logging_enabled;False;lz-org-trail;SOC2;System and Organization Controls 2 (SOC2);
aws;System and Organization Controls (SOC), defined by the American Institute of Certified Public Accountants (AICPA), is the name of a set of reports that's produced during an audit. It's intended for use by service organizations (organizations that provide information systems as a service to other organizations) to issue validated reports of internal controls over those information systems to the users of those services. The reports focus on controls grouped into five categories known as Trust Service Principles.;<SANDBOX_ACCOUNT_ID>;ap-southeast-7;2026-08-29 00:18:02.370487;cc_a_1_1;Measures Current Usage - The use of the system components is measured to establish a baseline for capacity management and to use when evaluating the risk of impaired availability due to capacity constraints. Forecasts Capacity - The expected average and peak use of system components is forecasted and compared to system capacity and associated tolerances. Forecasting considers capacity in the event of the failure of system components that constrain capacity. Makes Changes Based on Forecasts - The system change management process is initiated when forecasted usage exceeds capacity tolerances.;CCA1.0 - Additional Criterial for Availability;;;aws;automated;FAIL;Multiregion Trail range-trail S3 bucket access logging is not enabled for bucket range-cloudtrail-<SANDBOX_ACCOUNT_ID>.;arn:aws:cloudtrail:ap-southeast-7:<SANDBOX_ACCOUNT_ID>:trail/range-trail;cloudtrail_logs_s3_bucket_access_logging_enabled;False;range-trail;SOC2;System and Organization Controls 2 (SOC2);
aws;System and Organization Controls (SOC), defined by the American Institute of Certified Public Accountants (AICPA), is the name of a set of reports that's produced during an audit. It's intended for use by service organizations (organizations that provide information systems as a service to other organizations) to issue validated reports of internal controls over those information systems to the users of those services. The reports focus on controls grouped into five categories known as Trust Service Principles.;<SANDBOX_ACCOUNT_ID>;ap-southeast-7;2026-08-29 00:18:02.370487;cc_a_1_1;Measures Current Usage - The use of the system components is measured to establish a baseline for capacity management and to use when evaluating the risk of impaired availability due to capacity constraints. Forecasts Capacity - The expected average and peak use of system components is forecasted and compared to system capacity and associated tolerances. Forecasting considers capacity in the event of the failure of system components that constrain capacity. Makes Changes Based on Forecasts - The system change management process is initiated when forecasted usage exceeds capacity tolerances.;CCA1.0 - Additional Criterial for Availability;;;aws;automated;FAIL;Single region Trail stratus-red-team-ct-stop-trail-arzkiholin S3 bucket access logging is not enabled for bucket stratus-red-team-ct-stop-bucket-arzkiholin.;arn:aws:cloudtrail:ap-southeast-7:<SANDBOX_ACCOUNT_ID>:trail/stratus-red-team-ct-stop-trail-arzkiholin;cloudtrail_logs_s3_bucket_access_logging_enabled;False;stratus-red-team-ct-stop-trail-arzkiholin;SOC2;System and Organization Controls 2 (SOC2);
aws;System and Organization Controls (SOC), defined by the American Institute of Certified Public Accountants (AICPA), is the name of a set of reports that's produced during an audit. It's intended for use by service organizations (organizations that provide information systems as a service to other organizations) to issue validated reports of internal controls over those information systems to the users of those services. The reports focus on controls grouped into five categories known as Trust Service Principles.;<SANDBOX_ACCOUNT_ID>;ap-southeast-7;2026-08-29 00:18:02.370487;cc_2_1;Identifies Information Requirements - A process is in place to identify the information required and expected to support the functioning of the other components of internal control and the achievement of the entity’s objectives. Captures Internal and External Sources of Data - Information systems capture internal and external sources of data. Processes Relevant Data Into Information - Information systems process and transform relevant data into information. Maintains Quality Throughout Processing - Information systems produce information that is timely, current, accurate, complete, accessible, protected, verifiable, and retained. Information is reviewed to assess its relevance in supporting the internal control components.;CC2.0 - Common Criteria Related to Communication and Information;;;aws;automated;PASS;Trail lz-org-trail is multiregion and it is logging.;arn:aws:cloudtrail:ap-southeast-7:<MANAGEMENT_ACCOUNT_ID>:trail/lz-org-trail;cloudtrail_multi_region_enabled;False;lz-org-trail;SOC2;System and Organization Controls 2 (SOC2);
aws;System and Organization Controls (SOC), defined by the American Institute of Certified Public Accountants (AICPA), is the name of a set of reports that's produced during an audit. It's intended for use by service organizations (organizations that provide information systems as a service to other organizations) to issue validated reports of internal controls over those information systems to the users of those services. The reports focus on controls grouped into five categories known as Trust Service Principles.;<SANDBOX_ACCOUNT_ID>;ap-southeast-7;2026-08-29 00:18:02.370487;cc_7_2;"Implements Detection Policies, Procedures, and Tools - Detection policies and procedures are defined and implemented, and detection tools are implemented on Infrastructure and software to identify anomalies in the operation or unusual activity on systems. Procedures may include (1) a defined governance process for security event detection and management that includes provision of resources; (2) use of intelligence sources to identify newly discovered threats and vulnerabilities; and (3) logging of unusual system activities. Designs Detection Measures - Detection measures are designed to identify anomalies that could result from actual or attempted (1) compromise of physical barriers; (2) unauthorized actions of authorized personnel; (3) use of compromised identification and authentication credentials; (4) unauthorized access from outside the system boundaries; (5) compromise of authorized external parties; and (6) implementation or connection of unauthorized hardware and software. Implements Filters to Analyze Anomalies - Management has implemented procedures to filter, summarize, and analyze anomalies to identify security events. Monitors Detection Tools for Effective Operation - Management has implemented processes to monitor the effectiveness of detection tools.";CC7.0 - System Operations;;;aws;automated;PASS;Trail lz-org-trail is multiregion and it is logging.;arn:aws:cloudtrail:ap-southeast-7:<MANAGEMENT_ACCOUNT_ID>:trail/lz-org-trail;cloudtrail_multi_region_enabled;False;lz-org-trail;SOC2;System and Organization Controls 2 (SOC2);
aws;System and Organization Controls (SOC), defined by the American Institute of Certified Public Accountants (AICPA), is the name of a set of reports that's produced during an audit. It's intended for use by service organizations (organizations that provide information systems as a service to other organizations) to issue validated reports of internal controls over those information systems to the users of those services. The reports focus on controls grouped into five categories known as Trust Service Principles.;<SANDBOX_ACCOUNT_ID>;ap-southeast-7;2026-08-29 00:18:02.370487;cc_a_1_1;Measures Current Usage - The use of the system components is measured to establish a baseline for capacity management and to use when evaluating the risk of impaired availability due to capacity constraints. Forecasts Capacity - The expected average and peak use of system components is forecasted and compared to system capacity and associated tolerances. Forecasting considers capacity in the event of the failure of system components that constrain capacity. Makes Changes Based on Forecasts - The system change management process is initiated when forecasted usage exceeds capacity tolerances.;CCA1.0 - Additional Criterial for Availability;;;aws;automated;PASS;Trail lz-org-trail is multiregion and it is logging.;arn:aws:cloudtrail:ap-southeast-7:<MANAGEMENT_ACCOUNT_ID>:trail/lz-org-trail;cloudtrail_multi_region_enabled;False;lz-org-trail;SOC2;System and Organization Controls 2 (SOC2);
aws;System and Organization Controls (SOC), defined by the American Institute of Certified Public Accountants (AICPA), is the name of a set of reports that's produced during an audit. It's intended for use by service organizations (organizations that provide information systems as a service to other organizations) to issue validated reports of internal controls over those information systems to the users of those services. The reports focus on controls grouped into five categories known as Trust Service Principles.;<SANDBOX_ACCOUNT_ID>;ap-southeast-7;2026-08-29 00:18:02.370487;pi_1_3;The entity implements controls to ensure data is processed completely, accurately, and timely. This includes defining processing specifications, identifying processing activities, detecting and correcting errors throughout processing, recording processing activities with accurate logs, and ensuring completeness and timeliness of processing.;PI1.0 - Processing Integrity;;;aws;automated;PASS;Trail lz-org-trail is multiregion and it is logging.;arn:aws:cloudtrail:ap-southeast-7:<MANAGEMENT_ACCOUNT_ID>:trail/lz-org-trail;cloudtrail_multi_region_enabled;False;lz-org-trail;SOC2;System and Organization Controls 2 (SOC2);
aws;System and Organization Controls (SOC), defined by the American Institute of Certified Public Accountants (AICPA), is the name of a set of reports that's produced during an audit. It's intended for use by service organizations (organizations that provide information systems as a service to other organizations) to issue validated reports of internal controls over those information systems to the users of those services. The reports focus on controls grouped into five categories known as Trust Service Principles.;<SANDBOX_ACCOUNT_ID>;ap-southeast-7;2026-08-29 00:18:02.370487;cc_2_1;Identifies Information Requirements - A process is in place to identify the information required and expected to support the functioning of the other components of internal control and the achievement of the entity’s objectives. Captures Internal and External Sources of Data - Information systems capture internal and external sources of data. Processes Relevant Data Into Information - Information systems process and transform relevant data into information. Maintains Quality Throughout Processing - Information systems produce information that is timely, current, accurate, complete, accessible, protected, verifiable, and retained. Information is reviewed to assess its relevance in supporting the internal control components.;CC2.0 - Common Criteria Related to Communication and Information;;;aws;automated;FAIL;No CloudTrail trails have a data event to record all S3 object-level API operations.;arn:aws:cloudtrail:ap-southeast-7:<SANDBOX_ACCOUNT_ID>:trail;cloudtrail_s3_dataevents_read_enabled;False;<SANDBOX_ACCOUNT_ID>;SOC2;System and Organization Controls 2 (SOC2);
aws;System and Organization Controls (SOC), defined by the American Institute of Certified Public Accountants (AICPA), is the name of a set of reports that's produced during an audit. It's intended for use by service organizations (organizations that provide information systems as a service to other organizations) to issue validated reports of internal controls over those information systems to the users of those services. The reports focus on controls grouped into five categories known as Trust Service Principles.;<SANDBOX_ACCOUNT_ID>;ap-southeast-7;2026-08-29 00:18:02.370487;cc_7_2;"Implements Detection Policies, Procedures, and Tools - Detection policies and procedures are defined and implemented, and detection tools are implemented on Infrastructure and software to identify anomalies in the operation or unusual activity on systems. Procedures may include (1) a defined governance process for security event detection and management that includes provision of resources; (2) use of intelligence sources to identify newly discovered threats and vulnerabilities; and (3) logging of unusual system activities. Designs Detection Measures - Detection measures are designed to identify anomalies that could result from actual or attempted (1) compromise of physical barriers; (2) unauthorized actions of authorized personnel; (3) use of compromised identification and authentication credentials; (4) unauthorized access from outside the system boundaries; (5) compromise of authorized external parties; and (6) implementation or connection of unauthorized hardware and software. Implements Filters to Analyze Anomalies - Management has implemented procedures to filter, summarize, and analyze anomalies to identify security events. Monitors Detection Tools for Effective Operation - Management has implemented processes to monitor the effectiveness of detection tools.";CC7.0 - System Operations;;;aws;automated;FAIL;No CloudTrail trails have a data event to record all S3 object-level API operations.;arn:aws:cloudtrail:ap-southeast-7:<SANDBOX_ACCOUNT_ID>:trail;cloudtrail_s3_dataevents_read_enabled;False;<SANDBOX_ACCOUNT_ID>;SOC2;System and Organization Controls 2 (SOC2);
aws;System and Organization Controls (SOC), defined by the American Institute of Certified Public Accountants (AICPA), is the name of a set of reports that's produced during an audit. It's intended for use by service organizations (organizations that provide information systems as a service to other organizations) to issue validated reports of internal controls over those information systems to the users of those services. The reports focus on controls grouped into five categories known as Trust Service Principles.;<SANDBOX_ACCOUNT_ID>;ap-southeast-7;2026-08-29 00:18:02.370487;cc_2_1;Identifies Information Requirements - A process is in place to identify the information required and expected to support the functioning of the other components of internal control and the achievement of the entity’s objectives. Captures Internal and External Sources of Data - Information systems capture internal and external sources of data. Processes Relevant Data Into Information - Information systems process and transform relevant data into information. Maintains Quality Throughout Processing - Information systems produce information that is timely, current, accurate, complete, accessible, protected, verifiable, and retained. Information is reviewed to assess its relevance in supporting the internal control components.;CC2.0 - Common Criteria Related to Communication and Information;;;aws;automated;FAIL;No CloudTrail trails have a data event to record all S3 object-level API operations.;arn:aws:cloudtrail:ap-southeast-7:<SANDBOX_ACCOUNT_ID>:trail;cloudtrail_s3_dataevents_write_enabled;False;<SANDBOX_ACCOUNT_ID>;SOC2;System and Organization Controls 2 (SOC2);
aws;System and Organization Controls (SOC), defined by the American Institute of Certified Public Accountants (AICPA), is the name of a set of reports that's produced during an audit. It's intended for use by service organizations (organizations that provide information systems as a service to other organizations) to issue validated reports of internal controls over those information systems to the users of those services. The reports focus on controls grouped into five categories known as Trust Service Principles.;<SANDBOX_ACCOUNT_ID>;ap-southeast-7;2026-08-29 00:18:02.370487;cc_7_2;"Implements Detection Policies, Procedures, and Tools - Detection policies and procedures are defined and implemented, and detection tools are implemented on Infrastructure and software to identify anomalies in the operation or unusual activity on systems. Procedures may include (1) a defined governance process for security event detection and management that includes provision of resources; (2) use of intelligence sources to identify newly discovered threats and vulnerabilities; and (3) logging of unusual system activities. Designs Detection Measures - Detection measures are designed to identify anomalies that could result from actual or attempted (1) compromise of physical barriers; (2) unauthorized actions of authorized personnel; (3) use of compromised identification and authentication credentials; (4) unauthorized access from outside the system boundaries; (5) compromise of authorized external parties; and (6) implementation or connection of unauthorized hardware and software. Implements Filters to Analyze Anomalies - Management has implemented procedures to filter, summarize, and analyze anomalies to identify security events. Monitors Detection Tools for Effective Operation - Management has implemented processes to monitor the effectiveness of detection tools.";CC7.0 - System Operations;;;aws;automated;FAIL;No CloudTrail trails have a data event to record all S3 object-level API operations.;arn:aws:cloudtrail:ap-southeast-7:<SANDBOX_ACCOUNT_ID>:trail;cloudtrail_s3_dataevents_write_enabled;False;<SANDBOX_ACCOUNT_ID>;SOC2;System and Organization Controls 2 (SOC2);
aws;System and Organization Controls (SOC), defined by the American Institute of Certified Public Accountants (AICPA), is the name of a set of reports that's produced during an audit. It's intended for use by service organizations (organizations that provide information systems as a service to other organizations) to issue validated reports of internal controls over those information systems to the users of those services. The reports focus on controls grouped into five categories known as Trust Service Principles.;<SANDBOX_ACCOUNT_ID>;ap-southeast-7;2026-08-29 00:18:02.370487;pi_1_2;The entity implements policies and procedures over system inputs, including controls over completeness and accuracy, to result in products, services, and reporting to meet the entity's objectives. This includes defining accuracy targets, monitoring input quality, and creating detailed records of each input event.;PI1.0 - Processing Integrity;;;aws;automated;FAIL;No CloudTrail trails have a data event to record all S3 object-level API operations.;arn:aws:cloudtrail:ap-southeast-7:<SANDBOX_ACCOUNT_ID>:trail;cloudtrail_s3_dataevents_write_enabled;False;<SANDBOX_ACCOUNT_ID>;SOC2;System and Organization Controls 2 (SOC2);
aws;System and Organization Controls (SOC), defined by the American Institute of Certified Public Accountants (AICPA), is the name of a set of reports that's produced during an audit. It's intended for use by service organizations (organizations that provide information systems as a service to other organizations) to issue validated reports of internal controls over those information systems to the users of those services. The reports focus on controls grouped into five categories known as Trust Service Principles.;<SANDBOX_ACCOUNT_ID>;ap-southeast-7;2026-08-29 00:18:02.370487;cc_5_2;Determines Dependency Between the Use of Technology in Business Processes and Technology General Controls - Management understands and determines the dependency and linkage between business processes, automated control activities, and technology general controls. Establishes Relevant Technology Infrastructure Control Activities - Management selects and develops control activities over the technology infrastructure, which are designed and implemented to help ensure the completeness, accuracy, and availability of technology processing. Establishes Relevant Security Management Process Controls Activities - Management selects and develops control activities that are designed and implemented to restrict technology access rights to authorized users commensurate with their job responsibilities and to protect the entity’s assets from external threats. Establishes Relevant Technology Acquisition, Development, and Maintenance Process Control Activities - Management selects and develops control activities over the acquisition, development, and maintenance of technology and its infrastructure to achieve management’s objectives.;CC5.0 - Control Activities;;;cloudwatch;automated;FAIL;No CloudWatch log groups found with metric filters or alarms associated.;arn:aws:logs:ap-southeast-7:<SANDBOX_ACCOUNT_ID>:log-group;cloudwatch_changes_to_network_acls_alarm_configured;False;<SANDBOX_ACCOUNT_ID>;SOC2;System and Organization Controls 2 (SOC2);
aws;System and Organization Controls (SOC), defined by the American Institute of Certified Public Accountants (AICPA), is the name of a set of reports that's produced during an audit. It's intended for use by service organizations (organizations that provide information systems as a service to other organizations) to issue validated reports of internal controls over those information systems to the users of those services. The reports focus on controls grouped into five categories known as Trust Service Principles.;<SANDBOX_ACCOUNT_ID>;ap-southeast-7;2026-08-29 00:18:02.370487;cc_7_2;"Implements Detection Policies, Procedures, and Tools - Detection policies and procedures are defined and implemented, and detection tools are implemented on Infrastructure and software to identify anomalies in the operation or unusual activity on systems. Procedures may include (1) a defined governance process for security event detection and management that includes provision of resources; (2) use of intelligence sources to identify newly discovered threats and vulnerabilities; and (3) logging of unusual system activities. Designs Detection Measures - Detection measures are designed to identify anomalies that could result from actual or attempted (1) compromise of physical barriers; (2) unauthorized actions of authorized personnel; (3) use of compromised identification and authentication credentials; (4) unauthorized access from outside the system boundaries; (5) compromise of authorized external parties; and (6) implementation or connection of unauthorized hardware and software. Implements Filters to Analyze Anomalies - Management has implemented procedures to filter, summarize, and analyze anomalies to identify security events. Monitors Detection Tools for Effective Operation - Management has implemented processes to monitor the effectiveness of detection tools.";CC7.0 - System Operations;;;aws;automated;FAIL;No CloudWatch log groups found with metric filters or alarms associated.;arn:aws:logs:ap-southeast-7:<SANDBOX_ACCOUNT_ID>:log-group;cloudwatch_changes_to_network_acls_alarm_configured;False;<SANDBOX_ACCOUNT_ID>;SOC2;System and Organization Controls 2 (SOC2);
aws;System and Organization Controls (SOC), defined by the American Institute of Certified Public Accountants (AICPA), is the name of a set of reports that's produced during an audit. It's intended for use by service organizations (organizations that provide information systems as a service to other organizations) to issue validated reports of internal controls over those information systems to the users of those services. The reports focus on controls grouped into five categories known as Trust Service Principles.;<SANDBOX_ACCOUNT_ID>;ap-southeast-7;2026-08-29 00:18:02.370487;cc_7_3;Responds to Security Incidents - Procedures are in place for responding to security incidents and evaluating the effectiveness of those policies and procedures on a periodic basis. Communicates and Reviews Detected Security Events - Detected security events are communicated to and reviewed by the individuals responsible for the management of the security program and actions are taken, if necessary. Develops and Implements Procedures to Analyze Security Incidents - Procedures are in place to analyze security incidents and determine system impact. Assesses the Impact on Personal Information - Detected security events are evaluated to determine whether they could or did result in the unauthorized disclosure or use of personal information and whether there has been a failure to comply with applicable laws or regulations. Determines Personal Information Used or Disclosed - When an unauthorized use or disclosure of personal information has occurred, the affected information is identified.;CC7.0 - System Operations;;;aws;automated;FAIL;No CloudWatch log groups found with metric filters or alarms associated.;arn:aws:logs:ap-southeast-7:<SANDBOX_ACCOUNT_ID>:log-group;cloudwatch_changes_to_network_acls_alarm_configured;False;<SANDBOX_ACCOUNT_ID>;SOC2;System and Organization Controls 2 (SOC2);
aws;System and Organization Controls (SOC), defined by the American Institute of Certified Public Accountants (AICPA), is the name of a set of reports that's produced during an audit. It's intended for use by service organizations (organizations that provide information systems as a service to other organizations) to issue validated reports of internal controls over those information systems to the users of those services. The reports focus on controls grouped into five categories known as Trust Service Principles.;<SANDBOX_ACCOUNT_ID>;ap-southeast-7;2026-08-29 00:18:02.370487;cc_7_4;Assigns Roles and Responsibilities - Roles and responsibilities for the design, implementation, maintenance, and execution of the incident response program are assigned, including the use of external resources when necessary. Contains Security Incidents - Procedures are in place to contain security incidents that actively threaten entity objectives. Mitigates Ongoing Security Incidents - Procedures are in place to mitigate the effects of ongoing security incidents. Ends Threats Posed by Security Incidents - Procedures are in place to end the threats posed by security incidents through closure of the vulnerability, removal of unauthorized access, and other remediation actions. Restores Operations - Procedures are in place to restore data and business operations to an interim state that permits the achievement of entity objectives. Develops and Implements Communication Protocols for Security Incidents - Protocols for communicating security incidents and actions taken to affected parties are developed and implemented to meet the entity's objectives. Obtains Understanding of Nature of Incident and Determines Containment Strategy - An understanding of the nature (for example, the method by which the incident occurred and the affected system resources) and severity of the security incident is obtained to determine the appropriate containment strategy, including (1) a determination of the appropriate response time frame, and (2) the determination and execution of the containment approach. Remediates Identified Vulnerabilities - Identified vulnerabilities are remediated through the development and execution of remediation activities. Communicates Remediation Activities - Remediation activities are documented and communicated in accordance with the incident response program. Evaluates the Effectiveness of Incident Response - The design of incident response activities is evaluated for effectiveness on a periodic basis. Periodically Evaluates Incidents - Periodically, management reviews incidents related to security, availability, processing integrity, confidentiality, and privacy and identifies the need for system changes based on incident patterns and root causes. Communicates Unauthorized Use and Disclosure - Events that resulted in unauthorized use or disclosure of personal information are communicated to the data subjects, legal and regulatory authorities, and others as required. Application of Sanctions - The conduct of individuals and organizations operating under the authority of the entity and involved in the unauthorized use or disclosure of personal information is evaluated and, if appropriate, sanctioned in accordance with entity policies and legal and regulatory requirements.;CC7.0 - System Operations;;;aws;automated;FAIL;No CloudWatch log groups found with metric filters or alarms associated.;arn:aws:logs:ap-southeast-7:<SANDBOX_ACCOUNT_ID>:log-group;cloudwatch_changes_to_network_acls_alarm_configured;False;<SANDBOX_ACCOUNT_ID>;SOC2;System and Organization Controls 2 (SOC2);
aws;System and Organization Controls (SOC), defined by the American Institute of Certified Public Accountants (AICPA), is the name of a set of reports that's produced during an audit. It's intended for use by service organizations (organizations that provide information systems as a service to other organizations) to issue validated reports of internal controls over those information systems to the users of those services. The reports focus on controls grouped into five categories known as Trust Service Principles.;<SANDBOX_ACCOUNT_ID>;ap-southeast-7;2026-08-29 00:18:02.370487;cc_5_2;Determines Dependency Between the Use of Technology in Business Processes and Technology General Controls - Management understands and determines the dependency and linkage between business processes, automated control activities, and technology general controls. Establishes Relevant Technology Infrastructure Control Activities - Management selects and develops control activities over the technology infrastructure, which are designed and implemented to help ensure the completeness, accuracy, and availability of technology processing. Establishes Relevant Security Management Process Controls Activities - Management selects and develops control activities that are designed and implemented to restrict technology access rights to authorized users commensurate with their job responsibilities and to protect the entity’s assets from external threats. Establishes Relevant Technology Acquisition, Development, and Maintenance Process Control Activities - Management selects and develops control activities over the acquisition, development, and maintenance of technology and its infrastructure to achieve management’s objectives.;CC5.0 - Control Activities;;;cloudwatch;automated;FAIL;No CloudWatch log groups found with metric filters or alarms associated.;arn:aws:logs:ap-southeast-7:<SANDBOX_ACCOUNT_ID>:log-group;cloudwatch_changes_to_network_gateways_alarm_configured;False;<SANDBOX_ACCOUNT_ID>;SOC2;System and Organization Controls 2 (SOC2);
aws;System and Organization Controls (SOC), defined by the American Institute of Certified Public Accountants (AICPA), is the name of a set of reports that's produced during an audit. It's intended for use by service organizations (organizations that provide information systems as a service to other organizations) to issue validated reports of internal controls over those information systems to the users of those services. The reports focus on controls grouped into five categories known as Trust Service Principles.;<SANDBOX_ACCOUNT_ID>;ap-southeast-7;2026-08-29 00:18:02.370487;cc_7_2;"Implements Detection Policies, Procedures, and Tools - Detection policies and procedures are defined and implemented, and detection tools are implemented on Infrastructure and software to identify anomalies in the operation or unusual activity on systems. Procedures may include (1) a defined governance process for security event detection and management that includes provision of resources; (2) use of intelligence sources to identify newly discovered threats and vulnerabilities; and (3) logging of unusual system activities. Designs Detection Measures - Detection measures are designed to identify anomalies that could result from actual or attempted (1) compromise of physical barriers; (2) unauthorized actions of authorized personnel; (3) use of compromised identification and authentication credentials; (4) unauthorized access from outside the system boundaries; (5) compromise of authorized external parties; and (6) implementation or connection of unauthorized hardware and software. Implements Filters to Analyze Anomalies - Management has implemented procedures to filter, summarize, and analyze anomalies to identify security events. Monitors Detection Tools for Effective Operation - Management has implemented processes to monitor the effectiveness of detection tools.";CC7.0 - System Operations;;;aws;automated;FAIL;No CloudWatch log groups found with metric filters or alarms associated.;arn:aws:logs:ap-southeast-7:<SANDBOX_ACCOUNT_ID>:log-group;cloudwatch_changes_to_network_gateways_alarm_configured;False;<SANDBOX_ACCOUNT_ID>;SOC2;System and Organization Controls 2 (SOC2);
aws;System and Organization Controls (SOC), defined by the American Institute of Certified Public Accountants (AICPA), is the name of a set of reports that's produced during an audit. It's intended for use by service organizations (organizations that provide information systems as a service to other organizations) to issue validated reports of internal controls over those information systems to the users of those services. The reports focus on controls grouped into five categories known as Trust Service Principles.;<SANDBOX_ACCOUNT_ID>;ap-southeast-7;2026-08-29 00:18:02.370487;cc_7_3;Responds to Security Incidents - Procedures are in place for responding to security incidents and evaluating the effectiveness of those policies and procedures on a periodic basis. Communicates and Reviews Detected Security Events - Detected security events are communicated to and reviewed by the individuals responsible for the management of the security program and actions are taken, if necessary. Develops and Implements Procedures to Analyze Security Incidents - Procedures are in place to analyze security incidents and determine system impact. Assesses the Impact on Personal Information - Detected security events are evaluated to determine whether they could or did result in the unauthorized disclosure or use of personal information and whether there has been a failure to comply with applicable laws or regulations. Determines Personal Information Used or Disclosed - When an unauthorized use or disclosure of personal information has occurred, the affected information is identified.;CC7.0 - System Operations;;;aws;automated;FAIL;No CloudWatch log groups found with metric filters or alarms associated.;arn:aws:logs:ap-southeast-7:<SANDBOX_ACCOUNT_ID>:log-group;cloudwatch_changes_to_network_gateways_alarm_configured;False;<SANDBOX_ACCOUNT_ID>;SOC2;System and Organization Controls 2 (SOC2);
aws;System and Organization Controls (SOC), defined by the American Institute of Certified Public Accountants (AICPA), is the name of a set of reports that's produced during an audit. It's intended for use by service organizations (organizations that provide information systems as a service to other organizations) to issue validated reports of internal controls over those information systems to the users of those services. The reports focus on controls grouped into five categories known as Trust Service Principles.;<SANDBOX_ACCOUNT_ID>;ap-southeast-7;2026-08-29 00:18:02.370487;cc_7_4;Assigns Roles and Responsibilities - Roles and responsibilities for the design, implementation, maintenance, and execution of the incident response program are assigned, including the use of external resources when necessary. Contains Security Incidents - Procedures are in place to contain security incidents that actively threaten entity objectives. Mitigates Ongoing Security Incidents - Procedures are in place to mitigate the effects of ongoing security incidents. Ends Threats Posed by Security Incidents - Procedures are in place to end the threats posed by security incidents through closure of the vulnerability, removal of unauthorized access, and other remediation actions. Restores Operations - Procedures are in place to restore data and business operations to an interim state that permits the achievement of entity objectives. Develops and Implements Communication Protocols for Security Incidents - Protocols for communicating security incidents and actions taken to affected parties are developed and implemented to meet the entity's objectives. Obtains Understanding of Nature of Incident and Determines Containment Strategy - An understanding of the nature (for example, the method by which the incident occurred and the affected system resources) and severity of the security incident is obtained to determine the appropriate containment strategy, including (1) a determination of the appropriate response time frame, and (2) the determination and execution of the containment approach. Remediates Identified Vulnerabilities - Identified vulnerabilities are remediated through the development and execution of remediation activities. Communicates Remediation Activities - Remediation activities are documented and communicated in accordance with the incident response program. Evaluates the Effectiveness of Incident Response - The design of incident response activities is evaluated for effectiveness on a periodic basis. Periodically Evaluates Incidents - Periodically, management reviews incidents related to security, availability, processing integrity, confidentiality, and privacy and identifies the need for system changes based on incident patterns and root causes. Communicates Unauthorized Use and Disclosure - Events that resulted in unauthorized use or disclosure of personal information are communicated to the data subjects, legal and regulatory authorities, and others as required. Application of Sanctions - The conduct of individuals and organizations operating under the authority of the entity and involved in the unauthorized use or disclosure of personal information is evaluated and, if appropriate, sanctioned in accordance with entity policies and legal and regulatory requirements.;CC7.0 - System Operations;;;aws;automated;FAIL;No CloudWatch log groups found with metric filters or alarms associated.;arn:aws:logs:ap-southeast-7:<SANDBOX_ACCOUNT_ID>:log-group;cloudwatch_changes_to_network_gateways_alarm_configured;False;<SANDBOX_ACCOUNT_ID>;SOC2;System and Organization Controls 2 (SOC2);
aws;System and Organization Controls (SOC), defined by the American Institute of Certified Public Accountants (AICPA), is the name of a set of reports that's produced during an audit. It's intended for use by service organizations (organizations that provide information systems as a service to other organizations) to issue validated reports of internal controls over those information systems to the users of those services. The reports focus on controls grouped into five categories known as Trust Service Principles.;<SANDBOX_ACCOUNT_ID>;ap-southeast-7;2026-08-29 00:18:02.370487;cc_5_2;Determines Dependency Between the Use of Technology in Business Processes and Technology General Controls - Management understands and determines the dependency and linkage between business processes, automated control activities, and technology general controls. Establishes Relevant Technology Infrastructure Control Activities - Management selects and develops control activities over the technology infrastructure, which are designed and implemented to help ensure the completeness, accuracy, and availability of technology processing. Establishes Relevant Security Management Process Controls Activities - Management selects and develops control activities that are designed and implemented to restrict technology access rights to authorized users commensurate with their job responsibilities and to protect the entity’s assets from external threats. Establishes Relevant Technology Acquisition, Development, and Maintenance Process Control Activities - Management selects and develops control activities over the acquisition, development, and maintenance of technology and its infrastructure to achieve management’s objectives.;CC5.0 - Control Activities;;;cloudwatch;automated;FAIL;No CloudWatch log groups found with metric filters or alarms associated.;arn:aws:logs:ap-southeast-7:<SANDBOX_ACCOUNT_ID>:log-group;cloudwatch_changes_to_network_route_tables_alarm_configured;False;<SANDBOX_ACCOUNT_ID>;SOC2;System and Organization Controls 2 (SOC2);
aws;System and Organization Controls (SOC), defined by the American Institute of Certified Public Accountants (AICPA), is the name of a set of reports that's produced during an audit. It's intended for use by service organizations (organizations that provide information systems as a service to other organizations) to issue validated reports of internal controls over those information systems to the users of those services. The reports focus on controls grouped into five categories known as Trust Service Principles.;<SANDBOX_ACCOUNT_ID>;ap-southeast-7;2026-08-29 00:18:02.370487;cc_7_2;"Implements Detection Policies, Procedures, and Tools - Detection policies and procedures are defined and implemented, and detection tools are implemented on Infrastructure and software to identify anomalies in the operation or unusual activity on systems. Procedures may include (1) a defined governance process for security event detection and management that includes provision of resources; (2) use of intelligence sources to identify newly discovered threats and vulnerabilities; and (3) logging of unusual system activities. Designs Detection Measures - Detection measures are designed to identify anomalies that could result from actual or attempted (1) compromise of physical barriers; (2) unauthorized actions of authorized personnel; (3) use of compromised identification and authentication credentials; (4) unauthorized access from outside the system boundaries; (5) compromise of authorized external parties; and (6) implementation or connection of unauthorized hardware and software. Implements Filters to Analyze Anomalies - Management has implemented procedures to filter, summarize, and analyze anomalies to identify security events. Monitors Detection Tools for Effective Operation - Management has implemented processes to monitor the effectiveness of detection tools.";CC7.0 - System Operations;;;aws;automated;FAIL;No CloudWatch log groups found with metric filters or alarms associated.;arn:aws:logs:ap-southeast-7:<SANDBOX_ACCOUNT_ID>:log-group;cloudwatch_changes_to_network_route_tables_alarm_configured;False;<SANDBOX_ACCOUNT_ID>;SOC2;System and Organization Controls 2 (SOC2);
aws;System and Organization Controls (SOC), defined by the American Institute of Certified Public Accountants (AICPA), is the name of a set of reports that's produced during an audit. It's intended for use by service organizations (organizations that provide information systems as a service to other organizations) to issue validated reports of internal controls over those information systems to the users of those services. The reports focus on controls grouped into five categories known as Trust Service Principles.;<SANDBOX_ACCOUNT_ID>;ap-southeast-7;2026-08-29 00:18:02.370487;cc_7_3;Responds to Security Incidents - Procedures are in place for responding to security incidents and evaluating the effectiveness of those policies and procedures on a periodic basis. Communicates and Reviews Detected Security Events - Detected security events are communicated to and reviewed by the individuals responsible for the management of the security program and actions are taken, if necessary. Develops and Implements Procedures to Analyze Security Incidents - Procedures are in place to analyze security incidents and determine system impact. Assesses the Impact on Personal Information - Detected security events are evaluated to determine whether they could or did result in the unauthorized disclosure or use of personal information and whether there has been a failure to comply with applicable laws or regulations. Determines Personal Information Used or Disclosed - When an unauthorized use or disclosure of personal information has occurred, the affected information is identified.;CC7.0 - System Operations;;;aws;automated;FAIL;No CloudWatch log groups found with metric filters or alarms associated.;arn:aws:logs:ap-southeast-7:<SANDBOX_ACCOUNT_ID>:log-group;cloudwatch_changes_to_network_route_tables_alarm_configured;False;<SANDBOX_ACCOUNT_ID>;SOC2;System and Organization Controls 2 (SOC2);
aws;System and Organization Controls (SOC), defined by the American Institute of Certified Public Accountants (AICPA), is the name of a set of reports that's produced during an audit. It's intended for use by service organizations (organizations that provide information systems as a service to other organizations) to issue validated reports of internal controls over those information systems to the users of those services. The reports focus on controls grouped into five categories known as Trust Service Principles.;<SANDBOX_ACCOUNT_ID>;ap-southeast-7;2026-08-29 00:18:02.370487;cc_7_4;Assigns Roles and Responsibilities - Roles and responsibilities for the design, implementation, maintenance, and execution of the incident response program are assigned, including the use of external resources when necessary. Contains Security Incidents - Procedures are in place to contain security incidents that actively threaten entity objectives. Mitigates Ongoing Security Incidents - Procedures are in place to mitigate the effects of ongoing security incidents. Ends Threats Posed by Security Incidents - Procedures are in place to end the threats posed by security incidents through closure of the vulnerability, removal of unauthorized access, and other remediation actions. Restores Operations - Procedures are in place to restore data and business operations to an interim state that permits the achievement of entity objectives. Develops and Implements Communication Protocols for Security Incidents - Protocols for communicating security incidents and actions taken to affected parties are developed and implemented to meet the entity's objectives. Obtains Understanding of Nature of Incident and Determines Containment Strategy - An understanding of the nature (for example, the method by which the incident occurred and the affected system resources) and severity of the security incident is obtained to determine the appropriate containment strategy, including (1) a determination of the appropriate response time frame, and (2) the determination and execution of the containment approach. Remediates Identified Vulnerabilities - Identified vulnerabilities are remediated through the development and execution of remediation activities. Communicates Remediation Activities - Remediation activities are documented and communicated in accordance with the incident response program. Evaluates the Effectiveness of Incident Response - The design of incident response activities is evaluated for effectiveness on a periodic basis. Periodically Evaluates Incidents - Periodically, management reviews incidents related to security, availability, processing integrity, confidentiality, and privacy and identifies the need for system changes based on incident patterns and root causes. Communicates Unauthorized Use and Disclosure - Events that resulted in unauthorized use or disclosure of personal information are communicated to the data subjects, legal and regulatory authorities, and others as required. Application of Sanctions - The conduct of individuals and organizations operating under the authority of the entity and involved in the unauthorized use or disclosure of personal information is evaluated and, if appropriate, sanctioned in accordance with entity policies and legal and regulatory requirements.;CC7.0 - System Operations;;;aws;automated;FAIL;No CloudWatch log groups found with metric filters or alarms associated.;arn:aws:logs:ap-southeast-7:<SANDBOX_ACCOUNT_ID>:log-group;cloudwatch_changes_to_network_route_tables_alarm_configured;False;<SANDBOX_ACCOUNT_ID>;SOC2;System and Organization Controls 2 (SOC2);
aws;System and Organization Controls (SOC), defined by the American Institute of Certified Public Accountants (AICPA), is the name of a set of reports that's produced during an audit. It's intended for use by service organizations (organizations that provide information systems as a service to other organizations) to issue validated reports of internal controls over those information systems to the users of those services. The reports focus on controls grouped into five categories known as Trust Service Principles.;<SANDBOX_ACCOUNT_ID>;ap-southeast-7;2026-08-29 00:18:02.370487;cc_5_2;Determines Dependency Between the Use of Technology in Business Processes and Technology General Controls - Management understands and determines the dependency and linkage between business processes, automated control activities, and technology general controls. Establishes Relevant Technology Infrastructure Control Activities - Management selects and develops control activities over the technology infrastructure, which are designed and implemented to help ensure the completeness, accuracy, and availability of technology processing. Establishes Relevant Security Management Process Controls Activities - Management selects and develops control activities that are designed and implemented to restrict technology access rights to authorized users commensurate with their job responsibilities and to protect the entity’s assets from external threats. Establishes Relevant Technology Acquisition, Development, and Maintenance Process Control Activities - Management selects and develops control activities over the acquisition, development, and maintenance of technology and its infrastructure to achieve management’s objectives.;CC5.0 - Control Activities;;;cloudwatch;automated;FAIL;No CloudWatch log groups found with metric filters or alarms associated.;arn:aws:logs:ap-southeast-7:<SANDBOX_ACCOUNT_ID>:log-group;cloudwatch_changes_to_vpcs_alarm_configured;False;<SANDBOX_ACCOUNT_ID>;SOC2;System and Organization Controls 2 (SOC2);
aws;System and Organization Controls (SOC), defined by the American Institute of Certified Public Accountants (AICPA), is the name of a set of reports that's produced during an audit. It's intended for use by service organizations (organizations that provide information systems as a service to other organizations) to issue validated reports of internal controls over those information systems to the users of those services. The reports focus on controls grouped into five categories known as Trust Service Principles.;<SANDBOX_ACCOUNT_ID>;ap-southeast-7;2026-08-29 00:18:02.370487;cc_7_2;"Implements Detection Policies, Procedures, and Tools - Detection policies and procedures are defined and implemented, and detection tools are implemented on Infrastructure and software to identify anomalies in the operation or unusual activity on systems. Procedures may include (1) a defined governance process for security event detection and management that includes provision of resources; (2) use of intelligence sources to identify newly discovered threats and vulnerabilities; and (3) logging of unusual system activities. Designs Detection Measures - Detection measures are designed to identify anomalies that could result from actual or attempted (1) compromise of physical barriers; (2) unauthorized actions of authorized personnel; (3) use of compromised identification and authentication credentials; (4) unauthorized access from outside the system boundaries; (5) compromise of authorized external parties; and (6) implementation or connection of unauthorized hardware and software. Implements Filters to Analyze Anomalies - Management has implemented procedures to filter, summarize, and analyze anomalies to identify security events. Monitors Detection Tools for Effective Operation - Management has implemented processes to monitor the effectiveness of detection tools.";CC7.0 - System Operations;;;aws;automated;FAIL;No CloudWatch log groups found with metric filters or alarms associated.;arn:aws:logs:ap-southeast-7:<SANDBOX_ACCOUNT_ID>:log-group;cloudwatch_changes_to_vpcs_alarm_configured;False;<SANDBOX_ACCOUNT_ID>;SOC2;System and Organization Controls 2 (SOC2);
aws;System and Organization Controls (SOC), defined by the American Institute of Certified Public Accountants (AICPA), is the name of a set of reports that's produced during an audit. It's intended for use by service organizations (organizations that provide information systems as a service to other organizations) to issue validated reports of internal controls over those information systems to the users of those services. The reports focus on controls grouped into five categories known as Trust Service Principles.;<SANDBOX_ACCOUNT_ID>;ap-southeast-7;2026-08-29 00:18:02.370487;cc_7_3;Responds to Security Incidents - Procedures are in place for responding to security incidents and evaluating the effectiveness of those policies and procedures on a periodic basis. Communicates and Reviews Detected Security Events - Detected security events are communicated to and reviewed by the individuals responsible for the management of the security program and actions are taken, if necessary. Develops and Implements Procedures to Analyze Security Incidents - Procedures are in place to analyze security incidents and determine system impact. Assesses the Impact on Personal Information - Detected security events are evaluated to determine whether they could or did result in the unauthorized disclosure or use of personal information and whether there has been a failure to comply with applicable laws or regulations. Determines Personal Information Used or Disclosed - When an unauthorized use or disclosure of personal information has occurred, the affected information is identified.;CC7.0 - System Operations;;;aws;automated;FAIL;No CloudWatch log groups found with metric filters or alarms associated.;arn:aws:logs:ap-southeast-7:<SANDBOX_ACCOUNT_ID>:log-group;cloudwatch_changes_to_vpcs_alarm_configured;False;<SANDBOX_ACCOUNT_ID>;SOC2;System and Organization Controls 2 (SOC2);
aws;System and Organization Controls (SOC), defined by the American Institute of Certified Public Accountants (AICPA), is the name of a set of reports that's produced during an audit. It's intended for use by service organizations (organizations that provide information systems as a service to other organizations) to issue validated reports of internal controls over those information systems to the users of those services. The reports focus on controls grouped into five categories known as Trust Service Principles.;<SANDBOX_ACCOUNT_ID>;ap-southeast-7;2026-08-29 00:18:02.370487;cc_7_4;Assigns Roles and Responsibilities - Roles and responsibilities for the design, implementation, maintenance, and execution of the incident response program are assigned, including the use of external resources when necessary. Contains Security Incidents - Procedures are in place to contain security incidents that actively threaten entity objectives. Mitigates Ongoing Security Incidents - Procedures are in place to mitigate the effects of ongoing security incidents. Ends Threats Posed by Security Incidents - Procedures are in place to end the threats posed by security incidents through closure of the vulnerability, removal of unauthorized access, and other remediation actions. Restores Operations - Procedures are in place to restore data and business operations to an interim state that permits the achievement of entity objectives. Develops and Implements Communication Protocols for Security Incidents - Protocols for communicating security incidents and actions taken to affected parties are developed and implemented to meet the entity's objectives. Obtains Understanding of Nature of Incident and Determines Containment Strategy - An understanding of the nature (for example, the method by which the incident occurred and the affected system resources) and severity of the security incident is obtained to determine the appropriate containment strategy, including (1) a determination of the appropriate response time frame, and (2) the determination and execution of the containment approach. Remediates Identified Vulnerabilities - Identified vulnerabilities are remediated through the development and execution of remediation activities. Communicates Remediation Activities - Remediation activities are documented and communicated in accordance with the incident response program. Evaluates the Effectiveness of Incident Response - The design of incident response activities is evaluated for effectiveness on a periodic basis. Periodically Evaluates Incidents - Periodically, management reviews incidents related to security, availability, processing integrity, confidentiality, and privacy and identifies the need for system changes based on incident patterns and root causes. Communicates Unauthorized Use and Disclosure - Events that resulted in unauthorized use or disclosure of personal information are communicated to the data subjects, legal and regulatory authorities, and others as required. Application of Sanctions - The conduct of individuals and organizations operating under the authority of the entity and involved in the unauthorized use or disclosure of personal information is evaluated and, if appropriate, sanctioned in accordance with entity policies and legal and regulatory requirements.;CC7.0 - System Operations;;;aws;automated;FAIL;No CloudWatch log groups found with metric filters or alarms associated.;arn:aws:logs:ap-southeast-7:<SANDBOX_ACCOUNT_ID>:log-group;cloudwatch_changes_to_vpcs_alarm_configured;False;<SANDBOX_ACCOUNT_ID>;SOC2;System and Organization Controls 2 (SOC2);
aws;System and Organization Controls (SOC), defined by the American Institute of Certified Public Accountants (AICPA), is the name of a set of reports that's produced during an audit. It's intended for use by service organizations (organizations that provide information systems as a service to other organizations) to issue validated reports of internal controls over those information systems to the users of those services. The reports focus on controls grouped into five categories known as Trust Service Principles.;<SANDBOX_ACCOUNT_ID>;ap-southeast-7;2026-08-29 00:18:02.370487;pi_1_4;The entity implements controls to ensure system outputs are delivered to authorized recipients in the correct format and protected against unauthorized access, modification, theft, destruction, or corruption. This includes output encryption, access controls, and audit trails for output delivery.;PI1.0 - Processing Integrity;;;aws;automated;PASS;CloudWatch doesn't allow cross-account sharing.;arn:aws:iam:ap-southeast-7:<SANDBOX_ACCOUNT_ID>:role;cloudwatch_cross_account_sharing_disabled;False;<SANDBOX_ACCOUNT_ID>;SOC2;System and Organization Controls 2 (SOC2);
aws;System and Organization Controls (SOC), defined by the American Institute of Certified Public Accountants (AICPA), is the name of a set of reports that's produced during an audit. It's intended for use by service organizations (organizations that provide information systems as a service to other organizations) to issue validated reports of internal controls over those information systems to the users of those services. The reports focus on controls grouped into five categories known as Trust Service Principles.;<SANDBOX_ACCOUNT_ID>;ap-southeast-7;2026-08-29 00:18:02.370487;cc_7_3;Responds to Security Incidents - Procedures are in place for responding to security incidents and evaluating the effectiveness of those policies and procedures on a periodic basis. Communicates and Reviews Detected Security Events - Detected security events are communicated to and reviewed by the individuals responsible for the management of the security program and actions are taken, if necessary. Develops and Implements Procedures to Analyze Security Incidents - Procedures are in place to analyze security incidents and determine system impact. Assesses the Impact on Personal Information - Detected security events are evaluated to determine whether they could or did result in the unauthorized disclosure or use of personal information and whether there has been a failure to comply with applicable laws or regulations. Determines Personal Information Used or Disclosed - When an unauthorized use or disclosure of personal information has occurred, the affected information is identified.;CC7.0 - System Operations;;;aws;automated;FAIL;Log Group /aws/lambda/range-responder does not have AWS KMS keys associated.;arn:aws:logs:ap-southeast-7:<SANDBOX_ACCOUNT_ID>:log-group:/aws/lambda/range-responder:*;cloudwatch_log_group_kms_encryption_enabled;False;/aws/lambda/range-responder;SOC2;System and Organization Controls 2 (SOC2);
aws;System and Organization Controls (SOC), defined by the American Institute of Certified Public Accountants (AICPA), is the name of a set of reports that's produced during an audit. It's intended for use by service organizations (organizations that provide information systems as a service to other organizations) to issue validated reports of internal controls over those information systems to the users of those services. The reports focus on controls grouped into five categories known as Trust Service Principles.;<SANDBOX_ACCOUNT_ID>;ap-southeast-7;2026-08-29 00:18:02.370487;pi_1_4;The entity implements controls to ensure system outputs are delivered to authorized recipients in the correct format and protected against unauthorized access, modification, theft, destruction, or corruption. This includes output encryption, access controls, and audit trails for output delivery.;PI1.0 - Processing Integrity;;;aws;automated;FAIL;Log Group /aws/lambda/range-responder does not have AWS KMS keys associated.;arn:aws:logs:ap-southeast-7:<SANDBOX_ACCOUNT_ID>:log-group:/aws/lambda/range-responder:*;cloudwatch_log_group_kms_encryption_enabled;False;/aws/lambda/range-responder;SOC2;System and Organization Controls 2 (SOC2);
aws;System and Organization Controls (SOC), defined by the American Institute of Certified Public Accountants (AICPA), is the name of a set of reports that's produced during an audit. It's intended for use by service organizations (organizations that provide information systems as a service to other organizations) to issue validated reports of internal controls over those information systems to the users of those services. The reports focus on controls grouped into five categories known as Trust Service Principles.;<SANDBOX_ACCOUNT_ID>;ap-southeast-7;2026-08-29 00:18:02.370487;cc_7_3;Responds to Security Incidents - Procedures are in place for responding to security incidents and evaluating the effectiveness of those policies and procedures on a periodic basis. Communicates and Reviews Detected Security Events - Detected security events are communicated to and reviewed by the individuals responsible for the management of the security program and actions are taken, if necessary. Develops and Implements Procedures to Analyze Security Incidents - Procedures are in place to analyze security incidents and determine system impact. Assesses the Impact on Personal Information - Detected security events are evaluated to determine whether they could or did result in the unauthorized disclosure or use of personal information and whether there has been a failure to comply with applicable laws or regulations. Determines Personal Information Used or Disclosed - When an unauthorized use or disclosure of personal information has occurred, the affected information is identified.;CC7.0 - System Operations;;;aws;automated;FAIL;Log Group /aws/cloudtrail/range does not have AWS KMS keys associated.;arn:aws:logs:ap-southeast-7:<SANDBOX_ACCOUNT_ID>:log-group:/aws/cloudtrail/range:*;cloudwatch_log_group_kms_encryption_enabled;False;/aws/cloudtrail/range;SOC2;System and Organization Controls 2 (SOC2);
aws;System and Organization Controls (SOC), defined by the American Institute of Certified Public Accountants (AICPA), is the name of a set of reports that's produced during an audit. It's intended for use by service organizations (organizations that provide information systems as a service to other organizations) to issue validated reports of internal controls over those information systems to the users of those services. The reports focus on controls grouped into five categories known as Trust Service Principles.;<SANDBOX_ACCOUNT_ID>;ap-southeast-7;2026-08-29 00:18:02.370487;pi_1_4;The entity implements controls to ensure system outputs are delivered to authorized recipients in the correct format and protected against unauthorized access, modification, theft, destruction, or corruption. This includes output encryption, access controls, and audit trails for output delivery.;PI1.0 - Processing Integrity;;;aws;automated;FAIL;Log Group /aws/cloudtrail/range does not have AWS KMS keys associated.;arn:aws:logs:ap-southeast-7:<SANDBOX_ACCOUNT_ID>:log-group:/aws/cloudtrail/range:*;cloudwatch_log_group_kms_encryption_enabled;False;/aws/cloudtrail/range;SOC2;System and Organization Controls 2 (SOC2);
aws;System and Organization Controls (SOC), defined by the American Institute of Certified Public Accountants (AICPA), is the name of a set of reports that's produced during an audit. It's intended for use by service organizations (organizations that provide information systems as a service to other organizations) to issue validated reports of internal controls over those information systems to the users of those services. The reports focus on controls grouped into five categories known as Trust Service Principles.;<SANDBOX_ACCOUNT_ID>;ap-southeast-7;2026-08-29 00:18:02.370487;pi_1_4;The entity implements controls to ensure system outputs are delivered to authorized recipients in the correct format and protected against unauthorized access, modification, theft, destruction, or corruption. This includes output encryption, access controls, and audit trails for output delivery.;PI1.0 - Processing Integrity;;;aws;automated;PASS;Log Group /aws/lambda/range-responder is not publicly accessible.;arn:aws:logs:ap-southeast-7:<SANDBOX_ACCOUNT_ID>:log-group:/aws/lambda/range-responder:*;cloudwatch_log_group_not_publicly_accessible;False;/aws/lambda/range-responder;SOC2;System and Organization Controls 2 (SOC2);
aws;System and Organization Controls (SOC), defined by the American Institute of Certified Public Accountants (AICPA), is the name of a set of reports that's produced during an audit. It's intended for use by service organizations (organizations that provide information systems as a service to other organizations) to issue validated reports of internal controls over those information systems to the users of those services. The reports focus on controls grouped into five categories known as Trust Service Principles.;<SANDBOX_ACCOUNT_ID>;ap-southeast-7;2026-08-29 00:18:02.370487;pi_1_4;The entity implements controls to ensure system outputs are delivered to authorized recipients in the correct format and protected against unauthorized access, modification, theft, destruction, or corruption. This includes output encryption, access controls, and audit trails for output delivery.;PI1.0 - Processing Integrity;;;aws;automated;PASS;Log Group /aws/cloudtrail/range is not publicly accessible.;arn:aws:logs:ap-southeast-7:<SANDBOX_ACCOUNT_ID>:log-group:/aws/cloudtrail/range:*;cloudwatch_log_group_not_publicly_accessible;False;/aws/cloudtrail/range;SOC2;System and Organization Controls 2 (SOC2);
aws;System and Organization Controls (SOC), defined by the American Institute of Certified Public Accountants (AICPA), is the name of a set of reports that's produced during an audit. It's intended for use by service organizations (organizations that provide information systems as a service to other organizations) to issue validated reports of internal controls over those information systems to the users of those services. The reports focus on controls grouped into five categories known as Trust Service Principles.;<SANDBOX_ACCOUNT_ID>;ap-southeast-7;2026-08-29 00:18:02.370487;cc_7_2;"Implements Detection Policies, Procedures, and Tools - Detection policies and procedures are defined and implemented, and detection tools are implemented on Infrastructure and software to identify anomalies in the operation or unusual activity on systems. Procedures may include (1) a defined governance process for security event detection and management that includes provision of resources; (2) use of intelligence sources to identify newly discovered threats and vulnerabilities; and (3) logging of unusual system activities. Designs Detection Measures - Detection measures are designed to identify anomalies that could result from actual or attempted (1) compromise of physical barriers; (2) unauthorized actions of authorized personnel; (3) use of compromised identification and authentication credentials; (4) unauthorized access from outside the system boundaries; (5) compromise of authorized external parties; and (6) implementation or connection of unauthorized hardware and software. Implements Filters to Analyze Anomalies - Management has implemented procedures to filter, summarize, and analyze anomalies to identify security events. Monitors Detection Tools for Effective Operation - Management has implemented processes to monitor the effectiveness of detection tools.";CC7.0 - System Operations;;;aws;automated;PASS;Log Group /aws/lambda/range-responder comply with 365 days retention period since it never expires.;arn:aws:logs:ap-southeast-7:<SANDBOX_ACCOUNT_ID>:log-group:/aws/lambda/range-responder:*;cloudwatch_log_group_retention_policy_specific_days_enabled;False;/aws/lambda/range-responder;SOC2;System and Organization Controls 2 (SOC2);
aws;System and Organization Controls (SOC), defined by the American Institute of Certified Public Accountants (AICPA), is the name of a set of reports that's produced during an audit. It's intended for use by service organizations (organizations that provide information systems as a service to other organizations) to issue validated reports of internal controls over those information systems to the users of those services. The reports focus on controls grouped into five categories known as Trust Service Principles.;<SANDBOX_ACCOUNT_ID>;ap-southeast-7;2026-08-29 00:18:02.370487;cc_7_3;Responds to Security Incidents - Procedures are in place for responding to security incidents and evaluating the effectiveness of those policies and procedures on a periodic basis. Communicates and Reviews Detected Security Events - Detected security events are communicated to and reviewed by the individuals responsible for the management of the security program and actions are taken, if necessary. Develops and Implements Procedures to Analyze Security Incidents - Procedures are in place to analyze security incidents and determine system impact. Assesses the Impact on Personal Information - Detected security events are evaluated to determine whether they could or did result in the unauthorized disclosure or use of personal information and whether there has been a failure to comply with applicable laws or regulations. Determines Personal Information Used or Disclosed - When an unauthorized use or disclosure of personal information has occurred, the affected information is identified.;CC7.0 - System Operations;;;aws;automated;PASS;Log Group /aws/lambda/range-responder comply with 365 days retention period since it never expires.;arn:aws:logs:ap-southeast-7:<SANDBOX_ACCOUNT_ID>:log-group:/aws/lambda/range-responder:*;cloudwatch_log_group_retention_policy_specific_days_enabled;False;/aws/lambda/range-responder;SOC2;System and Organization Controls 2 (SOC2);
aws;System and Organization Controls (SOC), defined by the American Institute of Certified Public Accountants (AICPA), is the name of a set of reports that's produced during an audit. It's intended for use by service organizations (organizations that provide information systems as a service to other organizations) to issue validated reports of internal controls over those information systems to the users of those services. The reports focus on controls grouped into five categories known as Trust Service Principles.;<SANDBOX_ACCOUNT_ID>;ap-southeast-7;2026-08-29 00:18:02.370487;cc_c_1_2;Identifies Confidential Information for Destruction - Procedures are in place to identify confidential information requiring destruction when the end of the retention period is reached. Destroys Confidential Information - Procedures are in place to erase or otherwise destroy confidential information that has been identified for destruction.;CCC1.0 - Additional Criterial for Confidentiality;;;aws;automated;PASS;Log Group /aws/lambda/range-responder comply with 365 days retention period since it never expires.;arn:aws:logs:ap-southeast-7:<SANDBOX_ACCOUNT_ID>:log-group:/aws/lambda/range-responder:*;cloudwatch_log_group_retention_policy_specific_days_enabled;False;/aws/lambda/range-responder;SOC2;System and Organization Controls 2 (SOC2);
aws;System and Organization Controls (SOC), defined by the American Institute of Certified Public Accountants (AICPA), is the name of a set of reports that's produced during an audit. It's intended for use by service organizations (organizations that provide information systems as a service to other organizations) to issue validated reports of internal controls over those information systems to the users of those services. The reports focus on controls grouped into five categories known as Trust Service Principles.;<SANDBOX_ACCOUNT_ID>;ap-southeast-7;2026-08-29 00:18:02.370487;cc_7_2;"Implements Detection Policies, Procedures, and Tools - Detection policies and procedures are defined and implemented, and detection tools are implemented on Infrastructure and software to identify anomalies in the operation or unusual activity on systems. Procedures may include (1) a defined governance process for security event detection and management that includes provision of resources; (2) use of intelligence sources to identify newly discovered threats and vulnerabilities; and (3) logging of unusual system activities. Designs Detection Measures - Detection measures are designed to identify anomalies that could result from actual or attempted (1) compromise of physical barriers; (2) unauthorized actions of authorized personnel; (3) use of compromised identification and authentication credentials; (4) unauthorized access from outside the system boundaries; (5) compromise of authorized external parties; and (6) implementation or connection of unauthorized hardware and software. Implements Filters to Analyze Anomalies - Management has implemented procedures to filter, summarize, and analyze anomalies to identify security events. Monitors Detection Tools for Effective Operation - Management has implemented processes to monitor the effectiveness of detection tools.";CC7.0 - System Operations;;;aws;automated;FAIL;Log Group /aws/cloudtrail/range has less than 365 days retention period (7 days).;arn:aws:logs:ap-southeast-7:<SANDBOX_ACCOUNT_ID>:log-group:/aws/cloudtrail/range:*;cloudwatch_log_group_retention_policy_specific_days_enabled;False;/aws/cloudtrail/range;SOC2;System and Organization Controls 2 (SOC2);
aws;System and Organization Controls (SOC), defined by the American Institute of Certified Public Accountants (AICPA), is the name of a set of reports that's produced during an audit. It's intended for use by service organizations (organizations that provide information systems as a service to other organizations) to issue validated reports of internal controls over those information systems to the users of those services. The reports focus on controls grouped into five categories known as Trust Service Principles.;<SANDBOX_ACCOUNT_ID>;ap-southeast-7;2026-08-29 00:18:02.370487;cc_7_3;Responds to Security Incidents - Procedures are in place for responding to security incidents and evaluating the effectiveness of those policies and procedures on a periodic basis. Communicates and Reviews Detected Security Events - Detected security events are communicated to and reviewed by the individuals responsible for the management of the security program and actions are taken, if necessary. Develops and Implements Procedures to Analyze Security Incidents - Procedures are in place to analyze security incidents and determine system impact. Assesses the Impact on Personal Information - Detected security events are evaluated to determine whether they could or did result in the unauthorized disclosure or use of personal information and whether there has been a failure to comply with applicable laws or regulations. Determines Personal Information Used or Disclosed - When an unauthorized use or disclosure of personal information has occurred, the affected information is identified.;CC7.0 - System Operations;;;aws;automated;FAIL;Log Group /aws/cloudtrail/range has less than 365 days retention period (7 days).;arn:aws:logs:ap-southeast-7:<SANDBOX_ACCOUNT_ID>:log-group:/aws/cloudtrail/range:*;cloudwatch_log_group_retention_policy_specific_days_enabled;False;/aws/cloudtrail/range;SOC2;System and Organization Controls 2 (SOC2);
aws;System and Organization Controls (SOC), defined by the American Institute of Certified Public Accountants (AICPA), is the name of a set of reports that's produced during an audit. It's intended for use by service organizations (organizations that provide information systems as a service to other organizations) to issue validated reports of internal controls over those information systems to the users of those services. The reports focus on controls grouped into five categories known as Trust Service Principles.;<SANDBOX_ACCOUNT_ID>;ap-southeast-7;2026-08-29 00:18:02.370487;cc_c_1_2;Identifies Confidential Information for Destruction - Procedures are in place to identify confidential information requiring destruction when the end of the retention period is reached. Destroys Confidential Information - Procedures are in place to erase or otherwise destroy confidential information that has been identified for destruction.;CCC1.0 - Additional Criterial for Confidentiality;;;aws;automated;FAIL;Log Group /aws/cloudtrail/range has less than 365 days retention period (7 days).;arn:aws:logs:ap-southeast-7:<SANDBOX_ACCOUNT_ID>:log-group:/aws/cloudtrail/range:*;cloudwatch_log_group_retention_policy_specific_days_enabled;False;/aws/cloudtrail/range;SOC2;System and Organization Controls 2 (SOC2);
aws;System and Organization Controls (SOC), defined by the American Institute of Certified Public Accountants (AICPA), is the name of a set of reports that's produced during an audit. It's intended for use by service organizations (organizations that provide information systems as a service to other organizations) to issue validated reports of internal controls over those information systems to the users of those services. The reports focus on controls grouped into five categories known as Trust Service Principles.;<SANDBOX_ACCOUNT_ID>;ap-southeast-7;2026-08-29 00:18:02.370487;cc_5_2;Determines Dependency Between the Use of Technology in Business Processes and Technology General Controls - Management understands and determines the dependency and linkage between business processes, automated control activities, and technology general controls. Establishes Relevant Technology Infrastructure Control Activities - Management selects and develops control activities over the technology infrastructure, which are designed and implemented to help ensure the completeness, accuracy, and availability of technology processing. Establishes Relevant Security Management Process Controls Activities - Management selects and develops control activities that are designed and implemented to restrict technology access rights to authorized users commensurate with their job responsibilities and to protect the entity’s assets from external threats. Establishes Relevant Technology Acquisition, Development, and Maintenance Process Control Activities - Management selects and develops control activities over the acquisition, development, and maintenance of technology and its infrastructure to achieve management’s objectives.;CC5.0 - Control Activities;;;cloudwatch;automated;FAIL;No CloudWatch log groups found with metric filters or alarms associated.;arn:aws:logs:ap-southeast-7:<SANDBOX_ACCOUNT_ID>:log-group;cloudwatch_log_metric_filter_and_alarm_for_aws_config_configuration_changes_enabled;False;<SANDBOX_ACCOUNT_ID>;SOC2;System and Organization Controls 2 (SOC2);
aws;System and Organization Controls (SOC), defined by the American Institute of Certified Public Accountants (AICPA), is the name of a set of reports that's produced during an audit. It's intended for use by service organizations (organizations that provide information systems as a service to other organizations) to issue validated reports of internal controls over those information systems to the users of those services. The reports focus on controls grouped into five categories known as Trust Service Principles.;<SANDBOX_ACCOUNT_ID>;ap-southeast-7;2026-08-29 00:18:02.370487;cc_5_2;Determines Dependency Between the Use of Technology in Business Processes and Technology General Controls - Management understands and determines the dependency and linkage between business processes, automated control activities, and technology general controls. Establishes Relevant Technology Infrastructure Control Activities - Management selects and develops control activities over the technology infrastructure, which are designed and implemented to help ensure the completeness, accuracy, and availability of technology processing. Establishes Relevant Security Management Process Controls Activities - Management selects and develops control activities that are designed and implemented to restrict technology access rights to authorized users commensurate with their job responsibilities and to protect the entity’s assets from external threats. Establishes Relevant Technology Acquisition, Development, and Maintenance Process Control Activities - Management selects and develops control activities over the acquisition, development, and maintenance of technology and its infrastructure to achieve management’s objectives.;CC5.0 - Control Activities;;;cloudwatch;automated;FAIL;No CloudWatch log groups found with metric filters or alarms associated.;arn:aws:logs:ap-southeast-7:<SANDBOX_ACCOUNT_ID>:log-group;cloudwatch_log_metric_filter_and_alarm_for_cloudtrail_configuration_changes_enabled;False;<SANDBOX_ACCOUNT_ID>;SOC2;System and Organization Controls 2 (SOC2);
aws;System and Organization Controls (SOC), defined by the American Institute of Certified Public Accountants (AICPA), is the name of a set of reports that's produced during an audit. It's intended for use by service organizations (organizations that provide information systems as a service to other organizations) to issue validated reports of internal controls over those information systems to the users of those services. The reports focus on controls grouped into five categories known as Trust Service Principles.;<SANDBOX_ACCOUNT_ID>;ap-southeast-7;2026-08-29 00:18:02.370487;pi_1_3;The entity implements controls to ensure data is processed completely, accurately, and timely. This includes defining processing specifications, identifying processing activities, detecting and correcting errors throughout processing, recording processing activities with accurate logs, and ensuring completeness and timeliness of processing.;PI1.0 - Processing Integrity;;;aws;automated;FAIL;No CloudWatch log groups found with metric filters or alarms associated.;arn:aws:logs:ap-southeast-7:<SANDBOX_ACCOUNT_ID>:log-group;cloudwatch_log_metric_filter_authentication_failures;False;<SANDBOX_ACCOUNT_ID>;SOC2;System and Organization Controls 2 (SOC2);
aws;System and Organization Controls (SOC), defined by the American Institute of Certified Public Accountants (AICPA), is the name of a set of reports that's produced during an audit. It's intended for use by service organizations (organizations that provide information systems as a service to other organizations) to issue validated reports of internal controls over those information systems to the users of those services. The reports focus on controls grouped into five categories known as Trust Service Principles.;<SANDBOX_ACCOUNT_ID>;ap-southeast-7;2026-08-29 00:18:02.370487;cc_5_2;Determines Dependency Between the Use of Technology in Business Processes and Technology General Controls - Management understands and determines the dependency and linkage between business processes, automated control activities, and technology general controls. Establishes Relevant Technology Infrastructure Control Activities - Management selects and develops control activities over the technology infrastructure, which are designed and implemented to help ensure the completeness, accuracy, and availability of technology processing. Establishes Relevant Security Management Process Controls Activities - Management selects and develops control activities that are designed and implemented to restrict technology access rights to authorized users commensurate with their job responsibilities and to protect the entity’s assets from external threats. Establishes Relevant Technology Acquisition, Development, and Maintenance Process Control Activities - Management selects and develops control activities over the acquisition, development, and maintenance of technology and its infrastructure to achieve management’s objectives.;CC5.0 - Control Activities;;;cloudwatch;automated;FAIL;No CloudWatch log groups found with metric filters or alarms associated.;arn:aws:logs:ap-southeast-7:<SANDBOX_ACCOUNT_ID>:log-group;cloudwatch_log_metric_filter_aws_organizations_changes;False;<SANDBOX_ACCOUNT_ID>;SOC2;System and Organization Controls 2 (SOC2);
aws;System and Organization Controls (SOC), defined by the American Institute of Certified Public Accountants (AICPA), is the name of a set of reports that's produced during an audit. It's intended for use by service organizations (organizations that provide information systems as a service to other organizations) to issue validated reports of internal controls over those information systems to the users of those services. The reports focus on controls grouped into five categories known as Trust Service Principles.;<SANDBOX_ACCOUNT_ID>;ap-southeast-7;2026-08-29 00:18:02.370487;cc_5_2;Determines Dependency Between the Use of Technology in Business Processes and Technology General Controls - Management understands and determines the dependency and linkage between business processes, automated control activities, and technology general controls. Establishes Relevant Technology Infrastructure Control Activities - Management selects and develops control activities over the technology infrastructure, which are designed and implemented to help ensure the completeness, accuracy, and availability of technology processing. Establishes Relevant Security Management Process Controls Activities - Management selects and develops control activities that are designed and implemented to restrict technology access rights to authorized users commensurate with their job responsibilities and to protect the entity’s assets from external threats. Establishes Relevant Technology Acquisition, Development, and Maintenance Process Control Activities - Management selects and develops control activities over the acquisition, development, and maintenance of technology and its infrastructure to achieve management’s objectives.;CC5.0 - Control Activities;;;cloudwatch;automated;FAIL;No CloudWatch log groups found with metric filters or alarms associated.;arn:aws:logs:ap-southeast-7:<SANDBOX_ACCOUNT_ID>:log-group;cloudwatch_log_metric_filter_for_s3_bucket_policy_changes;False;<SANDBOX_ACCOUNT_ID>;SOC2;System and Organization Controls 2 (SOC2);
aws;System and Organization Controls (SOC), defined by the American Institute of Certified Public Accountants (AICPA), is the name of a set of reports that's produced during an audit. It's intended for use by service organizations (organizations that provide information systems as a service to other organizations) to issue validated reports of internal controls over those information systems to the users of those services. The reports focus on controls grouped into five categories known as Trust Service Principles.;<SANDBOX_ACCOUNT_ID>;ap-southeast-7;2026-08-29 00:18:02.370487;cc_5_2;Determines Dependency Between the Use of Technology in Business Processes and Technology General Controls - Management understands and determines the dependency and linkage between business processes, automated control activities, and technology general controls. Establishes Relevant Technology Infrastructure Control Activities - Management selects and develops control activities over the technology infrastructure, which are designed and implemented to help ensure the completeness, accuracy, and availability of technology processing. Establishes Relevant Security Management Process Controls Activities - Management selects and develops control activities that are designed and implemented to restrict technology access rights to authorized users commensurate with their job responsibilities and to protect the entity’s assets from external threats. Establishes Relevant Technology Acquisition, Development, and Maintenance Process Control Activities - Management selects and develops control activities over the acquisition, development, and maintenance of technology and its infrastructure to achieve management’s objectives.;CC5.0 - Control Activities;;;cloudwatch;automated;FAIL;No CloudWatch log groups found with metric filters or alarms associated.;arn:aws:logs:ap-southeast-7:<SANDBOX_ACCOUNT_ID>:log-group;cloudwatch_log_metric_filter_policy_changes;False;<SANDBOX_ACCOUNT_ID>;SOC2;System and Organization Controls 2 (SOC2);
aws;System and Organization Controls (SOC), defined by the American Institute of Certified Public Accountants (AICPA), is the name of a set of reports that's produced during an audit. It's intended for use by service organizations (organizations that provide information systems as a service to other organizations) to issue validated reports of internal controls over those information systems to the users of those services. The reports focus on controls grouped into five categories known as Trust Service Principles.;<SANDBOX_ACCOUNT_ID>;ap-southeast-7;2026-08-29 00:18:02.370487;pi_1_3;The entity implements controls to ensure data is processed completely, accurately, and timely. This includes defining processing specifications, identifying processing activities, detecting and correcting errors throughout processing, recording processing activities with accurate logs, and ensuring completeness and timeliness of processing.;PI1.0 - Processing Integrity;;;aws;automated;FAIL;No CloudWatch log groups found with metric filters or alarms associated.;arn:aws:logs:ap-southeast-7:<SANDBOX_ACCOUNT_ID>:log-group;cloudwatch_log_metric_filter_policy_changes;False;<SANDBOX_ACCOUNT_ID>;SOC2;System and Organization Controls 2 (SOC2);
aws;System and Organization Controls (SOC), defined by the American Institute of Certified Public Accountants (AICPA), is the name of a set of reports that's produced during an audit. It's intended for use by service organizations (organizations that provide information systems as a service to other organizations) to issue validated reports of internal controls over those information systems to the users of those services. The reports focus on controls grouped into five categories known as Trust Service Principles.;<SANDBOX_ACCOUNT_ID>;ap-southeast-7;2026-08-29 00:18:02.370487;pi_1_3;The entity implements controls to ensure data is processed completely, accurately, and timely. This includes defining processing specifications, identifying processing activities, detecting and correcting errors throughout processing, recording processing activities with accurate logs, and ensuring completeness and timeliness of processing.;PI1.0 - Processing Integrity;;;aws;automated;FAIL;No CloudWatch log groups found with metric filters or alarms associated.;arn:aws:logs:ap-southeast-7:<SANDBOX_ACCOUNT_ID>:log-group;cloudwatch_log_metric_filter_root_usage;False;<SANDBOX_ACCOUNT_ID>;SOC2;System and Organization Controls 2 (SOC2);
aws;System and Organization Controls (SOC), defined by the American Institute of Certified Public Accountants (AICPA), is the name of a set of reports that's produced during an audit. It's intended for use by service organizations (organizations that provide information systems as a service to other organizations) to issue validated reports of internal controls over those information systems to the users of those services. The reports focus on controls grouped into five categories known as Trust Service Principles.;<SANDBOX_ACCOUNT_ID>;ap-southeast-7;2026-08-29 00:18:02.370487;cc_5_2;Determines Dependency Between the Use of Technology in Business Processes and Technology General Controls - Management understands and determines the dependency and linkage between business processes, automated control activities, and technology general controls. Establishes Relevant Technology Infrastructure Control Activities - Management selects and develops control activities over the technology infrastructure, which are designed and implemented to help ensure the completeness, accuracy, and availability of technology processing. Establishes Relevant Security Management Process Controls Activities - Management selects and develops control activities that are designed and implemented to restrict technology access rights to authorized users commensurate with their job responsibilities and to protect the entity’s assets from external threats. Establishes Relevant Technology Acquisition, Development, and Maintenance Process Control Activities - Management selects and develops control activities over the acquisition, development, and maintenance of technology and its infrastructure to achieve management’s objectives.;CC5.0 - Control Activities;;;cloudwatch;automated;FAIL;No CloudWatch log groups found with metric filters or alarms associated.;arn:aws:logs:ap-southeast-7:<SANDBOX_ACCOUNT_ID>:log-group;cloudwatch_log_metric_filter_security_group_changes;False;<SANDBOX_ACCOUNT_ID>;SOC2;System and Organization Controls 2 (SOC2);
aws;System and Organization Controls (SOC), defined by the American Institute of Certified Public Accountants (AICPA), is the name of a set of reports that's produced during an audit. It's intended for use by service organizations (organizations that provide information systems as a service to other organizations) to issue validated reports of internal controls over those information systems to the users of those services. The reports focus on controls grouped into five categories known as Trust Service Principles.;<SANDBOX_ACCOUNT_ID>;ap-southeast-7;2026-08-29 00:18:02.370487;pi_1_3;The entity implements controls to ensure data is processed completely, accurately, and timely. This includes defining processing specifications, identifying processing activities, detecting and correcting errors throughout processing, recording processing activities with accurate logs, and ensuring completeness and timeliness of processing.;PI1.0 - Processing Integrity;;;aws;automated;FAIL;No CloudWatch log groups found with metric filters or alarms associated.;arn:aws:logs:ap-southeast-7:<SANDBOX_ACCOUNT_ID>:log-group;cloudwatch_log_metric_filter_unauthorized_api_calls;False;<SANDBOX_ACCOUNT_ID>;SOC2;System and Organization Controls 2 (SOC2);
aws;System and Organization Controls (SOC), defined by the American Institute of Certified Public Accountants (AICPA), is the name of a set of reports that's produced during an audit. It's intended for use by service organizations (organizations that provide information systems as a service to other organizations) to issue validated reports of internal controls over those information systems to the users of those services. The reports focus on controls grouped into five categories known as Trust Service Principles.;<SANDBOX_ACCOUNT_ID>;ap-southeast-7;2026-08-29 00:18:02.370487;cc_2_1;Identifies Information Requirements - A process is in place to identify the information required and expected to support the functioning of the other components of internal control and the achievement of the entity’s objectives. Captures Internal and External Sources of Data - Information systems capture internal and external sources of data. Processes Relevant Data Into Information - Information systems process and transform relevant data into information. Maintains Quality Throughout Processing - Information systems produce information that is timely, current, accurate, complete, accessible, protected, verifiable, and retained. Information is reviewed to assess its relevance in supporting the internal control components.;CC2.0 - Common Criteria Related to Communication and Information;;;aws;automated;FAIL;AWS Config recorder <SANDBOX_ACCOUNT_ID> is disabled.;arn:aws:config:ap-southeast-7:<SANDBOX_ACCOUNT_ID>:recorder;config_recorder_all_regions_enabled;False;<SANDBOX_ACCOUNT_ID>;SOC2;System and Organization Controls 2 (SOC2);
aws;System and Organization Controls (SOC), defined by the American Institute of Certified Public Accountants (AICPA), is the name of a set of reports that's produced during an audit. It's intended for use by service organizations (organizations that provide information systems as a service to other organizations) to issue validated reports of internal controls over those information systems to the users of those services. The reports focus on controls grouped into five categories known as Trust Service Principles.;<SANDBOX_ACCOUNT_ID>;ap-southeast-7;2026-08-29 00:18:02.370487;cc_3_1;Operations Objectives: Reflects Management's Choices - Operations objectives reflect management's choices about structure, industry considerations, and performance of the entity. Considers Tolerances for Risk - Management considers the acceptable levels of variation relative to the achievement of operations objectives. External Financial Reporting Objectives: Complies With Applicable Accounting Standards - Financial reporting objectives are consistent with accounting principles suitable and available for that entity. The accounting principles selected are appropriate in the circumstances. External Nonfinancial Reporting Objectives: Complies With Externally Established Frameworks - Management establishes objectives consistent with laws and regulations or standards and frameworks of recognized external organizations. Reflects Entity Activities - External reporting reflects the underlying transactions and events within a range of acceptable limits. Considers the Required Level of Precision—Management reflects the required level of precision and accuracy suitable for user needs and based on criteria established by third parties in nonfinancial reporting. Internal Reporting Objectives: Reflects Management's Choices - Internal reporting provides management with accurate and complete information regarding management's choices and information needed in managing the entity. Considers the Required Level of Precision—Management reflects the required level of precision and accuracy suitable for user needs in nonfinancial reporting objectives and materiality within financial reporting objectives. Reflects Entity Activities—Internal reporting reflects the underlying transactions and events within a range of acceptable limits. Compliance Objectives: Reflects External Laws and Regulations - Laws and regulations establish minimum standards of conduct, which the entity integrates into compliance objectives. Considers Tolerances for Risk - Management considers the acceptable levels of variation relative to the achievement of operations objectives. Additional point of focus specifically related to all engagements using the trust services criteria: Establishes Sub-objectives to Support Objectives—Management identifies sub-objectives related to security, availability, processing integrity, confidentiality, and privacy to support the achievement of the entity’s objectives related to reporting, operations, and compliance.;CC3.0 - Common Criteria Related to Risk Assessment;;;aws;automated;FAIL;AWS Config recorder <SANDBOX_ACCOUNT_ID> is disabled.;arn:aws:config:ap-southeast-7:<SANDBOX_ACCOUNT_ID>:recorder;config_recorder_all_regions_enabled;False;<SANDBOX_ACCOUNT_ID>;SOC2;System and Organization Controls 2 (SOC2);
aws;System and Organization Controls (SOC), defined by the American Institute of Certified Public Accountants (AICPA), is the name of a set of reports that's produced during an audit. It's intended for use by service organizations (organizations that provide information systems as a service to other organizations) to issue validated reports of internal controls over those information systems to the users of those services. The reports focus on controls grouped into five categories known as Trust Service Principles.;<SANDBOX_ACCOUNT_ID>;ap-southeast-7;2026-08-29 00:18:02.370487;cc_3_4;Assesses Changes in the External Environment - The risk identification process considers changes to the regulatory, economic, and physical environment in which the entity operates. Assesses Changes in the Business Model - The entity considers the potential impacts of new business lines, dramatically altered compositions of existing business lines, acquired or divested business operations on the system of internal control, rapid growth, changing reliance on foreign geographies, and new technologies. Assesses Changes in Leadership - The entity considers changes in management and respective attitudes and philosophies on the system of internal control. Assess Changes in Systems and Technology - The risk identification process considers changes arising from changes in the entity’s systems and changes in the technology environment. Assess Changes in Vendor and Business Partner Relationships - The risk identification process considers changes in vendor and business partner relationships.;CC3.0 - Common Criteria Related to Risk Assessment;;;config;automated;FAIL;AWS Config recorder <SANDBOX_ACCOUNT_ID> is disabled.;arn:aws:config:ap-southeast-7:<SANDBOX_ACCOUNT_ID>:recorder;config_recorder_all_regions_enabled;False;<SANDBOX_ACCOUNT_ID>;SOC2;System and Organization Controls 2 (SOC2);
aws;System and Organization Controls (SOC), defined by the American Institute of Certified Public Accountants (AICPA), is the name of a set of reports that's produced during an audit. It's intended for use by service organizations (organizations that provide information systems as a service to other organizations) to issue validated reports of internal controls over those information systems to the users of those services. The reports focus on controls grouped into five categories known as Trust Service Principles.;<SANDBOX_ACCOUNT_ID>;ap-southeast-7;2026-08-29 00:18:02.370487;cc_8_1;Manages Changes Throughout the System Lifecycle - A process for managing system changes throughout the lifecycle of the system and its components (infrastructure, data, software and procedures) is used to support system availability and processing integrity. Authorizes Changes - A process is in place to authorize system changes prior to development. Designs and Develops Changes - A process is in place to design and develop system changes. Documents Changes - A process is in place to document system changes to support ongoing maintenance of the system and to support system users in performing their responsibilities. Tracks System Changes - A process is in place to track system changes prior to implementation. Configures Software - A process is in place to select and implement the configuration parameters used to control the functionality of software. Tests System Changes - A process is in place to test system changes prior to implementation. Approves System Changes - A process is in place to approve system changes prior to implementation. Deploys System Changes - A process is in place to implement system changes. Identifies and Evaluates System Changes - Objectives affected by system changes are identified, and the ability of the modified system to meet the objectives is evaluated throughout the system development life cycle. Identifies Changes in Infrastructure, Data, Software, and Procedures Required to Remediate Incidents - Changes in infrastructure, data, software, and procedures required to remediate incidents to continue to meet objectives are identified, and the change process is initiated upon identification. Creates Baseline Configuration of IT Technology - A baseline configuration of IT and control systems is created and maintained. Provides for Changes Necessary in Emergency Situations - A process is in place for authorizing, designing, testing, approving and implementing changes necessary in emergency situations (that is, changes that need to be implemented in an urgent timeframe). Protects Confidential Information - The entity protects confidential information during system design, development, testing, implementation, and change processes to meet the entity’s objectives related to confidentiality. Protects Personal Information - The entity protects personal information during system design, development, testing, implementation, and change processes to meet the entity’s objectives related to privacy.;CC8.0 - Change Management;;;config;automated;FAIL;AWS Config recorder <SANDBOX_ACCOUNT_ID> is disabled.;arn:aws:config:ap-southeast-7:<SANDBOX_ACCOUNT_ID>:recorder;config_recorder_all_regions_enabled;False;<SANDBOX_ACCOUNT_ID>;SOC2;System and Organization Controls 2 (SOC2);
aws;System and Organization Controls (SOC), defined by the American Institute of Certified Public Accountants (AICPA), is the name of a set of reports that's produced during an audit. It's intended for use by service organizations (organizations that provide information systems as a service to other organizations) to issue validated reports of internal controls over those information systems to the users of those services. The reports focus on controls grouped into five categories known as Trust Service Principles.;<SANDBOX_ACCOUNT_ID>;ap-southeast-7;2026-08-29 00:18:02.370487;pi_1_3;The entity implements controls to ensure data is processed completely, accurately, and timely. This includes defining processing specifications, identifying processing activities, detecting and correcting errors throughout processing, recording processing activities with accurate logs, and ensuring completeness and timeliness of processing.;PI1.0 - Processing Integrity;;;aws;automated;FAIL;AWS Config recorder <SANDBOX_ACCOUNT_ID> is disabled.;arn:aws:config:ap-southeast-7:<SANDBOX_ACCOUNT_ID>:recorder;config_recorder_all_regions_enabled;False;<SANDBOX_ACCOUNT_ID>;SOC2;System and Organization Controls 2 (SOC2);
aws;System and Organization Controls (SOC), defined by the American Institute of Certified Public Accountants (AICPA), is the name of a set of reports that's produced during an audit. It's intended for use by service organizations (organizations that provide information systems as a service to other organizations) to issue validated reports of internal controls over those information systems to the users of those services. The reports focus on controls grouped into five categories known as Trust Service Principles.;<SANDBOX_ACCOUNT_ID>;ap-southeast-7;2026-08-29 00:18:02.370487;cc_3_1;Operations Objectives: Reflects Management's Choices - Operations objectives reflect management's choices about structure, industry considerations, and performance of the entity. Considers Tolerances for Risk - Management considers the acceptable levels of variation relative to the achievement of operations objectives. External Financial Reporting Objectives: Complies With Applicable Accounting Standards - Financial reporting objectives are consistent with accounting principles suitable and available for that entity. The accounting principles selected are appropriate in the circumstances. External Nonfinancial Reporting Objectives: Complies With Externally Established Frameworks - Management establishes objectives consistent with laws and regulations or standards and frameworks of recognized external organizations. Reflects Entity Activities - External reporting reflects the underlying transactions and events within a range of acceptable limits. Considers the Required Level of Precision—Management reflects the required level of precision and accuracy suitable for user needs and based on criteria established by third parties in nonfinancial reporting. Internal Reporting Objectives: Reflects Management's Choices - Internal reporting provides management with accurate and complete information regarding management's choices and information needed in managing the entity. Considers the Required Level of Precision—Management reflects the required level of precision and accuracy suitable for user needs in nonfinancial reporting objectives and materiality within financial reporting objectives. Reflects Entity Activities—Internal reporting reflects the underlying transactions and events within a range of acceptable limits. Compliance Objectives: Reflects External Laws and Regulations - Laws and regulations establish minimum standards of conduct, which the entity integrates into compliance objectives. Considers Tolerances for Risk - Management considers the acceptable levels of variation relative to the achievement of operations objectives. Additional point of focus specifically related to all engagements using the trust services criteria: Establishes Sub-objectives to Support Objectives—Management identifies sub-objectives related to security, availability, processing integrity, confidentiality, and privacy to support the achievement of the entity’s objectives related to reporting, operations, and compliance.;CC3.0 - Common Criteria Related to Risk Assessment;;;aws;automated;PASS;GuardDuty detector c0cfc223468df81e40fec5257649bb70 enabled.;arn:aws:guardduty:ap-southeast-7:<SANDBOX_ACCOUNT_ID>:detector/c0cfc223468df81e40fec5257649bb70;guardduty_is_enabled;False;c0cfc223468df81e40fec5257649bb70;SOC2;System and Organization Controls 2 (SOC2);
aws;System and Organization Controls (SOC), defined by the American Institute of Certified Public Accountants (AICPA), is the name of a set of reports that's produced during an audit. It's intended for use by service organizations (organizations that provide information systems as a service to other organizations) to issue validated reports of internal controls over those information systems to the users of those services. The reports focus on controls grouped into five categories known as Trust Service Principles.;<SANDBOX_ACCOUNT_ID>;ap-southeast-7;2026-08-29 00:18:02.370487;cc_3_2;"Includes Entity, Subsidiary, Division, Operating Unit, and Functional Levels - The entity identifies and assesses risk at the entity, subsidiary, division, operating unit, and functional levels relevant to the achievement of objectives. Analyzes Internal and External Factors - Risk identification considers both internal and external factors and their impact on the achievement of objectives. Involves Appropriate Levels of Management - The entity puts into place effective risk assessment mechanisms that involve appropriate levels of management. Estimates Significance of Risks Identified - Identified risks are analyzed through a process that includes estimating the potential significance of the risk. Determines How to Respond to Risks - Risk assessment includes considering how the risk should be managed and whether to accept, avoid, reduce, or share the risk. Additional points of focus specifically related to all engagements using the trust services criteria: Identifies and Assesses Criticality of Information Assets and Identifies Threats and Vulnerabilities - The entity's risk identification and assessment process includes (1) identifying information assets, including physical devices and systems, virtual devices, software, data and data flows, external information systems, and organizational roles; (2) assessing the criticality of those information assets; (3) identifying the threats to the assets from intentional (including malicious) and unintentional acts and environmental events; and (4) identifying the vulnerabilities of the identified assets.";CC3.0 - Common Criteria Related to Risk Assessment;;;aws;automated;PASS;GuardDuty detector c0cfc223468df81e40fec5257649bb70 enabled.;arn:aws:guardduty:ap-southeast-7:<SANDBOX_ACCOUNT_ID>:detector/c0cfc223468df81e40fec5257649bb70;guardduty_is_enabled;False;c0cfc223468df81e40fec5257649bb70;SOC2;System and Organization Controls 2 (SOC2);
aws;System and Organization Controls (SOC), defined by the American Institute of Certified Public Accountants (AICPA), is the name of a set of reports that's produced during an audit. It's intended for use by service organizations (organizations that provide information systems as a service to other organizations) to issue validated reports of internal controls over those information systems to the users of those services. The reports focus on controls grouped into five categories known as Trust Service Principles.;<SANDBOX_ACCOUNT_ID>;ap-southeast-7;2026-08-29 00:18:02.370487;cc_4_2;Assesses Results - Management and the board of directors, as appropriate, assess results of ongoing and separate evaluations. Communicates Deficiencies - Deficiencies are communicated to parties responsible for taking corrective action and to senior management and the board of directors, as appropriate. Monitors Corrective Action - Management tracks whether deficiencies are remedied on a timely basis.;CC4.0 - Monitoring Activities;;;guardduty;automated;PASS;GuardDuty detector c0cfc223468df81e40fec5257649bb70 enabled.;arn:aws:guardduty:ap-southeast-7:<SANDBOX_ACCOUNT_ID>:detector/c0cfc223468df81e40fec5257649bb70;guardduty_is_enabled;False;c0cfc223468df81e40fec5257649bb70;SOC2;System and Organization Controls 2 (SOC2);
aws;System and Organization Controls (SOC), defined by the American Institute of Certified Public Accountants (AICPA), is the name of a set of reports that's produced during an audit. It's intended for use by service organizations (organizations that provide information systems as a service to other organizations) to issue validated reports of internal controls over those information systems to the users of those services. The reports focus on controls grouped into five categories known as Trust Service Principles.;<SANDBOX_ACCOUNT_ID>;ap-southeast-7;2026-08-29 00:18:02.370487;cc_6_8;Restricts Application and Software Installation - The ability to install applications and software is restricted to authorized individuals. Detects Unauthorized Changes to Software and Configuration Parameters - Processes are in place to detect changes to software and configuration parameters that may be indicative of unauthorized or malicious software. Uses a Defined Change Control Process - A management-defined change control process is used for the implementation of software. Uses Antivirus and Anti-Malware Software - Antivirus and anti-malware software is implemented and maintained to provide for the interception or detection and remediation of malware. Scans Information Assets from Outside the Entity for Malware and Other Unauthorized Software - Procedures are in place to scan information assets that have been transferred or returned to the entity’s custody for malware and other unauthorized software and to remove any items detected prior to its implementation on the network.;CC6.0 - Logical and Physical Access;;;aws;automated;PASS;GuardDuty detector c0cfc223468df81e40fec5257649bb70 enabled.;arn:aws:guardduty:ap-southeast-7:<SANDBOX_ACCOUNT_ID>:detector/c0cfc223468df81e40fec5257649bb70;guardduty_is_enabled;False;c0cfc223468df81e40fec5257649bb70;SOC2;System and Organization Controls 2 (SOC2);
aws;System and Organization Controls (SOC), defined by the American Institute of Certified Public Accountants (AICPA), is the name of a set of reports that's produced during an audit. It's intended for use by service organizations (organizations that provide information systems as a service to other organizations) to issue validated reports of internal controls over those information systems to the users of those services. The reports focus on controls grouped into five categories known as Trust Service Principles.;<SANDBOX_ACCOUNT_ID>;ap-southeast-7;2026-08-29 00:18:02.370487;cc_7_1;Uses Defined Configuration Standards - Management has defined configuration standards. Monitors Infrastructure and Software - The entity monitors infrastructure and software for noncompliance with the standards, which could threaten the achievement of the entity's objectives. Implements Change-Detection Mechanisms - The IT system includes a change-detection mechanism (for example, file integrity monitoring tools) to alert personnel to unauthorized modifications of critical system files, configuration files, or content files. Detects Unknown or Unauthorized Components - Procedures are in place to detect the introduction of unknown or unauthorized components. Conducts Vulnerability Scans - The entity conducts vulnerability scans designed to identify potential vulnerabilities or misconfigurations on a periodic basis and after any significant change in the environment and takes action to remediate identified deficiencies on a timely basis.;CC7.0 - System Operations;;;aws;automated;PASS;GuardDuty detector c0cfc223468df81e40fec5257649bb70 enabled.;arn:aws:guardduty:ap-southeast-7:<SANDBOX_ACCOUNT_ID>:detector/c0cfc223468df81e40fec5257649bb70;guardduty_is_enabled;False;c0cfc223468df81e40fec5257649bb70;SOC2;System and Organization Controls 2 (SOC2);
aws;System and Organization Controls (SOC), defined by the American Institute of Certified Public Accountants (AICPA), is the name of a set of reports that's produced during an audit. It's intended for use by service organizations (organizations that provide information systems as a service to other organizations) to issue validated reports of internal controls over those information systems to the users of those services. The reports focus on controls grouped into five categories known as Trust Service Principles.;<SANDBOX_ACCOUNT_ID>;ap-southeast-7;2026-08-29 00:18:02.370487;cc_7_2;"Implements Detection Policies, Procedures, and Tools - Detection policies and procedures are defined and implemented, and detection tools are implemented on Infrastructure and software to identify anomalies in the operation or unusual activity on systems. Procedures may include (1) a defined governance process for security event detection and management that includes provision of resources; (2) use of intelligence sources to identify newly discovered threats and vulnerabilities; and (3) logging of unusual system activities. Designs Detection Measures - Detection measures are designed to identify anomalies that could result from actual or attempted (1) compromise of physical barriers; (2) unauthorized actions of authorized personnel; (3) use of compromised identification and authentication credentials; (4) unauthorized access from outside the system boundaries; (5) compromise of authorized external parties; and (6) implementation or connection of unauthorized hardware and software. Implements Filters to Analyze Anomalies - Management has implemented procedures to filter, summarize, and analyze anomalies to identify security events. Monitors Detection Tools for Effective Operation - Management has implemented processes to monitor the effectiveness of detection tools.";CC7.0 - System Operations;;;aws;automated;PASS;GuardDuty detector c0cfc223468df81e40fec5257649bb70 enabled.;arn:aws:guardduty:ap-southeast-7:<SANDBOX_ACCOUNT_ID>:detector/c0cfc223468df81e40fec5257649bb70;guardduty_is_enabled;False;c0cfc223468df81e40fec5257649bb70;SOC2;System and Organization Controls 2 (SOC2);
aws;System and Organization Controls (SOC), defined by the American Institute of Certified Public Accountants (AICPA), is the name of a set of reports that's produced during an audit. It's intended for use by service organizations (organizations that provide information systems as a service to other organizations) to issue validated reports of internal controls over those information systems to the users of those services. The reports focus on controls grouped into five categories known as Trust Service Principles.;<SANDBOX_ACCOUNT_ID>;ap-southeast-7;2026-08-29 00:18:02.370487;cc_7_3;Responds to Security Incidents - Procedures are in place for responding to security incidents and evaluating the effectiveness of those policies and procedures on a periodic basis. Communicates and Reviews Detected Security Events - Detected security events are communicated to and reviewed by the individuals responsible for the management of the security program and actions are taken, if necessary. Develops and Implements Procedures to Analyze Security Incidents - Procedures are in place to analyze security incidents and determine system impact. Assesses the Impact on Personal Information - Detected security events are evaluated to determine whether they could or did result in the unauthorized disclosure or use of personal information and whether there has been a failure to comply with applicable laws or regulations. Determines Personal Information Used or Disclosed - When an unauthorized use or disclosure of personal information has occurred, the affected information is identified.;CC7.0 - System Operations;;;aws;automated;PASS;GuardDuty detector c0cfc223468df81e40fec5257649bb70 enabled.;arn:aws:guardduty:ap-southeast-7:<SANDBOX_ACCOUNT_ID>:detector/c0cfc223468df81e40fec5257649bb70;guardduty_is_enabled;False;c0cfc223468df81e40fec5257649bb70;SOC2;System and Organization Controls 2 (SOC2);
aws;System and Organization Controls (SOC), defined by the American Institute of Certified Public Accountants (AICPA), is the name of a set of reports that's produced during an audit. It's intended for use by service organizations (organizations that provide information systems as a service to other organizations) to issue validated reports of internal controls over those information systems to the users of those services. The reports focus on controls grouped into five categories known as Trust Service Principles.;<SANDBOX_ACCOUNT_ID>;ap-southeast-7;2026-08-29 00:18:02.370487;cc_7_4;Assigns Roles and Responsibilities - Roles and responsibilities for the design, implementation, maintenance, and execution of the incident response program are assigned, including the use of external resources when necessary. Contains Security Incidents - Procedures are in place to contain security incidents that actively threaten entity objectives. Mitigates Ongoing Security Incidents - Procedures are in place to mitigate the effects of ongoing security incidents. Ends Threats Posed by Security Incidents - Procedures are in place to end the threats posed by security incidents through closure of the vulnerability, removal of unauthorized access, and other remediation actions. Restores Operations - Procedures are in place to restore data and business operations to an interim state that permits the achievement of entity objectives. Develops and Implements Communication Protocols for Security Incidents - Protocols for communicating security incidents and actions taken to affected parties are developed and implemented to meet the entity's objectives. Obtains Understanding of Nature of Incident and Determines Containment Strategy - An understanding of the nature (for example, the method by which the incident occurred and the affected system resources) and severity of the security incident is obtained to determine the appropriate containment strategy, including (1) a determination of the appropriate response time frame, and (2) the determination and execution of the containment approach. Remediates Identified Vulnerabilities - Identified vulnerabilities are remediated through the development and execution of remediation activities. Communicates Remediation Activities - Remediation activities are documented and communicated in accordance with the incident response program. Evaluates the Effectiveness of Incident Response - The design of incident response activities is evaluated for effectiveness on a periodic basis. Periodically Evaluates Incidents - Periodically, management reviews incidents related to security, availability, processing integrity, confidentiality, and privacy and identifies the need for system changes based on incident patterns and root causes. Communicates Unauthorized Use and Disclosure - Events that resulted in unauthorized use or disclosure of personal information are communicated to the data subjects, legal and regulatory authorities, and others as required. Application of Sanctions - The conduct of individuals and organizations operating under the authority of the entity and involved in the unauthorized use or disclosure of personal information is evaluated and, if appropriate, sanctioned in accordance with entity policies and legal and regulatory requirements.;CC7.0 - System Operations;;;aws;automated;PASS;GuardDuty detector c0cfc223468df81e40fec5257649bb70 enabled.;arn:aws:guardduty:ap-southeast-7:<SANDBOX_ACCOUNT_ID>:detector/c0cfc223468df81e40fec5257649bb70;guardduty_is_enabled;False;c0cfc223468df81e40fec5257649bb70;SOC2;System and Organization Controls 2 (SOC2);
aws;System and Organization Controls (SOC), defined by the American Institute of Certified Public Accountants (AICPA), is the name of a set of reports that's produced during an audit. It's intended for use by service organizations (organizations that provide information systems as a service to other organizations) to issue validated reports of internal controls over those information systems to the users of those services. The reports focus on controls grouped into five categories known as Trust Service Principles.;<SANDBOX_ACCOUNT_ID>;ap-southeast-7;2026-08-29 00:18:02.370487;cc_3_2;"Includes Entity, Subsidiary, Division, Operating Unit, and Functional Levels - The entity identifies and assesses risk at the entity, subsidiary, division, operating unit, and functional levels relevant to the achievement of objectives. Analyzes Internal and External Factors - Risk identification considers both internal and external factors and their impact on the achievement of objectives. Involves Appropriate Levels of Management - The entity puts into place effective risk assessment mechanisms that involve appropriate levels of management. Estimates Significance of Risks Identified - Identified risks are analyzed through a process that includes estimating the potential significance of the risk. Determines How to Respond to Risks - Risk assessment includes considering how the risk should be managed and whether to accept, avoid, reduce, or share the risk. Additional points of focus specifically related to all engagements using the trust services criteria: Identifies and Assesses Criticality of Information Assets and Identifies Threats and Vulnerabilities - The entity's risk identification and assessment process includes (1) identifying information assets, including physical devices and systems, virtual devices, software, data and data flows, external information systems, and organizational roles; (2) assessing the criticality of those information assets; (3) identifying the threats to the assets from intentional (including malicious) and unintentional acts and environmental events; and (4) identifying the vulnerabilities of the identified assets.";CC3.0 - Common Criteria Related to Risk Assessment;;;aws;automated;FAIL;GuardDuty detector c0cfc223468df81e40fec5257649bb70 has 162 high severity findings.;arn:aws:guardduty:ap-southeast-7:<SANDBOX_ACCOUNT_ID>:detector/c0cfc223468df81e40fec5257649bb70;guardduty_no_high_severity_findings;False;c0cfc223468df81e40fec5257649bb70;SOC2;System and Organization Controls 2 (SOC2);
aws;System and Organization Controls (SOC), defined by the American Institute of Certified Public Accountants (AICPA), is the name of a set of reports that's produced during an audit. It's intended for use by service organizations (organizations that provide information systems as a service to other organizations) to issue validated reports of internal controls over those information systems to the users of those services. The reports focus on controls grouped into five categories known as Trust Service Principles.;<SANDBOX_ACCOUNT_ID>;ap-southeast-7;2026-08-29 00:18:02.370487;cc_4_2;Assesses Results - Management and the board of directors, as appropriate, assess results of ongoing and separate evaluations. Communicates Deficiencies - Deficiencies are communicated to parties responsible for taking corrective action and to senior management and the board of directors, as appropriate. Monitors Corrective Action - Management tracks whether deficiencies are remedied on a timely basis.;CC4.0 - Monitoring Activities;;;guardduty;automated;FAIL;GuardDuty detector c0cfc223468df81e40fec5257649bb70 has 162 high severity findings.;arn:aws:guardduty:ap-southeast-7:<SANDBOX_ACCOUNT_ID>:detector/c0cfc223468df81e40fec5257649bb70;guardduty_no_high_severity_findings;False;c0cfc223468df81e40fec5257649bb70;SOC2;System and Organization Controls 2 (SOC2);
aws;System and Organization Controls (SOC), defined by the American Institute of Certified Public Accountants (AICPA), is the name of a set of reports that's produced during an audit. It's intended for use by service organizations (organizations that provide information systems as a service to other organizations) to issue validated reports of internal controls over those information systems to the users of those services. The reports focus on controls grouped into five categories known as Trust Service Principles.;<SANDBOX_ACCOUNT_ID>;ap-southeast-7;2026-08-29 00:18:02.370487;cc_7_3;Responds to Security Incidents - Procedures are in place for responding to security incidents and evaluating the effectiveness of those policies and procedures on a periodic basis. Communicates and Reviews Detected Security Events - Detected security events are communicated to and reviewed by the individuals responsible for the management of the security program and actions are taken, if necessary. Develops and Implements Procedures to Analyze Security Incidents - Procedures are in place to analyze security incidents and determine system impact. Assesses the Impact on Personal Information - Detected security events are evaluated to determine whether they could or did result in the unauthorized disclosure or use of personal information and whether there has been a failure to comply with applicable laws or regulations. Determines Personal Information Used or Disclosed - When an unauthorized use or disclosure of personal information has occurred, the affected information is identified.;CC7.0 - System Operations;;;aws;automated;FAIL;GuardDuty detector c0cfc223468df81e40fec5257649bb70 has 162 high severity findings.;arn:aws:guardduty:ap-southeast-7:<SANDBOX_ACCOUNT_ID>:detector/c0cfc223468df81e40fec5257649bb70;guardduty_no_high_severity_findings;False;c0cfc223468df81e40fec5257649bb70;SOC2;System and Organization Controls 2 (SOC2);
aws;System and Organization Controls (SOC), defined by the American Institute of Certified Public Accountants (AICPA), is the name of a set of reports that's produced during an audit. It's intended for use by service organizations (organizations that provide information systems as a service to other organizations) to issue validated reports of internal controls over those information systems to the users of those services. The reports focus on controls grouped into five categories known as Trust Service Principles.;<SANDBOX_ACCOUNT_ID>;ap-southeast-7;2026-08-29 00:18:02.370487;cc_7_4;Assigns Roles and Responsibilities - Roles and responsibilities for the design, implementation, maintenance, and execution of the incident response program are assigned, including the use of external resources when necessary. Contains Security Incidents - Procedures are in place to contain security incidents that actively threaten entity objectives. Mitigates Ongoing Security Incidents - Procedures are in place to mitigate the effects of ongoing security incidents. Ends Threats Posed by Security Incidents - Procedures are in place to end the threats posed by security incidents through closure of the vulnerability, removal of unauthorized access, and other remediation actions. Restores Operations - Procedures are in place to restore data and business operations to an interim state that permits the achievement of entity objectives. Develops and Implements Communication Protocols for Security Incidents - Protocols for communicating security incidents and actions taken to affected parties are developed and implemented to meet the entity's objectives. Obtains Understanding of Nature of Incident and Determines Containment Strategy - An understanding of the nature (for example, the method by which the incident occurred and the affected system resources) and severity of the security incident is obtained to determine the appropriate containment strategy, including (1) a determination of the appropriate response time frame, and (2) the determination and execution of the containment approach. Remediates Identified Vulnerabilities - Identified vulnerabilities are remediated through the development and execution of remediation activities. Communicates Remediation Activities - Remediation activities are documented and communicated in accordance with the incident response program. Evaluates the Effectiveness of Incident Response - The design of incident response activities is evaluated for effectiveness on a periodic basis. Periodically Evaluates Incidents - Periodically, management reviews incidents related to security, availability, processing integrity, confidentiality, and privacy and identifies the need for system changes based on incident patterns and root causes. Communicates Unauthorized Use and Disclosure - Events that resulted in unauthorized use or disclosure of personal information are communicated to the data subjects, legal and regulatory authorities, and others as required. Application of Sanctions - The conduct of individuals and organizations operating under the authority of the entity and involved in the unauthorized use or disclosure of personal information is evaluated and, if appropriate, sanctioned in accordance with entity policies and legal and regulatory requirements.;CC7.0 - System Operations;;;aws;automated;FAIL;GuardDuty detector c0cfc223468df81e40fec5257649bb70 has 162 high severity findings.;arn:aws:guardduty:ap-southeast-7:<SANDBOX_ACCOUNT_ID>:detector/c0cfc223468df81e40fec5257649bb70;guardduty_no_high_severity_findings;False;c0cfc223468df81e40fec5257649bb70;SOC2;System and Organization Controls 2 (SOC2);
aws;System and Organization Controls (SOC), defined by the American Institute of Certified Public Accountants (AICPA), is the name of a set of reports that's produced during an audit. It's intended for use by service organizations (organizations that provide information systems as a service to other organizations) to issue validated reports of internal controls over those information systems to the users of those services. The reports focus on controls grouped into five categories known as Trust Service Principles.;<SANDBOX_ACCOUNT_ID>;ap-southeast-7;2026-08-29 00:18:02.370487;cc_1_3;Considers All Structures of the Entity - Management and the board of directors consider the multiple structures used (including operating units, legal entities, geographic distribution, and outsourced service providers) to support the achievement of objectives. Establishes Reporting Lines - Management designs and evaluates lines of reporting for each entity structure to enable execution of authorities and responsibilities and flow of information to manage the activities of the entity. Defines, Assigns, and Limits Authorities and Responsibilities - Management and the board of directors delegate authority, define responsibilities, and use appropriate processes and technology to assign responsibility and segregate duties as necessary at the various levels of the organization. Additional points of focus specifically related to all engagements using the trust services criteria: Addresses Specific Requirements When Defining Authorities and Responsibilities—Management and the board of directors consider requirements relevant to security, availability, processing integrity, confidentiality, and privacy when defining authorities and responsibilities. Considers Interactions With External Parties When Establishing Structures, Reporting Lines, Authorities, and Responsibilities — Management and the board of directors consider the need for the entity to interact with and monitor the activities of external parties when establishing structures, reporting lines, authorities, and responsibilities.;CC1.0 - Common Criteria Related to Control Environment;;;iam;automated;PASS;AWS policy AWSSSOServiceRolePolicy is attached but does not allow '*:*' administrative privileges.;arn:aws:iam::aws:policy/aws-service-role/AWSSSOServiceRolePolicy;iam_aws_attached_policy_no_administrative_privileges;False;AWSSSOServiceRolePolicy;SOC2;System and Organization Controls 2 (SOC2);
aws;System and Organization Controls (SOC), defined by the American Institute of Certified Public Accountants (AICPA), is the name of a set of reports that's produced during an audit. It's intended for use by service organizations (organizations that provide information systems as a service to other organizations) to issue validated reports of internal controls over those information systems to the users of those services. The reports focus on controls grouped into five categories known as Trust Service Principles.;<SANDBOX_ACCOUNT_ID>;ap-southeast-7;2026-08-29 00:18:02.370487;cc_6_3;Creates or Modifies Access to Protected Information Assets - Processes are in place to create or modify access to protected information assets based on authorization from the asset’s owner. Removes Access to Protected Information Assets - Processes are in place to remove access to protected information assets when an individual no longer requires access. Uses Role-Based Access Controls - Role-based access control is utilized to support segregation of incompatible functions.;CC6.0 - Logical and Physical Access;;;iam;automated;PASS;AWS policy AWSSSOServiceRolePolicy is attached but does not allow '*:*' administrative privileges.;arn:aws:iam::aws:policy/aws-service-role/AWSSSOServiceRolePolicy;iam_aws_attached_policy_no_administrative_privileges;False;AWSSSOServiceRolePolicy;SOC2;System and Organization Controls 2 (SOC2);
aws;System and Organization Controls (SOC), defined by the American Institute of Certified Public Accountants (AICPA), is the name of a set of reports that's produced during an audit. It's intended for use by service organizations (organizations that provide information systems as a service to other organizations) to issue validated reports of internal controls over those information systems to the users of those services. The reports focus on controls grouped into five categories known as Trust Service Principles.;<SANDBOX_ACCOUNT_ID>;ap-southeast-7;2026-08-29 00:18:02.370487;cc_1_3;Considers All Structures of the Entity - Management and the board of directors consider the multiple structures used (including operating units, legal entities, geographic distribution, and outsourced service providers) to support the achievement of objectives. Establishes Reporting Lines - Management designs and evaluates lines of reporting for each entity structure to enable execution of authorities and responsibilities and flow of information to manage the activities of the entity. Defines, Assigns, and Limits Authorities and Responsibilities - Management and the board of directors delegate authority, define responsibilities, and use appropriate processes and technology to assign responsibility and segregate duties as necessary at the various levels of the organization. Additional points of focus specifically related to all engagements using the trust services criteria: Addresses Specific Requirements When Defining Authorities and Responsibilities—Management and the board of directors consider requirements relevant to security, availability, processing integrity, confidentiality, and privacy when defining authorities and responsibilities. Considers Interactions With External Parties When Establishing Structures, Reporting Lines, Authorities, and Responsibilities — Management and the board of directors consider the need for the entity to interact with and monitor the activities of external parties when establishing structures, reporting lines, authorities, and responsibilities.;CC1.0 - Common Criteria Related to Control Environment;;;iam;automated;PASS;AWS policy AWSOrganizationsServiceTrustPolicy is attached but does not allow '*:*' administrative privileges.;arn:aws:iam::aws:policy/aws-service-role/AWSOrganizationsServiceTrustPolicy;iam_aws_attached_policy_no_administrative_privileges;False;AWSOrganizationsServiceTrustPolicy;SOC2;System and Organization Controls 2 (SOC2);
aws;System and Organization Controls (SOC), defined by the American Institute of Certified Public Accountants (AICPA), is the name of a set of reports that's produced during an audit. It's intended for use by service organizations (organizations that provide information systems as a service to other organizations) to issue validated reports of internal controls over those information systems to the users of those services. The reports focus on controls grouped into five categories known as Trust Service Principles.;<SANDBOX_ACCOUNT_ID>;ap-southeast-7;2026-08-29 00:18:02.370487;cc_6_3;Creates or Modifies Access to Protected Information Assets - Processes are in place to create or modify access to protected information assets based on authorization from the asset’s owner. Removes Access to Protected Information Assets - Processes are in place to remove access to protected information assets when an individual no longer requires access. Uses Role-Based Access Controls - Role-based access control is utilized to support segregation of incompatible functions.;CC6.0 - Logical and Physical Access;;;iam;automated;PASS;AWS policy AWSOrganizationsServiceTrustPolicy is attached but does not allow '*:*' administrative privileges.;arn:aws:iam::aws:policy/aws-service-role/AWSOrganizationsServiceTrustPolicy;iam_aws_attached_policy_no_administrative_privileges;False;AWSOrganizationsServiceTrustPolicy;SOC2;System and Organization Controls 2 (SOC2);
aws;System and Organization Controls (SOC), defined by the American Institute of Certified Public Accountants (AICPA), is the name of a set of reports that's produced during an audit. It's intended for use by service organizations (organizations that provide information systems as a service to other organizations) to issue validated reports of internal controls over those information systems to the users of those services. The reports focus on controls grouped into five categories known as Trust Service Principles.;<SANDBOX_ACCOUNT_ID>;ap-southeast-7;2026-08-29 00:18:02.370487;cc_1_3;Considers All Structures of the Entity - Management and the board of directors consider the multiple structures used (including operating units, legal entities, geographic distribution, and outsourced service providers) to support the achievement of objectives. Establishes Reporting Lines - Management designs and evaluates lines of reporting for each entity structure to enable execution of authorities and responsibilities and flow of information to manage the activities of the entity. Defines, Assigns, and Limits Authorities and Responsibilities - Management and the board of directors delegate authority, define responsibilities, and use appropriate processes and technology to assign responsibility and segregate duties as necessary at the various levels of the organization. Additional points of focus specifically related to all engagements using the trust services criteria: Addresses Specific Requirements When Defining Authorities and Responsibilities—Management and the board of directors consider requirements relevant to security, availability, processing integrity, confidentiality, and privacy when defining authorities and responsibilities. Considers Interactions With External Parties When Establishing Structures, Reporting Lines, Authorities, and Responsibilities — Management and the board of directors consider the need for the entity to interact with and monitor the activities of external parties when establishing structures, reporting lines, authorities, and responsibilities.;CC1.0 - Common Criteria Related to Control Environment;;;iam;automated;PASS;AWS policy AmazonGuardDutyServiceRolePolicy is attached but does not allow '*:*' administrative privileges.;arn:aws:iam::aws:policy/aws-service-role/AmazonGuardDutyServiceRolePolicy;iam_aws_attached_policy_no_administrative_privileges;False;AmazonGuardDutyServiceRolePolicy;SOC2;System and Organization Controls 2 (SOC2);
aws;System and Organization Controls (SOC), defined by the American Institute of Certified Public Accountants (AICPA), is the name of a set of reports that's produced during an audit. It's intended for use by service organizations (organizations that provide information systems as a service to other organizations) to issue validated reports of internal controls over those information systems to the users of those services. The reports focus on controls grouped into five categories known as Trust Service Principles.;<SANDBOX_ACCOUNT_ID>;ap-southeast-7;2026-08-29 00:18:02.370487;cc_6_3;Creates or Modifies Access to Protected Information Assets - Processes are in place to create or modify access to protected information assets based on authorization from the asset’s owner. Removes Access to Protected Information Assets - Processes are in place to remove access to protected information assets when an individual no longer requires access. Uses Role-Based Access Controls - Role-based access control is utilized to support segregation of incompatible functions.;CC6.0 - Logical and Physical Access;;;iam;automated;PASS;AWS policy AmazonGuardDutyServiceRolePolicy is attached but does not allow '*:*' administrative privileges.;arn:aws:iam::aws:policy/aws-service-role/AmazonGuardDutyServiceRolePolicy;iam_aws_attached_policy_no_administrative_privileges;False;AmazonGuardDutyServiceRolePolicy;SOC2;System and Organization Controls 2 (SOC2);
aws;System and Organization Controls (SOC), defined by the American Institute of Certified Public Accountants (AICPA), is the name of a set of reports that's produced during an audit. It's intended for use by service organizations (organizations that provide information systems as a service to other organizations) to issue validated reports of internal controls over those information systems to the users of those services. The reports focus on controls grouped into five categories known as Trust Service Principles.;<SANDBOX_ACCOUNT_ID>;ap-southeast-7;2026-08-29 00:18:02.370487;cc_1_3;Considers All Structures of the Entity - Management and the board of directors consider the multiple structures used (including operating units, legal entities, geographic distribution, and outsourced service providers) to support the achievement of objectives. Establishes Reporting Lines - Management designs and evaluates lines of reporting for each entity structure to enable execution of authorities and responsibilities and flow of information to manage the activities of the entity. Defines, Assigns, and Limits Authorities and Responsibilities - Management and the board of directors delegate authority, define responsibilities, and use appropriate processes and technology to assign responsibility and segregate duties as necessary at the various levels of the organization. Additional points of focus specifically related to all engagements using the trust services criteria: Addresses Specific Requirements When Defining Authorities and Responsibilities—Management and the board of directors consider requirements relevant to security, availability, processing integrity, confidentiality, and privacy when defining authorities and responsibilities. Considers Interactions With External Parties When Establishing Structures, Reporting Lines, Authorities, and Responsibilities — Management and the board of directors consider the need for the entity to interact with and monitor the activities of external parties when establishing structures, reporting lines, authorities, and responsibilities.;CC1.0 - Common Criteria Related to Control Environment;;;iam;automated;PASS;AWS policy AWSTrustedAdvisorServiceRolePolicy is attached but does not allow '*:*' administrative privileges.;arn:aws:iam::aws:policy/aws-service-role/AWSTrustedAdvisorServiceRolePolicy;iam_aws_attached_policy_no_administrative_privileges;False;AWSTrustedAdvisorServiceRolePolicy;SOC2;System and Organization Controls 2 (SOC2);
aws;System and Organization Controls (SOC), defined by the American Institute of Certified Public Accountants (AICPA), is the name of a set of reports that's produced during an audit. It's intended for use by service organizations (organizations that provide information systems as a service to other organizations) to issue validated reports of internal controls over those information systems to the users of those services. The reports focus on controls grouped into five categories known as Trust Service Principles.;<SANDBOX_ACCOUNT_ID>;ap-southeast-7;2026-08-29 00:18:02.370487;cc_6_3;Creates or Modifies Access to Protected Information Assets - Processes are in place to create or modify access to protected information assets based on authorization from the asset’s owner. Removes Access to Protected Information Assets - Processes are in place to remove access to protected information assets when an individual no longer requires access. Uses Role-Based Access Controls - Role-based access control is utilized to support segregation of incompatible functions.;CC6.0 - Logical and Physical Access;;;iam;automated;PASS;AWS policy AWSTrustedAdvisorServiceRolePolicy is attached but does not allow '*:*' administrative privileges.;arn:aws:iam::aws:policy/aws-service-role/AWSTrustedAdvisorServiceRolePolicy;iam_aws_attached_policy_no_administrative_privileges;False;AWSTrustedAdvisorServiceRolePolicy;SOC2;System and Organization Controls 2 (SOC2);
aws;System and Organization Controls (SOC), defined by the American Institute of Certified Public Accountants (AICPA), is the name of a set of reports that's produced during an audit. It's intended for use by service organizations (organizations that provide information systems as a service to other organizations) to issue validated reports of internal controls over those information systems to the users of those services. The reports focus on controls grouped into five categories known as Trust Service Principles.;<SANDBOX_ACCOUNT_ID>;ap-southeast-7;2026-08-29 00:18:02.370487;cc_1_3;Considers All Structures of the Entity - Management and the board of directors consider the multiple structures used (including operating units, legal entities, geographic distribution, and outsourced service providers) to support the achievement of objectives. Establishes Reporting Lines - Management designs and evaluates lines of reporting for each entity structure to enable execution of authorities and responsibilities and flow of information to manage the activities of the entity. Defines, Assigns, and Limits Authorities and Responsibilities - Management and the board of directors delegate authority, define responsibilities, and use appropriate processes and technology to assign responsibility and segregate duties as necessary at the various levels of the organization. Additional points of focus specifically related to all engagements using the trust services criteria: Addresses Specific Requirements When Defining Authorities and Responsibilities—Management and the board of directors consider requirements relevant to security, availability, processing integrity, confidentiality, and privacy when defining authorities and responsibilities. Considers Interactions With External Parties When Establishing Structures, Reporting Lines, Authorities, and Responsibilities — Management and the board of directors consider the need for the entity to interact with and monitor the activities of external parties when establishing structures, reporting lines, authorities, and responsibilities.;CC1.0 - Common Criteria Related to Control Environment;;;iam;automated;FAIL;AWS policy AdministratorAccess is attached and allows '*:*' administrative privileges.;arn:aws:iam::aws:policy/AdministratorAccess;iam_aws_attached_policy_no_administrative_privileges;False;AdministratorAccess;SOC2;System and Organization Controls 2 (SOC2);
aws;System and Organization Controls (SOC), defined by the American Institute of Certified Public Accountants (AICPA), is the name of a set of reports that's produced during an audit. It's intended for use by service organizations (organizations that provide information systems as a service to other organizations) to issue validated reports of internal controls over those information systems to the users of those services. The reports focus on controls grouped into five categories known as Trust Service Principles.;<SANDBOX_ACCOUNT_ID>;ap-southeast-7;2026-08-29 00:18:02.370487;cc_6_3;Creates or Modifies Access to Protected Information Assets - Processes are in place to create or modify access to protected information assets based on authorization from the asset’s owner. Removes Access to Protected Information Assets - Processes are in place to remove access to protected information assets when an individual no longer requires access. Uses Role-Based Access Controls - Role-based access control is utilized to support segregation of incompatible functions.;CC6.0 - Logical and Physical Access;;;iam;automated;FAIL;AWS policy AdministratorAccess is attached and allows '*:*' administrative privileges.;arn:aws:iam::aws:policy/AdministratorAccess;iam_aws_attached_policy_no_administrative_privileges;False;AdministratorAccess;SOC2;System and Organization Controls 2 (SOC2);
aws;System and Organization Controls (SOC), defined by the American Institute of Certified Public Accountants (AICPA), is the name of a set of reports that's produced during an audit. It's intended for use by service organizations (organizations that provide information systems as a service to other organizations) to issue validated reports of internal controls over those information systems to the users of those services. The reports focus on controls grouped into five categories known as Trust Service Principles.;<SANDBOX_ACCOUNT_ID>;ap-southeast-7;2026-08-29 00:18:02.370487;cc_1_3;Considers All Structures of the Entity - Management and the board of directors consider the multiple structures used (including operating units, legal entities, geographic distribution, and outsourced service providers) to support the achievement of objectives. Establishes Reporting Lines - Management designs and evaluates lines of reporting for each entity structure to enable execution of authorities and responsibilities and flow of information to manage the activities of the entity. Defines, Assigns, and Limits Authorities and Responsibilities - Management and the board of directors delegate authority, define responsibilities, and use appropriate processes and technology to assign responsibility and segregate duties as necessary at the various levels of the organization. Additional points of focus specifically related to all engagements using the trust services criteria: Addresses Specific Requirements When Defining Authorities and Responsibilities—Management and the board of directors consider requirements relevant to security, availability, processing integrity, confidentiality, and privacy when defining authorities and responsibilities. Considers Interactions With External Parties When Establishing Structures, Reporting Lines, Authorities, and Responsibilities — Management and the board of directors consider the need for the entity to interact with and monitor the activities of external parties when establishing structures, reporting lines, authorities, and responsibilities.;CC1.0 - Common Criteria Related to Control Environment;;;iam;automated;PASS;AWS policy AWSSupportServiceRolePolicy is attached but does not allow '*:*' administrative privileges.;arn:aws:iam::aws:policy/aws-service-role/AWSSupportServiceRolePolicy;iam_aws_attached_policy_no_administrative_privileges;False;AWSSupportServiceRolePolicy;SOC2;System and Organization Controls 2 (SOC2);
aws;System and Organization Controls (SOC), defined by the American Institute of Certified Public Accountants (AICPA), is the name of a set of reports that's produced during an audit. It's intended for use by service organizations (organizations that provide information systems as a service to other organizations) to issue validated reports of internal controls over those information systems to the users of those services. The reports focus on controls grouped into five categories known as Trust Service Principles.;<SANDBOX_ACCOUNT_ID>;ap-southeast-7;2026-08-29 00:18:02.370487;cc_6_3;Creates or Modifies Access to Protected Information Assets - Processes are in place to create or modify access to protected information assets based on authorization from the asset’s owner. Removes Access to Protected Information Assets - Processes are in place to remove access to protected information assets when an individual no longer requires access. Uses Role-Based Access Controls - Role-based access control is utilized to support segregation of incompatible functions.;CC6.0 - Logical and Physical Access;;;iam;automated;PASS;AWS policy AWSSupportServiceRolePolicy is attached but does not allow '*:*' administrative privileges.;arn:aws:iam::aws:policy/aws-service-role/AWSSupportServiceRolePolicy;iam_aws_attached_policy_no_administrative_privileges;False;AWSSupportServiceRolePolicy;SOC2;System and Organization Controls 2 (SOC2);
aws;System and Organization Controls (SOC), defined by the American Institute of Certified Public Accountants (AICPA), is the name of a set of reports that's produced during an audit. It's intended for use by service organizations (organizations that provide information systems as a service to other organizations) to issue validated reports of internal controls over those information systems to the users of those services. The reports focus on controls grouped into five categories known as Trust Service Principles.;<SANDBOX_ACCOUNT_ID>;ap-southeast-7;2026-08-29 00:18:02.370487;cc_1_3;Considers All Structures of the Entity - Management and the board of directors consider the multiple structures used (including operating units, legal entities, geographic distribution, and outsourced service providers) to support the achievement of objectives. Establishes Reporting Lines - Management designs and evaluates lines of reporting for each entity structure to enable execution of authorities and responsibilities and flow of information to manage the activities of the entity. Defines, Assigns, and Limits Authorities and Responsibilities - Management and the board of directors delegate authority, define responsibilities, and use appropriate processes and technology to assign responsibility and segregate duties as necessary at the various levels of the organization. Additional points of focus specifically related to all engagements using the trust services criteria: Addresses Specific Requirements When Defining Authorities and Responsibilities—Management and the board of directors consider requirements relevant to security, availability, processing integrity, confidentiality, and privacy when defining authorities and responsibilities. Considers Interactions With External Parties When Establishing Structures, Reporting Lines, Authorities, and Responsibilities — Management and the board of directors consider the need for the entity to interact with and monitor the activities of external parties when establishing structures, reporting lines, authorities, and responsibilities.;CC1.0 - Common Criteria Related to Control Environment;;;iam;automated;PASS;AWS policy CloudTrailServiceRolePolicy is attached but does not allow '*:*' administrative privileges.;arn:aws:iam::aws:policy/aws-service-role/CloudTrailServiceRolePolicy;iam_aws_attached_policy_no_administrative_privileges;False;CloudTrailServiceRolePolicy;SOC2;System and Organization Controls 2 (SOC2);
aws;System and Organization Controls (SOC), defined by the American Institute of Certified Public Accountants (AICPA), is the name of a set of reports that's produced during an audit. It's intended for use by service organizations (organizations that provide information systems as a service to other organizations) to issue validated reports of internal controls over those information systems to the users of those services. The reports focus on controls grouped into five categories known as Trust Service Principles.;<SANDBOX_ACCOUNT_ID>;ap-southeast-7;2026-08-29 00:18:02.370487;cc_6_3;Creates or Modifies Access to Protected Information Assets - Processes are in place to create or modify access to protected information assets based on authorization from the asset’s owner. Removes Access to Protected Information Assets - Processes are in place to remove access to protected information assets when an individual no longer requires access. Uses Role-Based Access Controls - Role-based access control is utilized to support segregation of incompatible functions.;CC6.0 - Logical and Physical Access;;;iam;automated;PASS;AWS policy CloudTrailServiceRolePolicy is attached but does not allow '*:*' administrative privileges.;arn:aws:iam::aws:policy/aws-service-role/CloudTrailServiceRolePolicy;iam_aws_attached_policy_no_administrative_privileges;False;CloudTrailServiceRolePolicy;SOC2;System and Organization Controls 2 (SOC2);
aws;System and Organization Controls (SOC), defined by the American Institute of Certified Public Accountants (AICPA), is the name of a set of reports that's produced during an audit. It's intended for use by service organizations (organizations that provide information systems as a service to other organizations) to issue validated reports of internal controls over those information systems to the users of those services. The reports focus on controls grouped into five categories known as Trust Service Principles.;<SANDBOX_ACCOUNT_ID>;ap-southeast-7;2026-08-29 00:18:02.370487;cc_1_3;Considers All Structures of the Entity - Management and the board of directors consider the multiple structures used (including operating units, legal entities, geographic distribution, and outsourced service providers) to support the achievement of objectives. Establishes Reporting Lines - Management designs and evaluates lines of reporting for each entity structure to enable execution of authorities and responsibilities and flow of information to manage the activities of the entity. Defines, Assigns, and Limits Authorities and Responsibilities - Management and the board of directors delegate authority, define responsibilities, and use appropriate processes and technology to assign responsibility and segregate duties as necessary at the various levels of the organization. Additional points of focus specifically related to all engagements using the trust services criteria: Addresses Specific Requirements When Defining Authorities and Responsibilities—Management and the board of directors consider requirements relevant to security, availability, processing integrity, confidentiality, and privacy when defining authorities and responsibilities. Considers Interactions With External Parties When Establishing Structures, Reporting Lines, Authorities, and Responsibilities — Management and the board of directors consider the need for the entity to interact with and monitor the activities of external parties when establishing structures, reporting lines, authorities, and responsibilities.;CC1.0 - Common Criteria Related to Control Environment;;;iam;automated;PASS;AWS policy AWSResourceExplorerServiceRolePolicy is attached but does not allow '*:*' administrative privileges.;arn:aws:iam::aws:policy/aws-service-role/AWSResourceExplorerServiceRolePolicy;iam_aws_attached_policy_no_administrative_privileges;False;AWSResourceExplorerServiceRolePolicy;SOC2;System and Organization Controls 2 (SOC2);
aws;System and Organization Controls (SOC), defined by the American Institute of Certified Public Accountants (AICPA), is the name of a set of reports that's produced during an audit. It's intended for use by service organizations (organizations that provide information systems as a service to other organizations) to issue validated reports of internal controls over those information systems to the users of those services. The reports focus on controls grouped into five categories known as Trust Service Principles.;<SANDBOX_ACCOUNT_ID>;ap-southeast-7;2026-08-29 00:18:02.370487;cc_6_3;Creates or Modifies Access to Protected Information Assets - Processes are in place to create or modify access to protected information assets based on authorization from the asset’s owner. Removes Access to Protected Information Assets - Processes are in place to remove access to protected information assets when an individual no longer requires access. Uses Role-Based Access Controls - Role-based access control is utilized to support segregation of incompatible functions.;CC6.0 - Logical and Physical Access;;;iam;automated;PASS;AWS policy AWSResourceExplorerServiceRolePolicy is attached but does not allow '*:*' administrative privileges.;arn:aws:iam::aws:policy/aws-service-role/AWSResourceExplorerServiceRolePolicy;iam_aws_attached_policy_no_administrative_privileges;False;AWSResourceExplorerServiceRolePolicy;SOC2;System and Organization Controls 2 (SOC2);
aws;System and Organization Controls (SOC), defined by the American Institute of Certified Public Accountants (AICPA), is the name of a set of reports that's produced during an audit. It's intended for use by service organizations (organizations that provide information systems as a service to other organizations) to issue validated reports of internal controls over those information systems to the users of those services. The reports focus on controls grouped into five categories known as Trust Service Principles.;<SANDBOX_ACCOUNT_ID>;ap-southeast-7;2026-08-29 00:18:02.370487;cc_3_3;Considers Various Types of Fraud - The assessment of fraud considers fraudulent reporting, possible loss of assets, and corruption resulting from the various ways that fraud and misconduct can occur. Assesses Incentives and Pressures - The assessment of fraud risks considers incentives and pressures. Assesses Opportunities - The assessment of fraud risk considers opportunities for unauthorized acquisition,use, or disposal of assets, altering the entity’s reporting records, or committing other inappropriate acts. Assesses Attitudes and Rationalizations - The assessment of fraud risk considers how management and other personnel might engage in or justify inappropriate actions. Additional point of focus specifically related to all engagements using the trust services criteria: Considers the Risks Related to the Use of IT and Access to Information - The assessment of fraud risks includes consideration of threats and vulnerabilities that arise specifically from the use of IT and access to information.;CC3.0 - Common Criteria Related to Risk Assessment;;;aws;automated;FAIL;Inline policy range-app-deploy-policy attached to role range-app-deploy-role allows privilege escalation using the following actions: 'ec2:CreateLaunchTemplateVersion', 'ec2:ModifyInstanceAttribute', 'ec2:ModifyLaunchTemplate', 'ec2:RequestSpotInstances', 'ec2:RunInstances', 'ec2:StartInstances', 'ec2:StopInstances', 'iam:PassRole'.;arn:aws:iam::<SANDBOX_ACCOUNT_ID>:role/range-app-deploy-role;iam_inline_policy_allows_privilege_escalation;False;range-app-deploy-role/range-app-deploy-policy;SOC2;System and Organization Controls 2 (SOC2);
aws;System and Organization Controls (SOC), defined by the American Institute of Certified Public Accountants (AICPA), is the name of a set of reports that's produced during an audit. It's intended for use by service organizations (organizations that provide information systems as a service to other organizations) to issue validated reports of internal controls over those information systems to the users of those services. The reports focus on controls grouped into five categories known as Trust Service Principles.;<SANDBOX_ACCOUNT_ID>;ap-southeast-7;2026-08-29 00:18:02.370487;cc_3_3;Considers Various Types of Fraud - The assessment of fraud considers fraudulent reporting, possible loss of assets, and corruption resulting from the various ways that fraud and misconduct can occur. Assesses Incentives and Pressures - The assessment of fraud risks considers incentives and pressures. Assesses Opportunities - The assessment of fraud risk considers opportunities for unauthorized acquisition,use, or disposal of assets, altering the entity’s reporting records, or committing other inappropriate acts. Assesses Attitudes and Rationalizations - The assessment of fraud risk considers how management and other personnel might engage in or justify inappropriate actions. Additional point of focus specifically related to all engagements using the trust services criteria: Considers the Risks Related to the Use of IT and Access to Information - The assessment of fraud risks includes consideration of threats and vulnerabilities that arise specifically from the use of IT and access to information.;CC3.0 - Common Criteria Related to Risk Assessment;;;aws;automated;PASS;Inline policy range-cloudtrail-to-cwl attached to role range-cloudtrail-to-cwl does not allow privilege escalation.;arn:aws:iam::<SANDBOX_ACCOUNT_ID>:role/range-cloudtrail-to-cwl;iam_inline_policy_allows_privilege_escalation;False;range-cloudtrail-to-cwl/range-cloudtrail-to-cwl;SOC2;System and Organization Controls 2 (SOC2);
aws;System and Organization Controls (SOC), defined by the American Institute of Certified Public Accountants (AICPA), is the name of a set of reports that's produced during an audit. It's intended for use by service organizations (organizations that provide information systems as a service to other organizations) to issue validated reports of internal controls over those information systems to the users of those services. The reports focus on controls grouped into five categories known as Trust Service Principles.;<SANDBOX_ACCOUNT_ID>;ap-southeast-7;2026-08-29 00:18:02.370487;cc_3_3;Considers Various Types of Fraud - The assessment of fraud considers fraudulent reporting, possible loss of assets, and corruption resulting from the various ways that fraud and misconduct can occur. Assesses Incentives and Pressures - The assessment of fraud risks considers incentives and pressures. Assesses Opportunities - The assessment of fraud risk considers opportunities for unauthorized acquisition,use, or disposal of assets, altering the entity’s reporting records, or committing other inappropriate acts. Assesses Attitudes and Rationalizations - The assessment of fraud risk considers how management and other personnel might engage in or justify inappropriate actions. Additional point of focus specifically related to all engagements using the trust services criteria: Considers the Risks Related to the Use of IT and Access to Information - The assessment of fraud risks includes consideration of threats and vulnerabilities that arise specifically from the use of IT and access to information.;CC3.0 - Common Criteria Related to Risk Assessment;;;aws;automated;PASS;Inline policy range-responder attached to role range-responder does not allow privilege escalation.;arn:aws:iam::<SANDBOX_ACCOUNT_ID>:role/range-responder;iam_inline_policy_allows_privilege_escalation;False;range-responder/range-responder;SOC2;System and Organization Controls 2 (SOC2);
aws;System and Organization Controls (SOC), defined by the American Institute of Certified Public Accountants (AICPA), is the name of a set of reports that's produced during an audit. It's intended for use by service organizations (organizations that provide information systems as a service to other organizations) to issue validated reports of internal controls over those information systems to the users of those services. The reports focus on controls grouped into five categories known as Trust Service Principles.;<SANDBOX_ACCOUNT_ID>;ap-southeast-7;2026-08-29 00:18:02.370487;cc_1_3;Considers All Structures of the Entity - Management and the board of directors consider the multiple structures used (including operating units, legal entities, geographic distribution, and outsourced service providers) to support the achievement of objectives. Establishes Reporting Lines - Management designs and evaluates lines of reporting for each entity structure to enable execution of authorities and responsibilities and flow of information to manage the activities of the entity. Defines, Assigns, and Limits Authorities and Responsibilities - Management and the board of directors delegate authority, define responsibilities, and use appropriate processes and technology to assign responsibility and segregate duties as necessary at the various levels of the organization. Additional points of focus specifically related to all engagements using the trust services criteria: Addresses Specific Requirements When Defining Authorities and Responsibilities—Management and the board of directors consider requirements relevant to security, availability, processing integrity, confidentiality, and privacy when defining authorities and responsibilities. Considers Interactions With External Parties When Establishing Structures, Reporting Lines, Authorities, and Responsibilities — Management and the board of directors consider the need for the entity to interact with and monitor the activities of external parties when establishing structures, reporting lines, authorities, and responsibilities.;CC1.0 - Common Criteria Related to Control Environment;;;iam;automated;PASS;Inline policy range-app-deploy-policy attached to role range-app-deploy-role does not allow '*:*' administrative privileges.;arn:aws:iam::<SANDBOX_ACCOUNT_ID>:role/range-app-deploy-role;iam_inline_policy_no_administrative_privileges;False;range-app-deploy-role/range-app-deploy-policy;SOC2;System and Organization Controls 2 (SOC2);
aws;System and Organization Controls (SOC), defined by the American Institute of Certified Public Accountants (AICPA), is the name of a set of reports that's produced during an audit. It's intended for use by service organizations (organizations that provide information systems as a service to other organizations) to issue validated reports of internal controls over those information systems to the users of those services. The reports focus on controls grouped into five categories known as Trust Service Principles.;<SANDBOX_ACCOUNT_ID>;ap-southeast-7;2026-08-29 00:18:02.370487;cc_6_3;Creates or Modifies Access to Protected Information Assets - Processes are in place to create or modify access to protected information assets based on authorization from the asset’s owner. Removes Access to Protected Information Assets - Processes are in place to remove access to protected information assets when an individual no longer requires access. Uses Role-Based Access Controls - Role-based access control is utilized to support segregation of incompatible functions.;CC6.0 - Logical and Physical Access;;;iam;automated;PASS;Inline policy range-app-deploy-policy attached to role range-app-deploy-role does not allow '*:*' administrative privileges.;arn:aws:iam::<SANDBOX_ACCOUNT_ID>:role/range-app-deploy-role;iam_inline_policy_no_administrative_privileges;False;range-app-deploy-role/range-app-deploy-policy;SOC2;System and Organization Controls 2 (SOC2);
aws;System and Organization Controls (SOC), defined by the American Institute of Certified Public Accountants (AICPA), is the name of a set of reports that's produced during an audit. It's intended for use by service organizations (organizations that provide information systems as a service to other organizations) to issue validated reports of internal controls over those information systems to the users of those services. The reports focus on controls grouped into five categories known as Trust Service Principles.;<SANDBOX_ACCOUNT_ID>;ap-southeast-7;2026-08-29 00:18:02.370487;cc_1_3;Considers All Structures of the Entity - Management and the board of directors consider the multiple structures used (including operating units, legal entities, geographic distribution, and outsourced service providers) to support the achievement of objectives. Establishes Reporting Lines - Management designs and evaluates lines of reporting for each entity structure to enable execution of authorities and responsibilities and flow of information to manage the activities of the entity. Defines, Assigns, and Limits Authorities and Responsibilities - Management and the board of directors delegate authority, define responsibilities, and use appropriate processes and technology to assign responsibility and segregate duties as necessary at the various levels of the organization. Additional points of focus specifically related to all engagements using the trust services criteria: Addresses Specific Requirements When Defining Authorities and Responsibilities—Management and the board of directors consider requirements relevant to security, availability, processing integrity, confidentiality, and privacy when defining authorities and responsibilities. Considers Interactions With External Parties When Establishing Structures, Reporting Lines, Authorities, and Responsibilities — Management and the board of directors consider the need for the entity to interact with and monitor the activities of external parties when establishing structures, reporting lines, authorities, and responsibilities.;CC1.0 - Common Criteria Related to Control Environment;;;iam;automated;PASS;Inline policy range-cloudtrail-to-cwl attached to role range-cloudtrail-to-cwl does not allow '*:*' administrative privileges.;arn:aws:iam::<SANDBOX_ACCOUNT_ID>:role/range-cloudtrail-to-cwl;iam_inline_policy_no_administrative_privileges;False;range-cloudtrail-to-cwl/range-cloudtrail-to-cwl;SOC2;System and Organization Controls 2 (SOC2);
aws;System and Organization Controls (SOC), defined by the American Institute of Certified Public Accountants (AICPA), is the name of a set of reports that's produced during an audit. It's intended for use by service organizations (organizations that provide information systems as a service to other organizations) to issue validated reports of internal controls over those information systems to the users of those services. The reports focus on controls grouped into five categories known as Trust Service Principles.;<SANDBOX_ACCOUNT_ID>;ap-southeast-7;2026-08-29 00:18:02.370487;cc_6_3;Creates or Modifies Access to Protected Information Assets - Processes are in place to create or modify access to protected information assets based on authorization from the asset’s owner. Removes Access to Protected Information Assets - Processes are in place to remove access to protected information assets when an individual no longer requires access. Uses Role-Based Access Controls - Role-based access control is utilized to support segregation of incompatible functions.;CC6.0 - Logical and Physical Access;;;iam;automated;PASS;Inline policy range-cloudtrail-to-cwl attached to role range-cloudtrail-to-cwl does not allow '*:*' administrative privileges.;arn:aws:iam::<SANDBOX_ACCOUNT_ID>:role/range-cloudtrail-to-cwl;iam_inline_policy_no_administrative_privileges;False;range-cloudtrail-to-cwl/range-cloudtrail-to-cwl;SOC2;System and Organization Controls 2 (SOC2);
aws;System and Organization Controls (SOC), defined by the American Institute of Certified Public Accountants (AICPA), is the name of a set of reports that's produced during an audit. It's intended for use by service organizations (organizations that provide information systems as a service to other organizations) to issue validated reports of internal controls over those information systems to the users of those services. The reports focus on controls grouped into five categories known as Trust Service Principles.;<SANDBOX_ACCOUNT_ID>;ap-southeast-7;2026-08-29 00:18:02.370487;cc_1_3;Considers All Structures of the Entity - Management and the board of directors consider the multiple structures used (including operating units, legal entities, geographic distribution, and outsourced service providers) to support the achievement of objectives. Establishes Reporting Lines - Management designs and evaluates lines of reporting for each entity structure to enable execution of authorities and responsibilities and flow of information to manage the activities of the entity. Defines, Assigns, and Limits Authorities and Responsibilities - Management and the board of directors delegate authority, define responsibilities, and use appropriate processes and technology to assign responsibility and segregate duties as necessary at the various levels of the organization. Additional points of focus specifically related to all engagements using the trust services criteria: Addresses Specific Requirements When Defining Authorities and Responsibilities—Management and the board of directors consider requirements relevant to security, availability, processing integrity, confidentiality, and privacy when defining authorities and responsibilities. Considers Interactions With External Parties When Establishing Structures, Reporting Lines, Authorities, and Responsibilities — Management and the board of directors consider the need for the entity to interact with and monitor the activities of external parties when establishing structures, reporting lines, authorities, and responsibilities.;CC1.0 - Common Criteria Related to Control Environment;;;iam;automated;PASS;Inline policy range-responder attached to role range-responder does not allow '*:*' administrative privileges.;arn:aws:iam::<SANDBOX_ACCOUNT_ID>:role/range-responder;iam_inline_policy_no_administrative_privileges;False;range-responder/range-responder;SOC2;System and Organization Controls 2 (SOC2);
aws;System and Organization Controls (SOC), defined by the American Institute of Certified Public Accountants (AICPA), is the name of a set of reports that's produced during an audit. It's intended for use by service organizations (organizations that provide information systems as a service to other organizations) to issue validated reports of internal controls over those information systems to the users of those services. The reports focus on controls grouped into five categories known as Trust Service Principles.;<SANDBOX_ACCOUNT_ID>;ap-southeast-7;2026-08-29 00:18:02.370487;cc_6_3;Creates or Modifies Access to Protected Information Assets - Processes are in place to create or modify access to protected information assets based on authorization from the asset’s owner. Removes Access to Protected Information Assets - Processes are in place to remove access to protected information assets when an individual no longer requires access. Uses Role-Based Access Controls - Role-based access control is utilized to support segregation of incompatible functions.;CC6.0 - Logical and Physical Access;;;iam;automated;PASS;Inline policy range-responder attached to role range-responder does not allow '*:*' administrative privileges.;arn:aws:iam::<SANDBOX_ACCOUNT_ID>:role/range-responder;iam_inline_policy_no_administrative_privileges;False;range-responder/range-responder;SOC2;System and Organization Controls 2 (SOC2);
aws;System and Organization Controls (SOC), defined by the American Institute of Certified Public Accountants (AICPA), is the name of a set of reports that's produced during an audit. It's intended for use by service organizations (organizations that provide information systems as a service to other organizations) to issue validated reports of internal controls over those information systems to the users of those services. The reports focus on controls grouped into five categories known as Trust Service Principles.;<SANDBOX_ACCOUNT_ID>;ap-southeast-7;2026-08-29 00:18:02.370487;cc_6_3;Creates or Modifies Access to Protected Information Assets - Processes are in place to create or modify access to protected information assets based on authorization from the asset’s owner. Removes Access to Protected Information Assets - Processes are in place to remove access to protected information assets when an individual no longer requires access. Uses Role-Based Access Controls - Role-based access control is utilized to support segregation of incompatible functions.;CC6.0 - Logical and Physical Access;;;iam;automated;PASS;Inline policy range-app-deploy-policy attached to role range-app-deploy-role does not allow 'aws-marketplace:Subscribe' on all resources.;arn:aws:iam::<SANDBOX_ACCOUNT_ID>:role/range-app-deploy-role;iam_inline_policy_no_wildcard_marketplace_subscribe;False;range-app-deploy-role/range-app-deploy-policy;SOC2;System and Organization Controls 2 (SOC2);
aws;System and Organization Controls (SOC), defined by the American Institute of Certified Public Accountants (AICPA), is the name of a set of reports that's produced during an audit. It's intended for use by service organizations (organizations that provide information systems as a service to other organizations) to issue validated reports of internal controls over those information systems to the users of those services. The reports focus on controls grouped into five categories known as Trust Service Principles.;<SANDBOX_ACCOUNT_ID>;ap-southeast-7;2026-08-29 00:18:02.370487;cc_6_3;Creates or Modifies Access to Protected Information Assets - Processes are in place to create or modify access to protected information assets based on authorization from the asset’s owner. Removes Access to Protected Information Assets - Processes are in place to remove access to protected information assets when an individual no longer requires access. Uses Role-Based Access Controls - Role-based access control is utilized to support segregation of incompatible functions.;CC6.0 - Logical and Physical Access;;;iam;automated;PASS;Inline policy range-cloudtrail-to-cwl attached to role range-cloudtrail-to-cwl does not allow 'aws-marketplace:Subscribe' on all resources.;arn:aws:iam::<SANDBOX_ACCOUNT_ID>:role/range-cloudtrail-to-cwl;iam_inline_policy_no_wildcard_marketplace_subscribe;False;range-cloudtrail-to-cwl/range-cloudtrail-to-cwl;SOC2;System and Organization Controls 2 (SOC2);
aws;System and Organization Controls (SOC), defined by the American Institute of Certified Public Accountants (AICPA), is the name of a set of reports that's produced during an audit. It's intended for use by service organizations (organizations that provide information systems as a service to other organizations) to issue validated reports of internal controls over those information systems to the users of those services. The reports focus on controls grouped into five categories known as Trust Service Principles.;<SANDBOX_ACCOUNT_ID>;ap-southeast-7;2026-08-29 00:18:02.370487;cc_6_3;Creates or Modifies Access to Protected Information Assets - Processes are in place to create or modify access to protected information assets based on authorization from the asset’s owner. Removes Access to Protected Information Assets - Processes are in place to remove access to protected information assets when an individual no longer requires access. Uses Role-Based Access Controls - Role-based access control is utilized to support segregation of incompatible functions.;CC6.0 - Logical and Physical Access;;;iam;automated;PASS;Inline policy range-responder attached to role range-responder does not allow 'aws-marketplace:Subscribe' on all resources.;arn:aws:iam::<SANDBOX_ACCOUNT_ID>:role/range-responder;iam_inline_policy_no_wildcard_marketplace_subscribe;False;range-responder/range-responder;SOC2;System and Organization Controls 2 (SOC2);
aws;System and Organization Controls (SOC), defined by the American Institute of Certified Public Accountants (AICPA), is the name of a set of reports that's produced during an audit. It's intended for use by service organizations (organizations that provide information systems as a service to other organizations) to issue validated reports of internal controls over those information systems to the users of those services. The reports focus on controls grouped into five categories known as Trust Service Principles.;<SANDBOX_ACCOUNT_ID>;ap-southeast-7;2026-08-29 00:18:02.370487;cc_1_3;Considers All Structures of the Entity - Management and the board of directors consider the multiple structures used (including operating units, legal entities, geographic distribution, and outsourced service providers) to support the achievement of objectives. Establishes Reporting Lines - Management designs and evaluates lines of reporting for each entity structure to enable execution of authorities and responsibilities and flow of information to manage the activities of the entity. Defines, Assigns, and Limits Authorities and Responsibilities - Management and the board of directors delegate authority, define responsibilities, and use appropriate processes and technology to assign responsibility and segregate duties as necessary at the various levels of the organization. Additional points of focus specifically related to all engagements using the trust services criteria: Addresses Specific Requirements When Defining Authorities and Responsibilities—Management and the board of directors consider requirements relevant to security, availability, processing integrity, confidentiality, and privacy when defining authorities and responsibilities. Considers Interactions With External Parties When Establishing Structures, Reporting Lines, Authorities, and Responsibilities — Management and the board of directors consider the need for the entity to interact with and monitor the activities of external parties when establishing structures, reporting lines, authorities, and responsibilities.;CC1.0 - Common Criteria Related to Control Environment;;;iam;automated;PASS;User <root_account> does not have access keys.;arn:aws:iam::<SANDBOX_ACCOUNT_ID>:root;iam_user_accesskey_unused;False;<root_account>;SOC2;System and Organization Controls 2 (SOC2);
aws;System and Organization Controls (SOC), defined by the American Institute of Certified Public Accountants (AICPA), is the name of a set of reports that's produced during an audit. It's intended for use by service organizations (organizations that provide information systems as a service to other organizations) to issue validated reports of internal controls over those information systems to the users of those services. The reports focus on controls grouped into five categories known as Trust Service Principles.;<SANDBOX_ACCOUNT_ID>;ap-southeast-7;2026-08-29 00:18:02.370487;cc_7_2;"Implements Detection Policies, Procedures, and Tools - Detection policies and procedures are defined and implemented, and detection tools are implemented on Infrastructure and software to identify anomalies in the operation or unusual activity on systems. Procedures may include (1) a defined governance process for security event detection and management that includes provision of resources; (2) use of intelligence sources to identify newly discovered threats and vulnerabilities; and (3) logging of unusual system activities. Designs Detection Measures - Detection measures are designed to identify anomalies that could result from actual or attempted (1) compromise of physical barriers; (2) unauthorized actions of authorized personnel; (3) use of compromised identification and authentication credentials; (4) unauthorized access from outside the system boundaries; (5) compromise of authorized external parties; and (6) implementation or connection of unauthorized hardware and software. Implements Filters to Analyze Anomalies - Management has implemented procedures to filter, summarize, and analyze anomalies to identify security events. Monitors Detection Tools for Effective Operation - Management has implemented processes to monitor the effectiveness of detection tools.";CC7.0 - System Operations;;;aws;automated;MANUAL;Cannot verify unknown-image attestation activity: no 'enclave_golden_pcr_values' configured. Set a golden PCR list in audit_config and re-run this check.;arn:aws:kms:ap-southeast-7:<SANDBOX_ACCOUNT_ID>:enclave-debug-attestation;kms_key_enclave_attestation_unknown_image;False;arn:aws:kms:ap-southeast-7:<SANDBOX_ACCOUNT_ID>:enclave-debug-attestation;SOC2;System and Organization Controls 2 (SOC2);
aws;System and Organization Controls (SOC), defined by the American Institute of Certified Public Accountants (AICPA), is the name of a set of reports that's produced during an audit. It's intended for use by service organizations (organizations that provide information systems as a service to other organizations) to issue validated reports of internal controls over those information systems to the users of those services. The reports focus on controls grouped into five categories known as Trust Service Principles.;<SANDBOX_ACCOUNT_ID>;ap-southeast-7;2026-08-29 00:18:02.370487;cc_7_2;"Implements Detection Policies, Procedures, and Tools - Detection policies and procedures are defined and implemented, and detection tools are implemented on Infrastructure and software to identify anomalies in the operation or unusual activity on systems. Procedures may include (1) a defined governance process for security event detection and management that includes provision of resources; (2) use of intelligence sources to identify newly discovered threats and vulnerabilities; and (3) logging of unusual system activities. Designs Detection Measures - Detection measures are designed to identify anomalies that could result from actual or attempted (1) compromise of physical barriers; (2) unauthorized actions of authorized personnel; (3) use of compromised identification and authentication credentials; (4) unauthorized access from outside the system boundaries; (5) compromise of authorized external parties; and (6) implementation or connection of unauthorized hardware and software. Implements Filters to Analyze Anomalies - Management has implemented procedures to filter, summarize, and analyze anomalies to identify security events. Monitors Detection Tools for Effective Operation - Management has implemented processes to monitor the effectiveness of detection tools.";CC7.0 - System Operations;;;aws;automated;MANUAL;"No KMS-from-enclave attestation events found in the last 2160h. Debug-mode status cannot be determined from available data; enclaves that never call KMS in the window are not observable via this check.";arn:aws:kms:ap-southeast-7:<SANDBOX_ACCOUNT_ID>:enclave-debug-attestation;kms_key_enclave_debug_attestation_detected;False;arn:aws:kms:ap-southeast-7:<SANDBOX_ACCOUNT_ID>:enclave-debug-attestation;SOC2;System and Organization Controls 2 (SOC2);
aws;System and Organization Controls (SOC), defined by the American Institute of Certified Public Accountants (AICPA), is the name of a set of reports that's produced during an audit. It's intended for use by service organizations (organizations that provide information systems as a service to other organizations) to issue validated reports of internal controls over those information systems to the users of those services. The reports focus on controls grouped into five categories known as Trust Service Principles.;<SANDBOX_ACCOUNT_ID>;ap-southeast-7;2026-08-29 00:18:02.370487;pi_1_4;The entity implements controls to ensure system outputs are delivered to authorized recipients in the correct format and protected against unauthorized access, modification, theft, destruction, or corruption. This includes output encryption, access controls, and audit trails for output delivery.;PI1.0 - Processing Integrity;;;aws;automated;PASS;S3 Bucket range-cloudtrail-<SANDBOX_ACCOUNT_ID> has Server Side Encryption with AES256.;arn:aws:s3:::range-cloudtrail-<SANDBOX_ACCOUNT_ID>;s3_bucket_default_encryption;False;range-cloudtrail-<SANDBOX_ACCOUNT_ID>;SOC2;System and Organization Controls 2 (SOC2);
aws;System and Organization Controls (SOC), defined by the American Institute of Certified Public Accountants (AICPA), is the name of a set of reports that's produced during an audit. It's intended for use by service organizations (organizations that provide information systems as a service to other organizations) to issue validated reports of internal controls over those information systems to the users of those services. The reports focus on controls grouped into five categories known as Trust Service Principles.;<SANDBOX_ACCOUNT_ID>;ap-southeast-7;2026-08-29 00:18:02.370487;pi_1_4;The entity implements controls to ensure system outputs are delivered to authorized recipients in the correct format and protected against unauthorized access, modification, theft, destruction, or corruption. This includes output encryption, access controls, and audit trails for output delivery.;PI1.0 - Processing Integrity;;;aws;automated;PASS;S3 Bucket range-customer-data-<SANDBOX_ACCOUNT_ID> has Server Side Encryption with AES256.;arn:aws:s3:::range-customer-data-<SANDBOX_ACCOUNT_ID>;s3_bucket_default_encryption;False;range-customer-data-<SANDBOX_ACCOUNT_ID>;SOC2;System and Organization Controls 2 (SOC2);
aws;System and Organization Controls (SOC), defined by the American Institute of Certified Public Accountants (AICPA), is the name of a set of reports that's produced during an audit. It's intended for use by service organizations (organizations that provide information systems as a service to other organizations) to issue validated reports of internal controls over those information systems to the users of those services. The reports focus on controls grouped into five categories known as Trust Service Principles.;<SANDBOX_ACCOUNT_ID>;ap-southeast-7;2026-08-29 00:18:02.370487;pi_1_4;The entity implements controls to ensure system outputs are delivered to authorized recipients in the correct format and protected against unauthorized access, modification, theft, destruction, or corruption. This includes output encryption, access controls, and audit trails for output delivery.;PI1.0 - Processing Integrity;;;aws;automated;PASS;S3 Bucket stratus-red-team-ct-stop-bucket-arzkiholin has Server Side Encryption with AES256.;arn:aws:s3:::stratus-red-team-ct-stop-bucket-arzkiholin;s3_bucket_default_encryption;False;stratus-red-team-ct-stop-bucket-arzkiholin;SOC2;System and Organization Controls 2 (SOC2);
aws;System and Organization Controls (SOC), defined by the American Institute of Certified Public Accountants (AICPA), is the name of a set of reports that's produced during an audit. It's intended for use by service organizations (organizations that provide information systems as a service to other organizations) to issue validated reports of internal controls over those information systems to the users of those services. The reports focus on controls grouped into five categories known as Trust Service Principles.;<SANDBOX_ACCOUNT_ID>;ap-southeast-7;2026-08-29 00:18:02.370487;pi_1_4;The entity implements controls to ensure system outputs are delivered to authorized recipients in the correct format and protected against unauthorized access, modification, theft, destruction, or corruption. This includes output encryption, access controls, and audit trails for output delivery.;PI1.0 - Processing Integrity;;;aws;automated;FAIL;Server Side Encryption is not configured with kms for S3 Bucket range-cloudtrail-<SANDBOX_ACCOUNT_ID>.;arn:aws:s3:::range-cloudtrail-<SANDBOX_ACCOUNT_ID>;s3_bucket_kms_encryption;False;range-cloudtrail-<SANDBOX_ACCOUNT_ID>;SOC2;System and Organization Controls 2 (SOC2);
aws;System and Organization Controls (SOC), defined by the American Institute of Certified Public Accountants (AICPA), is the name of a set of reports that's produced during an audit. It's intended for use by service organizations (organizations that provide information systems as a service to other organizations) to issue validated reports of internal controls over those information systems to the users of those services. The reports focus on controls grouped into five categories known as Trust Service Principles.;<SANDBOX_ACCOUNT_ID>;ap-southeast-7;2026-08-29 00:18:02.370487;pi_1_4;The entity implements controls to ensure system outputs are delivered to authorized recipients in the correct format and protected against unauthorized access, modification, theft, destruction, or corruption. This includes output encryption, access controls, and audit trails for output delivery.;PI1.0 - Processing Integrity;;;aws;automated;FAIL;Server Side Encryption is not configured with kms for S3 Bucket range-customer-data-<SANDBOX_ACCOUNT_ID>.;arn:aws:s3:::range-customer-data-<SANDBOX_ACCOUNT_ID>;s3_bucket_kms_encryption;False;range-customer-data-<SANDBOX_ACCOUNT_ID>;SOC2;System and Organization Controls 2 (SOC2);
aws;System and Organization Controls (SOC), defined by the American Institute of Certified Public Accountants (AICPA), is the name of a set of reports that's produced during an audit. It's intended for use by service organizations (organizations that provide information systems as a service to other organizations) to issue validated reports of internal controls over those information systems to the users of those services. The reports focus on controls grouped into five categories known as Trust Service Principles.;<SANDBOX_ACCOUNT_ID>;ap-southeast-7;2026-08-29 00:18:02.370487;pi_1_4;The entity implements controls to ensure system outputs are delivered to authorized recipients in the correct format and protected against unauthorized access, modification, theft, destruction, or corruption. This includes output encryption, access controls, and audit trails for output delivery.;PI1.0 - Processing Integrity;;;aws;automated;FAIL;Server Side Encryption is not configured with kms for S3 Bucket stratus-red-team-ct-stop-bucket-arzkiholin.;arn:aws:s3:::stratus-red-team-ct-stop-bucket-arzkiholin;s3_bucket_kms_encryption;False;stratus-red-team-ct-stop-bucket-arzkiholin;SOC2;System and Organization Controls 2 (SOC2);
aws;System and Organization Controls (SOC), defined by the American Institute of Certified Public Accountants (AICPA), is the name of a set of reports that's produced during an audit. It's intended for use by service organizations (organizations that provide information systems as a service to other organizations) to issue validated reports of internal controls over those information systems to the users of those services. The reports focus on controls grouped into five categories known as Trust Service Principles.;<SANDBOX_ACCOUNT_ID>;ap-southeast-7;2026-08-29 00:18:02.370487;pi_1_5;The entity implements controls to protect stored inputs, items in processing, and outputs from theft, destruction, corruption, or deterioration. This includes data encryption at rest, key management, backup and recovery procedures, access controls, and data integrity validation.;PI1.0 - Processing Integrity;;;aws;automated;FAIL;S3 Bucket range-cloudtrail-<SANDBOX_ACCOUNT_ID> has Object Lock disabled.;arn:aws:s3:::range-cloudtrail-<SANDBOX_ACCOUNT_ID>;s3_bucket_object_lock;False;range-cloudtrail-<SANDBOX_ACCOUNT_ID>;SOC2;System and Organization Controls 2 (SOC2);
aws;System and Organization Controls (SOC), defined by the American Institute of Certified Public Accountants (AICPA), is the name of a set of reports that's produced during an audit. It's intended for use by service organizations (organizations that provide information systems as a service to other organizations) to issue validated reports of internal controls over those information systems to the users of those services. The reports focus on controls grouped into five categories known as Trust Service Principles.;<SANDBOX_ACCOUNT_ID>;ap-southeast-7;2026-08-29 00:18:02.370487;pi_1_5;The entity implements controls to protect stored inputs, items in processing, and outputs from theft, destruction, corruption, or deterioration. This includes data encryption at rest, key management, backup and recovery procedures, access controls, and data integrity validation.;PI1.0 - Processing Integrity;;;aws;automated;FAIL;S3 Bucket range-customer-data-<SANDBOX_ACCOUNT_ID> has Object Lock disabled.;arn:aws:s3:::range-customer-data-<SANDBOX_ACCOUNT_ID>;s3_bucket_object_lock;False;range-customer-data-<SANDBOX_ACCOUNT_ID>;SOC2;System and Organization Controls 2 (SOC2);
aws;System and Organization Controls (SOC), defined by the American Institute of Certified Public Accountants (AICPA), is the name of a set of reports that's produced during an audit. It's intended for use by service organizations (organizations that provide information systems as a service to other organizations) to issue validated reports of internal controls over those information systems to the users of those services. The reports focus on controls grouped into five categories known as Trust Service Principles.;<SANDBOX_ACCOUNT_ID>;ap-southeast-7;2026-08-29 00:18:02.370487;pi_1_5;The entity implements controls to protect stored inputs, items in processing, and outputs from theft, destruction, corruption, or deterioration. This includes data encryption at rest, key management, backup and recovery procedures, access controls, and data integrity validation.;PI1.0 - Processing Integrity;;;aws;automated;FAIL;S3 Bucket stratus-red-team-ct-stop-bucket-arzkiholin has Object Lock disabled.;arn:aws:s3:::stratus-red-team-ct-stop-bucket-arzkiholin;s3_bucket_object_lock;False;stratus-red-team-ct-stop-bucket-arzkiholin;SOC2;System and Organization Controls 2 (SOC2);
aws;System and Organization Controls (SOC), defined by the American Institute of Certified Public Accountants (AICPA), is the name of a set of reports that's produced during an audit. It's intended for use by service organizations (organizations that provide information systems as a service to other organizations) to issue validated reports of internal controls over those information systems to the users of those services. The reports focus on controls grouped into five categories known as Trust Service Principles.;<SANDBOX_ACCOUNT_ID>;ap-southeast-7;2026-08-29 00:18:02.370487;cc_7_4;Assigns Roles and Responsibilities - Roles and responsibilities for the design, implementation, maintenance, and execution of the incident response program are assigned, including the use of external resources when necessary. Contains Security Incidents - Procedures are in place to contain security incidents that actively threaten entity objectives. Mitigates Ongoing Security Incidents - Procedures are in place to mitigate the effects of ongoing security incidents. Ends Threats Posed by Security Incidents - Procedures are in place to end the threats posed by security incidents through closure of the vulnerability, removal of unauthorized access, and other remediation actions. Restores Operations - Procedures are in place to restore data and business operations to an interim state that permits the achievement of entity objectives. Develops and Implements Communication Protocols for Security Incidents - Protocols for communicating security incidents and actions taken to affected parties are developed and implemented to meet the entity's objectives. Obtains Understanding of Nature of Incident and Determines Containment Strategy - An understanding of the nature (for example, the method by which the incident occurred and the affected system resources) and severity of the security incident is obtained to determine the appropriate containment strategy, including (1) a determination of the appropriate response time frame, and (2) the determination and execution of the containment approach. Remediates Identified Vulnerabilities - Identified vulnerabilities are remediated through the development and execution of remediation activities. Communicates Remediation Activities - Remediation activities are documented and communicated in accordance with the incident response program. Evaluates the Effectiveness of Incident Response - The design of incident response activities is evaluated for effectiveness on a periodic basis. Periodically Evaluates Incidents - Periodically, management reviews incidents related to security, availability, processing integrity, confidentiality, and privacy and identifies the need for system changes based on incident patterns and root causes. Communicates Unauthorized Use and Disclosure - Events that resulted in unauthorized use or disclosure of personal information are communicated to the data subjects, legal and regulatory authorities, and others as required. Application of Sanctions - The conduct of individuals and organizations operating under the authority of the entity and involved in the unauthorized use or disclosure of personal information is evaluated and, if appropriate, sanctioned in accordance with entity policies and legal and regulatory requirements.;CC7.0 - System Operations;;;aws;automated;FAIL;S3 Bucket range-cloudtrail-<SANDBOX_ACCOUNT_ID> has versioning disabled.;arn:aws:s3:::range-cloudtrail-<SANDBOX_ACCOUNT_ID>;s3_bucket_object_versioning;False;range-cloudtrail-<SANDBOX_ACCOUNT_ID>;SOC2;System and Organization Controls 2 (SOC2);
aws;System and Organization Controls (SOC), defined by the American Institute of Certified Public Accountants (AICPA), is the name of a set of reports that's produced during an audit. It's intended for use by service organizations (organizations that provide information systems as a service to other organizations) to issue validated reports of internal controls over those information systems to the users of those services. The reports focus on controls grouped into five categories known as Trust Service Principles.;<SANDBOX_ACCOUNT_ID>;ap-southeast-7;2026-08-29 00:18:02.370487;cc_a_1_1;Measures Current Usage - The use of the system components is measured to establish a baseline for capacity management and to use when evaluating the risk of impaired availability due to capacity constraints. Forecasts Capacity - The expected average and peak use of system components is forecasted and compared to system capacity and associated tolerances. Forecasting considers capacity in the event of the failure of system components that constrain capacity. Makes Changes Based on Forecasts - The system change management process is initiated when forecasted usage exceeds capacity tolerances.;CCA1.0 - Additional Criterial for Availability;;;aws;automated;FAIL;S3 Bucket range-cloudtrail-<SANDBOX_ACCOUNT_ID> has versioning disabled.;arn:aws:s3:::range-cloudtrail-<SANDBOX_ACCOUNT_ID>;s3_bucket_object_versioning;False;range-cloudtrail-<SANDBOX_ACCOUNT_ID>;SOC2;System and Organization Controls 2 (SOC2);
aws;System and Organization Controls (SOC), defined by the American Institute of Certified Public Accountants (AICPA), is the name of a set of reports that's produced during an audit. It's intended for use by service organizations (organizations that provide information systems as a service to other organizations) to issue validated reports of internal controls over those information systems to the users of those services. The reports focus on controls grouped into five categories known as Trust Service Principles.;<SANDBOX_ACCOUNT_ID>;ap-southeast-7;2026-08-29 00:18:02.370487;cc_c_1_2;Identifies Confidential Information for Destruction - Procedures are in place to identify confidential information requiring destruction when the end of the retention period is reached. Destroys Confidential Information - Procedures are in place to erase or otherwise destroy confidential information that has been identified for destruction.;CCC1.0 - Additional Criterial for Confidentiality;;;aws;automated;FAIL;S3 Bucket range-cloudtrail-<SANDBOX_ACCOUNT_ID> has versioning disabled.;arn:aws:s3:::range-cloudtrail-<SANDBOX_ACCOUNT_ID>;s3_bucket_object_versioning;False;range-cloudtrail-<SANDBOX_ACCOUNT_ID>;SOC2;System and Organization Controls 2 (SOC2);
aws;System and Organization Controls (SOC), defined by the American Institute of Certified Public Accountants (AICPA), is the name of a set of reports that's produced during an audit. It's intended for use by service organizations (organizations that provide information systems as a service to other organizations) to issue validated reports of internal controls over those information systems to the users of those services. The reports focus on controls grouped into five categories known as Trust Service Principles.;<SANDBOX_ACCOUNT_ID>;ap-southeast-7;2026-08-29 00:18:02.370487;pi_1_5;The entity implements controls to protect stored inputs, items in processing, and outputs from theft, destruction, corruption, or deterioration. This includes data encryption at rest, key management, backup and recovery procedures, access controls, and data integrity validation.;PI1.0 - Processing Integrity;;;aws;automated;FAIL;S3 Bucket range-cloudtrail-<SANDBOX_ACCOUNT_ID> has versioning disabled.;arn:aws:s3:::range-cloudtrail-<SANDBOX_ACCOUNT_ID>;s3_bucket_object_versioning;False;range-cloudtrail-<SANDBOX_ACCOUNT_ID>;SOC2;System and Organization Controls 2 (SOC2);
aws;System and Organization Controls (SOC), defined by the American Institute of Certified Public Accountants (AICPA), is the name of a set of reports that's produced during an audit. It's intended for use by service organizations (organizations that provide information systems as a service to other organizations) to issue validated reports of internal controls over those information systems to the users of those services. The reports focus on controls grouped into five categories known as Trust Service Principles.;<SANDBOX_ACCOUNT_ID>;ap-southeast-7;2026-08-29 00:18:02.370487;cc_7_4;Assigns Roles and Responsibilities - Roles and responsibilities for the design, implementation, maintenance, and execution of the incident response program are assigned, including the use of external resources when necessary. Contains Security Incidents - Procedures are in place to contain security incidents that actively threaten entity objectives. Mitigates Ongoing Security Incidents - Procedures are in place to mitigate the effects of ongoing security incidents. Ends Threats Posed by Security Incidents - Procedures are in place to end the threats posed by security incidents through closure of the vulnerability, removal of unauthorized access, and other remediation actions. Restores Operations - Procedures are in place to restore data and business operations to an interim state that permits the achievement of entity objectives. Develops and Implements Communication Protocols for Security Incidents - Protocols for communicating security incidents and actions taken to affected parties are developed and implemented to meet the entity's objectives. Obtains Understanding of Nature of Incident and Determines Containment Strategy - An understanding of the nature (for example, the method by which the incident occurred and the affected system resources) and severity of the security incident is obtained to determine the appropriate containment strategy, including (1) a determination of the appropriate response time frame, and (2) the determination and execution of the containment approach. Remediates Identified Vulnerabilities - Identified vulnerabilities are remediated through the development and execution of remediation activities. Communicates Remediation Activities - Remediation activities are documented and communicated in accordance with the incident response program. Evaluates the Effectiveness of Incident Response - The design of incident response activities is evaluated for effectiveness on a periodic basis. Periodically Evaluates Incidents - Periodically, management reviews incidents related to security, availability, processing integrity, confidentiality, and privacy and identifies the need for system changes based on incident patterns and root causes. Communicates Unauthorized Use and Disclosure - Events that resulted in unauthorized use or disclosure of personal information are communicated to the data subjects, legal and regulatory authorities, and others as required. Application of Sanctions - The conduct of individuals and organizations operating under the authority of the entity and involved in the unauthorized use or disclosure of personal information is evaluated and, if appropriate, sanctioned in accordance with entity policies and legal and regulatory requirements.;CC7.0 - System Operations;;;aws;automated;FAIL;S3 Bucket range-customer-data-<SANDBOX_ACCOUNT_ID> has versioning disabled.;arn:aws:s3:::range-customer-data-<SANDBOX_ACCOUNT_ID>;s3_bucket_object_versioning;False;range-customer-data-<SANDBOX_ACCOUNT_ID>;SOC2;System and Organization Controls 2 (SOC2);
aws;System and Organization Controls (SOC), defined by the American Institute of Certified Public Accountants (AICPA), is the name of a set of reports that's produced during an audit. It's intended for use by service organizations (organizations that provide information systems as a service to other organizations) to issue validated reports of internal controls over those information systems to the users of those services. The reports focus on controls grouped into five categories known as Trust Service Principles.;<SANDBOX_ACCOUNT_ID>;ap-southeast-7;2026-08-29 00:18:02.370487;cc_a_1_1;Measures Current Usage - The use of the system components is measured to establish a baseline for capacity management and to use when evaluating the risk of impaired availability due to capacity constraints. Forecasts Capacity - The expected average and peak use of system components is forecasted and compared to system capacity and associated tolerances. Forecasting considers capacity in the event of the failure of system components that constrain capacity. Makes Changes Based on Forecasts - The system change management process is initiated when forecasted usage exceeds capacity tolerances.;CCA1.0 - Additional Criterial for Availability;;;aws;automated;FAIL;S3 Bucket range-customer-data-<SANDBOX_ACCOUNT_ID> has versioning disabled.;arn:aws:s3:::range-customer-data-<SANDBOX_ACCOUNT_ID>;s3_bucket_object_versioning;False;range-customer-data-<SANDBOX_ACCOUNT_ID>;SOC2;System and Organization Controls 2 (SOC2);
aws;System and Organization Controls (SOC), defined by the American Institute of Certified Public Accountants (AICPA), is the name of a set of reports that's produced during an audit. It's intended for use by service organizations (organizations that provide information systems as a service to other organizations) to issue validated reports of internal controls over those information systems to the users of those services. The reports focus on controls grouped into five categories known as Trust Service Principles.;<SANDBOX_ACCOUNT_ID>;ap-southeast-7;2026-08-29 00:18:02.370487;cc_c_1_2;Identifies Confidential Information for Destruction - Procedures are in place to identify confidential information requiring destruction when the end of the retention period is reached. Destroys Confidential Information - Procedures are in place to erase or otherwise destroy confidential information that has been identified for destruction.;CCC1.0 - Additional Criterial for Confidentiality;;;aws;automated;FAIL;S3 Bucket range-customer-data-<SANDBOX_ACCOUNT_ID> has versioning disabled.;arn:aws:s3:::range-customer-data-<SANDBOX_ACCOUNT_ID>;s3_bucket_object_versioning;False;range-customer-data-<SANDBOX_ACCOUNT_ID>;SOC2;System and Organization Controls 2 (SOC2);
aws;System and Organization Controls (SOC), defined by the American Institute of Certified Public Accountants (AICPA), is the name of a set of reports that's produced during an audit. It's intended for use by service organizations (organizations that provide information systems as a service to other organizations) to issue validated reports of internal controls over those information systems to the users of those services. The reports focus on controls grouped into five categories known as Trust Service Principles.;<SANDBOX_ACCOUNT_ID>;ap-southeast-7;2026-08-29 00:18:02.370487;pi_1_5;The entity implements controls to protect stored inputs, items in processing, and outputs from theft, destruction, corruption, or deterioration. This includes data encryption at rest, key management, backup and recovery procedures, access controls, and data integrity validation.;PI1.0 - Processing Integrity;;;aws;automated;FAIL;S3 Bucket range-customer-data-<SANDBOX_ACCOUNT_ID> has versioning disabled.;arn:aws:s3:::range-customer-data-<SANDBOX_ACCOUNT_ID>;s3_bucket_object_versioning;False;range-customer-data-<SANDBOX_ACCOUNT_ID>;SOC2;System and Organization Controls 2 (SOC2);
aws;System and Organization Controls (SOC), defined by the American Institute of Certified Public Accountants (AICPA), is the name of a set of reports that's produced during an audit. It's intended for use by service organizations (organizations that provide information systems as a service to other organizations) to issue validated reports of internal controls over those information systems to the users of those services. The reports focus on controls grouped into five categories known as Trust Service Principles.;<SANDBOX_ACCOUNT_ID>;ap-southeast-7;2026-08-29 00:18:02.370487;cc_7_4;Assigns Roles and Responsibilities - Roles and responsibilities for the design, implementation, maintenance, and execution of the incident response program are assigned, including the use of external resources when necessary. Contains Security Incidents - Procedures are in place to contain security incidents that actively threaten entity objectives. Mitigates Ongoing Security Incidents - Procedures are in place to mitigate the effects of ongoing security incidents. Ends Threats Posed by Security Incidents - Procedures are in place to end the threats posed by security incidents through closure of the vulnerability, removal of unauthorized access, and other remediation actions. Restores Operations - Procedures are in place to restore data and business operations to an interim state that permits the achievement of entity objectives. Develops and Implements Communication Protocols for Security Incidents - Protocols for communicating security incidents and actions taken to affected parties are developed and implemented to meet the entity's objectives. Obtains Understanding of Nature of Incident and Determines Containment Strategy - An understanding of the nature (for example, the method by which the incident occurred and the affected system resources) and severity of the security incident is obtained to determine the appropriate containment strategy, including (1) a determination of the appropriate response time frame, and (2) the determination and execution of the containment approach. Remediates Identified Vulnerabilities - Identified vulnerabilities are remediated through the development and execution of remediation activities. Communicates Remediation Activities - Remediation activities are documented and communicated in accordance with the incident response program. Evaluates the Effectiveness of Incident Response - The design of incident response activities is evaluated for effectiveness on a periodic basis. Periodically Evaluates Incidents - Periodically, management reviews incidents related to security, availability, processing integrity, confidentiality, and privacy and identifies the need for system changes based on incident patterns and root causes. Communicates Unauthorized Use and Disclosure - Events that resulted in unauthorized use or disclosure of personal information are communicated to the data subjects, legal and regulatory authorities, and others as required. Application of Sanctions - The conduct of individuals and organizations operating under the authority of the entity and involved in the unauthorized use or disclosure of personal information is evaluated and, if appropriate, sanctioned in accordance with entity policies and legal and regulatory requirements.;CC7.0 - System Operations;;;aws;automated;FAIL;S3 Bucket stratus-red-team-ct-stop-bucket-arzkiholin has versioning disabled.;arn:aws:s3:::stratus-red-team-ct-stop-bucket-arzkiholin;s3_bucket_object_versioning;False;stratus-red-team-ct-stop-bucket-arzkiholin;SOC2;System and Organization Controls 2 (SOC2);
aws;System and Organization Controls (SOC), defined by the American Institute of Certified Public Accountants (AICPA), is the name of a set of reports that's produced during an audit. It's intended for use by service organizations (organizations that provide information systems as a service to other organizations) to issue validated reports of internal controls over those information systems to the users of those services. The reports focus on controls grouped into five categories known as Trust Service Principles.;<SANDBOX_ACCOUNT_ID>;ap-southeast-7;2026-08-29 00:18:02.370487;cc_a_1_1;Measures Current Usage - The use of the system components is measured to establish a baseline for capacity management and to use when evaluating the risk of impaired availability due to capacity constraints. Forecasts Capacity - The expected average and peak use of system components is forecasted and compared to system capacity and associated tolerances. Forecasting considers capacity in the event of the failure of system components that constrain capacity. Makes Changes Based on Forecasts - The system change management process is initiated when forecasted usage exceeds capacity tolerances.;CCA1.0 - Additional Criterial for Availability;;;aws;automated;FAIL;S3 Bucket stratus-red-team-ct-stop-bucket-arzkiholin has versioning disabled.;arn:aws:s3:::stratus-red-team-ct-stop-bucket-arzkiholin;s3_bucket_object_versioning;False;stratus-red-team-ct-stop-bucket-arzkiholin;SOC2;System and Organization Controls 2 (SOC2);
aws;System and Organization Controls (SOC), defined by the American Institute of Certified Public Accountants (AICPA), is the name of a set of reports that's produced during an audit. It's intended for use by service organizations (organizations that provide information systems as a service to other organizations) to issue validated reports of internal controls over those information systems to the users of those services. The reports focus on controls grouped into five categories known as Trust Service Principles.;<SANDBOX_ACCOUNT_ID>;ap-southeast-7;2026-08-29 00:18:02.370487;cc_c_1_2;Identifies Confidential Information for Destruction - Procedures are in place to identify confidential information requiring destruction when the end of the retention period is reached. Destroys Confidential Information - Procedures are in place to erase or otherwise destroy confidential information that has been identified for destruction.;CCC1.0 - Additional Criterial for Confidentiality;;;aws;automated;FAIL;S3 Bucket stratus-red-team-ct-stop-bucket-arzkiholin has versioning disabled.;arn:aws:s3:::stratus-red-team-ct-stop-bucket-arzkiholin;s3_bucket_object_versioning;False;stratus-red-team-ct-stop-bucket-arzkiholin;SOC2;System and Organization Controls 2 (SOC2);
aws;System and Organization Controls (SOC), defined by the American Institute of Certified Public Accountants (AICPA), is the name of a set of reports that's produced during an audit. It's intended for use by service organizations (organizations that provide information systems as a service to other organizations) to issue validated reports of internal controls over those information systems to the users of those services. The reports focus on controls grouped into five categories known as Trust Service Principles.;<SANDBOX_ACCOUNT_ID>;ap-southeast-7;2026-08-29 00:18:02.370487;pi_1_5;The entity implements controls to protect stored inputs, items in processing, and outputs from theft, destruction, corruption, or deterioration. This includes data encryption at rest, key management, backup and recovery procedures, access controls, and data integrity validation.;PI1.0 - Processing Integrity;;;aws;automated;FAIL;S3 Bucket stratus-red-team-ct-stop-bucket-arzkiholin has versioning disabled.;arn:aws:s3:::stratus-red-team-ct-stop-bucket-arzkiholin;s3_bucket_object_versioning;False;stratus-red-team-ct-stop-bucket-arzkiholin;SOC2;System and Organization Controls 2 (SOC2);
aws;System and Organization Controls (SOC), defined by the American Institute of Certified Public Accountants (AICPA), is the name of a set of reports that's produced during an audit. It's intended for use by service organizations (organizations that provide information systems as a service to other organizations) to issue validated reports of internal controls over those information systems to the users of those services. The reports focus on controls grouped into five categories known as Trust Service Principles.;<SANDBOX_ACCOUNT_ID>;ap-southeast-7;2026-08-29 00:18:02.370487;cc_6_1;Identifies and Manages the Inventory of Information Assets - The entity identifies, inventories, classifies, and manages information assets. Restricts Logical Access - Logical access to information assets, including hardware, data (at-rest, during processing, or in transmission), software, administrative authorities, mobile devices, output, and offline system components is restricted through the use of access control software and rule sets. Identifies and Authenticates Users - Persons, infrastructure and software are identified and authenticated prior to accessing information assets, whether locally or remotely. Considers Network Segmentation - Network segmentation permits unrelated portions of the entity's information system to be isolated from each other. Manages Points of Access - Points of access by outside entities and the types of data that flow through the points of access are identified, inventoried, and managed. The types of individuals and systems using each point of access are identified, documented, and managed. Restricts Access to Information Assets - Combinations of data classification, separate data structures, port restrictions, access protocol restrictions, user identification, and digital certificates are used to establish access control rules for information assets. Manages Identification and Authentication - Identification and authentication requirements are established, documented, and managed for individuals and systems accessing entity information, infrastructure and software. Manages Credentials for Infrastructure and Software - New internal and external infrastructure and software are registered, authorized, and documented prior to being granted access credentials and implemented on the network or access point. Credentials are removed and access is disabled when access is no longer required or the infrastructure and software are no longer in use. Uses Encryption to Protect Data - The entity uses encryption to supplement other measures used to protect data-at-rest, when such protections are deemed appropriate based on assessed risk. Protects Encryption Keys - Processes are in place to protect encryption keys during generation, storage, use, and destruction.;CC6.0 - Logical and Physical Access;;;s3;automated;PASS;S3 Bucket range-cloudtrail-<SANDBOX_ACCOUNT_ID> is not public.;arn:aws:s3:::range-cloudtrail-<SANDBOX_ACCOUNT_ID>;s3_bucket_public_access;False;range-cloudtrail-<SANDBOX_ACCOUNT_ID>;SOC2;System and Organization Controls 2 (SOC2);
aws;System and Organization Controls (SOC), defined by the American Institute of Certified Public Accountants (AICPA), is the name of a set of reports that's produced during an audit. It's intended for use by service organizations (organizations that provide information systems as a service to other organizations) to issue validated reports of internal controls over those information systems to the users of those services. The reports focus on controls grouped into five categories known as Trust Service Principles.;<SANDBOX_ACCOUNT_ID>;ap-southeast-7;2026-08-29 00:18:02.370487;cc_6_1;Identifies and Manages the Inventory of Information Assets - The entity identifies, inventories, classifies, and manages information assets. Restricts Logical Access - Logical access to information assets, including hardware, data (at-rest, during processing, or in transmission), software, administrative authorities, mobile devices, output, and offline system components is restricted through the use of access control software and rule sets. Identifies and Authenticates Users - Persons, infrastructure and software are identified and authenticated prior to accessing information assets, whether locally or remotely. Considers Network Segmentation - Network segmentation permits unrelated portions of the entity's information system to be isolated from each other. Manages Points of Access - Points of access by outside entities and the types of data that flow through the points of access are identified, inventoried, and managed. The types of individuals and systems using each point of access are identified, documented, and managed. Restricts Access to Information Assets - Combinations of data classification, separate data structures, port restrictions, access protocol restrictions, user identification, and digital certificates are used to establish access control rules for information assets. Manages Identification and Authentication - Identification and authentication requirements are established, documented, and managed for individuals and systems accessing entity information, infrastructure and software. Manages Credentials for Infrastructure and Software - New internal and external infrastructure and software are registered, authorized, and documented prior to being granted access credentials and implemented on the network or access point. Credentials are removed and access is disabled when access is no longer required or the infrastructure and software are no longer in use. Uses Encryption to Protect Data - The entity uses encryption to supplement other measures used to protect data-at-rest, when such protections are deemed appropriate based on assessed risk. Protects Encryption Keys - Processes are in place to protect encryption keys during generation, storage, use, and destruction.;CC6.0 - Logical and Physical Access;;;s3;automated;PASS;S3 Bucket range-customer-data-<SANDBOX_ACCOUNT_ID> is not public.;arn:aws:s3:::range-customer-data-<SANDBOX_ACCOUNT_ID>;s3_bucket_public_access;False;range-customer-data-<SANDBOX_ACCOUNT_ID>;SOC2;System and Organization Controls 2 (SOC2);
aws;System and Organization Controls (SOC), defined by the American Institute of Certified Public Accountants (AICPA), is the name of a set of reports that's produced during an audit. It's intended for use by service organizations (organizations that provide information systems as a service to other organizations) to issue validated reports of internal controls over those information systems to the users of those services. The reports focus on controls grouped into five categories known as Trust Service Principles.;<SANDBOX_ACCOUNT_ID>;ap-southeast-7;2026-08-29 00:18:02.370487;cc_6_1;Identifies and Manages the Inventory of Information Assets - The entity identifies, inventories, classifies, and manages information assets. Restricts Logical Access - Logical access to information assets, including hardware, data (at-rest, during processing, or in transmission), software, administrative authorities, mobile devices, output, and offline system components is restricted through the use of access control software and rule sets. Identifies and Authenticates Users - Persons, infrastructure and software are identified and authenticated prior to accessing information assets, whether locally or remotely. Considers Network Segmentation - Network segmentation permits unrelated portions of the entity's information system to be isolated from each other. Manages Points of Access - Points of access by outside entities and the types of data that flow through the points of access are identified, inventoried, and managed. The types of individuals and systems using each point of access are identified, documented, and managed. Restricts Access to Information Assets - Combinations of data classification, separate data structures, port restrictions, access protocol restrictions, user identification, and digital certificates are used to establish access control rules for information assets. Manages Identification and Authentication - Identification and authentication requirements are established, documented, and managed for individuals and systems accessing entity information, infrastructure and software. Manages Credentials for Infrastructure and Software - New internal and external infrastructure and software are registered, authorized, and documented prior to being granted access credentials and implemented on the network or access point. Credentials are removed and access is disabled when access is no longer required or the infrastructure and software are no longer in use. Uses Encryption to Protect Data - The entity uses encryption to supplement other measures used to protect data-at-rest, when such protections are deemed appropriate based on assessed risk. Protects Encryption Keys - Processes are in place to protect encryption keys during generation, storage, use, and destruction.;CC6.0 - Logical and Physical Access;;;s3;automated;PASS;S3 Bucket stratus-red-team-ct-stop-bucket-arzkiholin is not public.;arn:aws:s3:::stratus-red-team-ct-stop-bucket-arzkiholin;s3_bucket_public_access;False;stratus-red-team-ct-stop-bucket-arzkiholin;SOC2;System and Organization Controls 2 (SOC2);
aws;System and Organization Controls (SOC), defined by the American Institute of Certified Public Accountants (AICPA), is the name of a set of reports that's produced during an audit. It's intended for use by service organizations (organizations that provide information systems as a service to other organizations) to issue validated reports of internal controls over those information systems to the users of those services. The reports focus on controls grouped into five categories known as Trust Service Principles.;<SANDBOX_ACCOUNT_ID>;ap-southeast-7;2026-08-29 00:18:02.370487;cc_7_2;"Implements Detection Policies, Procedures, and Tools - Detection policies and procedures are defined and implemented, and detection tools are implemented on Infrastructure and software to identify anomalies in the operation or unusual activity on systems. Procedures may include (1) a defined governance process for security event detection and management that includes provision of resources; (2) use of intelligence sources to identify newly discovered threats and vulnerabilities; and (3) logging of unusual system activities. Designs Detection Measures - Detection measures are designed to identify anomalies that could result from actual or attempted (1) compromise of physical barriers; (2) unauthorized actions of authorized personnel; (3) use of compromised identification and authentication credentials; (4) unauthorized access from outside the system boundaries; (5) compromise of authorized external parties; and (6) implementation or connection of unauthorized hardware and software. Implements Filters to Analyze Anomalies - Management has implemented procedures to filter, summarize, and analyze anomalies to identify security events. Monitors Detection Tools for Effective Operation - Management has implemented processes to monitor the effectiveness of detection tools.";CC7.0 - System Operations;;;aws;automated;FAIL;S3 Bucket range-cloudtrail-<SANDBOX_ACCOUNT_ID> has server access logging disabled.;arn:aws:s3:::range-cloudtrail-<SANDBOX_ACCOUNT_ID>;s3_bucket_server_access_logging_enabled;False;range-cloudtrail-<SANDBOX_ACCOUNT_ID>;SOC2;System and Organization Controls 2 (SOC2);
aws;System and Organization Controls (SOC), defined by the American Institute of Certified Public Accountants (AICPA), is the name of a set of reports that's produced during an audit. It's intended for use by service organizations (organizations that provide information systems as a service to other organizations) to issue validated reports of internal controls over those information systems to the users of those services. The reports focus on controls grouped into five categories known as Trust Service Principles.;<SANDBOX_ACCOUNT_ID>;ap-southeast-7;2026-08-29 00:18:02.370487;cc_7_3;Responds to Security Incidents - Procedures are in place for responding to security incidents and evaluating the effectiveness of those policies and procedures on a periodic basis. Communicates and Reviews Detected Security Events - Detected security events are communicated to and reviewed by the individuals responsible for the management of the security program and actions are taken, if necessary. Develops and Implements Procedures to Analyze Security Incidents - Procedures are in place to analyze security incidents and determine system impact. Assesses the Impact on Personal Information - Detected security events are evaluated to determine whether they could or did result in the unauthorized disclosure or use of personal information and whether there has been a failure to comply with applicable laws or regulations. Determines Personal Information Used or Disclosed - When an unauthorized use or disclosure of personal information has occurred, the affected information is identified.;CC7.0 - System Operations;;;aws;automated;FAIL;S3 Bucket range-cloudtrail-<SANDBOX_ACCOUNT_ID> has server access logging disabled.;arn:aws:s3:::range-cloudtrail-<SANDBOX_ACCOUNT_ID>;s3_bucket_server_access_logging_enabled;False;range-cloudtrail-<SANDBOX_ACCOUNT_ID>;SOC2;System and Organization Controls 2 (SOC2);
aws;System and Organization Controls (SOC), defined by the American Institute of Certified Public Accountants (AICPA), is the name of a set of reports that's produced during an audit. It's intended for use by service organizations (organizations that provide information systems as a service to other organizations) to issue validated reports of internal controls over those information systems to the users of those services. The reports focus on controls grouped into five categories known as Trust Service Principles.;<SANDBOX_ACCOUNT_ID>;ap-southeast-7;2026-08-29 00:18:02.370487;cc_a_1_1;Measures Current Usage - The use of the system components is measured to establish a baseline for capacity management and to use when evaluating the risk of impaired availability due to capacity constraints. Forecasts Capacity - The expected average and peak use of system components is forecasted and compared to system capacity and associated tolerances. Forecasting considers capacity in the event of the failure of system components that constrain capacity. Makes Changes Based on Forecasts - The system change management process is initiated when forecasted usage exceeds capacity tolerances.;CCA1.0 - Additional Criterial for Availability;;;aws;automated;FAIL;S3 Bucket range-cloudtrail-<SANDBOX_ACCOUNT_ID> has server access logging disabled.;arn:aws:s3:::range-cloudtrail-<SANDBOX_ACCOUNT_ID>;s3_bucket_server_access_logging_enabled;False;range-cloudtrail-<SANDBOX_ACCOUNT_ID>;SOC2;System and Organization Controls 2 (SOC2);
aws;System and Organization Controls (SOC), defined by the American Institute of Certified Public Accountants (AICPA), is the name of a set of reports that's produced during an audit. It's intended for use by service organizations (organizations that provide information systems as a service to other organizations) to issue validated reports of internal controls over those information systems to the users of those services. The reports focus on controls grouped into five categories known as Trust Service Principles.;<SANDBOX_ACCOUNT_ID>;ap-southeast-7;2026-08-29 00:18:02.370487;cc_7_2;"Implements Detection Policies, Procedures, and Tools - Detection policies and procedures are defined and implemented, and detection tools are implemented on Infrastructure and software to identify anomalies in the operation or unusual activity on systems. Procedures may include (1) a defined governance process for security event detection and management that includes provision of resources; (2) use of intelligence sources to identify newly discovered threats and vulnerabilities; and (3) logging of unusual system activities. Designs Detection Measures - Detection measures are designed to identify anomalies that could result from actual or attempted (1) compromise of physical barriers; (2) unauthorized actions of authorized personnel; (3) use of compromised identification and authentication credentials; (4) unauthorized access from outside the system boundaries; (5) compromise of authorized external parties; and (6) implementation or connection of unauthorized hardware and software. Implements Filters to Analyze Anomalies - Management has implemented procedures to filter, summarize, and analyze anomalies to identify security events. Monitors Detection Tools for Effective Operation - Management has implemented processes to monitor the effectiveness of detection tools.";CC7.0 - System Operations;;;aws;automated;FAIL;S3 Bucket range-customer-data-<SANDBOX_ACCOUNT_ID> has server access logging disabled.;arn:aws:s3:::range-customer-data-<SANDBOX_ACCOUNT_ID>;s3_bucket_server_access_logging_enabled;False;range-customer-data-<SANDBOX_ACCOUNT_ID>;SOC2;System and Organization Controls 2 (SOC2);
aws;System and Organization Controls (SOC), defined by the American Institute of Certified Public Accountants (AICPA), is the name of a set of reports that's produced during an audit. It's intended for use by service organizations (organizations that provide information systems as a service to other organizations) to issue validated reports of internal controls over those information systems to the users of those services. The reports focus on controls grouped into five categories known as Trust Service Principles.;<SANDBOX_ACCOUNT_ID>;ap-southeast-7;2026-08-29 00:18:02.370487;cc_7_3;Responds to Security Incidents - Procedures are in place for responding to security incidents and evaluating the effectiveness of those policies and procedures on a periodic basis. Communicates and Reviews Detected Security Events - Detected security events are communicated to and reviewed by the individuals responsible for the management of the security program and actions are taken, if necessary. Develops and Implements Procedures to Analyze Security Incidents - Procedures are in place to analyze security incidents and determine system impact. Assesses the Impact on Personal Information - Detected security events are evaluated to determine whether they could or did result in the unauthorized disclosure or use of personal information and whether there has been a failure to comply with applicable laws or regulations. Determines Personal Information Used or Disclosed - When an unauthorized use or disclosure of personal information has occurred, the affected information is identified.;CC7.0 - System Operations;;;aws;automated;FAIL;S3 Bucket range-customer-data-<SANDBOX_ACCOUNT_ID> has server access logging disabled.;arn:aws:s3:::range-customer-data-<SANDBOX_ACCOUNT_ID>;s3_bucket_server_access_logging_enabled;False;range-customer-data-<SANDBOX_ACCOUNT_ID>;SOC2;System and Organization Controls 2 (SOC2);
aws;System and Organization Controls (SOC), defined by the American Institute of Certified Public Accountants (AICPA), is the name of a set of reports that's produced during an audit. It's intended for use by service organizations (organizations that provide information systems as a service to other organizations) to issue validated reports of internal controls over those information systems to the users of those services. The reports focus on controls grouped into five categories known as Trust Service Principles.;<SANDBOX_ACCOUNT_ID>;ap-southeast-7;2026-08-29 00:18:02.370487;cc_a_1_1;Measures Current Usage - The use of the system components is measured to establish a baseline for capacity management and to use when evaluating the risk of impaired availability due to capacity constraints. Forecasts Capacity - The expected average and peak use of system components is forecasted and compared to system capacity and associated tolerances. Forecasting considers capacity in the event of the failure of system components that constrain capacity. Makes Changes Based on Forecasts - The system change management process is initiated when forecasted usage exceeds capacity tolerances.;CCA1.0 - Additional Criterial for Availability;;;aws;automated;FAIL;S3 Bucket range-customer-data-<SANDBOX_ACCOUNT_ID> has server access logging disabled.;arn:aws:s3:::range-customer-data-<SANDBOX_ACCOUNT_ID>;s3_bucket_server_access_logging_enabled;False;range-customer-data-<SANDBOX_ACCOUNT_ID>;SOC2;System and Organization Controls 2 (SOC2);
aws;System and Organization Controls (SOC), defined by the American Institute of Certified Public Accountants (AICPA), is the name of a set of reports that's produced during an audit. It's intended for use by service organizations (organizations that provide information systems as a service to other organizations) to issue validated reports of internal controls over those information systems to the users of those services. The reports focus on controls grouped into five categories known as Trust Service Principles.;<SANDBOX_ACCOUNT_ID>;ap-southeast-7;2026-08-29 00:18:02.370487;cc_7_2;"Implements Detection Policies, Procedures, and Tools - Detection policies and procedures are defined and implemented, and detection tools are implemented on Infrastructure and software to identify anomalies in the operation or unusual activity on systems. Procedures may include (1) a defined governance process for security event detection and management that includes provision of resources; (2) use of intelligence sources to identify newly discovered threats and vulnerabilities; and (3) logging of unusual system activities. Designs Detection Measures - Detection measures are designed to identify anomalies that could result from actual or attempted (1) compromise of physical barriers; (2) unauthorized actions of authorized personnel; (3) use of compromised identification and authentication credentials; (4) unauthorized access from outside the system boundaries; (5) compromise of authorized external parties; and (6) implementation or connection of unauthorized hardware and software. Implements Filters to Analyze Anomalies - Management has implemented procedures to filter, summarize, and analyze anomalies to identify security events. Monitors Detection Tools for Effective Operation - Management has implemented processes to monitor the effectiveness of detection tools.";CC7.0 - System Operations;;;aws;automated;FAIL;S3 Bucket stratus-red-team-ct-stop-bucket-arzkiholin has server access logging disabled.;arn:aws:s3:::stratus-red-team-ct-stop-bucket-arzkiholin;s3_bucket_server_access_logging_enabled;False;stratus-red-team-ct-stop-bucket-arzkiholin;SOC2;System and Organization Controls 2 (SOC2);
aws;System and Organization Controls (SOC), defined by the American Institute of Certified Public Accountants (AICPA), is the name of a set of reports that's produced during an audit. It's intended for use by service organizations (organizations that provide information systems as a service to other organizations) to issue validated reports of internal controls over those information systems to the users of those services. The reports focus on controls grouped into five categories known as Trust Service Principles.;<SANDBOX_ACCOUNT_ID>;ap-southeast-7;2026-08-29 00:18:02.370487;cc_7_3;Responds to Security Incidents - Procedures are in place for responding to security incidents and evaluating the effectiveness of those policies and procedures on a periodic basis. Communicates and Reviews Detected Security Events - Detected security events are communicated to and reviewed by the individuals responsible for the management of the security program and actions are taken, if necessary. Develops and Implements Procedures to Analyze Security Incidents - Procedures are in place to analyze security incidents and determine system impact. Assesses the Impact on Personal Information - Detected security events are evaluated to determine whether they could or did result in the unauthorized disclosure or use of personal information and whether there has been a failure to comply with applicable laws or regulations. Determines Personal Information Used or Disclosed - When an unauthorized use or disclosure of personal information has occurred, the affected information is identified.;CC7.0 - System Operations;;;aws;automated;FAIL;S3 Bucket stratus-red-team-ct-stop-bucket-arzkiholin has server access logging disabled.;arn:aws:s3:::stratus-red-team-ct-stop-bucket-arzkiholin;s3_bucket_server_access_logging_enabled;False;stratus-red-team-ct-stop-bucket-arzkiholin;SOC2;System and Organization Controls 2 (SOC2);
aws;System and Organization Controls (SOC), defined by the American Institute of Certified Public Accountants (AICPA), is the name of a set of reports that's produced during an audit. It's intended for use by service organizations (organizations that provide information systems as a service to other organizations) to issue validated reports of internal controls over those information systems to the users of those services. The reports focus on controls grouped into five categories known as Trust Service Principles.;<SANDBOX_ACCOUNT_ID>;ap-southeast-7;2026-08-29 00:18:02.370487;cc_a_1_1;Measures Current Usage - The use of the system components is measured to establish a baseline for capacity management and to use when evaluating the risk of impaired availability due to capacity constraints. Forecasts Capacity - The expected average and peak use of system components is forecasted and compared to system capacity and associated tolerances. Forecasting considers capacity in the event of the failure of system components that constrain capacity. Makes Changes Based on Forecasts - The system change management process is initiated when forecasted usage exceeds capacity tolerances.;CCA1.0 - Additional Criterial for Availability;;;aws;automated;FAIL;S3 Bucket stratus-red-team-ct-stop-bucket-arzkiholin has server access logging disabled.;arn:aws:s3:::stratus-red-team-ct-stop-bucket-arzkiholin;s3_bucket_server_access_logging_enabled;False;stratus-red-team-ct-stop-bucket-arzkiholin;SOC2;System and Organization Controls 2 (SOC2);
aws;System and Organization Controls (SOC), defined by the American Institute of Certified Public Accountants (AICPA), is the name of a set of reports that's produced during an audit. It's intended for use by service organizations (organizations that provide information systems as a service to other organizations) to issue validated reports of internal controls over those information systems to the users of those services. The reports focus on controls grouped into five categories known as Trust Service Principles.;<SANDBOX_ACCOUNT_ID>;ap-southeast-7;2026-08-29 00:18:02.370487;cc_3_1;Operations Objectives: Reflects Management's Choices - Operations objectives reflect management's choices about structure, industry considerations, and performance of the entity. Considers Tolerances for Risk - Management considers the acceptable levels of variation relative to the achievement of operations objectives. External Financial Reporting Objectives: Complies With Applicable Accounting Standards - Financial reporting objectives are consistent with accounting principles suitable and available for that entity. The accounting principles selected are appropriate in the circumstances. External Nonfinancial Reporting Objectives: Complies With Externally Established Frameworks - Management establishes objectives consistent with laws and regulations or standards and frameworks of recognized external organizations. Reflects Entity Activities - External reporting reflects the underlying transactions and events within a range of acceptable limits. Considers the Required Level of Precision—Management reflects the required level of precision and accuracy suitable for user needs and based on criteria established by third parties in nonfinancial reporting. Internal Reporting Objectives: Reflects Management's Choices - Internal reporting provides management with accurate and complete information regarding management's choices and information needed in managing the entity. Considers the Required Level of Precision—Management reflects the required level of precision and accuracy suitable for user needs in nonfinancial reporting objectives and materiality within financial reporting objectives. Reflects Entity Activities—Internal reporting reflects the underlying transactions and events within a range of acceptable limits. Compliance Objectives: Reflects External Laws and Regulations - Laws and regulations establish minimum standards of conduct, which the entity integrates into compliance objectives. Considers Tolerances for Risk - Management considers the acceptable levels of variation relative to the achievement of operations objectives. Additional point of focus specifically related to all engagements using the trust services criteria: Establishes Sub-objectives to Support Objectives—Management identifies sub-objectives related to security, availability, processing integrity, confidentiality, and privacy to support the achievement of the entity’s objectives related to reporting, operations, and compliance.;CC3.0 - Common Criteria Related to Risk Assessment;;;aws;automated;FAIL;Security Hub is not enabled.;arn:aws:securityhub:ap-southeast-7:<SANDBOX_ACCOUNT_ID>:hub/unknown;securityhub_enabled;False;hub/unknown;SOC2;System and Organization Controls 2 (SOC2);
aws;System and Organization Controls (SOC), defined by the American Institute of Certified Public Accountants (AICPA), is the name of a set of reports that's produced during an audit. It's intended for use by service organizations (organizations that provide information systems as a service to other organizations) to issue validated reports of internal controls over those information systems to the users of those services. The reports focus on controls grouped into five categories known as Trust Service Principles.;<SANDBOX_ACCOUNT_ID>;ap-southeast-7;2026-08-29 00:18:02.370487;cc_6_8;Restricts Application and Software Installation - The ability to install applications and software is restricted to authorized individuals. Detects Unauthorized Changes to Software and Configuration Parameters - Processes are in place to detect changes to software and configuration parameters that may be indicative of unauthorized or malicious software. Uses a Defined Change Control Process - A management-defined change control process is used for the implementation of software. Uses Antivirus and Anti-Malware Software - Antivirus and anti-malware software is implemented and maintained to provide for the interception or detection and remediation of malware. Scans Information Assets from Outside the Entity for Malware and Other Unauthorized Software - Procedures are in place to scan information assets that have been transferred or returned to the entity’s custody for malware and other unauthorized software and to remove any items detected prior to its implementation on the network.;CC6.0 - Logical and Physical Access;;;aws;automated;FAIL;Security Hub is not enabled.;arn:aws:securityhub:ap-southeast-7:<SANDBOX_ACCOUNT_ID>:hub/unknown;securityhub_enabled;False;hub/unknown;SOC2;System and Organization Controls 2 (SOC2);
aws;System and Organization Controls (SOC), defined by the American Institute of Certified Public Accountants (AICPA), is the name of a set of reports that's produced during an audit. It's intended for use by service organizations (organizations that provide information systems as a service to other organizations) to issue validated reports of internal controls over those information systems to the users of those services. The reports focus on controls grouped into five categories known as Trust Service Principles.;<SANDBOX_ACCOUNT_ID>;ap-southeast-7;2026-08-29 00:18:02.370487;cc_7_1;Uses Defined Configuration Standards - Management has defined configuration standards. Monitors Infrastructure and Software - The entity monitors infrastructure and software for noncompliance with the standards, which could threaten the achievement of the entity's objectives. Implements Change-Detection Mechanisms - The IT system includes a change-detection mechanism (for example, file integrity monitoring tools) to alert personnel to unauthorized modifications of critical system files, configuration files, or content files. Detects Unknown or Unauthorized Components - Procedures are in place to detect the introduction of unknown or unauthorized components. Conducts Vulnerability Scans - The entity conducts vulnerability scans designed to identify potential vulnerabilities or misconfigurations on a periodic basis and after any significant change in the environment and takes action to remediate identified deficiencies on a timely basis.;CC7.0 - System Operations;;;aws;automated;FAIL;Security Hub is not enabled.;arn:aws:securityhub:ap-southeast-7:<SANDBOX_ACCOUNT_ID>:hub/unknown;securityhub_enabled;False;hub/unknown;SOC2;System and Organization Controls 2 (SOC2);
aws;System and Organization Controls (SOC), defined by the American Institute of Certified Public Accountants (AICPA), is the name of a set of reports that's produced during an audit. It's intended for use by service organizations (organizations that provide information systems as a service to other organizations) to issue validated reports of internal controls over those information systems to the users of those services. The reports focus on controls grouped into five categories known as Trust Service Principles.;<SANDBOX_ACCOUNT_ID>;ap-southeast-7;2026-08-29 00:18:02.370487;cc_7_2;"Implements Detection Policies, Procedures, and Tools - Detection policies and procedures are defined and implemented, and detection tools are implemented on Infrastructure and software to identify anomalies in the operation or unusual activity on systems. Procedures may include (1) a defined governance process for security event detection and management that includes provision of resources; (2) use of intelligence sources to identify newly discovered threats and vulnerabilities; and (3) logging of unusual system activities. Designs Detection Measures - Detection measures are designed to identify anomalies that could result from actual or attempted (1) compromise of physical barriers; (2) unauthorized actions of authorized personnel; (3) use of compromised identification and authentication credentials; (4) unauthorized access from outside the system boundaries; (5) compromise of authorized external parties; and (6) implementation or connection of unauthorized hardware and software. Implements Filters to Analyze Anomalies - Management has implemented procedures to filter, summarize, and analyze anomalies to identify security events. Monitors Detection Tools for Effective Operation - Management has implemented processes to monitor the effectiveness of detection tools.";CC7.0 - System Operations;;;aws;automated;FAIL;Security Hub is not enabled.;arn:aws:securityhub:ap-southeast-7:<SANDBOX_ACCOUNT_ID>:hub/unknown;securityhub_enabled;False;hub/unknown;SOC2;System and Organization Controls 2 (SOC2);
aws;System and Organization Controls (SOC), defined by the American Institute of Certified Public Accountants (AICPA), is the name of a set of reports that's produced during an audit. It's intended for use by service organizations (organizations that provide information systems as a service to other organizations) to issue validated reports of internal controls over those information systems to the users of those services. The reports focus on controls grouped into five categories known as Trust Service Principles.;<SANDBOX_ACCOUNT_ID>;ap-southeast-7;2026-08-29 00:18:02.370487;cc_7_3;Responds to Security Incidents - Procedures are in place for responding to security incidents and evaluating the effectiveness of those policies and procedures on a periodic basis. Communicates and Reviews Detected Security Events - Detected security events are communicated to and reviewed by the individuals responsible for the management of the security program and actions are taken, if necessary. Develops and Implements Procedures to Analyze Security Incidents - Procedures are in place to analyze security incidents and determine system impact. Assesses the Impact on Personal Information - Detected security events are evaluated to determine whether they could or did result in the unauthorized disclosure or use of personal information and whether there has been a failure to comply with applicable laws or regulations. Determines Personal Information Used or Disclosed - When an unauthorized use or disclosure of personal information has occurred, the affected information is identified.;CC7.0 - System Operations;;;aws;automated;FAIL;Security Hub is not enabled.;arn:aws:securityhub:ap-southeast-7:<SANDBOX_ACCOUNT_ID>:hub/unknown;securityhub_enabled;False;hub/unknown;SOC2;System and Organization Controls 2 (SOC2);
aws;System and Organization Controls (SOC), defined by the American Institute of Certified Public Accountants (AICPA), is the name of a set of reports that's produced during an audit. It's intended for use by service organizations (organizations that provide information systems as a service to other organizations) to issue validated reports of internal controls over those information systems to the users of those services. The reports focus on controls grouped into five categories known as Trust Service Principles.;<SANDBOX_ACCOUNT_ID>;ap-southeast-7;2026-08-29 00:18:02.370487;cc_7_4;Assigns Roles and Responsibilities - Roles and responsibilities for the design, implementation, maintenance, and execution of the incident response program are assigned, including the use of external resources when necessary. Contains Security Incidents - Procedures are in place to contain security incidents that actively threaten entity objectives. Mitigates Ongoing Security Incidents - Procedures are in place to mitigate the effects of ongoing security incidents. Ends Threats Posed by Security Incidents - Procedures are in place to end the threats posed by security incidents through closure of the vulnerability, removal of unauthorized access, and other remediation actions. Restores Operations - Procedures are in place to restore data and business operations to an interim state that permits the achievement of entity objectives. Develops and Implements Communication Protocols for Security Incidents - Protocols for communicating security incidents and actions taken to affected parties are developed and implemented to meet the entity's objectives. Obtains Understanding of Nature of Incident and Determines Containment Strategy - An understanding of the nature (for example, the method by which the incident occurred and the affected system resources) and severity of the security incident is obtained to determine the appropriate containment strategy, including (1) a determination of the appropriate response time frame, and (2) the determination and execution of the containment approach. Remediates Identified Vulnerabilities - Identified vulnerabilities are remediated through the development and execution of remediation activities. Communicates Remediation Activities - Remediation activities are documented and communicated in accordance with the incident response program. Evaluates the Effectiveness of Incident Response - The design of incident response activities is evaluated for effectiveness on a periodic basis. Periodically Evaluates Incidents - Periodically, management reviews incidents related to security, availability, processing integrity, confidentiality, and privacy and identifies the need for system changes based on incident patterns and root causes. Communicates Unauthorized Use and Disclosure - Events that resulted in unauthorized use or disclosure of personal information are communicated to the data subjects, legal and regulatory authorities, and others as required. Application of Sanctions - The conduct of individuals and organizations operating under the authority of the entity and involved in the unauthorized use or disclosure of personal information is evaluated and, if appropriate, sanctioned in accordance with entity policies and legal and regulatory requirements.;CC7.0 - System Operations;;;aws;automated;FAIL;Security Hub is not enabled.;arn:aws:securityhub:ap-southeast-7:<SANDBOX_ACCOUNT_ID>:hub/unknown;securityhub_enabled;False;hub/unknown;SOC2;System and Organization Controls 2 (SOC2);
aws;System and Organization Controls (SOC), defined by the American Institute of Certified Public Accountants (AICPA), is the name of a set of reports that's produced during an audit. It's intended for use by service organizations (organizations that provide information systems as a service to other organizations) to issue validated reports of internal controls over those information systems to the users of those services. The reports focus on controls grouped into five categories known as Trust Service Principles.;<SANDBOX_ACCOUNT_ID>;ap-southeast-7;2026-08-29 00:18:02.370487;pi_1_4;The entity implements controls to ensure system outputs are delivered to authorized recipients in the correct format and protected against unauthorized access, modification, theft, destruction, or corruption. This includes output encryption, access controls, and audit trails for output delivery.;PI1.0 - Processing Integrity;;;aws;automated;FAIL;SNS topic range-responders is not encrypted.;arn:aws:sns:ap-southeast-7:<SANDBOX_ACCOUNT_ID>:range-responders;sns_topics_kms_encryption_at_rest_enabled;False;range-responders;SOC2;System and Organization Controls 2 (SOC2);
