PROVIDER;DESCRIPTION;ACCOUNTID;REGION;ASSESSMENTDATE;REQUIREMENTS_ID;REQUIREMENTS_DESCRIPTION;REQUIREMENTS_ATTRIBUTES_SECTION;REQUIREMENTS_ATTRIBUTES_SUBSECTION;REQUIREMENTS_ATTRIBUTES_SUBGROUP;REQUIREMENTS_ATTRIBUTES_SERVICE;REQUIREMENTS_ATTRIBUTES_TYPE;STATUS;STATUSEXTENDED;RESOURCEID;CHECKID;MUTED;RESOURCENAME;FRAMEWORK;NAME;REQUIREMENTS_ATTRIBUTES_COMMENT
aws;The AWS Foundational Security Best Practices standard is a set of controls that detect when your deployed accounts and resources deviate from security best practices.;<SANDBOX_ACCOUNT_ID>;ap-southeast-7;2026-08-29 00:18:02.370487;Account.1;This control checks if an Amazon Web Services (AWS) account has security contact information. The control fails if security contact information is not provided for the account.;Account;;;Account;;MANUAL;Login to the AWS Console. Choose your account name on the top right of the window -> My Account -> Alternate Contacts -> Security Section.;arn:aws:iam::<SANDBOX_ACCOUNT_ID>:root;account_security_contact_information_is_registered;False;<SANDBOX_ACCOUNT_ID>;AWS-Foundational-Security-Best-Practices;AWS Foundational Security Best Practices;
aws;The AWS Foundational Security Best Practices standard is a set of controls that detect when your deployed accounts and resources deviate from security best practices.;<SANDBOX_ACCOUNT_ID>;ap-southeast-7;2026-08-29 00:18:02.370487;Lambda.3;This control checks whether a Lambda function is deployed in a virtual private cloud (VPC). The control fails if the Lambda function isn't deployed in a VPC. Security Hub doesn't evaluate the VPC subnet routing configuration to determine public reachability. You might see failed findings for Lambda@Edge resources.;Lambda;;;Lambda;;FAIL;Lambda function range-responder is not inside a VPC;arn:aws:lambda:ap-southeast-7:<SANDBOX_ACCOUNT_ID>:function:range-responder;awslambda_function_inside_vpc;False;range-responder;AWS-Foundational-Security-Best-Practices;AWS Foundational Security Best Practices;
aws;The AWS Foundational Security Best Practices standard is a set of controls that detect when your deployed accounts and resources deviate from security best practices.;<SANDBOX_ACCOUNT_ID>;ap-southeast-7;2026-08-29 00:18:02.370487;Lambda.1;This control checks whether the Lambda function resource-based policy prohibits public access outside of your account. The Lambda function should not be publicly accessible, as this may allow unintended access to your code stored in the function.;Lambda;;;Lambda;;PASS;Lambda function range-responder has a resource-based policy without public access.;arn:aws:lambda:ap-southeast-7:<SANDBOX_ACCOUNT_ID>:function:range-responder;awslambda_function_not_publicly_accessible;False;range-responder;AWS-Foundational-Security-Best-Practices;AWS Foundational Security Best Practices;
aws;The AWS Foundational Security Best Practices standard is a set of controls that detect when your deployed accounts and resources deviate from security best practices.;<SANDBOX_ACCOUNT_ID>;ap-southeast-7;2026-08-29 00:18:02.370487;Lambda.2;This control checks that the Lambda function settings for runtimes match the expected values set for the latest runtimes for each supported language. This control checks for the following runtimes: dotnet8, dotnet6, java21, java17, java11, java8.al2, nodejs22.x, nodejs20.x, nodejs18.x, python3.13, python3.12, python3.11, python3.10, python3.9, python3.8, ruby3.3, ruby3.2;Lambda;;;Lambda;;PASS;Lambda function range-responder is using python3.12 which is supported.;arn:aws:lambda:ap-southeast-7:<SANDBOX_ACCOUNT_ID>:function:range-responder;awslambda_function_using_supported_runtimes;False;range-responder;AWS-Foundational-Security-Best-Practices;AWS Foundational Security Best Practices;
aws;The AWS Foundational Security Best Practices standard is a set of controls that detect when your deployed accounts and resources deviate from security best practices.;<SANDBOX_ACCOUNT_ID>;ap-southeast-7;2026-08-29 00:18:02.370487;CloudTrail.5;This control checks whether CloudTrail trails are configured to send logs to CloudWatch Logs. The control fails if the CloudWatchLogsLogGroupArn property of the trail is empty.;CloudTrail;;;CloudTrail;;FAIL;Multiregion trail lz-org-trail has not been logging in the last 24h or is not configured to deliver logs.;arn:aws:cloudtrail:ap-southeast-7:<MANAGEMENT_ACCOUNT_ID>:trail/lz-org-trail;cloudtrail_cloudwatch_logging_enabled;False;lz-org-trail;AWS-Foundational-Security-Best-Practices;AWS Foundational Security Best Practices;
aws;The AWS Foundational Security Best Practices standard is a set of controls that detect when your deployed accounts and resources deviate from security best practices.;<SANDBOX_ACCOUNT_ID>;ap-southeast-7;2026-08-29 00:18:02.370487;CloudTrail.5;This control checks whether CloudTrail trails are configured to send logs to CloudWatch Logs. The control fails if the CloudWatchLogsLogGroupArn property of the trail is empty.;CloudTrail;;;CloudTrail;;PASS;Multiregion trail range-trail has been logging in the last 24h.;arn:aws:cloudtrail:ap-southeast-7:<SANDBOX_ACCOUNT_ID>:trail/range-trail;cloudtrail_cloudwatch_logging_enabled;False;range-trail;AWS-Foundational-Security-Best-Practices;AWS Foundational Security Best Practices;
aws;The AWS Foundational Security Best Practices standard is a set of controls that detect when your deployed accounts and resources deviate from security best practices.;<SANDBOX_ACCOUNT_ID>;ap-southeast-7;2026-08-29 00:18:02.370487;CloudTrail.5;This control checks whether CloudTrail trails are configured to send logs to CloudWatch Logs. The control fails if the CloudWatchLogsLogGroupArn property of the trail is empty.;CloudTrail;;;CloudTrail;;FAIL;Single region trail stratus-red-team-ct-stop-trail-arzkiholin has not been logging in the last 24h or is not configured to deliver logs.;arn:aws:cloudtrail:ap-southeast-7:<SANDBOX_ACCOUNT_ID>:trail/stratus-red-team-ct-stop-trail-arzkiholin;cloudtrail_cloudwatch_logging_enabled;False;stratus-red-team-ct-stop-trail-arzkiholin;AWS-Foundational-Security-Best-Practices;AWS Foundational Security Best Practices;
aws;The AWS Foundational Security Best Practices standard is a set of controls that detect when your deployed accounts and resources deviate from security best practices.;<SANDBOX_ACCOUNT_ID>;ap-southeast-7;2026-08-29 00:18:02.370487;CloudTrail.2;This control checks whether CloudTrail is configured to use the server-side encryption (SSE) AWS Key Management Service customer master key (CMK) encryption. The check passes if the KmsKeyId is defined.;CloudTrail;;;CloudTrail;;FAIL;Multiregion trail lz-org-trail has encryption disabled.;arn:aws:cloudtrail:ap-southeast-7:<MANAGEMENT_ACCOUNT_ID>:trail/lz-org-trail;cloudtrail_kms_encryption_enabled;False;lz-org-trail;AWS-Foundational-Security-Best-Practices;AWS Foundational Security Best Practices;
aws;The AWS Foundational Security Best Practices standard is a set of controls that detect when your deployed accounts and resources deviate from security best practices.;<SANDBOX_ACCOUNT_ID>;ap-southeast-7;2026-08-29 00:18:02.370487;CloudTrail.2;This control checks whether CloudTrail is configured to use the server-side encryption (SSE) AWS Key Management Service customer master key (CMK) encryption. The check passes if the KmsKeyId is defined.;CloudTrail;;;CloudTrail;;FAIL;Multiregion trail range-trail has encryption disabled.;arn:aws:cloudtrail:ap-southeast-7:<SANDBOX_ACCOUNT_ID>:trail/range-trail;cloudtrail_kms_encryption_enabled;False;range-trail;AWS-Foundational-Security-Best-Practices;AWS Foundational Security Best Practices;
aws;The AWS Foundational Security Best Practices standard is a set of controls that detect when your deployed accounts and resources deviate from security best practices.;<SANDBOX_ACCOUNT_ID>;ap-southeast-7;2026-08-29 00:18:02.370487;CloudTrail.2;This control checks whether CloudTrail is configured to use the server-side encryption (SSE) AWS Key Management Service customer master key (CMK) encryption. The check passes if the KmsKeyId is defined.;CloudTrail;;;CloudTrail;;FAIL;Single region trail stratus-red-team-ct-stop-trail-arzkiholin has encryption disabled.;arn:aws:cloudtrail:ap-southeast-7:<SANDBOX_ACCOUNT_ID>:trail/stratus-red-team-ct-stop-trail-arzkiholin;cloudtrail_kms_encryption_enabled;False;stratus-red-team-ct-stop-trail-arzkiholin;AWS-Foundational-Security-Best-Practices;AWS Foundational Security Best Practices;
aws;The AWS Foundational Security Best Practices standard is a set of controls that detect when your deployed accounts and resources deviate from security best practices.;<SANDBOX_ACCOUNT_ID>;ap-southeast-7;2026-08-29 00:18:02.370487;CloudTrail.4;This control checks whether log file integrity validation is enabled on a CloudTrail trail. CloudTrail log file validation creates a digitally signed digest file that contains a hash of each log that CloudTrail writes to Amazon S3. You can use these digest files to determine whether a log file was changed, deleted, or unchanged after CloudTrail delivered the log.;CloudTrail;;;CloudTrail;;PASS;Multiregion trail lz-org-trail has log file validation enabled.;arn:aws:cloudtrail:ap-southeast-7:<MANAGEMENT_ACCOUNT_ID>:trail/lz-org-trail;cloudtrail_log_file_validation_enabled;False;lz-org-trail;AWS-Foundational-Security-Best-Practices;AWS Foundational Security Best Practices;
aws;The AWS Foundational Security Best Practices standard is a set of controls that detect when your deployed accounts and resources deviate from security best practices.;<SANDBOX_ACCOUNT_ID>;ap-southeast-7;2026-08-29 00:18:02.370487;CloudTrail.4;This control checks whether log file integrity validation is enabled on a CloudTrail trail. CloudTrail log file validation creates a digitally signed digest file that contains a hash of each log that CloudTrail writes to Amazon S3. You can use these digest files to determine whether a log file was changed, deleted, or unchanged after CloudTrail delivered the log.;CloudTrail;;;CloudTrail;;PASS;Multiregion trail range-trail has log file validation enabled.;arn:aws:cloudtrail:ap-southeast-7:<SANDBOX_ACCOUNT_ID>:trail/range-trail;cloudtrail_log_file_validation_enabled;False;range-trail;AWS-Foundational-Security-Best-Practices;AWS Foundational Security Best Practices;
aws;The AWS Foundational Security Best Practices standard is a set of controls that detect when your deployed accounts and resources deviate from security best practices.;<SANDBOX_ACCOUNT_ID>;ap-southeast-7;2026-08-29 00:18:02.370487;CloudTrail.4;This control checks whether log file integrity validation is enabled on a CloudTrail trail. CloudTrail log file validation creates a digitally signed digest file that contains a hash of each log that CloudTrail writes to Amazon S3. You can use these digest files to determine whether a log file was changed, deleted, or unchanged after CloudTrail delivered the log.;CloudTrail;;;CloudTrail;;FAIL;Single region trail stratus-red-team-ct-stop-trail-arzkiholin has log file validation disabled.;arn:aws:cloudtrail:ap-southeast-7:<SANDBOX_ACCOUNT_ID>:trail/stratus-red-team-ct-stop-trail-arzkiholin;cloudtrail_log_file_validation_enabled;False;stratus-red-team-ct-stop-trail-arzkiholin;AWS-Foundational-Security-Best-Practices;AWS Foundational Security Best Practices;
aws;The AWS Foundational Security Best Practices standard is a set of controls that detect when your deployed accounts and resources deviate from security best practices.;<SANDBOX_ACCOUNT_ID>;ap-southeast-7;2026-08-29 00:18:02.370487;CloudTrail.7;S3 bucket access logging generates a log that contains access records for each request made to your S3 bucket. An access log record contains details about the request, such as the request type, the resources specified in the request worked, and the time and date the request was processed.;CloudTrail;;;CloudTrail;;MANUAL;Trail lz-org-trail is delivering logs to bucket lz-org-cloudtrail-logs-<LOG_ARCHIVE_ACCOUNT_ID> which is a cross-account bucket or out of Prowler's audit scope, please check it manually.;arn:aws:cloudtrail:ap-southeast-7:<MANAGEMENT_ACCOUNT_ID>:trail/lz-org-trail;cloudtrail_logs_s3_bucket_access_logging_enabled;False;lz-org-trail;AWS-Foundational-Security-Best-Practices;AWS Foundational Security Best Practices;
aws;The AWS Foundational Security Best Practices standard is a set of controls that detect when your deployed accounts and resources deviate from security best practices.;<SANDBOX_ACCOUNT_ID>;ap-southeast-7;2026-08-29 00:18:02.370487;CloudTrail.7;S3 bucket access logging generates a log that contains access records for each request made to your S3 bucket. An access log record contains details about the request, such as the request type, the resources specified in the request worked, and the time and date the request was processed.;CloudTrail;;;CloudTrail;;FAIL;Multiregion Trail range-trail S3 bucket access logging is not enabled for bucket range-cloudtrail-<SANDBOX_ACCOUNT_ID>.;arn:aws:cloudtrail:ap-southeast-7:<SANDBOX_ACCOUNT_ID>:trail/range-trail;cloudtrail_logs_s3_bucket_access_logging_enabled;False;range-trail;AWS-Foundational-Security-Best-Practices;AWS Foundational Security Best Practices;
aws;The AWS Foundational Security Best Practices standard is a set of controls that detect when your deployed accounts and resources deviate from security best practices.;<SANDBOX_ACCOUNT_ID>;ap-southeast-7;2026-08-29 00:18:02.370487;CloudTrail.7;S3 bucket access logging generates a log that contains access records for each request made to your S3 bucket. An access log record contains details about the request, such as the request type, the resources specified in the request worked, and the time and date the request was processed.;CloudTrail;;;CloudTrail;;FAIL;Single region Trail stratus-red-team-ct-stop-trail-arzkiholin S3 bucket access logging is not enabled for bucket stratus-red-team-ct-stop-bucket-arzkiholin.;arn:aws:cloudtrail:ap-southeast-7:<SANDBOX_ACCOUNT_ID>:trail/stratus-red-team-ct-stop-trail-arzkiholin;cloudtrail_logs_s3_bucket_access_logging_enabled;False;stratus-red-team-ct-stop-trail-arzkiholin;AWS-Foundational-Security-Best-Practices;AWS Foundational Security Best Practices;
aws;The AWS Foundational Security Best Practices standard is a set of controls that detect when your deployed accounts and resources deviate from security best practices.;<SANDBOX_ACCOUNT_ID>;ap-southeast-7;2026-08-29 00:18:02.370487;CloudTrail.6;CloudTrail logs a record of every API call made in your account. These log files are stored in an S3 bucket. CIS recommends that the S3 bucket policy, or access control list (ACL), applied to the S3 bucket that CloudTrail logs to prevents public access to the CloudTrail logs. Allowing public access to CloudTrail log content might aid an adversary in identifying weaknesses in the affected account's use or configuration.;CloudTrail;;;CloudTrail;;MANUAL;Trail lz-org-trail bucket (lz-org-cloudtrail-logs-<LOG_ARCHIVE_ACCOUNT_ID>) is a cross-account bucket or out of Prowler's audit scope, please check it manually.;arn:aws:cloudtrail:ap-southeast-7:<MANAGEMENT_ACCOUNT_ID>:trail/lz-org-trail;cloudtrail_logs_s3_bucket_is_not_publicly_accessible;False;lz-org-trail;AWS-Foundational-Security-Best-Practices;AWS Foundational Security Best Practices;
aws;The AWS Foundational Security Best Practices standard is a set of controls that detect when your deployed accounts and resources deviate from security best practices.;<SANDBOX_ACCOUNT_ID>;ap-southeast-7;2026-08-29 00:18:02.370487;CloudTrail.6;CloudTrail logs a record of every API call made in your account. These log files are stored in an S3 bucket. CIS recommends that the S3 bucket policy, or access control list (ACL), applied to the S3 bucket that CloudTrail logs to prevents public access to the CloudTrail logs. Allowing public access to CloudTrail log content might aid an adversary in identifying weaknesses in the affected account's use or configuration.;CloudTrail;;;CloudTrail;;PASS;S3 Bucket range-cloudtrail-<SANDBOX_ACCOUNT_ID> from multiregion trail range-trail is not publicly accessible.;arn:aws:cloudtrail:ap-southeast-7:<SANDBOX_ACCOUNT_ID>:trail/range-trail;cloudtrail_logs_s3_bucket_is_not_publicly_accessible;False;range-trail;AWS-Foundational-Security-Best-Practices;AWS Foundational Security Best Practices;
aws;The AWS Foundational Security Best Practices standard is a set of controls that detect when your deployed accounts and resources deviate from security best practices.;<SANDBOX_ACCOUNT_ID>;ap-southeast-7;2026-08-29 00:18:02.370487;CloudTrail.6;CloudTrail logs a record of every API call made in your account. These log files are stored in an S3 bucket. CIS recommends that the S3 bucket policy, or access control list (ACL), applied to the S3 bucket that CloudTrail logs to prevents public access to the CloudTrail logs. Allowing public access to CloudTrail log content might aid an adversary in identifying weaknesses in the affected account's use or configuration.;CloudTrail;;;CloudTrail;;PASS;S3 Bucket stratus-red-team-ct-stop-bucket-arzkiholin from single region trail stratus-red-team-ct-stop-trail-arzkiholin is not publicly accessible.;arn:aws:cloudtrail:ap-southeast-7:<SANDBOX_ACCOUNT_ID>:trail/stratus-red-team-ct-stop-trail-arzkiholin;cloudtrail_logs_s3_bucket_is_not_publicly_accessible;False;stratus-red-team-ct-stop-trail-arzkiholin;AWS-Foundational-Security-Best-Practices;AWS Foundational Security Best Practices;
aws;The AWS Foundational Security Best Practices standard is a set of controls that detect when your deployed accounts and resources deviate from security best practices.;<SANDBOX_ACCOUNT_ID>;ap-southeast-7;2026-08-29 00:18:02.370487;CloudTrail.1;This control checks that there is at least one multi-Region CloudTrail trail.;CloudTrail;;;CloudTrail;;PASS;Trail lz-org-trail is multiregion and it is logging.;arn:aws:cloudtrail:ap-southeast-7:<MANAGEMENT_ACCOUNT_ID>:trail/lz-org-trail;cloudtrail_multi_region_enabled;False;lz-org-trail;AWS-Foundational-Security-Best-Practices;AWS Foundational Security Best Practices;
aws;The AWS Foundational Security Best Practices standard is a set of controls that detect when your deployed accounts and resources deviate from security best practices.;<SANDBOX_ACCOUNT_ID>;ap-southeast-7;2026-08-29 00:18:02.370487;Config.1;This control checks whether AWS Config is enabled in the account for the local Region and is recording all resources. The AWS Config service performs configuration management of supported AWS resources in your account and delivers log files to you. The recorded information includes the configuration item (AWS resource), relationships between configuration items, and any configuration changes between resources.;Config;;;Config;;FAIL;AWS Config recorder <SANDBOX_ACCOUNT_ID> is disabled.;arn:aws:config:ap-southeast-7:<SANDBOX_ACCOUNT_ID>:recorder;config_recorder_all_regions_enabled;False;<SANDBOX_ACCOUNT_ID>;AWS-Foundational-Security-Best-Practices;AWS Foundational Security Best Practices;
aws;The AWS Foundational Security Best Practices standard is a set of controls that detect when your deployed accounts and resources deviate from security best practices.;<SANDBOX_ACCOUNT_ID>;ap-southeast-7;2026-08-29 00:18:02.370487;EMR.2;This control checks whether your account is configured with Amazon EMR block public access. The control fails if the block public access setting isn't enabled or if any port other than port 22 is allowed.;EMR;;;EMR;;PASS;EMR Account has Block Public Access enabled.;arn:aws:elasticmapreduce:ap-southeast-7:<SANDBOX_ACCOUNT_ID>:cluster;emr_cluster_account_public_block_enabled;False;<SANDBOX_ACCOUNT_ID>;AWS-Foundational-Security-Best-Practices;AWS Foundational Security Best Practices;
aws;The AWS Foundational Security Best Practices standard is a set of controls that detect when your deployed accounts and resources deviate from security best practices.;<SANDBOX_ACCOUNT_ID>;ap-southeast-7;2026-08-29 00:18:02.370487;GuardDuty.1;This control checks whether Amazon GuardDuty is enabled in your GuardDuty account and Region. It is highly recommended that you enable GuardDuty in all supported AWS Regions. Doing so allows GuardDuty to generate findings about unauthorized or unusual activity, even in Regions that you do not actively use. This also allows GuardDuty to monitor CloudTrail events for global AWS services such as IAM.;GuardDuty;;;GuardDuty;;PASS;GuardDuty detector c0cfc223468df81e40fec5257649bb70 enabled.;arn:aws:guardduty:ap-southeast-7:<SANDBOX_ACCOUNT_ID>:detector/c0cfc223468df81e40fec5257649bb70;guardduty_is_enabled;False;c0cfc223468df81e40fec5257649bb70;AWS-Foundational-Security-Best-Practices;AWS Foundational Security Best Practices;
aws;The AWS Foundational Security Best Practices standard is a set of controls that detect when your deployed accounts and resources deviate from security best practices.;<SANDBOX_ACCOUNT_ID>;ap-southeast-7;2026-08-29 00:18:02.370487;GuardDuty.9;This control checks whether GuardDuty RDS Protection is enabled. For a standalone account, the control fails if GuardDuty RDS Protection is disabled in the account. In a multi-account environment, the control fails if the delegated GuardDuty administrator account and all member accounts don't have RDS Protection enabled.;GuardDuty;;;GuardDuty;;FAIL;GuardDuty detector does not have RDS Protection enabled.;arn:aws:guardduty:ap-southeast-7:<SANDBOX_ACCOUNT_ID>:detector/c0cfc223468df81e40fec5257649bb70;guardduty_rds_protection_enabled;False;c0cfc223468df81e40fec5257649bb70;AWS-Foundational-Security-Best-Practices;AWS Foundational Security Best Practices;
aws;The AWS Foundational Security Best Practices standard is a set of controls that detect when your deployed accounts and resources deviate from security best practices.;<SANDBOX_ACCOUNT_ID>;ap-southeast-7;2026-08-29 00:18:02.370487;GuardDuty.10;This control checks whether GuardDuty S3 Protection is enabled. For a standalone account, the control fails if GuardDuty S3 Protection is disabled in the account. In a multi-account environment, the control fails if the delegated GuardDuty administrator account and all member accounts don't have S3 Protection enabled.;GuardDuty;;;GuardDuty;;FAIL;GuardDuty detector does not have S3 Protection enabled.;arn:aws:guardduty:ap-southeast-7:<SANDBOX_ACCOUNT_ID>:detector/c0cfc223468df81e40fec5257649bb70;guardduty_s3_protection_enabled;False;c0cfc223468df81e40fec5257649bb70;AWS-Foundational-Security-Best-Practices;AWS Foundational Security Best Practices;
aws;The AWS Foundational Security Best Practices standard is a set of controls that detect when your deployed accounts and resources deviate from security best practices.;<SANDBOX_ACCOUNT_ID>;ap-southeast-7;2026-08-29 00:18:02.370487;IAM.1;This control checks whether the default version of IAM policies (also known as customer managed policies) has administrator access that includes a statement with 'Effect': 'Allow' with 'Action': '*' over 'Resource': '*'. The control only checks the customer managed policies that you create. It does not check inline and AWS managed policies.;IAM;;;IAM;;PASS;AWS policy AWSSSOServiceRolePolicy is attached but does not allow '*:*' administrative privileges.;arn:aws:iam::aws:policy/aws-service-role/AWSSSOServiceRolePolicy;iam_aws_attached_policy_no_administrative_privileges;False;AWSSSOServiceRolePolicy;AWS-Foundational-Security-Best-Practices;AWS Foundational Security Best Practices;
aws;The AWS Foundational Security Best Practices standard is a set of controls that detect when your deployed accounts and resources deviate from security best practices.;<SANDBOX_ACCOUNT_ID>;ap-southeast-7;2026-08-29 00:18:02.370487;IAM.1;This control checks whether the default version of IAM policies (also known as customer managed policies) has administrator access that includes a statement with 'Effect': 'Allow' with 'Action': '*' over 'Resource': '*'. The control only checks the customer managed policies that you create. It does not check inline and AWS managed policies.;IAM;;;IAM;;PASS;AWS policy AWSOrganizationsServiceTrustPolicy is attached but does not allow '*:*' administrative privileges.;arn:aws:iam::aws:policy/aws-service-role/AWSOrganizationsServiceTrustPolicy;iam_aws_attached_policy_no_administrative_privileges;False;AWSOrganizationsServiceTrustPolicy;AWS-Foundational-Security-Best-Practices;AWS Foundational Security Best Practices;
aws;The AWS Foundational Security Best Practices standard is a set of controls that detect when your deployed accounts and resources deviate from security best practices.;<SANDBOX_ACCOUNT_ID>;ap-southeast-7;2026-08-29 00:18:02.370487;IAM.1;This control checks whether the default version of IAM policies (also known as customer managed policies) has administrator access that includes a statement with 'Effect': 'Allow' with 'Action': '*' over 'Resource': '*'. The control only checks the customer managed policies that you create. It does not check inline and AWS managed policies.;IAM;;;IAM;;PASS;AWS policy AmazonGuardDutyServiceRolePolicy is attached but does not allow '*:*' administrative privileges.;arn:aws:iam::aws:policy/aws-service-role/AmazonGuardDutyServiceRolePolicy;iam_aws_attached_policy_no_administrative_privileges;False;AmazonGuardDutyServiceRolePolicy;AWS-Foundational-Security-Best-Practices;AWS Foundational Security Best Practices;
aws;The AWS Foundational Security Best Practices standard is a set of controls that detect when your deployed accounts and resources deviate from security best practices.;<SANDBOX_ACCOUNT_ID>;ap-southeast-7;2026-08-29 00:18:02.370487;IAM.1;This control checks whether the default version of IAM policies (also known as customer managed policies) has administrator access that includes a statement with 'Effect': 'Allow' with 'Action': '*' over 'Resource': '*'. The control only checks the customer managed policies that you create. It does not check inline and AWS managed policies.;IAM;;;IAM;;PASS;AWS policy AWSTrustedAdvisorServiceRolePolicy is attached but does not allow '*:*' administrative privileges.;arn:aws:iam::aws:policy/aws-service-role/AWSTrustedAdvisorServiceRolePolicy;iam_aws_attached_policy_no_administrative_privileges;False;AWSTrustedAdvisorServiceRolePolicy;AWS-Foundational-Security-Best-Practices;AWS Foundational Security Best Practices;
aws;The AWS Foundational Security Best Practices standard is a set of controls that detect when your deployed accounts and resources deviate from security best practices.;<SANDBOX_ACCOUNT_ID>;ap-southeast-7;2026-08-29 00:18:02.370487;IAM.1;This control checks whether the default version of IAM policies (also known as customer managed policies) has administrator access that includes a statement with 'Effect': 'Allow' with 'Action': '*' over 'Resource': '*'. The control only checks the customer managed policies that you create. It does not check inline and AWS managed policies.;IAM;;;IAM;;FAIL;AWS policy AdministratorAccess is attached and allows '*:*' administrative privileges.;arn:aws:iam::aws:policy/AdministratorAccess;iam_aws_attached_policy_no_administrative_privileges;False;AdministratorAccess;AWS-Foundational-Security-Best-Practices;AWS Foundational Security Best Practices;
aws;The AWS Foundational Security Best Practices standard is a set of controls that detect when your deployed accounts and resources deviate from security best practices.;<SANDBOX_ACCOUNT_ID>;ap-southeast-7;2026-08-29 00:18:02.370487;IAM.1;This control checks whether the default version of IAM policies (also known as customer managed policies) has administrator access that includes a statement with 'Effect': 'Allow' with 'Action': '*' over 'Resource': '*'. The control only checks the customer managed policies that you create. It does not check inline and AWS managed policies.;IAM;;;IAM;;PASS;AWS policy AWSSupportServiceRolePolicy is attached but does not allow '*:*' administrative privileges.;arn:aws:iam::aws:policy/aws-service-role/AWSSupportServiceRolePolicy;iam_aws_attached_policy_no_administrative_privileges;False;AWSSupportServiceRolePolicy;AWS-Foundational-Security-Best-Practices;AWS Foundational Security Best Practices;
aws;The AWS Foundational Security Best Practices standard is a set of controls that detect when your deployed accounts and resources deviate from security best practices.;<SANDBOX_ACCOUNT_ID>;ap-southeast-7;2026-08-29 00:18:02.370487;IAM.1;This control checks whether the default version of IAM policies (also known as customer managed policies) has administrator access that includes a statement with 'Effect': 'Allow' with 'Action': '*' over 'Resource': '*'. The control only checks the customer managed policies that you create. It does not check inline and AWS managed policies.;IAM;;;IAM;;PASS;AWS policy CloudTrailServiceRolePolicy is attached but does not allow '*:*' administrative privileges.;arn:aws:iam::aws:policy/aws-service-role/CloudTrailServiceRolePolicy;iam_aws_attached_policy_no_administrative_privileges;False;CloudTrailServiceRolePolicy;AWS-Foundational-Security-Best-Practices;AWS Foundational Security Best Practices;
aws;The AWS Foundational Security Best Practices standard is a set of controls that detect when your deployed accounts and resources deviate from security best practices.;<SANDBOX_ACCOUNT_ID>;ap-southeast-7;2026-08-29 00:18:02.370487;IAM.1;This control checks whether the default version of IAM policies (also known as customer managed policies) has administrator access that includes a statement with 'Effect': 'Allow' with 'Action': '*' over 'Resource': '*'. The control only checks the customer managed policies that you create. It does not check inline and AWS managed policies.;IAM;;;IAM;;PASS;AWS policy AWSResourceExplorerServiceRolePolicy is attached but does not allow '*:*' administrative privileges.;arn:aws:iam::aws:policy/aws-service-role/AWSResourceExplorerServiceRolePolicy;iam_aws_attached_policy_no_administrative_privileges;False;AWSResourceExplorerServiceRolePolicy;AWS-Foundational-Security-Best-Practices;AWS Foundational Security Best Practices;
aws;The AWS Foundational Security Best Practices standard is a set of controls that detect when your deployed accounts and resources deviate from security best practices.;<SANDBOX_ACCOUNT_ID>;ap-southeast-7;2026-08-29 00:18:02.370487;IAM.1;This control checks whether the default version of IAM policies (also known as customer managed policies) has administrator access that includes a statement with 'Effect': 'Allow' with 'Action': '*' over 'Resource': '*'. The control only checks the customer managed policies that you create. It does not check inline and AWS managed policies.;IAM;;;IAM;;PASS;Inline policy range-app-deploy-policy attached to role range-app-deploy-role does not allow '*:*' administrative privileges.;arn:aws:iam::<SANDBOX_ACCOUNT_ID>:role/range-app-deploy-role;iam_inline_policy_no_administrative_privileges;False;range-app-deploy-role/range-app-deploy-policy;AWS-Foundational-Security-Best-Practices;AWS Foundational Security Best Practices;
aws;The AWS Foundational Security Best Practices standard is a set of controls that detect when your deployed accounts and resources deviate from security best practices.;<SANDBOX_ACCOUNT_ID>;ap-southeast-7;2026-08-29 00:18:02.370487;IAM.1;This control checks whether the default version of IAM policies (also known as customer managed policies) has administrator access that includes a statement with 'Effect': 'Allow' with 'Action': '*' over 'Resource': '*'. The control only checks the customer managed policies that you create. It does not check inline and AWS managed policies.;IAM;;;IAM;;PASS;Inline policy range-cloudtrail-to-cwl attached to role range-cloudtrail-to-cwl does not allow '*:*' administrative privileges.;arn:aws:iam::<SANDBOX_ACCOUNT_ID>:role/range-cloudtrail-to-cwl;iam_inline_policy_no_administrative_privileges;False;range-cloudtrail-to-cwl/range-cloudtrail-to-cwl;AWS-Foundational-Security-Best-Practices;AWS Foundational Security Best Practices;
aws;The AWS Foundational Security Best Practices standard is a set of controls that detect when your deployed accounts and resources deviate from security best practices.;<SANDBOX_ACCOUNT_ID>;ap-southeast-7;2026-08-29 00:18:02.370487;IAM.1;This control checks whether the default version of IAM policies (also known as customer managed policies) has administrator access that includes a statement with 'Effect': 'Allow' with 'Action': '*' over 'Resource': '*'. The control only checks the customer managed policies that you create. It does not check inline and AWS managed policies.;IAM;;;IAM;;PASS;Inline policy range-responder attached to role range-responder does not allow '*:*' administrative privileges.;arn:aws:iam::<SANDBOX_ACCOUNT_ID>:role/range-responder;iam_inline_policy_no_administrative_privileges;False;range-responder/range-responder;AWS-Foundational-Security-Best-Practices;AWS Foundational Security Best Practices;
aws;The AWS Foundational Security Best Practices standard is a set of controls that detect when your deployed accounts and resources deviate from security best practices.;<SANDBOX_ACCOUNT_ID>;ap-southeast-7;2026-08-29 00:18:02.370487;IAM.4;This control checks whether the root user access key is present. The root account is the most privileged user in an AWS account. AWS access keys provide programmatic access to a given account.;IAM;;;IAM;;PASS;Root account does not have access keys.;arn:aws:iam::<SANDBOX_ACCOUNT_ID>:root;iam_no_root_access_key;False;<root_account>;AWS-Foundational-Security-Best-Practices;AWS Foundational Security Best Practices;
aws;The AWS Foundational Security Best Practices standard is a set of controls that detect when your deployed accounts and resources deviate from security best practices.;<SANDBOX_ACCOUNT_ID>;ap-southeast-7;2026-08-29 00:18:02.370487;IAM.7;This control checks whether the account password policy for IAM users uses the recommended configurations.;IAM;;;IAM;;FAIL;Password expiration is not set.;arn:aws:iam:ap-southeast-7:<SANDBOX_ACCOUNT_ID>:password-policy;iam_password_policy_expires_passwords_within_90_days_or_less;False;<SANDBOX_ACCOUNT_ID>;AWS-Foundational-Security-Best-Practices;AWS Foundational Security Best Practices;
aws;The AWS Foundational Security Best Practices standard is a set of controls that detect when your deployed accounts and resources deviate from security best practices.;<SANDBOX_ACCOUNT_ID>;ap-southeast-7;2026-08-29 00:18:02.370487;IAM.10;This control checks whether the account password policy for IAM users uses the following minimum PCI DSS configurations.RequireUppercaseCharacters â Require at least one uppercase character in password. (Default = true)RequireLowercaseCharacters â Require at least one lowercase character in password. (Default = true)RequireNumbers â Require at least one number in password. (Default = true)MinimumPasswordLength â Password minimum length. (Default = 7 or longer)PasswordReusePrevention â Number of passwords before allowing reuse. (Default = 4)MaxPasswordAge â Number of days before password expiration. (Default = 90).;IAM;;;IAM;;FAIL;Password expiration is not set.;arn:aws:iam:ap-southeast-7:<SANDBOX_ACCOUNT_ID>:password-policy;iam_password_policy_expires_passwords_within_90_days_or_less;False;<SANDBOX_ACCOUNT_ID>;AWS-Foundational-Security-Best-Practices;AWS Foundational Security Best Practices;
aws;The AWS Foundational Security Best Practices standard is a set of controls that detect when your deployed accounts and resources deviate from security best practices.;<SANDBOX_ACCOUNT_ID>;ap-southeast-7;2026-08-29 00:18:02.370487;IAM.7;This control checks whether the account password policy for IAM users uses the recommended configurations.;IAM;;;IAM;;FAIL;IAM password policy does not require at least one lowercase letter.;arn:aws:iam:ap-southeast-7:<SANDBOX_ACCOUNT_ID>:password-policy;iam_password_policy_lowercase;False;<SANDBOX_ACCOUNT_ID>;AWS-Foundational-Security-Best-Practices;AWS Foundational Security Best Practices;
aws;The AWS Foundational Security Best Practices standard is a set of controls that detect when your deployed accounts and resources deviate from security best practices.;<SANDBOX_ACCOUNT_ID>;ap-southeast-7;2026-08-29 00:18:02.370487;IAM.10;This control checks whether the account password policy for IAM users uses the following minimum PCI DSS configurations.RequireUppercaseCharacters â Require at least one uppercase character in password. (Default = true)RequireLowercaseCharacters â Require at least one lowercase character in password. (Default = true)RequireNumbers â Require at least one number in password. (Default = true)MinimumPasswordLength â Password minimum length. (Default = 7 or longer)PasswordReusePrevention â Number of passwords before allowing reuse. (Default = 4)MaxPasswordAge â Number of days before password expiration. (Default = 90).;IAM;;;IAM;;FAIL;IAM password policy does not require at least one lowercase letter.;arn:aws:iam:ap-southeast-7:<SANDBOX_ACCOUNT_ID>:password-policy;iam_password_policy_lowercase;False;<SANDBOX_ACCOUNT_ID>;AWS-Foundational-Security-Best-Practices;AWS Foundational Security Best Practices;
aws;The AWS Foundational Security Best Practices standard is a set of controls that detect when your deployed accounts and resources deviate from security best practices.;<SANDBOX_ACCOUNT_ID>;ap-southeast-7;2026-08-29 00:18:02.370487;IAM.7;This control checks whether the account password policy for IAM users uses the recommended configurations.;IAM;;;IAM;;FAIL;IAM password policy does not require minimum length of 14 characters.;arn:aws:iam:ap-southeast-7:<SANDBOX_ACCOUNT_ID>:password-policy;iam_password_policy_minimum_length_14;False;<SANDBOX_ACCOUNT_ID>;AWS-Foundational-Security-Best-Practices;AWS Foundational Security Best Practices;
aws;The AWS Foundational Security Best Practices standard is a set of controls that detect when your deployed accounts and resources deviate from security best practices.;<SANDBOX_ACCOUNT_ID>;ap-southeast-7;2026-08-29 00:18:02.370487;IAM.10;This control checks whether the account password policy for IAM users uses the following minimum PCI DSS configurations.RequireUppercaseCharacters â Require at least one uppercase character in password. (Default = true)RequireLowercaseCharacters â Require at least one lowercase character in password. (Default = true)RequireNumbers â Require at least one number in password. (Default = true)MinimumPasswordLength â Password minimum length. (Default = 7 or longer)PasswordReusePrevention â Number of passwords before allowing reuse. (Default = 4)MaxPasswordAge â Number of days before password expiration. (Default = 90).;IAM;;;IAM;;FAIL;IAM password policy does not require minimum length of 14 characters.;arn:aws:iam:ap-southeast-7:<SANDBOX_ACCOUNT_ID>:password-policy;iam_password_policy_minimum_length_14;False;<SANDBOX_ACCOUNT_ID>;AWS-Foundational-Security-Best-Practices;AWS Foundational Security Best Practices;
aws;The AWS Foundational Security Best Practices standard is a set of controls that detect when your deployed accounts and resources deviate from security best practices.;<SANDBOX_ACCOUNT_ID>;ap-southeast-7;2026-08-29 00:18:02.370487;IAM.7;This control checks whether the account password policy for IAM users uses the recommended configurations.;IAM;;;IAM;;FAIL;IAM password policy does not require at least one number.;arn:aws:iam:ap-southeast-7:<SANDBOX_ACCOUNT_ID>:password-policy;iam_password_policy_number;False;<SANDBOX_ACCOUNT_ID>;AWS-Foundational-Security-Best-Practices;AWS Foundational Security Best Practices;
aws;The AWS Foundational Security Best Practices standard is a set of controls that detect when your deployed accounts and resources deviate from security best practices.;<SANDBOX_ACCOUNT_ID>;ap-southeast-7;2026-08-29 00:18:02.370487;IAM.10;This control checks whether the account password policy for IAM users uses the following minimum PCI DSS configurations.RequireUppercaseCharacters â Require at least one uppercase character in password. (Default = true)RequireLowercaseCharacters â Require at least one lowercase character in password. (Default = true)RequireNumbers â Require at least one number in password. (Default = true)MinimumPasswordLength â Password minimum length. (Default = 7 or longer)PasswordReusePrevention â Number of passwords before allowing reuse. (Default = 4)MaxPasswordAge â Number of days before password expiration. (Default = 90).;IAM;;;IAM;;FAIL;IAM password policy does not require at least one number.;arn:aws:iam:ap-southeast-7:<SANDBOX_ACCOUNT_ID>:password-policy;iam_password_policy_number;False;<SANDBOX_ACCOUNT_ID>;AWS-Foundational-Security-Best-Practices;AWS Foundational Security Best Practices;
aws;The AWS Foundational Security Best Practices standard is a set of controls that detect when your deployed accounts and resources deviate from security best practices.;<SANDBOX_ACCOUNT_ID>;ap-southeast-7;2026-08-29 00:18:02.370487;IAM.7;This control checks whether the account password policy for IAM users uses the recommended configurations.;IAM;;;IAM;;FAIL;IAM password policy reuse prevention is less than 24 or not set.;arn:aws:iam:ap-southeast-7:<SANDBOX_ACCOUNT_ID>:password-policy;iam_password_policy_reuse_24;False;<SANDBOX_ACCOUNT_ID>;AWS-Foundational-Security-Best-Practices;AWS Foundational Security Best Practices;
aws;The AWS Foundational Security Best Practices standard is a set of controls that detect when your deployed accounts and resources deviate from security best practices.;<SANDBOX_ACCOUNT_ID>;ap-southeast-7;2026-08-29 00:18:02.370487;IAM.10;This control checks whether the account password policy for IAM users uses the following minimum PCI DSS configurations.RequireUppercaseCharacters â Require at least one uppercase character in password. (Default = true)RequireLowercaseCharacters â Require at least one lowercase character in password. (Default = true)RequireNumbers â Require at least one number in password. (Default = true)MinimumPasswordLength â Password minimum length. (Default = 7 or longer)PasswordReusePrevention â Number of passwords before allowing reuse. (Default = 4)MaxPasswordAge â Number of days before password expiration. (Default = 90).;IAM;;;IAM;;FAIL;IAM password policy reuse prevention is less than 24 or not set.;arn:aws:iam:ap-southeast-7:<SANDBOX_ACCOUNT_ID>:password-policy;iam_password_policy_reuse_24;False;<SANDBOX_ACCOUNT_ID>;AWS-Foundational-Security-Best-Practices;AWS Foundational Security Best Practices;
aws;The AWS Foundational Security Best Practices standard is a set of controls that detect when your deployed accounts and resources deviate from security best practices.;<SANDBOX_ACCOUNT_ID>;ap-southeast-7;2026-08-29 00:18:02.370487;IAM.7;This control checks whether the account password policy for IAM users uses the recommended configurations.;IAM;;;IAM;;FAIL;IAM password policy does not require at least one symbol.;arn:aws:iam:ap-southeast-7:<SANDBOX_ACCOUNT_ID>:password-policy;iam_password_policy_symbol;False;<SANDBOX_ACCOUNT_ID>;AWS-Foundational-Security-Best-Practices;AWS Foundational Security Best Practices;
aws;The AWS Foundational Security Best Practices standard is a set of controls that detect when your deployed accounts and resources deviate from security best practices.;<SANDBOX_ACCOUNT_ID>;ap-southeast-7;2026-08-29 00:18:02.370487;IAM.10;This control checks whether the account password policy for IAM users uses the following minimum PCI DSS configurations.RequireUppercaseCharacters â Require at least one uppercase character in password. (Default = true)RequireLowercaseCharacters â Require at least one lowercase character in password. (Default = true)RequireNumbers â Require at least one number in password. (Default = true)MinimumPasswordLength â Password minimum length. (Default = 7 or longer)PasswordReusePrevention â Number of passwords before allowing reuse. (Default = 4)MaxPasswordAge â Number of days before password expiration. (Default = 90).;IAM;;;IAM;;FAIL;IAM password policy does not require at least one symbol.;arn:aws:iam:ap-southeast-7:<SANDBOX_ACCOUNT_ID>:password-policy;iam_password_policy_symbol;False;<SANDBOX_ACCOUNT_ID>;AWS-Foundational-Security-Best-Practices;AWS Foundational Security Best Practices;
aws;The AWS Foundational Security Best Practices standard is a set of controls that detect when your deployed accounts and resources deviate from security best practices.;<SANDBOX_ACCOUNT_ID>;ap-southeast-7;2026-08-29 00:18:02.370487;IAM.7;This control checks whether the account password policy for IAM users uses the recommended configurations.;IAM;;;IAM;;FAIL;IAM password policy does not require at least one uppercase letter.;arn:aws:iam:ap-southeast-7:<SANDBOX_ACCOUNT_ID>:password-policy;iam_password_policy_uppercase;False;<SANDBOX_ACCOUNT_ID>;AWS-Foundational-Security-Best-Practices;AWS Foundational Security Best Practices;
aws;The AWS Foundational Security Best Practices standard is a set of controls that detect when your deployed accounts and resources deviate from security best practices.;<SANDBOX_ACCOUNT_ID>;ap-southeast-7;2026-08-29 00:18:02.370487;IAM.10;This control checks whether the account password policy for IAM users uses the following minimum PCI DSS configurations.RequireUppercaseCharacters â Require at least one uppercase character in password. (Default = true)RequireLowercaseCharacters â Require at least one lowercase character in password. (Default = true)RequireNumbers â Require at least one number in password. (Default = true)MinimumPasswordLength â Password minimum length. (Default = 7 or longer)PasswordReusePrevention â Number of passwords before allowing reuse. (Default = 4)MaxPasswordAge â Number of days before password expiration. (Default = 90).;IAM;;;IAM;;FAIL;IAM password policy does not require at least one uppercase letter.;arn:aws:iam:ap-southeast-7:<SANDBOX_ACCOUNT_ID>:password-policy;iam_password_policy_uppercase;False;<SANDBOX_ACCOUNT_ID>;AWS-Foundational-Security-Best-Practices;AWS Foundational Security Best Practices;
aws;The AWS Foundational Security Best Practices standard is a set of controls that detect when your deployed accounts and resources deviate from security best practices.;<SANDBOX_ACCOUNT_ID>;ap-southeast-7;2026-08-29 00:18:02.370487;IAM.6;This control checks whether your AWS account is enabled to use a hardware multi-factor authentication (MFA) device to sign in with root user credentials.;IAM;;;IAM;;FAIL;MFA is not enabled for root account.;arn:aws:iam::<SANDBOX_ACCOUNT_ID>:mfa;iam_root_hardware_mfa_enabled;False;<root_account>;AWS-Foundational-Security-Best-Practices;AWS Foundational Security Best Practices;
aws;The AWS Foundational Security Best Practices standard is a set of controls that detect when your deployed accounts and resources deviate from security best practices.;<SANDBOX_ACCOUNT_ID>;ap-southeast-7;2026-08-29 00:18:02.370487;IAM.3;This control checks whether the active access keys are rotated within 90 days.;IAM;;;IAM;;PASS;User <root_account> does not have access keys.;arn:aws:iam::<SANDBOX_ACCOUNT_ID>:root;iam_rotate_access_key_90_days;False;<root_account>;AWS-Foundational-Security-Best-Practices;AWS Foundational Security Best Practices;
aws;The AWS Foundational Security Best Practices standard is a set of controls that detect when your deployed accounts and resources deviate from security best practices.;<SANDBOX_ACCOUNT_ID>;ap-southeast-7;2026-08-29 00:18:02.370487;IAM.8;This control checks whether your IAM users have passwords or active access keys that have not been used for 90 days.;IAM;;;IAM;;PASS;User <root_account> does not have access keys.;arn:aws:iam::<SANDBOX_ACCOUNT_ID>:root;iam_user_accesskey_unused;False;<root_account>;AWS-Foundational-Security-Best-Practices;AWS Foundational Security Best Practices;
aws;The AWS Foundational Security Best Practices standard is a set of controls that detect when your deployed accounts and resources deviate from security best practices.;<SANDBOX_ACCOUNT_ID>;ap-southeast-7;2026-08-29 00:18:02.370487;IAM.22;This control checks whether your IAM users have passwords or active access keys that have not been used for 45 days or more. To do so, it checks whether the maxCredentialUsageAge parameter of the AWS Config rule is equal to 45 or more.;IAM;;;IAM;;PASS;User <root_account> does not have access keys.;arn:aws:iam::<SANDBOX_ACCOUNT_ID>:root;iam_user_accesskey_unused;False;<root_account>;AWS-Foundational-Security-Best-Practices;AWS Foundational Security Best Practices;
aws;The AWS Foundational Security Best Practices standard is a set of controls that detect when your deployed accounts and resources deviate from security best practices.;<SANDBOX_ACCOUNT_ID>;ap-southeast-7;2026-08-29 00:18:02.370487;IAM.26;This controls checks whether an active SSL/TLS server certificate that is managed in IAM has expired. The control fails if the expired SSL/TLS server certificate isn't removed.;IAM;;;IAM;;PASS;User <root_account> does not have access keys.;arn:aws:iam::<SANDBOX_ACCOUNT_ID>:root;iam_user_accesskey_unused;False;<root_account>;AWS-Foundational-Security-Best-Practices;AWS Foundational Security Best Practices;
aws;The AWS Foundational Security Best Practices standard is a set of controls that detect when your deployed accounts and resources deviate from security best practices.;<SANDBOX_ACCOUNT_ID>;ap-southeast-7;2026-08-29 00:18:02.370487;S3.1;This control checks whether the following Amazon S3 public access block settings are configured at the account level;S3;;;S3;;FAIL;Block Public Access is not configured for the account <SANDBOX_ACCOUNT_ID>.;arn:aws:s3:ap-southeast-7:<SANDBOX_ACCOUNT_ID>:account;s3_account_level_public_access_blocks;False;<SANDBOX_ACCOUNT_ID>;AWS-Foundational-Security-Best-Practices;AWS Foundational Security Best Practices;
aws;The AWS Foundational Security Best Practices standard is a set of controls that detect when your deployed accounts and resources deviate from security best practices.;<SANDBOX_ACCOUNT_ID>;ap-southeast-7;2026-08-29 00:18:02.370487;S3.12;This control checks whether Amazon S3 buckets provide user permissions via ACLs. The control fails if ACLs are configured for managing user access on S3 buckets.;S3;;;S3;;PASS;S3 Bucket range-cloudtrail-<SANDBOX_ACCOUNT_ID> has bucket ACLs disabled.;arn:aws:s3:::range-cloudtrail-<SANDBOX_ACCOUNT_ID>;s3_bucket_acl_prohibited;False;range-cloudtrail-<SANDBOX_ACCOUNT_ID>;AWS-Foundational-Security-Best-Practices;AWS Foundational Security Best Practices;
aws;The AWS Foundational Security Best Practices standard is a set of controls that detect when your deployed accounts and resources deviate from security best practices.;<SANDBOX_ACCOUNT_ID>;ap-southeast-7;2026-08-29 00:18:02.370487;S3.12;This control checks whether Amazon S3 buckets provide user permissions via ACLs. The control fails if ACLs are configured for managing user access on S3 buckets.;S3;;;S3;;PASS;S3 Bucket range-customer-data-<SANDBOX_ACCOUNT_ID> has bucket ACLs disabled.;arn:aws:s3:::range-customer-data-<SANDBOX_ACCOUNT_ID>;s3_bucket_acl_prohibited;False;range-customer-data-<SANDBOX_ACCOUNT_ID>;AWS-Foundational-Security-Best-Practices;AWS Foundational Security Best Practices;
aws;The AWS Foundational Security Best Practices standard is a set of controls that detect when your deployed accounts and resources deviate from security best practices.;<SANDBOX_ACCOUNT_ID>;ap-southeast-7;2026-08-29 00:18:02.370487;S3.12;This control checks whether Amazon S3 buckets provide user permissions via ACLs. The control fails if ACLs are configured for managing user access on S3 buckets.;S3;;;S3;;PASS;S3 Bucket stratus-red-team-ct-stop-bucket-arzkiholin has bucket ACLs disabled.;arn:aws:s3:::stratus-red-team-ct-stop-bucket-arzkiholin;s3_bucket_acl_prohibited;False;stratus-red-team-ct-stop-bucket-arzkiholin;AWS-Foundational-Security-Best-Practices;AWS Foundational Security Best Practices;
aws;The AWS Foundational Security Best Practices standard is a set of controls that detect when your deployed accounts and resources deviate from security best practices.;<SANDBOX_ACCOUNT_ID>;ap-southeast-7;2026-08-29 00:18:02.370487;S3.6;This control checks whether the S3 bucket policy prevents principals from other AWS accounts from performing denied actions on resources in the S3 bucket.;S3;;;S3;;PASS;S3 Bucket range-cloudtrail-<SANDBOX_ACCOUNT_ID> has a bucket policy but it does not allow cross account access.;arn:aws:s3:::range-cloudtrail-<SANDBOX_ACCOUNT_ID>;s3_bucket_cross_account_access;False;range-cloudtrail-<SANDBOX_ACCOUNT_ID>;AWS-Foundational-Security-Best-Practices;AWS Foundational Security Best Practices;
aws;The AWS Foundational Security Best Practices standard is a set of controls that detect when your deployed accounts and resources deviate from security best practices.;<SANDBOX_ACCOUNT_ID>;ap-southeast-7;2026-08-29 00:18:02.370487;S3.7;This control checks whether an Amazon S3 general purpose bucket has cross-Region replication enabled. The control fails if the bucket doesn't have cross-Region replication enabled.;S3;;;S3;;PASS;S3 Bucket range-cloudtrail-<SANDBOX_ACCOUNT_ID> has a bucket policy but it does not allow cross account access.;arn:aws:s3:::range-cloudtrail-<SANDBOX_ACCOUNT_ID>;s3_bucket_cross_account_access;False;range-cloudtrail-<SANDBOX_ACCOUNT_ID>;AWS-Foundational-Security-Best-Practices;AWS Foundational Security Best Practices;
aws;The AWS Foundational Security Best Practices standard is a set of controls that detect when your deployed accounts and resources deviate from security best practices.;<SANDBOX_ACCOUNT_ID>;ap-southeast-7;2026-08-29 00:18:02.370487;S3.6;This control checks whether the S3 bucket policy prevents principals from other AWS accounts from performing denied actions on resources in the S3 bucket.;S3;;;S3;;PASS;S3 Bucket range-customer-data-<SANDBOX_ACCOUNT_ID> has a bucket policy but it does not allow cross account access.;arn:aws:s3:::range-customer-data-<SANDBOX_ACCOUNT_ID>;s3_bucket_cross_account_access;False;range-customer-data-<SANDBOX_ACCOUNT_ID>;AWS-Foundational-Security-Best-Practices;AWS Foundational Security Best Practices;
aws;The AWS Foundational Security Best Practices standard is a set of controls that detect when your deployed accounts and resources deviate from security best practices.;<SANDBOX_ACCOUNT_ID>;ap-southeast-7;2026-08-29 00:18:02.370487;S3.7;This control checks whether an Amazon S3 general purpose bucket has cross-Region replication enabled. The control fails if the bucket doesn't have cross-Region replication enabled.;S3;;;S3;;PASS;S3 Bucket range-customer-data-<SANDBOX_ACCOUNT_ID> has a bucket policy but it does not allow cross account access.;arn:aws:s3:::range-customer-data-<SANDBOX_ACCOUNT_ID>;s3_bucket_cross_account_access;False;range-customer-data-<SANDBOX_ACCOUNT_ID>;AWS-Foundational-Security-Best-Practices;AWS Foundational Security Best Practices;
aws;The AWS Foundational Security Best Practices standard is a set of controls that detect when your deployed accounts and resources deviate from security best practices.;<SANDBOX_ACCOUNT_ID>;ap-southeast-7;2026-08-29 00:18:02.370487;S3.6;This control checks whether the S3 bucket policy prevents principals from other AWS accounts from performing denied actions on resources in the S3 bucket.;S3;;;S3;;PASS;S3 Bucket stratus-red-team-ct-stop-bucket-arzkiholin has a bucket policy but it does not allow cross account access.;arn:aws:s3:::stratus-red-team-ct-stop-bucket-arzkiholin;s3_bucket_cross_account_access;False;stratus-red-team-ct-stop-bucket-arzkiholin;AWS-Foundational-Security-Best-Practices;AWS Foundational Security Best Practices;
aws;The AWS Foundational Security Best Practices standard is a set of controls that detect when your deployed accounts and resources deviate from security best practices.;<SANDBOX_ACCOUNT_ID>;ap-southeast-7;2026-08-29 00:18:02.370487;S3.7;This control checks whether an Amazon S3 general purpose bucket has cross-Region replication enabled. The control fails if the bucket doesn't have cross-Region replication enabled.;S3;;;S3;;PASS;S3 Bucket stratus-red-team-ct-stop-bucket-arzkiholin has a bucket policy but it does not allow cross account access.;arn:aws:s3:::stratus-red-team-ct-stop-bucket-arzkiholin;s3_bucket_cross_account_access;False;stratus-red-team-ct-stop-bucket-arzkiholin;AWS-Foundational-Security-Best-Practices;AWS Foundational Security Best Practices;
aws;The AWS Foundational Security Best Practices standard is a set of controls that detect when your deployed accounts and resources deviate from security best practices.;<SANDBOX_ACCOUNT_ID>;ap-southeast-7;2026-08-29 00:18:02.370487;S3.17;This control checks whether an Amazon S3 general purpose bucket is encrypted with an AWS KMS key (SSE-KMS or DSSE-KMS). The control fails if the bucket is encrypted with default encryption (SSE-S3).;S3;;;S3;;FAIL;Server Side Encryption is not configured with kms for S3 Bucket range-cloudtrail-<SANDBOX_ACCOUNT_ID>.;arn:aws:s3:::range-cloudtrail-<SANDBOX_ACCOUNT_ID>;s3_bucket_kms_encryption;False;range-cloudtrail-<SANDBOX_ACCOUNT_ID>;AWS-Foundational-Security-Best-Practices;AWS Foundational Security Best Practices;
aws;The AWS Foundational Security Best Practices standard is a set of controls that detect when your deployed accounts and resources deviate from security best practices.;<SANDBOX_ACCOUNT_ID>;ap-southeast-7;2026-08-29 00:18:02.370487;S3.17;This control checks whether an Amazon S3 general purpose bucket is encrypted with an AWS KMS key (SSE-KMS or DSSE-KMS). The control fails if the bucket is encrypted with default encryption (SSE-S3).;S3;;;S3;;FAIL;Server Side Encryption is not configured with kms for S3 Bucket range-customer-data-<SANDBOX_ACCOUNT_ID>.;arn:aws:s3:::range-customer-data-<SANDBOX_ACCOUNT_ID>;s3_bucket_kms_encryption;False;range-customer-data-<SANDBOX_ACCOUNT_ID>;AWS-Foundational-Security-Best-Practices;AWS Foundational Security Best Practices;
aws;The AWS Foundational Security Best Practices standard is a set of controls that detect when your deployed accounts and resources deviate from security best practices.;<SANDBOX_ACCOUNT_ID>;ap-southeast-7;2026-08-29 00:18:02.370487;S3.17;This control checks whether an Amazon S3 general purpose bucket is encrypted with an AWS KMS key (SSE-KMS or DSSE-KMS). The control fails if the bucket is encrypted with default encryption (SSE-S3).;S3;;;S3;;FAIL;Server Side Encryption is not configured with kms for S3 Bucket stratus-red-team-ct-stop-bucket-arzkiholin.;arn:aws:s3:::stratus-red-team-ct-stop-bucket-arzkiholin;s3_bucket_kms_encryption;False;stratus-red-team-ct-stop-bucket-arzkiholin;AWS-Foundational-Security-Best-Practices;AWS Foundational Security Best Practices;
aws;The AWS Foundational Security Best Practices standard is a set of controls that detect when your deployed accounts and resources deviate from security best practices.;<SANDBOX_ACCOUNT_ID>;ap-southeast-7;2026-08-29 00:18:02.370487;S3.8;This control checks whether S3 buckets have bucket-level public access blocks applied.;S3;;;S3;;PASS;Block Public Access is configured for the S3 Bucket range-cloudtrail-<SANDBOX_ACCOUNT_ID>.;arn:aws:s3:::range-cloudtrail-<SANDBOX_ACCOUNT_ID>;s3_bucket_level_public_access_block;False;range-cloudtrail-<SANDBOX_ACCOUNT_ID>;AWS-Foundational-Security-Best-Practices;AWS Foundational Security Best Practices;
aws;The AWS Foundational Security Best Practices standard is a set of controls that detect when your deployed accounts and resources deviate from security best practices.;<SANDBOX_ACCOUNT_ID>;ap-southeast-7;2026-08-29 00:18:02.370487;S3.8;This control checks whether S3 buckets have bucket-level public access blocks applied.;S3;;;S3;;PASS;Block Public Access is configured for the S3 Bucket range-customer-data-<SANDBOX_ACCOUNT_ID>.;arn:aws:s3:::range-customer-data-<SANDBOX_ACCOUNT_ID>;s3_bucket_level_public_access_block;False;range-customer-data-<SANDBOX_ACCOUNT_ID>;AWS-Foundational-Security-Best-Practices;AWS Foundational Security Best Practices;
aws;The AWS Foundational Security Best Practices standard is a set of controls that detect when your deployed accounts and resources deviate from security best practices.;<SANDBOX_ACCOUNT_ID>;ap-southeast-7;2026-08-29 00:18:02.370487;S3.8;This control checks whether S3 buckets have bucket-level public access blocks applied.;S3;;;S3;;PASS;Block Public Access is configured for the S3 Bucket stratus-red-team-ct-stop-bucket-arzkiholin.;arn:aws:s3:::stratus-red-team-ct-stop-bucket-arzkiholin;s3_bucket_level_public_access_block;False;stratus-red-team-ct-stop-bucket-arzkiholin;AWS-Foundational-Security-Best-Practices;AWS Foundational Security Best Practices;
aws;The AWS Foundational Security Best Practices standard is a set of controls that detect when your deployed accounts and resources deviate from security best practices.;<SANDBOX_ACCOUNT_ID>;ap-southeast-7;2026-08-29 00:18:02.370487;S3.13;This control checks if a lifecycle policy is configured for an Amazon S3 bucket. This control fails if a lifecycle policy is not configured for an S3 bucket.;S3;;;S3;;PASS;S3 Bucket range-cloudtrail-<SANDBOX_ACCOUNT_ID> has a lifecycle configuration enabled.;arn:aws:s3:::range-cloudtrail-<SANDBOX_ACCOUNT_ID>;s3_bucket_lifecycle_enabled;False;range-cloudtrail-<SANDBOX_ACCOUNT_ID>;AWS-Foundational-Security-Best-Practices;AWS Foundational Security Best Practices;
aws;The AWS Foundational Security Best Practices standard is a set of controls that detect when your deployed accounts and resources deviate from security best practices.;<SANDBOX_ACCOUNT_ID>;ap-southeast-7;2026-08-29 00:18:02.370487;S3.13;This control checks if a lifecycle policy is configured for an Amazon S3 bucket. This control fails if a lifecycle policy is not configured for an S3 bucket.;S3;;;S3;;FAIL;S3 Bucket range-customer-data-<SANDBOX_ACCOUNT_ID> does not have a lifecycle configuration enabled.;arn:aws:s3:::range-customer-data-<SANDBOX_ACCOUNT_ID>;s3_bucket_lifecycle_enabled;False;range-customer-data-<SANDBOX_ACCOUNT_ID>;AWS-Foundational-Security-Best-Practices;AWS Foundational Security Best Practices;
aws;The AWS Foundational Security Best Practices standard is a set of controls that detect when your deployed accounts and resources deviate from security best practices.;<SANDBOX_ACCOUNT_ID>;ap-southeast-7;2026-08-29 00:18:02.370487;S3.13;This control checks if a lifecycle policy is configured for an Amazon S3 bucket. This control fails if a lifecycle policy is not configured for an S3 bucket.;S3;;;S3;;FAIL;S3 Bucket stratus-red-team-ct-stop-bucket-arzkiholin does not have a lifecycle configuration enabled.;arn:aws:s3:::stratus-red-team-ct-stop-bucket-arzkiholin;s3_bucket_lifecycle_enabled;False;stratus-red-team-ct-stop-bucket-arzkiholin;AWS-Foundational-Security-Best-Practices;AWS Foundational Security Best Practices;
aws;The AWS Foundational Security Best Practices standard is a set of controls that detect when your deployed accounts and resources deviate from security best practices.;<SANDBOX_ACCOUNT_ID>;ap-southeast-7;2026-08-29 00:18:02.370487;S3.20;This control checks whether multi-factor authentication (MFA) delete is enabled on an Amazon S3 general purpose versioned bucket. The control fails if MFA delete is not enabled on the bucket. The control doesn't produce findings for buckets that have a Lifecycle configuration.;S3;;;S3;;FAIL;S3 Bucket range-cloudtrail-<SANDBOX_ACCOUNT_ID> has MFA Delete disabled.;arn:aws:s3:::range-cloudtrail-<SANDBOX_ACCOUNT_ID>;s3_bucket_no_mfa_delete;False;range-cloudtrail-<SANDBOX_ACCOUNT_ID>;AWS-Foundational-Security-Best-Practices;AWS Foundational Security Best Practices;
aws;The AWS Foundational Security Best Practices standard is a set of controls that detect when your deployed accounts and resources deviate from security best practices.;<SANDBOX_ACCOUNT_ID>;ap-southeast-7;2026-08-29 00:18:02.370487;S3.20;This control checks whether multi-factor authentication (MFA) delete is enabled on an Amazon S3 general purpose versioned bucket. The control fails if MFA delete is not enabled on the bucket. The control doesn't produce findings for buckets that have a Lifecycle configuration.;S3;;;S3;;FAIL;S3 Bucket range-customer-data-<SANDBOX_ACCOUNT_ID> has MFA Delete disabled.;arn:aws:s3:::range-customer-data-<SANDBOX_ACCOUNT_ID>;s3_bucket_no_mfa_delete;False;range-customer-data-<SANDBOX_ACCOUNT_ID>;AWS-Foundational-Security-Best-Practices;AWS Foundational Security Best Practices;
aws;The AWS Foundational Security Best Practices standard is a set of controls that detect when your deployed accounts and resources deviate from security best practices.;<SANDBOX_ACCOUNT_ID>;ap-southeast-7;2026-08-29 00:18:02.370487;S3.20;This control checks whether multi-factor authentication (MFA) delete is enabled on an Amazon S3 general purpose versioned bucket. The control fails if MFA delete is not enabled on the bucket. The control doesn't produce findings for buckets that have a Lifecycle configuration.;S3;;;S3;;FAIL;S3 Bucket stratus-red-team-ct-stop-bucket-arzkiholin has MFA Delete disabled.;arn:aws:s3:::stratus-red-team-ct-stop-bucket-arzkiholin;s3_bucket_no_mfa_delete;False;stratus-red-team-ct-stop-bucket-arzkiholin;AWS-Foundational-Security-Best-Practices;AWS Foundational Security Best Practices;
aws;The AWS Foundational Security Best Practices standard is a set of controls that detect when your deployed accounts and resources deviate from security best practices.;<SANDBOX_ACCOUNT_ID>;ap-southeast-7;2026-08-29 00:18:02.370487;S3.15;This control checks whether an Amazon S3 general purpose bucket has Object Lock enabled. The control fails if Object Lock isn't enabled for the bucket. If you provide a custom value for the mode parameter, the control passes only if S3 Object Lock uses the specified retention mode.;S3;;;S3;;FAIL;S3 Bucket range-cloudtrail-<SANDBOX_ACCOUNT_ID> has Object Lock disabled.;arn:aws:s3:::range-cloudtrail-<SANDBOX_ACCOUNT_ID>;s3_bucket_object_lock;False;range-cloudtrail-<SANDBOX_ACCOUNT_ID>;AWS-Foundational-Security-Best-Practices;AWS Foundational Security Best Practices;
aws;The AWS Foundational Security Best Practices standard is a set of controls that detect when your deployed accounts and resources deviate from security best practices.;<SANDBOX_ACCOUNT_ID>;ap-southeast-7;2026-08-29 00:18:02.370487;S3.15;This control checks whether an Amazon S3 general purpose bucket has Object Lock enabled. The control fails if Object Lock isn't enabled for the bucket. If you provide a custom value for the mode parameter, the control passes only if S3 Object Lock uses the specified retention mode.;S3;;;S3;;FAIL;S3 Bucket range-customer-data-<SANDBOX_ACCOUNT_ID> has Object Lock disabled.;arn:aws:s3:::range-customer-data-<SANDBOX_ACCOUNT_ID>;s3_bucket_object_lock;False;range-customer-data-<SANDBOX_ACCOUNT_ID>;AWS-Foundational-Security-Best-Practices;AWS Foundational Security Best Practices;
aws;The AWS Foundational Security Best Practices standard is a set of controls that detect when your deployed accounts and resources deviate from security best practices.;<SANDBOX_ACCOUNT_ID>;ap-southeast-7;2026-08-29 00:18:02.370487;S3.15;This control checks whether an Amazon S3 general purpose bucket has Object Lock enabled. The control fails if Object Lock isn't enabled for the bucket. If you provide a custom value for the mode parameter, the control passes only if S3 Object Lock uses the specified retention mode.;S3;;;S3;;FAIL;S3 Bucket stratus-red-team-ct-stop-bucket-arzkiholin has Object Lock disabled.;arn:aws:s3:::stratus-red-team-ct-stop-bucket-arzkiholin;s3_bucket_object_lock;False;stratus-red-team-ct-stop-bucket-arzkiholin;AWS-Foundational-Security-Best-Practices;AWS Foundational Security Best Practices;
aws;The AWS Foundational Security Best Practices standard is a set of controls that detect when your deployed accounts and resources deviate from security best practices.;<SANDBOX_ACCOUNT_ID>;ap-southeast-7;2026-08-29 00:18:02.370487;S3.14;This control checks whether an Amazon S3 general purpose bucket has versioning enabled. The control fails if versioning is suspended for the bucket.;S3;;;S3;;FAIL;S3 Bucket range-cloudtrail-<SANDBOX_ACCOUNT_ID> has versioning disabled.;arn:aws:s3:::range-cloudtrail-<SANDBOX_ACCOUNT_ID>;s3_bucket_object_versioning;False;range-cloudtrail-<SANDBOX_ACCOUNT_ID>;AWS-Foundational-Security-Best-Practices;AWS Foundational Security Best Practices;
aws;The AWS Foundational Security Best Practices standard is a set of controls that detect when your deployed accounts and resources deviate from security best practices.;<SANDBOX_ACCOUNT_ID>;ap-southeast-7;2026-08-29 00:18:02.370487;S3.14;This control checks whether an Amazon S3 general purpose bucket has versioning enabled. The control fails if versioning is suspended for the bucket.;S3;;;S3;;FAIL;S3 Bucket range-customer-data-<SANDBOX_ACCOUNT_ID> has versioning disabled.;arn:aws:s3:::range-customer-data-<SANDBOX_ACCOUNT_ID>;s3_bucket_object_versioning;False;range-customer-data-<SANDBOX_ACCOUNT_ID>;AWS-Foundational-Security-Best-Practices;AWS Foundational Security Best Practices;
aws;The AWS Foundational Security Best Practices standard is a set of controls that detect when your deployed accounts and resources deviate from security best practices.;<SANDBOX_ACCOUNT_ID>;ap-southeast-7;2026-08-29 00:18:02.370487;S3.14;This control checks whether an Amazon S3 general purpose bucket has versioning enabled. The control fails if versioning is suspended for the bucket.;S3;;;S3;;FAIL;S3 Bucket stratus-red-team-ct-stop-bucket-arzkiholin has versioning disabled.;arn:aws:s3:::stratus-red-team-ct-stop-bucket-arzkiholin;s3_bucket_object_versioning;False;stratus-red-team-ct-stop-bucket-arzkiholin;AWS-Foundational-Security-Best-Practices;AWS Foundational Security Best Practices;
aws;The AWS Foundational Security Best Practices standard is a set of controls that detect when your deployed accounts and resources deviate from security best practices.;<SANDBOX_ACCOUNT_ID>;ap-southeast-7;2026-08-29 00:18:02.370487;S3.3;This control checks whether your S3 buckets allow public write access. It evaluates the block public access settings, the bucket policy, and the bucket access control list (ACL).;S3;;;S3;;PASS;S3 public access blocked at bucket level for range-cloudtrail-<SANDBOX_ACCOUNT_ID>.;arn:aws:s3:::range-cloudtrail-<SANDBOX_ACCOUNT_ID>;s3_bucket_policy_public_write_access;False;range-cloudtrail-<SANDBOX_ACCOUNT_ID>;AWS-Foundational-Security-Best-Practices;AWS Foundational Security Best Practices;
aws;The AWS Foundational Security Best Practices standard is a set of controls that detect when your deployed accounts and resources deviate from security best practices.;<SANDBOX_ACCOUNT_ID>;ap-southeast-7;2026-08-29 00:18:02.370487;S3.3;This control checks whether your S3 buckets allow public write access. It evaluates the block public access settings, the bucket policy, and the bucket access control list (ACL).;S3;;;S3;;PASS;S3 public access blocked at bucket level for range-customer-data-<SANDBOX_ACCOUNT_ID>.;arn:aws:s3:::range-customer-data-<SANDBOX_ACCOUNT_ID>;s3_bucket_policy_public_write_access;False;range-customer-data-<SANDBOX_ACCOUNT_ID>;AWS-Foundational-Security-Best-Practices;AWS Foundational Security Best Practices;
aws;The AWS Foundational Security Best Practices standard is a set of controls that detect when your deployed accounts and resources deviate from security best practices.;<SANDBOX_ACCOUNT_ID>;ap-southeast-7;2026-08-29 00:18:02.370487;S3.3;This control checks whether your S3 buckets allow public write access. It evaluates the block public access settings, the bucket policy, and the bucket access control list (ACL).;S3;;;S3;;PASS;S3 public access blocked at bucket level for stratus-red-team-ct-stop-bucket-arzkiholin.;arn:aws:s3:::stratus-red-team-ct-stop-bucket-arzkiholin;s3_bucket_policy_public_write_access;False;stratus-red-team-ct-stop-bucket-arzkiholin;AWS-Foundational-Security-Best-Practices;AWS Foundational Security Best Practices;
aws;The AWS Foundational Security Best Practices standard is a set of controls that detect when your deployed accounts and resources deviate from security best practices.;<SANDBOX_ACCOUNT_ID>;ap-southeast-7;2026-08-29 00:18:02.370487;S3.3;This control checks whether your S3 buckets allow public write access. It evaluates the block public access settings, the bucket policy, and the bucket access control list (ACL).;S3;;;S3;;PASS;S3 Bucket range-cloudtrail-<SANDBOX_ACCOUNT_ID> is not publicly writable.;arn:aws:s3:::range-cloudtrail-<SANDBOX_ACCOUNT_ID>;s3_bucket_public_write_acl;False;range-cloudtrail-<SANDBOX_ACCOUNT_ID>;AWS-Foundational-Security-Best-Practices;AWS Foundational Security Best Practices;
aws;The AWS Foundational Security Best Practices standard is a set of controls that detect when your deployed accounts and resources deviate from security best practices.;<SANDBOX_ACCOUNT_ID>;ap-southeast-7;2026-08-29 00:18:02.370487;S3.3;This control checks whether your S3 buckets allow public write access. It evaluates the block public access settings, the bucket policy, and the bucket access control list (ACL).;S3;;;S3;;PASS;S3 Bucket range-customer-data-<SANDBOX_ACCOUNT_ID> is not publicly writable.;arn:aws:s3:::range-customer-data-<SANDBOX_ACCOUNT_ID>;s3_bucket_public_write_acl;False;range-customer-data-<SANDBOX_ACCOUNT_ID>;AWS-Foundational-Security-Best-Practices;AWS Foundational Security Best Practices;
aws;The AWS Foundational Security Best Practices standard is a set of controls that detect when your deployed accounts and resources deviate from security best practices.;<SANDBOX_ACCOUNT_ID>;ap-southeast-7;2026-08-29 00:18:02.370487;S3.3;This control checks whether your S3 buckets allow public write access. It evaluates the block public access settings, the bucket policy, and the bucket access control list (ACL).;S3;;;S3;;PASS;S3 Bucket stratus-red-team-ct-stop-bucket-arzkiholin is not publicly writable.;arn:aws:s3:::stratus-red-team-ct-stop-bucket-arzkiholin;s3_bucket_public_write_acl;False;stratus-red-team-ct-stop-bucket-arzkiholin;AWS-Foundational-Security-Best-Practices;AWS Foundational Security Best Practices;
aws;The AWS Foundational Security Best Practices standard is a set of controls that detect when your deployed accounts and resources deviate from security best practices.;<SANDBOX_ACCOUNT_ID>;ap-southeast-7;2026-08-29 00:18:02.370487;S3.5;This control checks whether S3 buckets have policies that require requests to use Secure Socket Layer (SSL). S3 buckets should have policies that require all requests (Action: S3:*)to only accept transmission of data over HTTPS in the S3 resource policy, indicated by the condition key aws:SecureTransport.;S3;;;S3;;FAIL;S3 Bucket range-cloudtrail-<SANDBOX_ACCOUNT_ID> allows requests over insecure transport in the bucket policy.;arn:aws:s3:::range-cloudtrail-<SANDBOX_ACCOUNT_ID>;s3_bucket_secure_transport_policy;False;range-cloudtrail-<SANDBOX_ACCOUNT_ID>;AWS-Foundational-Security-Best-Practices;AWS Foundational Security Best Practices;
aws;The AWS Foundational Security Best Practices standard is a set of controls that detect when your deployed accounts and resources deviate from security best practices.;<SANDBOX_ACCOUNT_ID>;ap-southeast-7;2026-08-29 00:18:02.370487;S3.5;This control checks whether S3 buckets have policies that require requests to use Secure Socket Layer (SSL). S3 buckets should have policies that require all requests (Action: S3:*)to only accept transmission of data over HTTPS in the S3 resource policy, indicated by the condition key aws:SecureTransport.;S3;;;S3;;FAIL;S3 Bucket range-customer-data-<SANDBOX_ACCOUNT_ID> allows requests over insecure transport in the bucket policy.;arn:aws:s3:::range-customer-data-<SANDBOX_ACCOUNT_ID>;s3_bucket_secure_transport_policy;False;range-customer-data-<SANDBOX_ACCOUNT_ID>;AWS-Foundational-Security-Best-Practices;AWS Foundational Security Best Practices;
aws;The AWS Foundational Security Best Practices standard is a set of controls that detect when your deployed accounts and resources deviate from security best practices.;<SANDBOX_ACCOUNT_ID>;ap-southeast-7;2026-08-29 00:18:02.370487;S3.5;This control checks whether S3 buckets have policies that require requests to use Secure Socket Layer (SSL). S3 buckets should have policies that require all requests (Action: S3:*)to only accept transmission of data over HTTPS in the S3 resource policy, indicated by the condition key aws:SecureTransport.;S3;;;S3;;FAIL;S3 Bucket stratus-red-team-ct-stop-bucket-arzkiholin allows requests over insecure transport in the bucket policy.;arn:aws:s3:::stratus-red-team-ct-stop-bucket-arzkiholin;s3_bucket_secure_transport_policy;False;stratus-red-team-ct-stop-bucket-arzkiholin;AWS-Foundational-Security-Best-Practices;AWS Foundational Security Best Practices;
aws;The AWS Foundational Security Best Practices standard is a set of controls that detect when your deployed accounts and resources deviate from security best practices.;<SANDBOX_ACCOUNT_ID>;ap-southeast-7;2026-08-29 00:18:02.370487;S3.9;When logging is enabled, Amazon S3 delivers access logs for a source bucket to a chosen target bucket. The target bucket must be in the same AWS Region as the source bucket and must not have a default retention period configuration.;S3;;;S3;;FAIL;S3 Bucket range-cloudtrail-<SANDBOX_ACCOUNT_ID> has server access logging disabled.;arn:aws:s3:::range-cloudtrail-<SANDBOX_ACCOUNT_ID>;s3_bucket_server_access_logging_enabled;False;range-cloudtrail-<SANDBOX_ACCOUNT_ID>;AWS-Foundational-Security-Best-Practices;AWS Foundational Security Best Practices;
aws;The AWS Foundational Security Best Practices standard is a set of controls that detect when your deployed accounts and resources deviate from security best practices.;<SANDBOX_ACCOUNT_ID>;ap-southeast-7;2026-08-29 00:18:02.370487;S3.9;When logging is enabled, Amazon S3 delivers access logs for a source bucket to a chosen target bucket. The target bucket must be in the same AWS Region as the source bucket and must not have a default retention period configuration.;S3;;;S3;;FAIL;S3 Bucket range-customer-data-<SANDBOX_ACCOUNT_ID> has server access logging disabled.;arn:aws:s3:::range-customer-data-<SANDBOX_ACCOUNT_ID>;s3_bucket_server_access_logging_enabled;False;range-customer-data-<SANDBOX_ACCOUNT_ID>;AWS-Foundational-Security-Best-Practices;AWS Foundational Security Best Practices;
aws;The AWS Foundational Security Best Practices standard is a set of controls that detect when your deployed accounts and resources deviate from security best practices.;<SANDBOX_ACCOUNT_ID>;ap-southeast-7;2026-08-29 00:18:02.370487;S3.9;When logging is enabled, Amazon S3 delivers access logs for a source bucket to a chosen target bucket. The target bucket must be in the same AWS Region as the source bucket and must not have a default retention period configuration.;S3;;;S3;;FAIL;S3 Bucket stratus-red-team-ct-stop-bucket-arzkiholin has server access logging disabled.;arn:aws:s3:::stratus-red-team-ct-stop-bucket-arzkiholin;s3_bucket_server_access_logging_enabled;False;stratus-red-team-ct-stop-bucket-arzkiholin;AWS-Foundational-Security-Best-Practices;AWS Foundational Security Best Practices;
aws;The AWS Foundational Security Best Practices standard is a set of controls that detect when your deployed accounts and resources deviate from security best practices.;<SANDBOX_ACCOUNT_ID>;ap-southeast-7;2026-08-29 00:18:02.370487;SNS.1;This control checks whether an SNS topic is encrypted at rest using AWS KMS.;SNS;;;SNS;;FAIL;SNS topic range-responders is not encrypted.;arn:aws:sns:ap-southeast-7:<SANDBOX_ACCOUNT_ID>:range-responders;sns_topics_kms_encryption_at_rest_enabled;False;range-responders;AWS-Foundational-Security-Best-Practices;AWS Foundational Security Best Practices;
aws;The AWS Foundational Security Best Practices standard is a set of controls that detect when your deployed accounts and resources deviate from security best practices.;;;2026-08-29 00:18:02.370487;APIGateway.3;This control checks whether AWS X-Ray active tracing is enabled for your Amazon API Gateway REST API stages.;API Gateway;;;API Gateway;;MANUAL;Manual check;manual_check;manual;False;Manual check;AWS-Foundational-Security-Best-Practices;AWS Foundational Security Best Practices;
aws;The AWS Foundational Security Best Practices standard is a set of controls that detect when your deployed accounts and resources deviate from security best practices.;;;2026-08-29 00:18:02.370487;APIGateway.5;This control checks whether all methods in API Gateway REST API stages that have cache enabled are encrypted. The control fails if any method in an API Gateway REST API stage is configured to cache and the cache is not encrypted.;API Gateway;;;API Gateway;;MANUAL;Manual check;manual_check;manual;False;Manual check;AWS-Foundational-Security-Best-Practices;AWS Foundational Security Best Practices;
aws;The AWS Foundational Security Best Practices standard is a set of controls that detect when your deployed accounts and resources deviate from security best practices.;;;2026-08-29 00:18:02.370487;AppSync.1;This control checks whether an AWS AppSync API cache is encrypted at rest. The control fails if the API cache isn't encrypted at rest.;AppSync;;;AppSync;;MANUAL;Manual check;manual_check;manual;False;Manual check;AWS-Foundational-Security-Best-Practices;AWS Foundational Security Best Practices;
aws;The AWS Foundational Security Best Practices standard is a set of controls that detect when your deployed accounts and resources deviate from security best practices.;;;2026-08-29 00:18:02.370487;AppSync.2;This control checks whether an AWS AppSync API has field-level logging turned on. The control fails if the field resolver log level is set to None. Unless you provide custom parameter values to indicate that a specific log type should be enabled, Security Hub produces a passed finding if the field resolver log level is either ERROR or ALL.;AppSync;;;AppSync;;MANUAL;Manual check;manual_check;manual;False;Manual check;AWS-Foundational-Security-Best-Practices;AWS Foundational Security Best Practices;
aws;The AWS Foundational Security Best Practices standard is a set of controls that detect when your deployed accounts and resources deviate from security best practices.;;;2026-08-29 00:18:02.370487;AutoScaling.1;This control checks whether your Auto Scaling groups that are associated with a load balancer are using Elastic Load Balancing health checks. This ensures that the group can determine an instance's health based on additional tests provided by the load balancer. Using Elastic Load Balancing health checks can help support the availability of applications that use EC2 Auto Scaling groups.;AutoScaling;;;AutoScaling;;MANUAL;Manual check;manual_check;manual;False;Manual check;AWS-Foundational-Security-Best-Practices;AWS Foundational Security Best Practices;
aws;The AWS Foundational Security Best Practices standard is a set of controls that detect when your deployed accounts and resources deviate from security best practices.;;;2026-08-29 00:18:02.370487;AutoScaling.3;This control checks whether IMDSv2 is enabled on all instances launched by Amazon EC2 Auto Scaling groups. The control fails if the Instance Metadata Service (IMDS) version is not included in the launch configuration or if both IMDSv1 and IMDSv2 are enabled.;AutoScaling;;;AutoScaling;;MANUAL;Manual check;manual_check;manual;False;Manual check;AWS-Foundational-Security-Best-Practices;AWS Foundational Security Best Practices;
aws;The AWS Foundational Security Best Practices standard is a set of controls that detect when your deployed accounts and resources deviate from security best practices.;;;2026-08-29 00:18:02.370487;AutoScaling.4;This control checks the number of network hops that a metadata token can travel. The control fails if the metadata response hop limit is greater than 1.;AutoScaling;;;AutoScaling;;MANUAL;Manual check;manual_check;manual;False;Manual check;AWS-Foundational-Security-Best-Practices;AWS Foundational Security Best Practices;
aws;The AWS Foundational Security Best Practices standard is a set of controls that detect when your deployed accounts and resources deviate from security best practices.;;;2026-08-29 00:18:02.370487;AutoScaling.5;This control checks whether an Auto Scaling groups associated launch configuration assigns a public IP address to the group's instances.;AutoScaling;;;AutoScaling;;MANUAL;Manual check;manual_check;manual;False;Manual check;AWS-Foundational-Security-Best-Practices;AWS Foundational Security Best Practices;
aws;The AWS Foundational Security Best Practices standard is a set of controls that detect when your deployed accounts and resources deviate from security best practices.;;;2026-08-29 00:18:02.370487;AutoScaling.6;This control checks whether an Amazon EC2 Auto Scaling group uses multiple instance types. The control fails if the Auto Scaling group has only one instance type defined.;AutoScaling;;;AutoScaling;;MANUAL;Manual check;manual_check;manual;False;Manual check;AWS-Foundational-Security-Best-Practices;AWS Foundational Security Best Practices;
aws;The AWS Foundational Security Best Practices standard is a set of controls that detect when your deployed accounts and resources deviate from security best practices.;;;2026-08-29 00:18:02.370487;AutoScaling.9;This control checks whether an Amazon EC2 Auto Scaling group is created from an EC2 launch template. This control fails if an Amazon EC2 Auto Scaling group is not created with a launch template or if a launch template is not specified in a mixed instances policy.;AutoScaling;;;AutoScaling;;MANUAL;Manual check;manual_check;manual;False;Manual check;AWS-Foundational-Security-Best-Practices;AWS Foundational Security Best Practices;
aws;The AWS Foundational Security Best Practices standard is a set of controls that detect when your deployed accounts and resources deviate from security best practices.;;;2026-08-29 00:18:02.370487;Backup.1;This control checks if an AWS Backup recovery point is encrypted at rest. The control fails if the recovery point isn't encrypted at rest.;Backup;;;Backup;;MANUAL;Manual check;manual_check;manual;False;Manual check;AWS-Foundational-Security-Best-Practices;AWS Foundational Security Best Practices;
aws;The AWS Foundational Security Best Practices standard is a set of controls that detect when your deployed accounts and resources deviate from security best practices.;;;2026-08-29 00:18:02.370487;CloudFormation.1;This control checks whether an Amazon Simple Notification Service notification is integrated with a CloudFormation stack. The control fails for a CloudFormation stack if there is no SNS notification associated with it.;CloudFormation;;;CloudFormation;;MANUAL;Manual check;manual_check;manual;False;Manual check;AWS-Foundational-Security-Best-Practices;AWS Foundational Security Best Practices;
aws;The AWS Foundational Security Best Practices standard is a set of controls that detect when your deployed accounts and resources deviate from security best practices.;;;2026-08-29 00:18:02.370487;CloudFront.3;This control checks whether an Amazon CloudFront distribution requires viewers to use HTTPS directly or whether it uses redirection. The control fails if ViewerProtocolPolicy is set to allow-all for defaultCacheBehavior or for cacheBehaviors.;CloudFront;;;CloudFront;;MANUAL;Manual check;manual_check;manual;False;Manual check;AWS-Foundational-Security-Best-Practices;AWS Foundational Security Best Practices;
aws;The AWS Foundational Security Best Practices standard is a set of controls that detect when your deployed accounts and resources deviate from security best practices.;;;2026-08-29 00:18:02.370487;CloudTrail.3;This control checks whether an AWS CloudTrail trail is enabled in your AWS account. The control fails if your account doesn't have at least one CloudTrail trail enabled.;CloudTrail;;;CloudTrail;;MANUAL;Manual check;manual_check;manual;False;Manual check;AWS-Foundational-Security-Best-Practices;AWS Foundational Security Best Practices;
aws;The AWS Foundational Security Best Practices standard is a set of controls that detect when your deployed accounts and resources deviate from security best practices.;;;2026-08-29 00:18:02.370487;CodeBuild.3;This control checks if Amazon S3 logs for an AWS CodeBuild project are encrypted. The control fails if encryption is deactivated for S3 logs for a CodeBuild project.;CodeBuild;;;CodeBuild;;MANUAL;Manual check;manual_check;manual;False;Manual check;AWS-Foundational-Security-Best-Practices;AWS Foundational Security Best Practices;
aws;The AWS Foundational Security Best Practices standard is a set of controls that detect when your deployed accounts and resources deviate from security best practices.;;;2026-08-29 00:18:02.370487;CodeBuild.4;This control checks whether a CodeBuild project environment has at least one log option, either to S3 or CloudWatch logs enabled. This control fails if a CodeBuild project environment does not have at least one log option enabled.;CodeBuild;;;CodeBuild;;MANUAL;Manual check;manual_check;manual;False;Manual check;AWS-Foundational-Security-Best-Practices;AWS Foundational Security Best Practices;
aws;The AWS Foundational Security Best Practices standard is a set of controls that detect when your deployed accounts and resources deviate from security best practices.;;;2026-08-29 00:18:02.370487;CodeBuild.5;This control checks if an AWS CodeBuild project environment has privileged mode enabled. This control fails when an AWS CodeBuild project environment has privileged mode enabled.;CodeBuild;;;CodeBuild;;MANUAL;Manual check;manual_check;manual;False;Manual check;AWS-Foundational-Security-Best-Practices;AWS Foundational Security Best Practices;
aws;The AWS Foundational Security Best Practices standard is a set of controls that detect when your deployed accounts and resources deviate from security best practices.;;;2026-08-29 00:18:02.370487;CodeBuild.7;This control checks whether the test results of an AWS CodeBuild report group that are exported to an Amazon Simple Storage Service (Amazon S3) bucket are encrypted at rest. The control fails if the report group export isn't encrypted at rest.;CodeBuild;;;CodeBuild;;MANUAL;Manual check;manual_check;manual;False;Manual check;AWS-Foundational-Security-Best-Practices;AWS Foundational Security Best Practices;
aws;The AWS Foundational Security Best Practices standard is a set of controls that detect when your deployed accounts and resources deviate from security best practices.;;;2026-08-29 00:18:02.370487;DMS.7;This control checks whether logging is enabled with the minimum severity level of LOGGER_SEVERITY_DEFAULT for DMS replication tasks TARGET_APPLY and TARGET_LOAD. The control fails if logging isn't enabled for these tasks or if the minimum severity level is less than LOGGER_SEVERITY_DEFAULT.;DMS;;;DMS;;MANUAL;Manual check;manual_check;manual;False;Manual check;AWS-Foundational-Security-Best-Practices;AWS Foundational Security Best Practices;
aws;The AWS Foundational Security Best Practices standard is a set of controls that detect when your deployed accounts and resources deviate from security best practices.;;;2026-08-29 00:18:02.370487;DMS.8;This control checks whether logging is enabled with the minimum severity level of LOGGER_SEVERITY_DEFAULT for DMS replication tasks SOURCE_CAPTURE and SOURCE_UNLOAD. The control fails if logging isn't enabled for these tasks or if the minimum severity level is less than LOGGER_SEVERITY_DEFAULT.;DMS;;;DMS;;MANUAL;Manual check;manual_check;manual;False;Manual check;AWS-Foundational-Security-Best-Practices;AWS Foundational Security Best Practices;
aws;The AWS Foundational Security Best Practices standard is a set of controls that detect when your deployed accounts and resources deviate from security best practices.;;;2026-08-29 00:18:02.370487;DynamoDB.1;This control checks whether an Amazon DynamoDB table can scale its read and write capacity as needed. This control passes if the table uses either on-demand capacity mode or provisioned mode with auto scaling configured. Scaling capacity with demand avoids throttling exceptions, which helps to maintain availability of your applications.;DynamoDB;;;DynamoDB;;MANUAL;Manual check;manual_check;manual;False;Manual check;AWS-Foundational-Security-Best-Practices;AWS Foundational Security Best Practices;
aws;The AWS Foundational Security Best Practices standard is a set of controls that detect when your deployed accounts and resources deviate from security best practices.;;;2026-08-29 00:18:02.370487;EC2.18;This control checks whether the security groups that are in use allow unrestricted incoming traffic. Optionally the rule checks whether the port numbers are listed in the authorizedTcpPorts parameter. The default values for authorizedTcpPorts are 80 and 443.;EC2;;;EC2;;MANUAL;Manual check;manual_check;manual;False;Manual check;AWS-Foundational-Security-Best-Practices;AWS Foundational Security Best Practices;
aws;The AWS Foundational Security Best Practices standard is a set of controls that detect when your deployed accounts and resources deviate from security best practices.;;;2026-08-29 00:18:02.370487;ECS.10;This control checks if Amazon ECS Fargate services are running the latest Fargate platform version. This control fails if the platform version is not the latest.;ECS;;;ECS;;MANUAL;Manual check;manual_check;manual;False;Manual check;AWS-Foundational-Security-Best-Practices;AWS Foundational Security Best Practices;
aws;The AWS Foundational Security Best Practices standard is a set of controls that detect when your deployed accounts and resources deviate from security best practices.;;;2026-08-29 00:18:02.370487;ECS.12;This control checks if ECS clusters use Container Insights. This control fails if Container Insights are not set up for a cluster.;ECS;;;ECS;;MANUAL;Manual check;manual_check;manual;False;Manual check;AWS-Foundational-Security-Best-Practices;AWS Foundational Security Best Practices;
aws;The AWS Foundational Security Best Practices standard is a set of controls that detect when your deployed accounts and resources deviate from security best practices.;;;2026-08-29 00:18:02.370487;EFS.3;This control checks if Amazon EFS access points are configured to enforce a root directory. The control fails if the value of Path is set to / (the default root directory of the file system).;EFS;;;EFS;;MANUAL;Manual check;manual_check;manual;False;Manual check;AWS-Foundational-Security-Best-Practices;AWS Foundational Security Best Practices;
aws;The AWS Foundational Security Best Practices standard is a set of controls that detect when your deployed accounts and resources deviate from security best practices.;;;2026-08-29 00:18:02.370487;EFS.4;This control checks whether Amazon EFS access points are configured to enforce a user identity. This control fails if a POSIX user identity is not defined while creating the EFS access point.;EFS;;;EFS;;MANUAL;Manual check;manual_check;manual;False;Manual check;AWS-Foundational-Security-Best-Practices;AWS Foundational Security Best Practices;
aws;The AWS Foundational Security Best Practices standard is a set of controls that detect when your deployed accounts and resources deviate from security best practices.;;;2026-08-29 00:18:02.370487;ELB.2;This control checks whether the Classic Load Balancer uses HTTPS/SSL certificates provided by AWS Certificate Manager (ACM). The control fails if the Classic Load Balancer configured with HTTPS/SSL listener does not use a certificate provided by ACM.;ELB;;;ELB;;MANUAL;Manual check;manual_check;manual;False;Manual check;AWS-Foundational-Security-Best-Practices;AWS Foundational Security Best Practices;
aws;The AWS Foundational Security Best Practices standard is a set of controls that detect when your deployed accounts and resources deviate from security best practices.;;;2026-08-29 00:18:02.370487;ELB.7;This control checks whether Classic Load Balancers have connection draining enabled.;ELB;;;ELB;;MANUAL;Manual check;manual_check;manual;False;Manual check;AWS-Foundational-Security-Best-Practices;AWS Foundational Security Best Practices;
aws;The AWS Foundational Security Best Practices standard is a set of controls that detect when your deployed accounts and resources deviate from security best practices.;;;2026-08-29 00:18:02.370487;ELB.14;This control checks whether a Classic Load Balancer is configured with defensive or strictest desync mitigation mode. This control will fail if the Classic Load Balancer is not configured with defensive or strictest desync mitigation mode.;ELB;;;ELB;;MANUAL;Manual check;manual_check;manual;False;Manual check;AWS-Foundational-Security-Best-Practices;AWS Foundational Security Best Practices;
aws;The AWS Foundational Security Best Practices standard is a set of controls that detect when your deployed accounts and resources deviate from security best practices.;;;2026-08-29 00:18:02.370487;ES.6;This control checks whether Elasticsearch domains are configured with at least three data nodes and zoneAwarenessEnabled is true.;ES;;;ES;;MANUAL;Manual check;manual_check;manual;False;Manual check;AWS-Foundational-Security-Best-Practices;AWS Foundational Security Best Practices;
aws;The AWS Foundational Security Best Practices standard is a set of controls that detect when your deployed accounts and resources deviate from security best practices.;;;2026-08-29 00:18:02.370487;ES.7;This control checks whether Elasticsearch domains are configured with at least three dedicated master nodes. This control fails if the domain does not use dedicated master nodes. This control passes if Elasticsearch domains have five dedicated master nodes. However, using more than three master nodes might be unnecessary to mitigate the availability risk, and will result in additional cost.;ES;;;ES;;MANUAL;Manual check;manual_check;manual;False;Manual check;AWS-Foundational-Security-Best-Practices;AWS Foundational Security Best Practices;
aws;The AWS Foundational Security Best Practices standard is a set of controls that detect when your deployed accounts and resources deviate from security best practices.;;;2026-08-29 00:18:02.370487;ES.8;This controls checks whether an Elasticsearch domain endpoint is configured to use the latest TLS security policy. The control fails if the Elasticsearch domain endpoint isn't configured to use the latest supported policy or if HTTPs isn't enabled. The current latest supported TLS security policy is Policy-Min-TLS-1-2-PFS-2023-10.;ES;;;ES;;MANUAL;Manual check;manual_check;manual;False;Manual check;AWS-Foundational-Security-Best-Practices;AWS Foundational Security Best Practices;
aws;The AWS Foundational Security Best Practices standard is a set of controls that detect when your deployed accounts and resources deviate from security best practices.;;;2026-08-29 00:18:02.370487;ElastiCache.3;This control checks if ElastiCache for Redis replication groups have automatic failover enabled. This control fails if automatic failover isn't enabled for a Redis replication group.;ElastiCache;;;ElastiCache;;MANUAL;Manual check;manual_check;manual;False;Manual check;AWS-Foundational-Security-Best-Practices;AWS Foundational Security Best Practices;
aws;The AWS Foundational Security Best Practices standard is a set of controls that detect when your deployed accounts and resources deviate from security best practices.;;;2026-08-29 00:18:02.370487;ElastiCache.4;This control checks if ElastiCache for Redis replication groups are encrypted at rest. This control fails if an ElastiCache for Redis replication group isn't encrypted at rest.;ElastiCache;;;ElastiCache;;MANUAL;Manual check;manual_check;manual;False;Manual check;AWS-Foundational-Security-Best-Practices;AWS Foundational Security Best Practices;
aws;The AWS Foundational Security Best Practices standard is a set of controls that detect when your deployed accounts and resources deviate from security best practices.;;;2026-08-29 00:18:02.370487;ElastiCache.5;This control checks if ElastiCache for Redis replication groups are encrypted in transit. This control fails if an ElastiCache for Redis replication group isn't encrypted in transit.;ElastiCache;;;ElastiCache;;MANUAL;Manual check;manual_check;manual;False;Manual check;AWS-Foundational-Security-Best-Practices;AWS Foundational Security Best Practices;
aws;The AWS Foundational Security Best Practices standard is a set of controls that detect when your deployed accounts and resources deviate from security best practices.;;;2026-08-29 00:18:02.370487;ElastiCache.7;This control checks if ElastiCache clusters are configured with a custom subnet group. The control fails for an ElastiCache cluster if CacheSubnetGroupName has the value default.;ElastiCache;;;ElastiCache;;MANUAL;Manual check;manual_check;manual;False;Manual check;AWS-Foundational-Security-Best-Practices;AWS Foundational Security Best Practices;
aws;The AWS Foundational Security Best Practices standard is a set of controls that detect when your deployed accounts and resources deviate from security best practices.;;;2026-08-29 00:18:02.370487;ElasticBeanstalk.1;This control checks whether enhanced health reporting is enabled for your AWS Elastic Beanstalk environments.Elastic Beanstalk enhanced health reporting enables a more rapid response to changes in the health of the underlying infrastructure. These changes could result in a lack of availability of the application.;Elastic Beanstalk;;;Elastic Beanstalk;;MANUAL;Manual check;manual_check;manual;False;Manual check;AWS-Foundational-Security-Best-Practices;AWS Foundational Security Best Practices;
aws;The AWS Foundational Security Best Practices standard is a set of controls that detect when your deployed accounts and resources deviate from security best practices.;;;2026-08-29 00:18:02.370487;ElasticBeanstalk.3;This control checks whether an Elastic Beanstalk environment is configured to send logs to CloudWatch Logs. The control fails if an Elastic Beanstalk environment isn't configured to send logs to CloudWatch Logs. Optionally, you can provide a custom value for the RetentionInDays parameter if you want the control to pass only if logs are retained for the specified number of days before expiration.;Elastic Beanstalk;;;Elastic Beanstalk;;MANUAL;Manual check;manual_check;manual;False;Manual check;AWS-Foundational-Security-Best-Practices;AWS Foundational Security Best Practices;
aws;The AWS Foundational Security Best Practices standard is a set of controls that detect when your deployed accounts and resources deviate from security best practices.;;;2026-08-29 00:18:02.370487;EventBridge.3;This control checks if an Amazon EventBridge custom event bus has a resource-based policy attached. This control fails if the custom event bus doesn't have a resource-based policy.;EventBridge;;;EventBridge;;MANUAL;Manual check;manual_check;manual;False;Manual check;AWS-Foundational-Security-Best-Practices;AWS Foundational Security Best Practices;
aws;The AWS Foundational Security Best Practices standard is a set of controls that detect when your deployed accounts and resources deviate from security best practices.;;;2026-08-29 00:18:02.370487;FSx.1;This control checks if an Amazon FSx for OpenZFS file system is configured to copy tags to backups and volumes. The control fails if the OpenZFS file system isn't configured to copy tags to backups and volumes.;FSx;;;FSx;;MANUAL;Manual check;manual_check;manual;False;Manual check;AWS-Foundational-Security-Best-Practices;AWS Foundational Security Best Practices;
aws;The AWS Foundational Security Best Practices standard is a set of controls that detect when your deployed accounts and resources deviate from security best practices.;;;2026-08-29 00:18:02.370487;IAM.2;This control checks that none of your IAM users have policies attached. Instead, IAM users must inherit permissions from IAM groups or roles.;IAM;;;IAM;;MANUAL;Manual check;manual_check;manual;False;Manual check;AWS-Foundational-Security-Best-Practices;AWS Foundational Security Best Practices;
aws;The AWS Foundational Security Best Practices standard is a set of controls that detect when your deployed accounts and resources deviate from security best practices.;;;2026-08-29 00:18:02.370487;IAM.9;The root user has complete access to all the services and resources in an AWS account. MFA adds an extra layer of protection on top of a user name and password. With MFA enabled, when a user signs in to the AWS Management Console, they're prompted for their user name and password and for an authentication code from their AWS MFA device.;IAM;;;IAM;;MANUAL;Manual check;manual_check;manual;False;Manual check;AWS-Foundational-Security-Best-Practices;AWS Foundational Security Best Practices;
aws;The AWS Foundational Security Best Practices standard is a set of controls that detect when your deployed accounts and resources deviate from security best practices.;;;2026-08-29 00:18:02.370487;IAM.21;This control checks whether the IAM identity-based policies that you create have Allow statements that use the * wildcard to grant permissions for all actions on any service. The control fails if any policy statement includes 'Effect': 'Allow' with 'Action': 'Service:*'.;IAM;;;IAM;;MANUAL;Manual check;manual_check;manual;False;Manual check;AWS-Foundational-Security-Best-Practices;AWS Foundational Security Best Practices;
aws;The AWS Foundational Security Best Practices standard is a set of controls that detect when your deployed accounts and resources deviate from security best practices.;;;2026-08-29 00:18:02.370487;KMS.1;Checks whether the default version of IAM customer managed policies allow principals to use the AWS KMS decryption actions on all resources. This control uses Zelkova, an automated reasoning engine, to validate and warn you about policies that may grant broad access to your secrets across AWS accounts. This control fails if the kms:Decrypt or kms:ReEncryptFrom actions are allowed on all KMS keys. The control evaluates both attached and unattached customer managed policies. It does not check inline policies or AWS managed policies.;KMS;;;KMS;;MANUAL;Manual check;manual_check;manual;False;Manual check;AWS-Foundational-Security-Best-Practices;AWS Foundational Security Best Practices;
aws;The AWS Foundational Security Best Practices standard is a set of controls that detect when your deployed accounts and resources deviate from security best practices.;;;2026-08-29 00:18:02.370487;KMS.2;Checks whether the inline policies that are embedded in your IAM identities (role, user, or group) allow the AWS KMS decryption actions on all KMS keys. This control uses Zelkova, an automated reasoning engine, to validate and warn you about policies that may grant broad access to your secrets across AWS accounts. This control fails if kms:Decrypt or kms:ReEncryptFrom actions are allowed on all KMS keys in an inline policy.;KMS;;;KMS;;MANUAL;Manual check;manual_check;manual;False;Manual check;AWS-Foundational-Security-Best-Practices;AWS Foundational Security Best Practices;
aws;The AWS Foundational Security Best Practices standard is a set of controls that detect when your deployed accounts and resources deviate from security best practices.;;;2026-08-29 00:18:02.370487;Kinesis.1;This control checks if Kinesis Data Streams are encrypted at rest with server-side encryption. This control fails if a Kinesis stream is not encrypted at rest with server-side encryption.;Kinesis;;;Kinesis;;MANUAL;Manual check;manual_check;manual;False;Manual check;AWS-Foundational-Security-Best-Practices;AWS Foundational Security Best Practices;
aws;The AWS Foundational Security Best Practices standard is a set of controls that detect when your deployed accounts and resources deviate from security best practices.;;;2026-08-29 00:18:02.370487;Neptune.1;This control checks whether a Neptune DB cluster is encrypted at rest. The control fails if a Neptune DB cluster isn't encrypted at rest.;Neptune;;;Neptune;;MANUAL;Manual check;manual_check;manual;False;Manual check;AWS-Foundational-Security-Best-Practices;AWS Foundational Security Best Practices;
aws;The AWS Foundational Security Best Practices standard is a set of controls that detect when your deployed accounts and resources deviate from security best practices.;;;2026-08-29 00:18:02.370487;NetworkFirewall.2;This control checks whether logging is enabled for an AWS Network Firewall firewall. The control fails if logging isn't enabled for at least one log type or if the logging destination doesn't exist.;Network Firewall;;;Network Firewall;;MANUAL;Manual check;manual_check;manual;False;Manual check;AWS-Foundational-Security-Best-Practices;AWS Foundational Security Best Practices;
aws;The AWS Foundational Security Best Practices standard is a set of controls that detect when your deployed accounts and resources deviate from security best practices.;;;2026-08-29 00:18:02.370487;NetworkFirewall.4;A firewall policy defines how your firewall monitors and handles traffic in Amazon VPC. You configure stateless and stateful rule groups to filter packets and traffic flows. Defaulting to Pass can allow unintended traffic.;Network Firewall;;;Network Firewall;;MANUAL;Manual check;manual_check;manual;False;Manual check;AWS-Foundational-Security-Best-Practices;AWS Foundational Security Best Practices;
aws;The AWS Foundational Security Best Practices standard is a set of controls that detect when your deployed accounts and resources deviate from security best practices.;;;2026-08-29 00:18:02.370487;NetworkFirewall.5;This control checks whether the default stateless action for fragmented packets for a Network Firewall policy is drop or forward. The control passes if Drop or Forward is selected, and fails if Pass is selected.;Network Firewall;;;Network Firewall;;MANUAL;Manual check;manual_check;manual;False;Manual check;AWS-Foundational-Security-Best-Practices;AWS Foundational Security Best Practices;
aws;The AWS Foundational Security Best Practices standard is a set of controls that detect when your deployed accounts and resources deviate from security best practices.;;;2026-08-29 00:18:02.370487;NetworkFirewall.6;A rule group contains rules that define how your firewall processes traffic in your VPC. An empty stateless rule group when present in a firewall policy might give the impression that the rule group will process traffic. However, when the stateless rule group is empty, it does not process traffic.;Network Firewall;;;Network Firewall;;MANUAL;Manual check;manual_check;manual;False;Manual check;AWS-Foundational-Security-Best-Practices;AWS Foundational Security Best Practices;
aws;The AWS Foundational Security Best Practices standard is a set of controls that detect when your deployed accounts and resources deviate from security best practices.;;;2026-08-29 00:18:02.370487;OpenSearch.6;This control checks whether OpenSearch domains are configured with at least three data nodes and zoneAwarenessEnabled is true. This control fails for an OpenSearch domain if instanceCount is less than 3 or zoneAwarenessEnabled is false.;Opensearch;;;Opensearch;;MANUAL;Manual check;manual_check;manual;False;Manual check;AWS-Foundational-Security-Best-Practices;AWS Foundational Security Best Practices;
aws;The AWS Foundational Security Best Practices standard is a set of controls that detect when your deployed accounts and resources deviate from security best practices.;;;2026-08-29 00:18:02.370487;OpenSearch.8;TThis controls checks whether an Amazon OpenSearch Service domain endpoint is configured to use the latest TLS security policy. The control fails if the OpenSearch domain endpoint isn't configured to use the latest supported policy or if HTTPs isn't enabled.;Opensearch;;;Opensearch;;MANUAL;Manual check;manual_check;manual;False;Manual check;AWS-Foundational-Security-Best-Practices;AWS Foundational Security Best Practices;
aws;The AWS Foundational Security Best Practices standard is a set of controls that detect when your deployed accounts and resources deviate from security best practices.;;;2026-08-29 00:18:02.370487;PrivateCertificateAuthority.1;This control checks if AWS Private CA has a root certificate authority (CA) that is disabled. The control fails if the root CA is enabled.;Private Certificate Authority;;;Private Certificate Authority;;MANUAL;Manual check;manual_check;manual;False;Manual check;AWS-Foundational-Security-Best-Practices;AWS Foundational Security Best Practices;
aws;The AWS Foundational Security Best Practices standard is a set of controls that detect when your deployed accounts and resources deviate from security best practices.;;;2026-08-29 00:18:02.370487;RDS.26;This control evaluates if Amazon RDS DB instances are covered by a backup plan. This control fails if the RDS DB instance isn't covered by a backup plan. If you set the backupVaultLockCheck parameter equal to true, the control passes only if the instance is backed up in an AWS Backup locked vault.;RDS;;;RDS;;MANUAL;Manual check;manual_check;manual;False;Manual check;AWS-Foundational-Security-Best-Practices;AWS Foundational Security Best Practices;
aws;The AWS Foundational Security Best Practices standard is a set of controls that detect when your deployed accounts and resources deviate from security best practices.;;;2026-08-29 00:18:02.370487;RDS.34;This control checks whether an Amazon Aurora MySQL DB cluster is configured to publish audit logs to Amazon CloudWatch Logs. The control fails if the cluster isn't configured to publish audit logs to CloudWatch Logs.;RDS;;;RDS;;MANUAL;Manual check;manual_check;manual;False;Manual check;AWS-Foundational-Security-Best-Practices;AWS Foundational Security Best Practices;
aws;The AWS Foundational Security Best Practices standard is a set of controls that detect when your deployed accounts and resources deviate from security best practices.;;;2026-08-29 00:18:02.370487;RDS.36;This control checks whether an Amazon RDS for PostgreSQL DB instance is configured to publish logs to Amazon CloudWatch Logs. The control fails if the PostgreSQL DB instance isn't configured to publish the log types mentioned in the logTypes parameter to CloudWatch Logs.;RDS;;;RDS;;MANUAL;Manual check;manual_check;manual;False;Manual check;AWS-Foundational-Security-Best-Practices;AWS Foundational Security Best Practices;
aws;The AWS Foundational Security Best Practices standard is a set of controls that detect when your deployed accounts and resources deviate from security best practices.;;;2026-08-29 00:18:02.370487;Redshift.2;This control checks whether connections to Amazon Redshift clusters are required to use encryption in transit. The check fails if the Amazon Redshift cluster parameter require_SSL is not set to 1. TLS can be used to help prevent potential attackers from using person-in-the-middle or similar attacks to eavesdrop on or manipulate network traffic. Only encrypted connections over TLS should be allowed. Encrypting data in transit can affect performance. You should test your application with this feature to understand the performance profile and the impact of TLS.;Redshift;;;Redshift;;MANUAL;Manual check;manual_check;manual;False;Manual check;AWS-Foundational-Security-Best-Practices;AWS Foundational Security Best Practices;
aws;The AWS Foundational Security Best Practices standard is a set of controls that detect when your deployed accounts and resources deviate from security best practices.;;;2026-08-29 00:18:02.370487;Redshift.7;This control checks whether an Amazon Redshift cluster has EnhancedVpcRouting enabled.;Redshift;;;Redshift;;MANUAL;Manual check;manual_check;manual;False;Manual check;AWS-Foundational-Security-Best-Practices;AWS Foundational Security Best Practices;
aws;The AWS Foundational Security Best Practices standard is a set of controls that detect when your deployed accounts and resources deviate from security best practices.;;;2026-08-29 00:18:02.370487;Redshift.8;This control checks whether a Amazon Redshift cluster has changed the admin username from its default value. This control will fail if the admin username for a Redshift cluster is set to awsuser.;Redshift;;;Redshift;;MANUAL;Manual check;manual_check;manual;False;Manual check;AWS-Foundational-Security-Best-Practices;AWS Foundational Security Best Practices;
aws;The AWS Foundational Security Best Practices standard is a set of controls that detect when your deployed accounts and resources deviate from security best practices.;;;2026-08-29 00:18:02.370487;Redshift.9;This control checks whether an Amazon Redshift cluster has changed the database name from its default value. The control will fail if the database name for a Redshift cluster is set to dev.;Redshift;;;Redshift;;MANUAL;Manual check;manual_check;manual;False;Manual check;AWS-Foundational-Security-Best-Practices;AWS Foundational Security Best Practices;
aws;The AWS Foundational Security Best Practices standard is a set of controls that detect when your deployed accounts and resources deviate from security best practices.;;;2026-08-29 00:18:02.370487;Redshift.10;This control checks if Amazon Redshift clusters are encrypted at rest. The control fails if a Redshift cluster isn't encrypted at rest or if the encryption key is different from the provided key in the rule parameter.;Redshift;;;Redshift;;MANUAL;Manual check;manual_check;manual;False;Manual check;AWS-Foundational-Security-Best-Practices;AWS Foundational Security Best Practices;
aws;The AWS Foundational Security Best Practices standard is a set of controls that detect when your deployed accounts and resources deviate from security best practices.;;;2026-08-29 00:18:02.370487;Route53.2;This control checks if DNS query logging is enabled for an Amazon Route 53 public hosted zone. The control fails if DNS query logging isn't enabled for a Route 53 public hosted zone.;Route53;;;Route53;;MANUAL;Manual check;manual_check;manual;False;Manual check;AWS-Foundational-Security-Best-Practices;AWS Foundational Security Best Practices;
aws;The AWS Foundational Security Best Practices standard is a set of controls that detect when your deployed accounts and resources deviate from security best practices.;;;2026-08-29 00:18:02.370487;S3.2;This control checks whether your S3 buckets allow public read access. It evaluates the Block Public Access settings, the bucket policy, and the bucket access control list (ACL).;S3;;;S3;;MANUAL;Manual check;manual_check;manual;False;Manual check;AWS-Foundational-Security-Best-Practices;AWS Foundational Security Best Practices;
aws;The AWS Foundational Security Best Practices standard is a set of controls that detect when your deployed accounts and resources deviate from security best practices.;;;2026-08-29 00:18:02.370487;S3.10;This control checks if Amazon Simple Storage Service (Amazon S3) version enabled buckets have lifecycle policy configured. This rule fails if Amazon S3 lifecycle policy is not enabled.;S3;;;S3;;MANUAL;Manual check;manual_check;manual;False;Manual check;AWS-Foundational-Security-Best-Practices;AWS Foundational Security Best Practices;
aws;The AWS Foundational Security Best Practices standard is a set of controls that detect when your deployed accounts and resources deviate from security best practices.;;;2026-08-29 00:18:02.370487;S3.11;This control checks whether S3 Event Notifications are enabled on an Amazon S3 bucket. This control fails if S3 Event Notifications are not enabled on a bucket.;S3;;;S3;;MANUAL;Manual check;manual_check;manual;False;Manual check;AWS-Foundational-Security-Best-Practices;AWS Foundational Security Best Practices;
aws;The AWS Foundational Security Best Practices standard is a set of controls that detect when your deployed accounts and resources deviate from security best practices.;;;2026-08-29 00:18:02.370487;SNS.2;This control checks whether logging is enabled for the delivery status of notification messages sent to an Amazon SNS topic for the endpoints. This control fails if the delivery status notification for messages is not enabled.;SNS;;;SNS;;MANUAL;Manual check;manual_check;manual;False;Manual check;AWS-Foundational-Security-Best-Practices;AWS Foundational Security Best Practices;
aws;The AWS Foundational Security Best Practices standard is a set of controls that detect when your deployed accounts and resources deviate from security best practices.;;;2026-08-29 00:18:02.370487;SNS.4;This control checks if the Amazon SNS topic access policy allows public access. This control fails if the SNS topic access policy allows public access.;SNS;;;SNS;;MANUAL;Manual check;manual_check;manual;False;Manual check;AWS-Foundational-Security-Best-Practices;AWS Foundational Security Best Practices;
aws;The AWS Foundational Security Best Practices standard is a set of controls that detect when your deployed accounts and resources deviate from security best practices.;;;2026-08-29 00:18:02.370487;SecretsManager.2;This control checks whether an AWS Secrets Manager secret rotated successfully based on the rotation schedule. The control fails if RotationOccurringAsScheduled is false. The control does not evaluate secrets that do not have rotation configured.;Secrets Manager;;;Secrets Manager;;MANUAL;Manual check;manual_check;manual;False;Manual check;AWS-Foundational-Security-Best-Practices;AWS Foundational Security Best Practices;
aws;The AWS Foundational Security Best Practices standard is a set of controls that detect when your deployed accounts and resources deviate from security best practices.;;;2026-08-29 00:18:02.370487;SecretsManager.3;This control checks whether an AWS Secrets Manager secret has been accessed within the specified time frame. The control fails if a secret is unused beyond the specified time frame. Unless you provide a custom parameter value for the access period, Security Hub uses a default value of 90 days;Secrets Manager;;;Secrets Manager;;MANUAL;Manual check;manual_check;manual;False;Manual check;AWS-Foundational-Security-Best-Practices;AWS Foundational Security Best Practices;
aws;The AWS Foundational Security Best Practices standard is a set of controls that detect when your deployed accounts and resources deviate from security best practices.;;;2026-08-29 00:18:02.370487;SecretsManager.4;This control checks whether your secrets have been rotated at least once within 90 days. Rotating secrets can help you to reduce the risk of an unauthorized use of your secrets in your AWS account. Examples include database credentials, passwords, third-party API keys, and even arbitrary text. If you do not change your secrets for a long period of time, the secrets are more likely to be compromised.;Secrets Manager;;;Secrets Manager;;MANUAL;Manual check;manual_check;manual;False;Manual check;AWS-Foundational-Security-Best-Practices;AWS Foundational Security Best Practices;
aws;The AWS Foundational Security Best Practices standard is a set of controls that detect when your deployed accounts and resources deviate from security best practices.;;;2026-08-29 00:18:02.370487;StepFunctions.1;This controls checks whether an AWS Step Functions state machine has logging turned on. The control fails if a state machine doesn't have logging turned on. If you provide a custom value for the logLevel parameter, the control passes only if the state machine has the specified logging level turned on.;Step Functions;;;Step Functions;;MANUAL;Manual check;manual_check;manual;False;Manual check;AWS-Foundational-Security-Best-Practices;AWS Foundational Security Best Practices;
aws;The AWS Foundational Security Best Practices standard is a set of controls that detect when your deployed accounts and resources deviate from security best practices.;;;2026-08-29 00:18:02.370487;WAF.1;This control checks whether logging is enabled for an AWS WAF global web ACL. This control fails if logging is not enabled for the web ACL.;WAF;;;WAF;;MANUAL;Manual check;manual_check;manual;False;Manual check;AWS-Foundational-Security-Best-Practices;AWS Foundational Security Best Practices;
aws;The AWS Foundational Security Best Practices standard is a set of controls that detect when your deployed accounts and resources deviate from security best practices.;;;2026-08-29 00:18:02.370487;WAF.2;This control checks whether an AWS WAF Regional rule has at least one condition. The control fails if no conditions are present within a rule.;WAF;;;WAF;;MANUAL;Manual check;manual_check;manual;False;Manual check;AWS-Foundational-Security-Best-Practices;AWS Foundational Security Best Practices;
aws;The AWS Foundational Security Best Practices standard is a set of controls that detect when your deployed accounts and resources deviate from security best practices.;;;2026-08-29 00:18:02.370487;WAF.3;This control checks whether an AWS WAF Regional rule group has at least one rule. The control fails if no rules are present within a rule group.;WAF;;;WAF;;MANUAL;Manual check;manual_check;manual;False;Manual check;AWS-Foundational-Security-Best-Practices;AWS Foundational Security Best Practices;
aws;The AWS Foundational Security Best Practices standard is a set of controls that detect when your deployed accounts and resources deviate from security best practices.;;;2026-08-29 00:18:02.370487;WAF.4;This control checks whether an AWS WAF Classic Regional web ACL contains any WAF rules or WAF rule groups. This control fails if a web ACL does not contain any WAF rules or rule groups.;WAF;;;WAF;;MANUAL;Manual check;manual_check;manual;False;Manual check;AWS-Foundational-Security-Best-Practices;AWS Foundational Security Best Practices;
aws;The AWS Foundational Security Best Practices standard is a set of controls that detect when your deployed accounts and resources deviate from security best practices.;;;2026-08-29 00:18:02.370487;WAF.6;This control checks whether an AWS WAF global rule contains any conditions. The control fails if no conditions are present within a rule.;WAF;;;WAF;;MANUAL;Manual check;manual_check;manual;False;Manual check;AWS-Foundational-Security-Best-Practices;AWS Foundational Security Best Practices;
aws;The AWS Foundational Security Best Practices standard is a set of controls that detect when your deployed accounts and resources deviate from security best practices.;;;2026-08-29 00:18:02.370487;WAF.7;This control checks whether an AWS WAF global rule group has at least one rule. The control fails if no rules are present within a rule group.;WAF;;;WAF;;MANUAL;Manual check;manual_check;manual;False;Manual check;AWS-Foundational-Security-Best-Practices;AWS Foundational Security Best Practices;
aws;The AWS Foundational Security Best Practices standard is a set of controls that detect when your deployed accounts and resources deviate from security best practices.;;;2026-08-29 00:18:02.370487;WAF.8;This control checks whether an AWS WAF global web ACL contains at least one WAF rule or WAF rule group. The control fails if a web ACL does not contain any WAF rules or rule groups.;WAF;;;WAF;;MANUAL;Manual check;manual_check;manual;False;Manual check;AWS-Foundational-Security-Best-Practices;AWS Foundational Security Best Practices;
aws;The AWS Foundational Security Best Practices standard is a set of controls that detect when your deployed accounts and resources deviate from security best practices.;;;2026-08-29 00:18:02.370487;WAF.10;This control checks whether a WAFV2 web access control list (web ACL) contains at least one WAF rule or WAF rule group. The control fails if a web ACL does not contain any WAF rules or rule groups.;WAF;;;WAF;;MANUAL;Manual check;manual_check;manual;False;Manual check;AWS-Foundational-Security-Best-Practices;AWS Foundational Security Best Practices;
aws;The AWS Foundational Security Best Practices standard is a set of controls that detect when your deployed accounts and resources deviate from security best practices.;;;2026-08-29 00:18:02.370487;WAF.12;This control checks whether an AWS WAF rule or rule group has Amazon CloudWatch metrics enabled. The control fails if the rule or rule group doesn't have CloudWatch metrics enabled.;WAF;;;WAF;;MANUAL;Manual check;manual_check;manual;False;Manual check;AWS-Foundational-Security-Best-Practices;AWS Foundational Security Best Practices;
