PROVIDER;DESCRIPTION;ACCOUNTID;REGION;ASSESSMENTDATE;REQUIREMENTS_ID;REQUIREMENTS_DESCRIPTION;REQUIREMENTS_ATTRIBUTES_SECTION;REQUIREMENTS_ATTRIBUTES_SUBSECTION;REQUIREMENTS_ATTRIBUTES_SUBGROUP;REQUIREMENTS_ATTRIBUTES_SERVICE;REQUIREMENTS_ATTRIBUTES_TYPE;STATUS;STATUSEXTENDED;RESOURCEID;CHECKID;MUTED;RESOURCENAME;FRAMEWORK;NAME;REQUIREMENTS_ATTRIBUTES_COMMENT
aws;The AWS Foundational Technical Review (FTR) assesses an AWS Partner's solution against a specific set of Amazon Web Services (AWS) best practices around security, performance, and operational processes that are most critical for customer success. Passing the FTR is required to qualify AWS Software Partners for AWS Partner Network (APN) programs such as AWS Competency and AWS Service Ready but any AWS Partner who offers a technology solution may request a FTR review through AWS Partner Central.;<SANDBOX_ACCOUNT_ID>;ap-southeast-7;2026-08-29 00:18:02.370487;BAR-001;You must perform regular backups to a durable storage service. Backups ensure that you have the ability to recover from administrative, logical, or physical error scenarios. Configure backups to be taken automatically based on a periodic schedule, or by changes in the dataset. RDS instances, EBS volumes, DynamoDB tables, and S3 objects can all be configured for automatic backup. AWS Backup, AWS Marketplace solutions or third-party solutions can also be used. If objects in S3 bucket are write-once-read-many (WORM), compensating controls such as object lock can be used meet this requirement. If it is customers’ responsibility to backup their data, it must be clearly stated in the documentation and the Partner must provide clear instructions on how to backup the data.;Architectural and Operational Controls;;;;Automated;FAIL;No Backup Vault exist.;arn:aws:backup:ap-southeast-7:<SANDBOX_ACCOUNT_ID>:backup-vault;backup_vaults_exist;False;<SANDBOX_ACCOUNT_ID>;AWS-Foundational-Technical-Review;AWS Foundational Technical Review;
aws;The AWS Foundational Technical Review (FTR) assesses an AWS Partner's solution against a specific set of Amazon Web Services (AWS) best practices around security, performance, and operational processes that are most critical for customer success. Passing the FTR is required to qualify AWS Software Partners for AWS Partner Network (APN) programs such as AWS Competency and AWS Service Ready but any AWS Partner who offers a technology solution may request a FTR review through AWS Partner Central.;<SANDBOX_ACCOUNT_ID>;ap-southeast-7;2026-08-29 00:18:02.370487;SDAT-002;Encryption maintains the confidentiality of sensitive data even when it gets stolen or the network through which it is transmitted becomes compromised.;Architectural and Operational Controls;;;;Automated;FAIL;Multiregion trail lz-org-trail has encryption disabled.;arn:aws:cloudtrail:ap-southeast-7:<MANAGEMENT_ACCOUNT_ID>:trail/lz-org-trail;cloudtrail_kms_encryption_enabled;False;lz-org-trail;AWS-Foundational-Technical-Review;AWS Foundational Technical Review;
aws;The AWS Foundational Technical Review (FTR) assesses an AWS Partner's solution against a specific set of Amazon Web Services (AWS) best practices around security, performance, and operational processes that are most critical for customer success. Passing the FTR is required to qualify AWS Software Partners for AWS Partner Network (APN) programs such as AWS Competency and AWS Service Ready but any AWS Partner who offers a technology solution may request a FTR review through AWS Partner Central.;<SANDBOX_ACCOUNT_ID>;ap-southeast-7;2026-08-29 00:18:02.370487;SDAT-002;Encryption maintains the confidentiality of sensitive data even when it gets stolen or the network through which it is transmitted becomes compromised.;Architectural and Operational Controls;;;;Automated;FAIL;Multiregion trail range-trail has encryption disabled.;arn:aws:cloudtrail:ap-southeast-7:<SANDBOX_ACCOUNT_ID>:trail/range-trail;cloudtrail_kms_encryption_enabled;False;range-trail;AWS-Foundational-Technical-Review;AWS Foundational Technical Review;
aws;The AWS Foundational Technical Review (FTR) assesses an AWS Partner's solution against a specific set of Amazon Web Services (AWS) best practices around security, performance, and operational processes that are most critical for customer success. Passing the FTR is required to qualify AWS Software Partners for AWS Partner Network (APN) programs such as AWS Competency and AWS Service Ready but any AWS Partner who offers a technology solution may request a FTR review through AWS Partner Central.;<SANDBOX_ACCOUNT_ID>;ap-southeast-7;2026-08-29 00:18:02.370487;SDAT-002;Encryption maintains the confidentiality of sensitive data even when it gets stolen or the network through which it is transmitted becomes compromised.;Architectural and Operational Controls;;;;Automated;FAIL;Single region trail stratus-red-team-ct-stop-trail-arzkiholin has encryption disabled.;arn:aws:cloudtrail:ap-southeast-7:<SANDBOX_ACCOUNT_ID>:trail/stratus-red-team-ct-stop-trail-arzkiholin;cloudtrail_kms_encryption_enabled;False;stratus-red-team-ct-stop-trail-arzkiholin;AWS-Foundational-Technical-Review;AWS Foundational Technical Review;
aws;The AWS Foundational Technical Review (FTR) assesses an AWS Partner's solution against a specific set of Amazon Web Services (AWS) best practices around security, performance, and operational processes that are most critical for customer success. Passing the FTR is required to qualify AWS Software Partners for AWS Partner Network (APN) programs such as AWS Competency and AWS Service Ready but any AWS Partner who offers a technology solution may request a FTR review through AWS Partner Central.;<SANDBOX_ACCOUNT_ID>;ap-southeast-7;2026-08-29 00:18:02.370487;NETSEC-001;All Amazon EC2 security groups should restrict access to the greatest degree possible. At a minimum, do the following: Ensure that no security groups allow ingress from 0.0.0.0/0 to port 22 or 3389 (CIS 5.2) Ensure that the default security group of every VPC restricts all traffic (CIS 5.3/Security Control EC2.2);Architectural and Operational Controls;;;;Automated;PASS;Security group default (sg-0ecc0ae9f29baa402) has 1 inbound rules and 1 outbound rules.;arn:aws:ec2:ap-southeast-7:<SANDBOX_ACCOUNT_ID>:security-group/sg-0ecc0ae9f29baa402;ec2_securitygroup_with_many_ingress_egress_rules;False;sg-0ecc0ae9f29baa402;AWS-Foundational-Technical-Review;AWS Foundational Technical Review;
aws;The AWS Foundational Technical Review (FTR) assesses an AWS Partner's solution against a specific set of Amazon Web Services (AWS) best practices around security, performance, and operational processes that are most critical for customer success. Passing the FTR is required to qualify AWS Software Partners for AWS Partner Network (APN) programs such as AWS Competency and AWS Service Ready but any AWS Partner who offers a technology solution may request a FTR review through AWS Partner Central.;<SANDBOX_ACCOUNT_ID>;ap-southeast-7;2026-08-29 00:18:02.370487;IAM-002;Use temporary IAM credentials retrieved by assuming a role whenever possible. In cases where it is infeasible to use IAM roles, implement the following controls to reduce the risk these credentials are misused: Rotate IAM access keys regularly (recommended at least every 90 days). Maintain an inventory of all static keys and where they are used and remove unused access keys. Implement monitoring of AWS CloudTrail logs to detect anomalous activity or other potential misuse (e.g. using AWS GuardDuty.) Define a runbook or SOP for revoking credentials in the event you detect misuse.;Architectural and Operational Controls;;;;Automated;PASS;GuardDuty detector c0cfc223468df81e40fec5257649bb70 enabled.;arn:aws:guardduty:ap-southeast-7:<SANDBOX_ACCOUNT_ID>:detector/c0cfc223468df81e40fec5257649bb70;guardduty_is_enabled;False;c0cfc223468df81e40fec5257649bb70;AWS-Foundational-Technical-Review;AWS Foundational Technical Review;
aws;The AWS Foundational Technical Review (FTR) assesses an AWS Partner's solution against a specific set of Amazon Web Services (AWS) best practices around security, performance, and operational processes that are most critical for customer success. Passing the FTR is required to qualify AWS Software Partners for AWS Partner Network (APN) programs such as AWS Competency and AWS Service Ready but any AWS Partner who offers a technology solution may request a FTR review through AWS Partner Central.;<SANDBOX_ACCOUNT_ID>;ap-southeast-7;2026-08-29 00:18:02.370487;IAM-002;Use temporary IAM credentials retrieved by assuming a role whenever possible. In cases where it is infeasible to use IAM roles, implement the following controls to reduce the risk these credentials are misused: Rotate IAM access keys regularly (recommended at least every 90 days). Maintain an inventory of all static keys and where they are used and remove unused access keys. Implement monitoring of AWS CloudTrail logs to detect anomalous activity or other potential misuse (e.g. using AWS GuardDuty.) Define a runbook or SOP for revoking credentials in the event you detect misuse.;Architectural and Operational Controls;;;;Automated;FAIL;GuardDuty detector c0cfc223468df81e40fec5257649bb70 has 162 high severity findings.;arn:aws:guardduty:ap-southeast-7:<SANDBOX_ACCOUNT_ID>:detector/c0cfc223468df81e40fec5257649bb70;guardduty_no_high_severity_findings;False;c0cfc223468df81e40fec5257649bb70;AWS-Foundational-Technical-Review;AWS Foundational Technical Review;
aws;The AWS Foundational Technical Review (FTR) assesses an AWS Partner's solution against a specific set of Amazon Web Services (AWS) best practices around security, performance, and operational processes that are most critical for customer success. Passing the FTR is required to qualify AWS Software Partners for AWS Partner Network (APN) programs such as AWS Competency and AWS Service Ready but any AWS Partner who offers a technology solution may request a FTR review through AWS Partner Central.;<SANDBOX_ACCOUNT_ID>;ap-southeast-7;2026-08-29 00:18:02.370487;SECOPS-001;Define a mechanism and frequency to scan and patch for vulnerabilities in your dependencies, and in your operating systems to help protect against new threats. Scan and patch your dependencies, and your operating systems on a defined schedule. Software vulnerability management is essential to keeping your system secure from threat actors. Embedding vulnerability assessments early into your continuous integration/continuous delivery (CI/CD) pipeline allows you to prioritize remediation of any security vulnerabilities detected. The solution you need to achieve this varies according to the AWS services that you are consuming. To check for vulnerabilities in software running in Amazon EC2 instances, you can add Amazon Inspector to your pipeline to cause your build to fail if Inspector detects vulnerabilities. You can also use open source products such as OWASP Dependency-Check, Snyk, OpenVAS, package managers and AWS Partner tools for vulnerability management.;Architectural and Operational Controls;;;;Automated;FAIL;GuardDuty detector c0cfc223468df81e40fec5257649bb70 has 162 high severity findings.;arn:aws:guardduty:ap-southeast-7:<SANDBOX_ACCOUNT_ID>:detector/c0cfc223468df81e40fec5257649bb70;guardduty_no_high_severity_findings;False;c0cfc223468df81e40fec5257649bb70;AWS-Foundational-Technical-Review;AWS Foundational Technical Review;
aws;The AWS Foundational Technical Review (FTR) assesses an AWS Partner's solution against a specific set of Amazon Web Services (AWS) best practices around security, performance, and operational processes that are most critical for customer success. Passing the FTR is required to qualify AWS Software Partners for AWS Partner Network (APN) programs such as AWS Competency and AWS Service Ready but any AWS Partner who offers a technology solution may request a FTR review through AWS Partner Central.;<SANDBOX_ACCOUNT_ID>;ap-southeast-7;2026-08-29 00:18:02.370487;ARC-004;Programmatic access to AWS APIs should never use the root user. It is best not to generate static an access key for the root user. If one already exists, you should transition any processes using that key to use temporary access keys from an AWS Identity and Access Management (IAM) role, or, if necessary, static access keys from an IAM user.;Architectural and Operational Controls;;;;Automated;PASS;Root account does not have access keys.;arn:aws:iam::<SANDBOX_ACCOUNT_ID>:root;iam_no_root_access_key;False;<root_account>;AWS-Foundational-Technical-Review;AWS Foundational Technical Review;
aws;The AWS Foundational Technical Review (FTR) assesses an AWS Partner's solution against a specific set of Amazon Web Services (AWS) best practices around security, performance, and operational processes that are most critical for customer success. Passing the FTR is required to qualify AWS Software Partners for AWS Partner Network (APN) programs such as AWS Competency and AWS Service Ready but any AWS Partner who offers a technology solution may request a FTR review through AWS Partner Central.;<SANDBOX_ACCOUNT_ID>;ap-southeast-7;2026-08-29 00:18:02.370487;IAM-003;Enforce a strong password policy, and educate users to avoid common or re-used passwords. For IAM users, you can create a password policy for your account on the Account Settings page of the IAM console. You can use the password policy to define password requirements, such as minimum length and whether it requires non-alphabetic characters, and so on. For more information, see Setting an Account Password Policy for IAM users.;Architectural and Operational Controls;;;;Automated;FAIL;Password expiration is not set.;arn:aws:iam:ap-southeast-7:<SANDBOX_ACCOUNT_ID>:password-policy;iam_password_policy_expires_passwords_within_90_days_or_less;False;<SANDBOX_ACCOUNT_ID>;AWS-Foundational-Technical-Review;AWS Foundational Technical Review;
aws;The AWS Foundational Technical Review (FTR) assesses an AWS Partner's solution against a specific set of Amazon Web Services (AWS) best practices around security, performance, and operational processes that are most critical for customer success. Passing the FTR is required to qualify AWS Software Partners for AWS Partner Network (APN) programs such as AWS Competency and AWS Service Ready but any AWS Partner who offers a technology solution may request a FTR review through AWS Partner Central.;<SANDBOX_ACCOUNT_ID>;ap-southeast-7;2026-08-29 00:18:02.370487;IAM-003;Enforce a strong password policy, and educate users to avoid common or re-used passwords. For IAM users, you can create a password policy for your account on the Account Settings page of the IAM console. You can use the password policy to define password requirements, such as minimum length and whether it requires non-alphabetic characters, and so on. For more information, see Setting an Account Password Policy for IAM users.;Architectural and Operational Controls;;;;Automated;FAIL;IAM password policy does not require at least one lowercase letter.;arn:aws:iam:ap-southeast-7:<SANDBOX_ACCOUNT_ID>:password-policy;iam_password_policy_lowercase;False;<SANDBOX_ACCOUNT_ID>;AWS-Foundational-Technical-Review;AWS Foundational Technical Review;
aws;The AWS Foundational Technical Review (FTR) assesses an AWS Partner's solution against a specific set of Amazon Web Services (AWS) best practices around security, performance, and operational processes that are most critical for customer success. Passing the FTR is required to qualify AWS Software Partners for AWS Partner Network (APN) programs such as AWS Competency and AWS Service Ready but any AWS Partner who offers a technology solution may request a FTR review through AWS Partner Central.;<SANDBOX_ACCOUNT_ID>;ap-southeast-7;2026-08-29 00:18:02.370487;IAM-003;Enforce a strong password policy, and educate users to avoid common or re-used passwords. For IAM users, you can create a password policy for your account on the Account Settings page of the IAM console. You can use the password policy to define password requirements, such as minimum length and whether it requires non-alphabetic characters, and so on. For more information, see Setting an Account Password Policy for IAM users.;Architectural and Operational Controls;;;;Automated;FAIL;IAM password policy does not require minimum length of 14 characters.;arn:aws:iam:ap-southeast-7:<SANDBOX_ACCOUNT_ID>:password-policy;iam_password_policy_minimum_length_14;False;<SANDBOX_ACCOUNT_ID>;AWS-Foundational-Technical-Review;AWS Foundational Technical Review;
aws;The AWS Foundational Technical Review (FTR) assesses an AWS Partner's solution against a specific set of Amazon Web Services (AWS) best practices around security, performance, and operational processes that are most critical for customer success. Passing the FTR is required to qualify AWS Software Partners for AWS Partner Network (APN) programs such as AWS Competency and AWS Service Ready but any AWS Partner who offers a technology solution may request a FTR review through AWS Partner Central.;<SANDBOX_ACCOUNT_ID>;ap-southeast-7;2026-08-29 00:18:02.370487;IAM-003;Enforce a strong password policy, and educate users to avoid common or re-used passwords. For IAM users, you can create a password policy for your account on the Account Settings page of the IAM console. You can use the password policy to define password requirements, such as minimum length and whether it requires non-alphabetic characters, and so on. For more information, see Setting an Account Password Policy for IAM users.;Architectural and Operational Controls;;;;Automated;FAIL;IAM password policy does not require at least one number.;arn:aws:iam:ap-southeast-7:<SANDBOX_ACCOUNT_ID>:password-policy;iam_password_policy_number;False;<SANDBOX_ACCOUNT_ID>;AWS-Foundational-Technical-Review;AWS Foundational Technical Review;
aws;The AWS Foundational Technical Review (FTR) assesses an AWS Partner's solution against a specific set of Amazon Web Services (AWS) best practices around security, performance, and operational processes that are most critical for customer success. Passing the FTR is required to qualify AWS Software Partners for AWS Partner Network (APN) programs such as AWS Competency and AWS Service Ready but any AWS Partner who offers a technology solution may request a FTR review through AWS Partner Central.;<SANDBOX_ACCOUNT_ID>;ap-southeast-7;2026-08-29 00:18:02.370487;IAM-003;Enforce a strong password policy, and educate users to avoid common or re-used passwords. For IAM users, you can create a password policy for your account on the Account Settings page of the IAM console. You can use the password policy to define password requirements, such as minimum length and whether it requires non-alphabetic characters, and so on. For more information, see Setting an Account Password Policy for IAM users.;Architectural and Operational Controls;;;;Automated;FAIL;IAM password policy reuse prevention is less than 24 or not set.;arn:aws:iam:ap-southeast-7:<SANDBOX_ACCOUNT_ID>:password-policy;iam_password_policy_reuse_24;False;<SANDBOX_ACCOUNT_ID>;AWS-Foundational-Technical-Review;AWS Foundational Technical Review;
aws;The AWS Foundational Technical Review (FTR) assesses an AWS Partner's solution against a specific set of Amazon Web Services (AWS) best practices around security, performance, and operational processes that are most critical for customer success. Passing the FTR is required to qualify AWS Software Partners for AWS Partner Network (APN) programs such as AWS Competency and AWS Service Ready but any AWS Partner who offers a technology solution may request a FTR review through AWS Partner Central.;<SANDBOX_ACCOUNT_ID>;ap-southeast-7;2026-08-29 00:18:02.370487;IAM-003;Enforce a strong password policy, and educate users to avoid common or re-used passwords. For IAM users, you can create a password policy for your account on the Account Settings page of the IAM console. You can use the password policy to define password requirements, such as minimum length and whether it requires non-alphabetic characters, and so on. For more information, see Setting an Account Password Policy for IAM users.;Architectural and Operational Controls;;;;Automated;FAIL;IAM password policy does not require at least one symbol.;arn:aws:iam:ap-southeast-7:<SANDBOX_ACCOUNT_ID>:password-policy;iam_password_policy_symbol;False;<SANDBOX_ACCOUNT_ID>;AWS-Foundational-Technical-Review;AWS Foundational Technical Review;
aws;The AWS Foundational Technical Review (FTR) assesses an AWS Partner's solution against a specific set of Amazon Web Services (AWS) best practices around security, performance, and operational processes that are most critical for customer success. Passing the FTR is required to qualify AWS Software Partners for AWS Partner Network (APN) programs such as AWS Competency and AWS Service Ready but any AWS Partner who offers a technology solution may request a FTR review through AWS Partner Central.;<SANDBOX_ACCOUNT_ID>;ap-southeast-7;2026-08-29 00:18:02.370487;IAM-003;Enforce a strong password policy, and educate users to avoid common or re-used passwords. For IAM users, you can create a password policy for your account on the Account Settings page of the IAM console. You can use the password policy to define password requirements, such as minimum length and whether it requires non-alphabetic characters, and so on. For more information, see Setting an Account Password Policy for IAM users.;Architectural and Operational Controls;;;;Automated;FAIL;IAM password policy does not require at least one uppercase letter.;arn:aws:iam:ap-southeast-7:<SANDBOX_ACCOUNT_ID>:password-policy;iam_password_policy_uppercase;False;<SANDBOX_ACCOUNT_ID>;AWS-Foundational-Technical-Review;AWS Foundational Technical Review;
aws;The AWS Foundational Technical Review (FTR) assesses an AWS Partner's solution against a specific set of Amazon Web Services (AWS) best practices around security, performance, and operational processes that are most critical for customer success. Passing the FTR is required to qualify AWS Software Partners for AWS Partner Network (APN) programs such as AWS Competency and AWS Service Ready but any AWS Partner who offers a technology solution may request a FTR review through AWS Partner Central.;<SANDBOX_ACCOUNT_ID>;ap-southeast-7;2026-08-29 00:18:02.370487;IAM-0012;Use temporary security credentials to access AWS resources. For machine identities within AWS (for example, Amazon Elastic Compute Cloud (Amazon EC2) instances or AWS Lambda functions), always use IAM roles to acquire temporary security credentials. For machine identities running outside of AWS, use IAM Roles Anywhere or securely store static AWS access keys that are only used to assume an IAM role.For human identities, use AWS IAM Identity Center or other identity federation solutions where possible. If you must use static AWS access keys for human users, require MFA for all access, including the AWS Management Console, and AWS Command Line Interface (AWS CLI).;Architectural and Operational Controls;;;;Automated;FAIL;IAM Role AWSReservedSSO_AdministratorAccess_8c8dbb6dc8164670 has AdministratorAccess policy attached.;arn:aws:iam::<SANDBOX_ACCOUNT_ID>:role/aws-reserved/sso.amazonaws.com/ap-southeast-1/AWSReservedSSO_AdministratorAccess_8c8dbb6dc8164670;iam_role_administratoraccess_policy;False;AWSReservedSSO_AdministratorAccess_8c8dbb6dc8164670;AWS-Foundational-Technical-Review;AWS Foundational Technical Review;
aws;The AWS Foundational Technical Review (FTR) assesses an AWS Partner's solution against a specific set of Amazon Web Services (AWS) best practices around security, performance, and operational processes that are most critical for customer success. Passing the FTR is required to qualify AWS Software Partners for AWS Partner Network (APN) programs such as AWS Competency and AWS Service Ready but any AWS Partner who offers a technology solution may request a FTR review through AWS Partner Central.;<SANDBOX_ACCOUNT_ID>;ap-southeast-7;2026-08-29 00:18:02.370487;IAM-0012;Use temporary security credentials to access AWS resources. For machine identities within AWS (for example, Amazon Elastic Compute Cloud (Amazon EC2) instances or AWS Lambda functions), always use IAM roles to acquire temporary security credentials. For machine identities running outside of AWS, use IAM Roles Anywhere or securely store static AWS access keys that are only used to assume an IAM role.For human identities, use AWS IAM Identity Center or other identity federation solutions where possible. If you must use static AWS access keys for human users, require MFA for all access, including the AWS Management Console, and AWS Command Line Interface (AWS CLI).;Architectural and Operational Controls;;;;Automated;FAIL;IAM Role OrganizationAccountAccessRole has AdministratorAccess policy attached.;arn:aws:iam::<SANDBOX_ACCOUNT_ID>:role/OrganizationAccountAccessRole;iam_role_administratoraccess_policy;False;OrganizationAccountAccessRole;AWS-Foundational-Technical-Review;AWS Foundational Technical Review;
aws;The AWS Foundational Technical Review (FTR) assesses an AWS Partner's solution against a specific set of Amazon Web Services (AWS) best practices around security, performance, and operational processes that are most critical for customer success. Passing the FTR is required to qualify AWS Software Partners for AWS Partner Network (APN) programs such as AWS Competency and AWS Service Ready but any AWS Partner who offers a technology solution may request a FTR review through AWS Partner Central.;<SANDBOX_ACCOUNT_ID>;ap-southeast-7;2026-08-29 00:18:02.370487;IAM-0012;Use temporary security credentials to access AWS resources. For machine identities within AWS (for example, Amazon Elastic Compute Cloud (Amazon EC2) instances or AWS Lambda functions), always use IAM roles to acquire temporary security credentials. For machine identities running outside of AWS, use IAM Roles Anywhere or securely store static AWS access keys that are only used to assume an IAM role.For human identities, use AWS IAM Identity Center or other identity federation solutions where possible. If you must use static AWS access keys for human users, require MFA for all access, including the AWS Management Console, and AWS Command Line Interface (AWS CLI).;Architectural and Operational Controls;;;;Automated;PASS;IAM Role range-app-deploy-role does not have AdministratorAccess policy.;arn:aws:iam::<SANDBOX_ACCOUNT_ID>:role/range-app-deploy-role;iam_role_administratoraccess_policy;False;range-app-deploy-role;AWS-Foundational-Technical-Review;AWS Foundational Technical Review;
aws;The AWS Foundational Technical Review (FTR) assesses an AWS Partner's solution against a specific set of Amazon Web Services (AWS) best practices around security, performance, and operational processes that are most critical for customer success. Passing the FTR is required to qualify AWS Software Partners for AWS Partner Network (APN) programs such as AWS Competency and AWS Service Ready but any AWS Partner who offers a technology solution may request a FTR review through AWS Partner Central.;<SANDBOX_ACCOUNT_ID>;ap-southeast-7;2026-08-29 00:18:02.370487;IAM-0012;Use temporary security credentials to access AWS resources. For machine identities within AWS (for example, Amazon Elastic Compute Cloud (Amazon EC2) instances or AWS Lambda functions), always use IAM roles to acquire temporary security credentials. For machine identities running outside of AWS, use IAM Roles Anywhere or securely store static AWS access keys that are only used to assume an IAM role.For human identities, use AWS IAM Identity Center or other identity federation solutions where possible. If you must use static AWS access keys for human users, require MFA for all access, including the AWS Management Console, and AWS Command Line Interface (AWS CLI).;Architectural and Operational Controls;;;;Automated;PASS;IAM Role AWSReservedSSO_AdministratorAccess_8c8dbb6dc8164670 does not have ReadOnlyAccess policy.;arn:aws:iam::<SANDBOX_ACCOUNT_ID>:role/aws-reserved/sso.amazonaws.com/ap-southeast-1/AWSReservedSSO_AdministratorAccess_8c8dbb6dc8164670;iam_role_cross_account_readonlyaccess_policy;False;AWSReservedSSO_AdministratorAccess_8c8dbb6dc8164670;AWS-Foundational-Technical-Review;AWS Foundational Technical Review;
aws;The AWS Foundational Technical Review (FTR) assesses an AWS Partner's solution against a specific set of Amazon Web Services (AWS) best practices around security, performance, and operational processes that are most critical for customer success. Passing the FTR is required to qualify AWS Software Partners for AWS Partner Network (APN) programs such as AWS Competency and AWS Service Ready but any AWS Partner who offers a technology solution may request a FTR review through AWS Partner Central.;<SANDBOX_ACCOUNT_ID>;ap-southeast-7;2026-08-29 00:18:02.370487;IAM-0012;Use temporary security credentials to access AWS resources. For machine identities within AWS (for example, Amazon Elastic Compute Cloud (Amazon EC2) instances or AWS Lambda functions), always use IAM roles to acquire temporary security credentials. For machine identities running outside of AWS, use IAM Roles Anywhere or securely store static AWS access keys that are only used to assume an IAM role.For human identities, use AWS IAM Identity Center or other identity federation solutions where possible. If you must use static AWS access keys for human users, require MFA for all access, including the AWS Management Console, and AWS Command Line Interface (AWS CLI).;Architectural and Operational Controls;;;;Automated;PASS;IAM Role OrganizationAccountAccessRole does not have ReadOnlyAccess policy.;arn:aws:iam::<SANDBOX_ACCOUNT_ID>:role/OrganizationAccountAccessRole;iam_role_cross_account_readonlyaccess_policy;False;OrganizationAccountAccessRole;AWS-Foundational-Technical-Review;AWS Foundational Technical Review;
aws;The AWS Foundational Technical Review (FTR) assesses an AWS Partner's solution against a specific set of Amazon Web Services (AWS) best practices around security, performance, and operational processes that are most critical for customer success. Passing the FTR is required to qualify AWS Software Partners for AWS Partner Network (APN) programs such as AWS Competency and AWS Service Ready but any AWS Partner who offers a technology solution may request a FTR review through AWS Partner Central.;<SANDBOX_ACCOUNT_ID>;ap-southeast-7;2026-08-29 00:18:02.370487;IAM-0012;Use temporary security credentials to access AWS resources. For machine identities within AWS (for example, Amazon Elastic Compute Cloud (Amazon EC2) instances or AWS Lambda functions), always use IAM roles to acquire temporary security credentials. For machine identities running outside of AWS, use IAM Roles Anywhere or securely store static AWS access keys that are only used to assume an IAM role.For human identities, use AWS IAM Identity Center or other identity federation solutions where possible. If you must use static AWS access keys for human users, require MFA for all access, including the AWS Management Console, and AWS Command Line Interface (AWS CLI).;Architectural and Operational Controls;;;;Automated;PASS;IAM Role range-app-deploy-role does not have ReadOnlyAccess policy.;arn:aws:iam::<SANDBOX_ACCOUNT_ID>:role/range-app-deploy-role;iam_role_cross_account_readonlyaccess_policy;False;range-app-deploy-role;AWS-Foundational-Technical-Review;AWS Foundational Technical Review;
aws;The AWS Foundational Technical Review (FTR) assesses an AWS Partner's solution against a specific set of Amazon Web Services (AWS) best practices around security, performance, and operational processes that are most critical for customer success. Passing the FTR is required to qualify AWS Software Partners for AWS Partner Network (APN) programs such as AWS Competency and AWS Service Ready but any AWS Partner who offers a technology solution may request a FTR review through AWS Partner Central.;<SANDBOX_ACCOUNT_ID>;ap-southeast-7;2026-08-29 00:18:02.370487;IAM-0012;Use temporary security credentials to access AWS resources. For machine identities within AWS (for example, Amazon Elastic Compute Cloud (Amazon EC2) instances or AWS Lambda functions), always use IAM roles to acquire temporary security credentials. For machine identities running outside of AWS, use IAM Roles Anywhere or securely store static AWS access keys that are only used to assume an IAM role.For human identities, use AWS IAM Identity Center or other identity federation solutions where possible. If you must use static AWS access keys for human users, require MFA for all access, including the AWS Management Console, and AWS Command Line Interface (AWS CLI).;Architectural and Operational Controls;;;;Automated;FAIL;IAM Service Role range-cloudtrail-to-cwl does not prevent against a cross-service confused deputy attack.;arn:aws:iam::<SANDBOX_ACCOUNT_ID>:role/range-cloudtrail-to-cwl;iam_role_cross_service_confused_deputy_prevention;False;range-cloudtrail-to-cwl;AWS-Foundational-Technical-Review;AWS Foundational Technical Review;
aws;The AWS Foundational Technical Review (FTR) assesses an AWS Partner's solution against a specific set of Amazon Web Services (AWS) best practices around security, performance, and operational processes that are most critical for customer success. Passing the FTR is required to qualify AWS Software Partners for AWS Partner Network (APN) programs such as AWS Competency and AWS Service Ready but any AWS Partner who offers a technology solution may request a FTR review through AWS Partner Central.;<SANDBOX_ACCOUNT_ID>;ap-southeast-7;2026-08-29 00:18:02.370487;IAM-0012;Use temporary security credentials to access AWS resources. For machine identities within AWS (for example, Amazon Elastic Compute Cloud (Amazon EC2) instances or AWS Lambda functions), always use IAM roles to acquire temporary security credentials. For machine identities running outside of AWS, use IAM Roles Anywhere or securely store static AWS access keys that are only used to assume an IAM role.For human identities, use AWS IAM Identity Center or other identity federation solutions where possible. If you must use static AWS access keys for human users, require MFA for all access, including the AWS Management Console, and AWS Command Line Interface (AWS CLI).;Architectural and Operational Controls;;;;Automated;FAIL;IAM Service Role range-responder does not prevent against a cross-service confused deputy attack.;arn:aws:iam::<SANDBOX_ACCOUNT_ID>:role/range-responder;iam_role_cross_service_confused_deputy_prevention;False;range-responder;AWS-Foundational-Technical-Review;AWS Foundational Technical Review;
aws;The AWS Foundational Technical Review (FTR) assesses an AWS Partner's solution against a specific set of Amazon Web Services (AWS) best practices around security, performance, and operational processes that are most critical for customer success. Passing the FTR is required to qualify AWS Software Partners for AWS Partner Network (APN) programs such as AWS Competency and AWS Service Ready but any AWS Partner who offers a technology solution may request a FTR review through AWS Partner Central.;<SANDBOX_ACCOUNT_ID>;ap-southeast-7;2026-08-29 00:18:02.370487;ARC-003;Enabling MFA provides an additional layer of protection against unauthorized access to your account. To configure MFA for the root user, follow the instructions for enabling either a virtual MFA or hardware MFA device. If you are using AWS Organizations to create new accounts, the initial password for the root user is set to a random value that is never exposed to you. If you do not recover the password for the root user of these accounts, you do not need to enable MFA on them. For any accounts where you do have access to the root user’s password, you must enable MFA;Architectural and Operational Controls;;;;Automated;FAIL;MFA is not enabled for root account.;arn:aws:iam::<SANDBOX_ACCOUNT_ID>:mfa;iam_root_hardware_mfa_enabled;False;<root_account>;AWS-Foundational-Technical-Review;AWS Foundational Technical Review;
aws;The AWS Foundational Technical Review (FTR) assesses an AWS Partner's solution against a specific set of Amazon Web Services (AWS) best practices around security, performance, and operational processes that are most critical for customer success. Passing the FTR is required to qualify AWS Software Partners for AWS Partner Network (APN) programs such as AWS Competency and AWS Service Ready but any AWS Partner who offers a technology solution may request a FTR review through AWS Partner Central.;<SANDBOX_ACCOUNT_ID>;ap-southeast-7;2026-08-29 00:18:02.370487;IAM-001;You must require any human identities to authenticate using MFA before accessing your AWS accounts. Typically, this means enabling MFA within your corporate identity provider. If you have existing legacy IAM users you must enable MFA for console access for those principals as well. Enabling MFA for IAM users provides an additional layer of security. With MFA, users have a device that generates a unique authentication code (a one-time password, or OTP). Users must provide both their normal credentials (user name and password) and the OTP. The MFA device can either be a special piece of hardware, or it can be a virtual device (for example, it can run in an app on a smartphone). Please note that machine identities do not require MFA.;Architectural and Operational Controls;;;;Automated;FAIL;MFA is not enabled for root account.;arn:aws:iam::<SANDBOX_ACCOUNT_ID>:mfa;iam_root_hardware_mfa_enabled;False;<root_account>;AWS-Foundational-Technical-Review;AWS Foundational Technical Review;
aws;The AWS Foundational Technical Review (FTR) assesses an AWS Partner's solution against a specific set of Amazon Web Services (AWS) best practices around security, performance, and operational processes that are most critical for customer success. Passing the FTR is required to qualify AWS Software Partners for AWS Partner Network (APN) programs such as AWS Competency and AWS Service Ready but any AWS Partner who offers a technology solution may request a FTR review through AWS Partner Central.;<SANDBOX_ACCOUNT_ID>;ap-southeast-7;2026-08-29 00:18:02.370487;IAM-0012;Use temporary security credentials to access AWS resources. For machine identities within AWS (for example, Amazon Elastic Compute Cloud (Amazon EC2) instances or AWS Lambda functions), always use IAM roles to acquire temporary security credentials. For machine identities running outside of AWS, use IAM Roles Anywhere or securely store static AWS access keys that are only used to assume an IAM role.For human identities, use AWS IAM Identity Center or other identity federation solutions where possible. If you must use static AWS access keys for human users, require MFA for all access, including the AWS Management Console, and AWS Command Line Interface (AWS CLI).;Architectural and Operational Controls;;;;Automated;FAIL;MFA is not enabled for root account.;arn:aws:iam::<SANDBOX_ACCOUNT_ID>:mfa;iam_root_hardware_mfa_enabled;False;<root_account>;AWS-Foundational-Technical-Review;AWS Foundational Technical Review;
aws;The AWS Foundational Technical Review (FTR) assesses an AWS Partner's solution against a specific set of Amazon Web Services (AWS) best practices around security, performance, and operational processes that are most critical for customer success. Passing the FTR is required to qualify AWS Software Partners for AWS Partner Network (APN) programs such as AWS Competency and AWS Service Ready but any AWS Partner who offers a technology solution may request a FTR review through AWS Partner Central.;<SANDBOX_ACCOUNT_ID>;ap-southeast-7;2026-08-29 00:18:02.370487;ARC-003;Enabling MFA provides an additional layer of protection against unauthorized access to your account. To configure MFA for the root user, follow the instructions for enabling either a virtual MFA or hardware MFA device. If you are using AWS Organizations to create new accounts, the initial password for the root user is set to a random value that is never exposed to you. If you do not recover the password for the root user of these accounts, you do not need to enable MFA on them. For any accounts where you do have access to the root user’s password, you must enable MFA;Architectural and Operational Controls;;;;Automated;FAIL;MFA is not enabled for root account.;arn:aws:iam::<SANDBOX_ACCOUNT_ID>:root;iam_root_mfa_enabled;False;<root_account>;AWS-Foundational-Technical-Review;AWS Foundational Technical Review;
aws;The AWS Foundational Technical Review (FTR) assesses an AWS Partner's solution against a specific set of Amazon Web Services (AWS) best practices around security, performance, and operational processes that are most critical for customer success. Passing the FTR is required to qualify AWS Software Partners for AWS Partner Network (APN) programs such as AWS Competency and AWS Service Ready but any AWS Partner who offers a technology solution may request a FTR review through AWS Partner Central.;<SANDBOX_ACCOUNT_ID>;ap-southeast-7;2026-08-29 00:18:02.370487;IAM-001;You must require any human identities to authenticate using MFA before accessing your AWS accounts. Typically, this means enabling MFA within your corporate identity provider. If you have existing legacy IAM users you must enable MFA for console access for those principals as well. Enabling MFA for IAM users provides an additional layer of security. With MFA, users have a device that generates a unique authentication code (a one-time password, or OTP). Users must provide both their normal credentials (user name and password) and the OTP. The MFA device can either be a special piece of hardware, or it can be a virtual device (for example, it can run in an app on a smartphone). Please note that machine identities do not require MFA.;Architectural and Operational Controls;;;;Automated;FAIL;MFA is not enabled for root account.;arn:aws:iam::<SANDBOX_ACCOUNT_ID>:root;iam_root_mfa_enabled;False;<root_account>;AWS-Foundational-Technical-Review;AWS Foundational Technical Review;
aws;The AWS Foundational Technical Review (FTR) assesses an AWS Partner's solution against a specific set of Amazon Web Services (AWS) best practices around security, performance, and operational processes that are most critical for customer success. Passing the FTR is required to qualify AWS Software Partners for AWS Partner Network (APN) programs such as AWS Competency and AWS Service Ready but any AWS Partner who offers a technology solution may request a FTR review through AWS Partner Central.;<SANDBOX_ACCOUNT_ID>;ap-southeast-7;2026-08-29 00:18:02.370487;IAM-0012;Use temporary security credentials to access AWS resources. For machine identities within AWS (for example, Amazon Elastic Compute Cloud (Amazon EC2) instances or AWS Lambda functions), always use IAM roles to acquire temporary security credentials. For machine identities running outside of AWS, use IAM Roles Anywhere or securely store static AWS access keys that are only used to assume an IAM role.For human identities, use AWS IAM Identity Center or other identity federation solutions where possible. If you must use static AWS access keys for human users, require MFA for all access, including the AWS Management Console, and AWS Command Line Interface (AWS CLI).;Architectural and Operational Controls;;;;Automated;FAIL;MFA is not enabled for root account.;arn:aws:iam::<SANDBOX_ACCOUNT_ID>:root;iam_root_mfa_enabled;False;<root_account>;AWS-Foundational-Technical-Review;AWS Foundational Technical Review;
aws;The AWS Foundational Technical Review (FTR) assesses an AWS Partner's solution against a specific set of Amazon Web Services (AWS) best practices around security, performance, and operational processes that are most critical for customer success. Passing the FTR is required to qualify AWS Software Partners for AWS Partner Network (APN) programs such as AWS Competency and AWS Service Ready but any AWS Partner who offers a technology solution may request a FTR review through AWS Partner Central.;<SANDBOX_ACCOUNT_ID>;ap-southeast-7;2026-08-29 00:18:02.370487;IAM-002;Use temporary IAM credentials retrieved by assuming a role whenever possible. In cases where it is infeasible to use IAM roles, implement the following controls to reduce the risk these credentials are misused: Rotate IAM access keys regularly (recommended at least every 90 days). Maintain an inventory of all static keys and where they are used and remove unused access keys. Implement monitoring of AWS CloudTrail logs to detect anomalous activity or other potential misuse (e.g. using AWS GuardDuty.) Define a runbook or SOP for revoking credentials in the event you detect misuse.;Architectural and Operational Controls;;;;Automated;PASS;User <root_account> does not have access keys.;arn:aws:iam::<SANDBOX_ACCOUNT_ID>:root;iam_rotate_access_key_90_days;False;<root_account>;AWS-Foundational-Technical-Review;AWS Foundational Technical Review;
aws;The AWS Foundational Technical Review (FTR) assesses an AWS Partner's solution against a specific set of Amazon Web Services (AWS) best practices around security, performance, and operational processes that are most critical for customer success. Passing the FTR is required to qualify AWS Software Partners for AWS Partner Network (APN) programs such as AWS Competency and AWS Service Ready but any AWS Partner who offers a technology solution may request a FTR review through AWS Partner Central.;<SANDBOX_ACCOUNT_ID>;ap-southeast-7;2026-08-29 00:18:02.370487;IAM-0012;Use temporary security credentials to access AWS resources. For machine identities within AWS (for example, Amazon Elastic Compute Cloud (Amazon EC2) instances or AWS Lambda functions), always use IAM roles to acquire temporary security credentials. For machine identities running outside of AWS, use IAM Roles Anywhere or securely store static AWS access keys that are only used to assume an IAM role.For human identities, use AWS IAM Identity Center or other identity federation solutions where possible. If you must use static AWS access keys for human users, require MFA for all access, including the AWS Management Console, and AWS Command Line Interface (AWS CLI).;Architectural and Operational Controls;;;;Automated;PASS;User <root_account> does not have access keys.;arn:aws:iam::<SANDBOX_ACCOUNT_ID>:root;iam_rotate_access_key_90_days;False;<root_account>;AWS-Foundational-Technical-Review;AWS Foundational Technical Review;
aws;The AWS Foundational Technical Review (FTR) assesses an AWS Partner's solution against a specific set of Amazon Web Services (AWS) best practices around security, performance, and operational processes that are most critical for customer success. Passing the FTR is required to qualify AWS Software Partners for AWS Partner Network (APN) programs such as AWS Competency and AWS Service Ready but any AWS Partner who offers a technology solution may request a FTR review through AWS Partner Central.;<SANDBOX_ACCOUNT_ID>;ap-southeast-7;2026-08-29 00:18:02.370487;IAM-002;Use temporary IAM credentials retrieved by assuming a role whenever possible. In cases where it is infeasible to use IAM roles, implement the following controls to reduce the risk these credentials are misused: Rotate IAM access keys regularly (recommended at least every 90 days). Maintain an inventory of all static keys and where they are used and remove unused access keys. Implement monitoring of AWS CloudTrail logs to detect anomalous activity or other potential misuse (e.g. using AWS GuardDuty.) Define a runbook or SOP for revoking credentials in the event you detect misuse.;Architectural and Operational Controls;;;;Automated;PASS;User <root_account> does not have access keys.;arn:aws:iam::<SANDBOX_ACCOUNT_ID>:root;iam_user_accesskey_unused;False;<root_account>;AWS-Foundational-Technical-Review;AWS Foundational Technical Review;
aws;The AWS Foundational Technical Review (FTR) assesses an AWS Partner's solution against a specific set of Amazon Web Services (AWS) best practices around security, performance, and operational processes that are most critical for customer success. Passing the FTR is required to qualify AWS Software Partners for AWS Partner Network (APN) programs such as AWS Competency and AWS Service Ready but any AWS Partner who offers a technology solution may request a FTR review through AWS Partner Central.;<SANDBOX_ACCOUNT_ID>;ap-southeast-7;2026-08-29 00:18:02.370487;IAM-0012;Use temporary security credentials to access AWS resources. For machine identities within AWS (for example, Amazon Elastic Compute Cloud (Amazon EC2) instances or AWS Lambda functions), always use IAM roles to acquire temporary security credentials. For machine identities running outside of AWS, use IAM Roles Anywhere or securely store static AWS access keys that are only used to assume an IAM role.For human identities, use AWS IAM Identity Center or other identity federation solutions where possible. If you must use static AWS access keys for human users, require MFA for all access, including the AWS Management Console, and AWS Command Line Interface (AWS CLI).;Architectural and Operational Controls;;;;Automated;PASS;User <root_account> does not have access keys.;arn:aws:iam::<SANDBOX_ACCOUNT_ID>:root;iam_user_accesskey_unused;False;<root_account>;AWS-Foundational-Technical-Review;AWS Foundational Technical Review;
aws;The AWS Foundational Technical Review (FTR) assesses an AWS Partner's solution against a specific set of Amazon Web Services (AWS) best practices around security, performance, and operational processes that are most critical for customer success. Passing the FTR is required to qualify AWS Software Partners for AWS Partner Network (APN) programs such as AWS Competency and AWS Service Ready but any AWS Partner who offers a technology solution may request a FTR review through AWS Partner Central.;<SANDBOX_ACCOUNT_ID>;ap-southeast-7;2026-08-29 00:18:02.370487;SECOPS-001;Define a mechanism and frequency to scan and patch for vulnerabilities in your dependencies, and in your operating systems to help protect against new threats. Scan and patch your dependencies, and your operating systems on a defined schedule. Software vulnerability management is essential to keeping your system secure from threat actors. Embedding vulnerability assessments early into your continuous integration/continuous delivery (CI/CD) pipeline allows you to prioritize remediation of any security vulnerabilities detected. The solution you need to achieve this varies according to the AWS services that you are consuming. To check for vulnerabilities in software running in Amazon EC2 instances, you can add Amazon Inspector to your pipeline to cause your build to fail if Inspector detects vulnerabilities. You can also use open source products such as OWASP Dependency-Check, Snyk, OpenVAS, package managers and AWS Partner tools for vulnerability management.;Architectural and Operational Controls;;;;Automated;FAIL;Inspector2 is not enabled in this account.;arn:aws:inspector2:ap-southeast-7:<SANDBOX_ACCOUNT_ID>:inspector2;inspector2_is_enabled;False;Inspector2;AWS-Foundational-Technical-Review;AWS Foundational Technical Review;
aws;The AWS Foundational Technical Review (FTR) assesses an AWS Partner's solution against a specific set of Amazon Web Services (AWS) best practices around security, performance, and operational processes that are most critical for customer success. Passing the FTR is required to qualify AWS Software Partners for AWS Partner Network (APN) programs such as AWS Competency and AWS Service Ready but any AWS Partner who offers a technology solution may request a FTR review through AWS Partner Central.;<SANDBOX_ACCOUNT_ID>;ap-southeast-7;2026-08-29 00:18:02.370487;S3-001;You must ensure that buckets that require public access have been reviewed to determine if public read or write access is needed and if appropriate controls are in place to control public access. When assigning access permissions, follow the principle of least privilege, an AWS best practice. For more information, refer to overview of managing access.;Architectural and Operational Controls;;;;Automated;PASS;S3 Bucket range-cloudtrail-<SANDBOX_ACCOUNT_ID> has bucket ACLs disabled.;arn:aws:s3:::range-cloudtrail-<SANDBOX_ACCOUNT_ID>;s3_bucket_acl_prohibited;False;range-cloudtrail-<SANDBOX_ACCOUNT_ID>;AWS-Foundational-Technical-Review;AWS Foundational Technical Review;
aws;The AWS Foundational Technical Review (FTR) assesses an AWS Partner's solution against a specific set of Amazon Web Services (AWS) best practices around security, performance, and operational processes that are most critical for customer success. Passing the FTR is required to qualify AWS Software Partners for AWS Partner Network (APN) programs such as AWS Competency and AWS Service Ready but any AWS Partner who offers a technology solution may request a FTR review through AWS Partner Central.;<SANDBOX_ACCOUNT_ID>;ap-southeast-7;2026-08-29 00:18:02.370487;S3-001;You must ensure that buckets that require public access have been reviewed to determine if public read or write access is needed and if appropriate controls are in place to control public access. When assigning access permissions, follow the principle of least privilege, an AWS best practice. For more information, refer to overview of managing access.;Architectural and Operational Controls;;;;Automated;PASS;S3 Bucket range-customer-data-<SANDBOX_ACCOUNT_ID> has bucket ACLs disabled.;arn:aws:s3:::range-customer-data-<SANDBOX_ACCOUNT_ID>;s3_bucket_acl_prohibited;False;range-customer-data-<SANDBOX_ACCOUNT_ID>;AWS-Foundational-Technical-Review;AWS Foundational Technical Review;
aws;The AWS Foundational Technical Review (FTR) assesses an AWS Partner's solution against a specific set of Amazon Web Services (AWS) best practices around security, performance, and operational processes that are most critical for customer success. Passing the FTR is required to qualify AWS Software Partners for AWS Partner Network (APN) programs such as AWS Competency and AWS Service Ready but any AWS Partner who offers a technology solution may request a FTR review through AWS Partner Central.;<SANDBOX_ACCOUNT_ID>;ap-southeast-7;2026-08-29 00:18:02.370487;S3-001;You must ensure that buckets that require public access have been reviewed to determine if public read or write access is needed and if appropriate controls are in place to control public access. When assigning access permissions, follow the principle of least privilege, an AWS best practice. For more information, refer to overview of managing access.;Architectural and Operational Controls;;;;Automated;PASS;S3 Bucket stratus-red-team-ct-stop-bucket-arzkiholin has bucket ACLs disabled.;arn:aws:s3:::stratus-red-team-ct-stop-bucket-arzkiholin;s3_bucket_acl_prohibited;False;stratus-red-team-ct-stop-bucket-arzkiholin;AWS-Foundational-Technical-Review;AWS Foundational Technical Review;
aws;The AWS Foundational Technical Review (FTR) assesses an AWS Partner's solution against a specific set of Amazon Web Services (AWS) best practices around security, performance, and operational processes that are most critical for customer success. Passing the FTR is required to qualify AWS Software Partners for AWS Partner Network (APN) programs such as AWS Competency and AWS Service Ready but any AWS Partner who offers a technology solution may request a FTR review through AWS Partner Central.;<SANDBOX_ACCOUNT_ID>;ap-southeast-7;2026-08-29 00:18:02.370487;S3-001;You must ensure that buckets that require public access have been reviewed to determine if public read or write access is needed and if appropriate controls are in place to control public access. When assigning access permissions, follow the principle of least privilege, an AWS best practice. For more information, refer to overview of managing access.;Architectural and Operational Controls;;;;Automated;PASS;S3 Bucket range-cloudtrail-<SANDBOX_ACCOUNT_ID> has Server Side Encryption with AES256.;arn:aws:s3:::range-cloudtrail-<SANDBOX_ACCOUNT_ID>;s3_bucket_default_encryption;False;range-cloudtrail-<SANDBOX_ACCOUNT_ID>;AWS-Foundational-Technical-Review;AWS Foundational Technical Review;
aws;The AWS Foundational Technical Review (FTR) assesses an AWS Partner's solution against a specific set of Amazon Web Services (AWS) best practices around security, performance, and operational processes that are most critical for customer success. Passing the FTR is required to qualify AWS Software Partners for AWS Partner Network (APN) programs such as AWS Competency and AWS Service Ready but any AWS Partner who offers a technology solution may request a FTR review through AWS Partner Central.;<SANDBOX_ACCOUNT_ID>;ap-southeast-7;2026-08-29 00:18:02.370487;S3-001;You must ensure that buckets that require public access have been reviewed to determine if public read or write access is needed and if appropriate controls are in place to control public access. When assigning access permissions, follow the principle of least privilege, an AWS best practice. For more information, refer to overview of managing access.;Architectural and Operational Controls;;;;Automated;PASS;S3 Bucket range-customer-data-<SANDBOX_ACCOUNT_ID> has Server Side Encryption with AES256.;arn:aws:s3:::range-customer-data-<SANDBOX_ACCOUNT_ID>;s3_bucket_default_encryption;False;range-customer-data-<SANDBOX_ACCOUNT_ID>;AWS-Foundational-Technical-Review;AWS Foundational Technical Review;
aws;The AWS Foundational Technical Review (FTR) assesses an AWS Partner's solution against a specific set of Amazon Web Services (AWS) best practices around security, performance, and operational processes that are most critical for customer success. Passing the FTR is required to qualify AWS Software Partners for AWS Partner Network (APN) programs such as AWS Competency and AWS Service Ready but any AWS Partner who offers a technology solution may request a FTR review through AWS Partner Central.;<SANDBOX_ACCOUNT_ID>;ap-southeast-7;2026-08-29 00:18:02.370487;S3-001;You must ensure that buckets that require public access have been reviewed to determine if public read or write access is needed and if appropriate controls are in place to control public access. When assigning access permissions, follow the principle of least privilege, an AWS best practice. For more information, refer to overview of managing access.;Architectural and Operational Controls;;;;Automated;PASS;S3 Bucket stratus-red-team-ct-stop-bucket-arzkiholin has Server Side Encryption with AES256.;arn:aws:s3:::stratus-red-team-ct-stop-bucket-arzkiholin;s3_bucket_default_encryption;False;stratus-red-team-ct-stop-bucket-arzkiholin;AWS-Foundational-Technical-Review;AWS Foundational Technical Review;
aws;The AWS Foundational Technical Review (FTR) assesses an AWS Partner's solution against a specific set of Amazon Web Services (AWS) best practices around security, performance, and operational processes that are most critical for customer success. Passing the FTR is required to qualify AWS Software Partners for AWS Partner Network (APN) programs such as AWS Competency and AWS Service Ready but any AWS Partner who offers a technology solution may request a FTR review through AWS Partner Central.;<SANDBOX_ACCOUNT_ID>;ap-southeast-7;2026-08-29 00:18:02.370487;S3-001;You must ensure that buckets that require public access have been reviewed to determine if public read or write access is needed and if appropriate controls are in place to control public access. When assigning access permissions, follow the principle of least privilege, an AWS best practice. For more information, refer to overview of managing access.;Architectural and Operational Controls;;;;Automated;FAIL;Server Side Encryption is not configured with kms for S3 Bucket range-cloudtrail-<SANDBOX_ACCOUNT_ID>.;arn:aws:s3:::range-cloudtrail-<SANDBOX_ACCOUNT_ID>;s3_bucket_kms_encryption;False;range-cloudtrail-<SANDBOX_ACCOUNT_ID>;AWS-Foundational-Technical-Review;AWS Foundational Technical Review;
aws;The AWS Foundational Technical Review (FTR) assesses an AWS Partner's solution against a specific set of Amazon Web Services (AWS) best practices around security, performance, and operational processes that are most critical for customer success. Passing the FTR is required to qualify AWS Software Partners for AWS Partner Network (APN) programs such as AWS Competency and AWS Service Ready but any AWS Partner who offers a technology solution may request a FTR review through AWS Partner Central.;<SANDBOX_ACCOUNT_ID>;ap-southeast-7;2026-08-29 00:18:02.370487;S3-001;You must ensure that buckets that require public access have been reviewed to determine if public read or write access is needed and if appropriate controls are in place to control public access. When assigning access permissions, follow the principle of least privilege, an AWS best practice. For more information, refer to overview of managing access.;Architectural and Operational Controls;;;;Automated;FAIL;Server Side Encryption is not configured with kms for S3 Bucket range-customer-data-<SANDBOX_ACCOUNT_ID>.;arn:aws:s3:::range-customer-data-<SANDBOX_ACCOUNT_ID>;s3_bucket_kms_encryption;False;range-customer-data-<SANDBOX_ACCOUNT_ID>;AWS-Foundational-Technical-Review;AWS Foundational Technical Review;
aws;The AWS Foundational Technical Review (FTR) assesses an AWS Partner's solution against a specific set of Amazon Web Services (AWS) best practices around security, performance, and operational processes that are most critical for customer success. Passing the FTR is required to qualify AWS Software Partners for AWS Partner Network (APN) programs such as AWS Competency and AWS Service Ready but any AWS Partner who offers a technology solution may request a FTR review through AWS Partner Central.;<SANDBOX_ACCOUNT_ID>;ap-southeast-7;2026-08-29 00:18:02.370487;S3-001;You must ensure that buckets that require public access have been reviewed to determine if public read or write access is needed and if appropriate controls are in place to control public access. When assigning access permissions, follow the principle of least privilege, an AWS best practice. For more information, refer to overview of managing access.;Architectural and Operational Controls;;;;Automated;FAIL;Server Side Encryption is not configured with kms for S3 Bucket stratus-red-team-ct-stop-bucket-arzkiholin.;arn:aws:s3:::stratus-red-team-ct-stop-bucket-arzkiholin;s3_bucket_kms_encryption;False;stratus-red-team-ct-stop-bucket-arzkiholin;AWS-Foundational-Technical-Review;AWS Foundational Technical Review;
aws;The AWS Foundational Technical Review (FTR) assesses an AWS Partner's solution against a specific set of Amazon Web Services (AWS) best practices around security, performance, and operational processes that are most critical for customer success. Passing the FTR is required to qualify AWS Software Partners for AWS Partner Network (APN) programs such as AWS Competency and AWS Service Ready but any AWS Partner who offers a technology solution may request a FTR review through AWS Partner Central.;<SANDBOX_ACCOUNT_ID>;ap-southeast-7;2026-08-29 00:18:02.370487;S3-001;You must ensure that buckets that require public access have been reviewed to determine if public read or write access is needed and if appropriate controls are in place to control public access. When assigning access permissions, follow the principle of least privilege, an AWS best practice. For more information, refer to overview of managing access.;Architectural and Operational Controls;;;;Automated;PASS;Block Public Access is configured for the S3 Bucket range-cloudtrail-<SANDBOX_ACCOUNT_ID>.;arn:aws:s3:::range-cloudtrail-<SANDBOX_ACCOUNT_ID>;s3_bucket_level_public_access_block;False;range-cloudtrail-<SANDBOX_ACCOUNT_ID>;AWS-Foundational-Technical-Review;AWS Foundational Technical Review;
aws;The AWS Foundational Technical Review (FTR) assesses an AWS Partner's solution against a specific set of Amazon Web Services (AWS) best practices around security, performance, and operational processes that are most critical for customer success. Passing the FTR is required to qualify AWS Software Partners for AWS Partner Network (APN) programs such as AWS Competency and AWS Service Ready but any AWS Partner who offers a technology solution may request a FTR review through AWS Partner Central.;<SANDBOX_ACCOUNT_ID>;ap-southeast-7;2026-08-29 00:18:02.370487;S3-001;You must ensure that buckets that require public access have been reviewed to determine if public read or write access is needed and if appropriate controls are in place to control public access. When assigning access permissions, follow the principle of least privilege, an AWS best practice. For more information, refer to overview of managing access.;Architectural and Operational Controls;;;;Automated;PASS;Block Public Access is configured for the S3 Bucket range-customer-data-<SANDBOX_ACCOUNT_ID>.;arn:aws:s3:::range-customer-data-<SANDBOX_ACCOUNT_ID>;s3_bucket_level_public_access_block;False;range-customer-data-<SANDBOX_ACCOUNT_ID>;AWS-Foundational-Technical-Review;AWS Foundational Technical Review;
aws;The AWS Foundational Technical Review (FTR) assesses an AWS Partner's solution against a specific set of Amazon Web Services (AWS) best practices around security, performance, and operational processes that are most critical for customer success. Passing the FTR is required to qualify AWS Software Partners for AWS Partner Network (APN) programs such as AWS Competency and AWS Service Ready but any AWS Partner who offers a technology solution may request a FTR review through AWS Partner Central.;<SANDBOX_ACCOUNT_ID>;ap-southeast-7;2026-08-29 00:18:02.370487;S3-001;You must ensure that buckets that require public access have been reviewed to determine if public read or write access is needed and if appropriate controls are in place to control public access. When assigning access permissions, follow the principle of least privilege, an AWS best practice. For more information, refer to overview of managing access.;Architectural and Operational Controls;;;;Automated;PASS;Block Public Access is configured for the S3 Bucket stratus-red-team-ct-stop-bucket-arzkiholin.;arn:aws:s3:::stratus-red-team-ct-stop-bucket-arzkiholin;s3_bucket_level_public_access_block;False;stratus-red-team-ct-stop-bucket-arzkiholin;AWS-Foundational-Technical-Review;AWS Foundational Technical Review;
aws;The AWS Foundational Technical Review (FTR) assesses an AWS Partner's solution against a specific set of Amazon Web Services (AWS) best practices around security, performance, and operational processes that are most critical for customer success. Passing the FTR is required to qualify AWS Software Partners for AWS Partner Network (APN) programs such as AWS Competency and AWS Service Ready but any AWS Partner who offers a technology solution may request a FTR review through AWS Partner Central.;<SANDBOX_ACCOUNT_ID>;ap-southeast-7;2026-08-29 00:18:02.370487;S3-001;You must ensure that buckets that require public access have been reviewed to determine if public read or write access is needed and if appropriate controls are in place to control public access. When assigning access permissions, follow the principle of least privilege, an AWS best practice. For more information, refer to overview of managing access.;Architectural and Operational Controls;;;;Automated;FAIL;S3 Bucket range-cloudtrail-<SANDBOX_ACCOUNT_ID> has Object Lock disabled.;arn:aws:s3:::range-cloudtrail-<SANDBOX_ACCOUNT_ID>;s3_bucket_object_lock;False;range-cloudtrail-<SANDBOX_ACCOUNT_ID>;AWS-Foundational-Technical-Review;AWS Foundational Technical Review;
aws;The AWS Foundational Technical Review (FTR) assesses an AWS Partner's solution against a specific set of Amazon Web Services (AWS) best practices around security, performance, and operational processes that are most critical for customer success. Passing the FTR is required to qualify AWS Software Partners for AWS Partner Network (APN) programs such as AWS Competency and AWS Service Ready but any AWS Partner who offers a technology solution may request a FTR review through AWS Partner Central.;<SANDBOX_ACCOUNT_ID>;ap-southeast-7;2026-08-29 00:18:02.370487;S3-001;You must ensure that buckets that require public access have been reviewed to determine if public read or write access is needed and if appropriate controls are in place to control public access. When assigning access permissions, follow the principle of least privilege, an AWS best practice. For more information, refer to overview of managing access.;Architectural and Operational Controls;;;;Automated;FAIL;S3 Bucket range-customer-data-<SANDBOX_ACCOUNT_ID> has Object Lock disabled.;arn:aws:s3:::range-customer-data-<SANDBOX_ACCOUNT_ID>;s3_bucket_object_lock;False;range-customer-data-<SANDBOX_ACCOUNT_ID>;AWS-Foundational-Technical-Review;AWS Foundational Technical Review;
aws;The AWS Foundational Technical Review (FTR) assesses an AWS Partner's solution against a specific set of Amazon Web Services (AWS) best practices around security, performance, and operational processes that are most critical for customer success. Passing the FTR is required to qualify AWS Software Partners for AWS Partner Network (APN) programs such as AWS Competency and AWS Service Ready but any AWS Partner who offers a technology solution may request a FTR review through AWS Partner Central.;<SANDBOX_ACCOUNT_ID>;ap-southeast-7;2026-08-29 00:18:02.370487;S3-001;You must ensure that buckets that require public access have been reviewed to determine if public read or write access is needed and if appropriate controls are in place to control public access. When assigning access permissions, follow the principle of least privilege, an AWS best practice. For more information, refer to overview of managing access.;Architectural and Operational Controls;;;;Automated;FAIL;S3 Bucket stratus-red-team-ct-stop-bucket-arzkiholin has Object Lock disabled.;arn:aws:s3:::stratus-red-team-ct-stop-bucket-arzkiholin;s3_bucket_object_lock;False;stratus-red-team-ct-stop-bucket-arzkiholin;AWS-Foundational-Technical-Review;AWS Foundational Technical Review;
aws;The AWS Foundational Technical Review (FTR) assesses an AWS Partner's solution against a specific set of Amazon Web Services (AWS) best practices around security, performance, and operational processes that are most critical for customer success. Passing the FTR is required to qualify AWS Software Partners for AWS Partner Network (APN) programs such as AWS Competency and AWS Service Ready but any AWS Partner who offers a technology solution may request a FTR review through AWS Partner Central.;<SANDBOX_ACCOUNT_ID>;ap-southeast-7;2026-08-29 00:18:02.370487;S3-001;You must ensure that buckets that require public access have been reviewed to determine if public read or write access is needed and if appropriate controls are in place to control public access. When assigning access permissions, follow the principle of least privilege, an AWS best practice. For more information, refer to overview of managing access.;Architectural and Operational Controls;;;;Automated;PASS;S3 public access blocked at bucket level for range-cloudtrail-<SANDBOX_ACCOUNT_ID>.;arn:aws:s3:::range-cloudtrail-<SANDBOX_ACCOUNT_ID>;s3_bucket_policy_public_write_access;False;range-cloudtrail-<SANDBOX_ACCOUNT_ID>;AWS-Foundational-Technical-Review;AWS Foundational Technical Review;
aws;The AWS Foundational Technical Review (FTR) assesses an AWS Partner's solution against a specific set of Amazon Web Services (AWS) best practices around security, performance, and operational processes that are most critical for customer success. Passing the FTR is required to qualify AWS Software Partners for AWS Partner Network (APN) programs such as AWS Competency and AWS Service Ready but any AWS Partner who offers a technology solution may request a FTR review through AWS Partner Central.;<SANDBOX_ACCOUNT_ID>;ap-southeast-7;2026-08-29 00:18:02.370487;S3-001;You must ensure that buckets that require public access have been reviewed to determine if public read or write access is needed and if appropriate controls are in place to control public access. When assigning access permissions, follow the principle of least privilege, an AWS best practice. For more information, refer to overview of managing access.;Architectural and Operational Controls;;;;Automated;PASS;S3 public access blocked at bucket level for range-customer-data-<SANDBOX_ACCOUNT_ID>.;arn:aws:s3:::range-customer-data-<SANDBOX_ACCOUNT_ID>;s3_bucket_policy_public_write_access;False;range-customer-data-<SANDBOX_ACCOUNT_ID>;AWS-Foundational-Technical-Review;AWS Foundational Technical Review;
aws;The AWS Foundational Technical Review (FTR) assesses an AWS Partner's solution against a specific set of Amazon Web Services (AWS) best practices around security, performance, and operational processes that are most critical for customer success. Passing the FTR is required to qualify AWS Software Partners for AWS Partner Network (APN) programs such as AWS Competency and AWS Service Ready but any AWS Partner who offers a technology solution may request a FTR review through AWS Partner Central.;<SANDBOX_ACCOUNT_ID>;ap-southeast-7;2026-08-29 00:18:02.370487;S3-001;You must ensure that buckets that require public access have been reviewed to determine if public read or write access is needed and if appropriate controls are in place to control public access. When assigning access permissions, follow the principle of least privilege, an AWS best practice. For more information, refer to overview of managing access.;Architectural and Operational Controls;;;;Automated;PASS;S3 public access blocked at bucket level for stratus-red-team-ct-stop-bucket-arzkiholin.;arn:aws:s3:::stratus-red-team-ct-stop-bucket-arzkiholin;s3_bucket_policy_public_write_access;False;stratus-red-team-ct-stop-bucket-arzkiholin;AWS-Foundational-Technical-Review;AWS Foundational Technical Review;
aws;The AWS Foundational Technical Review (FTR) assesses an AWS Partner's solution against a specific set of Amazon Web Services (AWS) best practices around security, performance, and operational processes that are most critical for customer success. Passing the FTR is required to qualify AWS Software Partners for AWS Partner Network (APN) programs such as AWS Competency and AWS Service Ready but any AWS Partner who offers a technology solution may request a FTR review through AWS Partner Central.;<SANDBOX_ACCOUNT_ID>;ap-southeast-7;2026-08-29 00:18:02.370487;S3-001;You must ensure that buckets that require public access have been reviewed to determine if public read or write access is needed and if appropriate controls are in place to control public access. When assigning access permissions, follow the principle of least privilege, an AWS best practice. For more information, refer to overview of managing access.;Architectural and Operational Controls;;;;Automated;PASS;S3 Bucket range-cloudtrail-<SANDBOX_ACCOUNT_ID> is not public.;arn:aws:s3:::range-cloudtrail-<SANDBOX_ACCOUNT_ID>;s3_bucket_public_access;False;range-cloudtrail-<SANDBOX_ACCOUNT_ID>;AWS-Foundational-Technical-Review;AWS Foundational Technical Review;
aws;The AWS Foundational Technical Review (FTR) assesses an AWS Partner's solution against a specific set of Amazon Web Services (AWS) best practices around security, performance, and operational processes that are most critical for customer success. Passing the FTR is required to qualify AWS Software Partners for AWS Partner Network (APN) programs such as AWS Competency and AWS Service Ready but any AWS Partner who offers a technology solution may request a FTR review through AWS Partner Central.;<SANDBOX_ACCOUNT_ID>;ap-southeast-7;2026-08-29 00:18:02.370487;S3-001;You must ensure that buckets that require public access have been reviewed to determine if public read or write access is needed and if appropriate controls are in place to control public access. When assigning access permissions, follow the principle of least privilege, an AWS best practice. For more information, refer to overview of managing access.;Architectural and Operational Controls;;;;Automated;PASS;S3 Bucket range-customer-data-<SANDBOX_ACCOUNT_ID> is not public.;arn:aws:s3:::range-customer-data-<SANDBOX_ACCOUNT_ID>;s3_bucket_public_access;False;range-customer-data-<SANDBOX_ACCOUNT_ID>;AWS-Foundational-Technical-Review;AWS Foundational Technical Review;
aws;The AWS Foundational Technical Review (FTR) assesses an AWS Partner's solution against a specific set of Amazon Web Services (AWS) best practices around security, performance, and operational processes that are most critical for customer success. Passing the FTR is required to qualify AWS Software Partners for AWS Partner Network (APN) programs such as AWS Competency and AWS Service Ready but any AWS Partner who offers a technology solution may request a FTR review through AWS Partner Central.;<SANDBOX_ACCOUNT_ID>;ap-southeast-7;2026-08-29 00:18:02.370487;S3-001;You must ensure that buckets that require public access have been reviewed to determine if public read or write access is needed and if appropriate controls are in place to control public access. When assigning access permissions, follow the principle of least privilege, an AWS best practice. For more information, refer to overview of managing access.;Architectural and Operational Controls;;;;Automated;PASS;S3 Bucket stratus-red-team-ct-stop-bucket-arzkiholin is not public.;arn:aws:s3:::stratus-red-team-ct-stop-bucket-arzkiholin;s3_bucket_public_access;False;stratus-red-team-ct-stop-bucket-arzkiholin;AWS-Foundational-Technical-Review;AWS Foundational Technical Review;
aws;The AWS Foundational Technical Review (FTR) assesses an AWS Partner's solution against a specific set of Amazon Web Services (AWS) best practices around security, performance, and operational processes that are most critical for customer success. Passing the FTR is required to qualify AWS Software Partners for AWS Partner Network (APN) programs such as AWS Competency and AWS Service Ready but any AWS Partner who offers a technology solution may request a FTR review through AWS Partner Central.;<SANDBOX_ACCOUNT_ID>;ap-southeast-7;2026-08-29 00:18:02.370487;S3-001;You must ensure that buckets that require public access have been reviewed to determine if public read or write access is needed and if appropriate controls are in place to control public access. When assigning access permissions, follow the principle of least privilege, an AWS best practice. For more information, refer to overview of managing access.;Architectural and Operational Controls;;;;Automated;PASS;S3 Bucket range-cloudtrail-<SANDBOX_ACCOUNT_ID> is not publicly listable.;arn:aws:s3:::range-cloudtrail-<SANDBOX_ACCOUNT_ID>;s3_bucket_public_list_acl;False;range-cloudtrail-<SANDBOX_ACCOUNT_ID>;AWS-Foundational-Technical-Review;AWS Foundational Technical Review;
aws;The AWS Foundational Technical Review (FTR) assesses an AWS Partner's solution against a specific set of Amazon Web Services (AWS) best practices around security, performance, and operational processes that are most critical for customer success. Passing the FTR is required to qualify AWS Software Partners for AWS Partner Network (APN) programs such as AWS Competency and AWS Service Ready but any AWS Partner who offers a technology solution may request a FTR review through AWS Partner Central.;<SANDBOX_ACCOUNT_ID>;ap-southeast-7;2026-08-29 00:18:02.370487;S3-001;You must ensure that buckets that require public access have been reviewed to determine if public read or write access is needed and if appropriate controls are in place to control public access. When assigning access permissions, follow the principle of least privilege, an AWS best practice. For more information, refer to overview of managing access.;Architectural and Operational Controls;;;;Automated;PASS;S3 Bucket range-customer-data-<SANDBOX_ACCOUNT_ID> is not publicly listable.;arn:aws:s3:::range-customer-data-<SANDBOX_ACCOUNT_ID>;s3_bucket_public_list_acl;False;range-customer-data-<SANDBOX_ACCOUNT_ID>;AWS-Foundational-Technical-Review;AWS Foundational Technical Review;
aws;The AWS Foundational Technical Review (FTR) assesses an AWS Partner's solution against a specific set of Amazon Web Services (AWS) best practices around security, performance, and operational processes that are most critical for customer success. Passing the FTR is required to qualify AWS Software Partners for AWS Partner Network (APN) programs such as AWS Competency and AWS Service Ready but any AWS Partner who offers a technology solution may request a FTR review through AWS Partner Central.;<SANDBOX_ACCOUNT_ID>;ap-southeast-7;2026-08-29 00:18:02.370487;S3-001;You must ensure that buckets that require public access have been reviewed to determine if public read or write access is needed and if appropriate controls are in place to control public access. When assigning access permissions, follow the principle of least privilege, an AWS best practice. For more information, refer to overview of managing access.;Architectural and Operational Controls;;;;Automated;PASS;S3 Bucket stratus-red-team-ct-stop-bucket-arzkiholin is not publicly listable.;arn:aws:s3:::stratus-red-team-ct-stop-bucket-arzkiholin;s3_bucket_public_list_acl;False;stratus-red-team-ct-stop-bucket-arzkiholin;AWS-Foundational-Technical-Review;AWS Foundational Technical Review;
aws;The AWS Foundational Technical Review (FTR) assesses an AWS Partner's solution against a specific set of Amazon Web Services (AWS) best practices around security, performance, and operational processes that are most critical for customer success. Passing the FTR is required to qualify AWS Software Partners for AWS Partner Network (APN) programs such as AWS Competency and AWS Service Ready but any AWS Partner who offers a technology solution may request a FTR review through AWS Partner Central.;<SANDBOX_ACCOUNT_ID>;ap-southeast-7;2026-08-29 00:18:02.370487;S3-001;You must ensure that buckets that require public access have been reviewed to determine if public read or write access is needed and if appropriate controls are in place to control public access. When assigning access permissions, follow the principle of least privilege, an AWS best practice. For more information, refer to overview of managing access.;Architectural and Operational Controls;;;;Automated;PASS;S3 Bucket range-cloudtrail-<SANDBOX_ACCOUNT_ID> is not publicly writable.;arn:aws:s3:::range-cloudtrail-<SANDBOX_ACCOUNT_ID>;s3_bucket_public_write_acl;False;range-cloudtrail-<SANDBOX_ACCOUNT_ID>;AWS-Foundational-Technical-Review;AWS Foundational Technical Review;
aws;The AWS Foundational Technical Review (FTR) assesses an AWS Partner's solution against a specific set of Amazon Web Services (AWS) best practices around security, performance, and operational processes that are most critical for customer success. Passing the FTR is required to qualify AWS Software Partners for AWS Partner Network (APN) programs such as AWS Competency and AWS Service Ready but any AWS Partner who offers a technology solution may request a FTR review through AWS Partner Central.;<SANDBOX_ACCOUNT_ID>;ap-southeast-7;2026-08-29 00:18:02.370487;S3-001;You must ensure that buckets that require public access have been reviewed to determine if public read or write access is needed and if appropriate controls are in place to control public access. When assigning access permissions, follow the principle of least privilege, an AWS best practice. For more information, refer to overview of managing access.;Architectural and Operational Controls;;;;Automated;PASS;S3 Bucket range-customer-data-<SANDBOX_ACCOUNT_ID> is not publicly writable.;arn:aws:s3:::range-customer-data-<SANDBOX_ACCOUNT_ID>;s3_bucket_public_write_acl;False;range-customer-data-<SANDBOX_ACCOUNT_ID>;AWS-Foundational-Technical-Review;AWS Foundational Technical Review;
aws;The AWS Foundational Technical Review (FTR) assesses an AWS Partner's solution against a specific set of Amazon Web Services (AWS) best practices around security, performance, and operational processes that are most critical for customer success. Passing the FTR is required to qualify AWS Software Partners for AWS Partner Network (APN) programs such as AWS Competency and AWS Service Ready but any AWS Partner who offers a technology solution may request a FTR review through AWS Partner Central.;<SANDBOX_ACCOUNT_ID>;ap-southeast-7;2026-08-29 00:18:02.370487;S3-001;You must ensure that buckets that require public access have been reviewed to determine if public read or write access is needed and if appropriate controls are in place to control public access. When assigning access permissions, follow the principle of least privilege, an AWS best practice. For more information, refer to overview of managing access.;Architectural and Operational Controls;;;;Automated;PASS;S3 Bucket stratus-red-team-ct-stop-bucket-arzkiholin is not publicly writable.;arn:aws:s3:::stratus-red-team-ct-stop-bucket-arzkiholin;s3_bucket_public_write_acl;False;stratus-red-team-ct-stop-bucket-arzkiholin;AWS-Foundational-Technical-Review;AWS Foundational Technical Review;
aws;The AWS Foundational Technical Review (FTR) assesses an AWS Partner's solution against a specific set of Amazon Web Services (AWS) best practices around security, performance, and operational processes that are most critical for customer success. Passing the FTR is required to qualify AWS Software Partners for AWS Partner Network (APN) programs such as AWS Competency and AWS Service Ready but any AWS Partner who offers a technology solution may request a FTR review through AWS Partner Central.;<SANDBOX_ACCOUNT_ID>;ap-southeast-7;2026-08-29 00:18:02.370487;S3-001;You must ensure that buckets that require public access have been reviewed to determine if public read or write access is needed and if appropriate controls are in place to control public access. When assigning access permissions, follow the principle of least privilege, an AWS best practice. For more information, refer to overview of managing access.;Architectural and Operational Controls;;;;Automated;FAIL;S3 Bucket range-cloudtrail-<SANDBOX_ACCOUNT_ID> allows requests over insecure transport in the bucket policy.;arn:aws:s3:::range-cloudtrail-<SANDBOX_ACCOUNT_ID>;s3_bucket_secure_transport_policy;False;range-cloudtrail-<SANDBOX_ACCOUNT_ID>;AWS-Foundational-Technical-Review;AWS Foundational Technical Review;
aws;The AWS Foundational Technical Review (FTR) assesses an AWS Partner's solution against a specific set of Amazon Web Services (AWS) best practices around security, performance, and operational processes that are most critical for customer success. Passing the FTR is required to qualify AWS Software Partners for AWS Partner Network (APN) programs such as AWS Competency and AWS Service Ready but any AWS Partner who offers a technology solution may request a FTR review through AWS Partner Central.;<SANDBOX_ACCOUNT_ID>;ap-southeast-7;2026-08-29 00:18:02.370487;S3-001;You must ensure that buckets that require public access have been reviewed to determine if public read or write access is needed and if appropriate controls are in place to control public access. When assigning access permissions, follow the principle of least privilege, an AWS best practice. For more information, refer to overview of managing access.;Architectural and Operational Controls;;;;Automated;FAIL;S3 Bucket range-customer-data-<SANDBOX_ACCOUNT_ID> allows requests over insecure transport in the bucket policy.;arn:aws:s3:::range-customer-data-<SANDBOX_ACCOUNT_ID>;s3_bucket_secure_transport_policy;False;range-customer-data-<SANDBOX_ACCOUNT_ID>;AWS-Foundational-Technical-Review;AWS Foundational Technical Review;
aws;The AWS Foundational Technical Review (FTR) assesses an AWS Partner's solution against a specific set of Amazon Web Services (AWS) best practices around security, performance, and operational processes that are most critical for customer success. Passing the FTR is required to qualify AWS Software Partners for AWS Partner Network (APN) programs such as AWS Competency and AWS Service Ready but any AWS Partner who offers a technology solution may request a FTR review through AWS Partner Central.;<SANDBOX_ACCOUNT_ID>;ap-southeast-7;2026-08-29 00:18:02.370487;S3-001;You must ensure that buckets that require public access have been reviewed to determine if public read or write access is needed and if appropriate controls are in place to control public access. When assigning access permissions, follow the principle of least privilege, an AWS best practice. For more information, refer to overview of managing access.;Architectural and Operational Controls;;;;Automated;FAIL;S3 Bucket stratus-red-team-ct-stop-bucket-arzkiholin allows requests over insecure transport in the bucket policy.;arn:aws:s3:::stratus-red-team-ct-stop-bucket-arzkiholin;s3_bucket_secure_transport_policy;False;stratus-red-team-ct-stop-bucket-arzkiholin;AWS-Foundational-Technical-Review;AWS Foundational Technical Review;
aws;The AWS Foundational Technical Review (FTR) assesses an AWS Partner's solution against a specific set of Amazon Web Services (AWS) best practices around security, performance, and operational processes that are most critical for customer success. Passing the FTR is required to qualify AWS Software Partners for AWS Partner Network (APN) programs such as AWS Competency and AWS Service Ready but any AWS Partner who offers a technology solution may request a FTR review through AWS Partner Central.;<SANDBOX_ACCOUNT_ID>;ap-southeast-7;2026-08-29 00:18:02.370487;S3-001;You must ensure that buckets that require public access have been reviewed to determine if public read or write access is needed and if appropriate controls are in place to control public access. When assigning access permissions, follow the principle of least privilege, an AWS best practice. For more information, refer to overview of managing access.;Architectural and Operational Controls;;;;Automated;FAIL;S3 Bucket range-cloudtrail-<SANDBOX_ACCOUNT_ID> has server access logging disabled.;arn:aws:s3:::range-cloudtrail-<SANDBOX_ACCOUNT_ID>;s3_bucket_server_access_logging_enabled;False;range-cloudtrail-<SANDBOX_ACCOUNT_ID>;AWS-Foundational-Technical-Review;AWS Foundational Technical Review;
aws;The AWS Foundational Technical Review (FTR) assesses an AWS Partner's solution against a specific set of Amazon Web Services (AWS) best practices around security, performance, and operational processes that are most critical for customer success. Passing the FTR is required to qualify AWS Software Partners for AWS Partner Network (APN) programs such as AWS Competency and AWS Service Ready but any AWS Partner who offers a technology solution may request a FTR review through AWS Partner Central.;<SANDBOX_ACCOUNT_ID>;ap-southeast-7;2026-08-29 00:18:02.370487;S3-001;You must ensure that buckets that require public access have been reviewed to determine if public read or write access is needed and if appropriate controls are in place to control public access. When assigning access permissions, follow the principle of least privilege, an AWS best practice. For more information, refer to overview of managing access.;Architectural and Operational Controls;;;;Automated;FAIL;S3 Bucket range-customer-data-<SANDBOX_ACCOUNT_ID> has server access logging disabled.;arn:aws:s3:::range-customer-data-<SANDBOX_ACCOUNT_ID>;s3_bucket_server_access_logging_enabled;False;range-customer-data-<SANDBOX_ACCOUNT_ID>;AWS-Foundational-Technical-Review;AWS Foundational Technical Review;
aws;The AWS Foundational Technical Review (FTR) assesses an AWS Partner's solution against a specific set of Amazon Web Services (AWS) best practices around security, performance, and operational processes that are most critical for customer success. Passing the FTR is required to qualify AWS Software Partners for AWS Partner Network (APN) programs such as AWS Competency and AWS Service Ready but any AWS Partner who offers a technology solution may request a FTR review through AWS Partner Central.;<SANDBOX_ACCOUNT_ID>;ap-southeast-7;2026-08-29 00:18:02.370487;S3-001;You must ensure that buckets that require public access have been reviewed to determine if public read or write access is needed and if appropriate controls are in place to control public access. When assigning access permissions, follow the principle of least privilege, an AWS best practice. For more information, refer to overview of managing access.;Architectural and Operational Controls;;;;Automated;FAIL;S3 Bucket stratus-red-team-ct-stop-bucket-arzkiholin has server access logging disabled.;arn:aws:s3:::stratus-red-team-ct-stop-bucket-arzkiholin;s3_bucket_server_access_logging_enabled;False;stratus-red-team-ct-stop-bucket-arzkiholin;AWS-Foundational-Technical-Review;AWS Foundational Technical Review;
aws;The AWS Foundational Technical Review (FTR) assesses an AWS Partner's solution against a specific set of Amazon Web Services (AWS) best practices around security, performance, and operational processes that are most critical for customer success. Passing the FTR is required to qualify AWS Software Partners for AWS Partner Network (APN) programs such as AWS Competency and AWS Service Ready but any AWS Partner who offers a technology solution may request a FTR review through AWS Partner Central.;<SANDBOX_ACCOUNT_ID>;ap-southeast-7;2026-08-29 00:18:02.370487;SDAT-002;Encryption maintains the confidentiality of sensitive data even when it gets stolen or the network through which it is transmitted becomes compromised.;Architectural and Operational Controls;;;;Automated;FAIL;SNS topic range-responders is not encrypted.;arn:aws:sns:ap-southeast-7:<SANDBOX_ACCOUNT_ID>:range-responders;sns_topics_kms_encryption_at_rest_enabled;False;range-responders;AWS-Foundational-Technical-Review;AWS Foundational Technical Review;
aws;The AWS Foundational Technical Review (FTR) assesses an AWS Partner's solution against a specific set of Amazon Web Services (AWS) best practices around security, performance, and operational processes that are most critical for customer success. Passing the FTR is required to qualify AWS Software Partners for AWS Partner Network (APN) programs such as AWS Competency and AWS Service Ready but any AWS Partner who offers a technology solution may request a FTR review through AWS Partner Central.;;;2026-08-29 00:18:02.370487;HOST-001;To use this FTR checklist you must host all critical application components on AWS. You may use external providers for edge services such as content delivery networks (CDNs) or domain name system (DNS), or corporate identity providers. If you are using any edge services outside AWS, please specify them in the self-assessment.;Partner-hosted FTR requirements;;;;Manual;MANUAL;Manual check;manual_check;manual;False;Manual check;AWS-Foundational-Technical-Review;AWS Foundational Technical Review;
aws;The AWS Foundational Technical Review (FTR) assesses an AWS Partner's solution against a specific set of Amazon Web Services (AWS) best practices around security, performance, and operational processes that are most critical for customer success. Passing the FTR is required to qualify AWS Software Partners for AWS Partner Network (APN) programs such as AWS Competency and AWS Service Ready but any AWS Partner who offers a technology solution may request a FTR review through AWS Partner Central.;;;2026-08-29 00:18:02.370487;SUP-001;It is recommended that you subscribe to the AWS Business Support tier or higher (including AWS Partner-Led Support) for all of your AWS production accounts. For more information, refer to Compare AWS Support Plans. If you don't have premium support, you must have an action plan to handle issues which require help from AWS Support. AWS Support provides a mix of tools and technology, people, and programs designed to proactively help you optimize performance, lower costs, and innovate faster. AWS Business Support provides additional benefits including access to AWS Trusted Advisor and AWS Personal Health Dashboard and faster response times.;Partner-hosted FTR requirements;;;;Manual;MANUAL;Manual check;manual_check;manual;False;Manual check;AWS-Foundational-Technical-Review;AWS Foundational Technical Review;
aws;The AWS Foundational Technical Review (FTR) assesses an AWS Partner's solution against a specific set of Amazon Web Services (AWS) best practices around security, performance, and operational processes that are most critical for customer success. Passing the FTR is required to qualify AWS Software Partners for AWS Partner Network (APN) programs such as AWS Competency and AWS Service Ready but any AWS Partner who offers a technology solution may request a FTR review through AWS Partner Central.;;;2026-08-29 00:18:02.370487;WAFR-001;Conduct periodic architecture reviews of your production workload (at least once per year) using a documented architectural standard that includes AWS-specific best practices. If you have an internally defined standard for your AWS workloads, we recommend you use it for these reviews. If you do not have an internal standard, we recommend you use the AWS Well-Architected Framework.;Partner-hosted FTR requirements;;;;Manual;MANUAL;Manual check;manual_check;manual;False;Manual check;AWS-Foundational-Technical-Review;AWS Foundational Technical Review;
aws;The AWS Foundational Technical Review (FTR) assesses an AWS Partner's solution against a specific set of Amazon Web Services (AWS) best practices around security, performance, and operational processes that are most critical for customer success. Passing the FTR is required to qualify AWS Software Partners for AWS Partner Network (APN) programs such as AWS Competency and AWS Service Ready but any AWS Partner who offers a technology solution may request a FTR review through AWS Partner Central.;;;2026-08-29 00:18:02.370487;WAFR-002;Review the AWS Shared Responsibility Model for Security and the AWS Shared Responsibility Model for Resiliency. Ensure that your product’s architecture and operational processes address the customer responsibilities defined in these models. We recommend you to use AWS Resilience Hub to ensure your workload resiliency posture meets your targets and to provide you with operational procedures you may use to address the customer responsibilities.;Partner-hosted FTR requirements;;;;Manual;MANUAL;Manual check;manual_check;manual;False;Manual check;AWS-Foundational-Technical-Review;AWS Foundational Technical Review;
aws;The AWS Foundational Technical Review (FTR) assesses an AWS Partner's solution against a specific set of Amazon Web Services (AWS) best practices around security, performance, and operational processes that are most critical for customer success. Passing the FTR is required to qualify AWS Software Partners for AWS Partner Network (APN) programs such as AWS Competency and AWS Service Ready but any AWS Partner who offers a technology solution may request a FTR review through AWS Partner Central.;;;2026-08-29 00:18:02.370487;ARC-001;The root user has unlimited access to your account and its resources, and using it only by exception helps protect your AWS resources. The AWS root user must not be used for everyday tasks, even administrative ones. Instead, adhere to the best practice of using the root user only to create your first AWS Identity and Access Management (IAM) user. Then securely lock away the root user credentials and use them to perform only a few accounts and service management tasks. To view the tasks that require you to sign in as the root user, see AWS Tasks That Require Root User. FTR does not require you to actively monitor root usage.;Architectural and Operational Controls;;;;Manual;MANUAL;Manual check;manual_check;manual;False;Manual check;AWS-Foundational-Technical-Review;AWS Foundational Technical Review;
aws;The AWS Foundational Technical Review (FTR) assesses an AWS Partner's solution against a specific set of Amazon Web Services (AWS) best practices around security, performance, and operational processes that are most critical for customer success. Passing the FTR is required to qualify AWS Software Partners for AWS Partner Network (APN) programs such as AWS Competency and AWS Service Ready but any AWS Partner who offers a technology solution may request a FTR review through AWS Partner Central.;;;2026-08-29 00:18:02.370487;ARC-005;An incident management plan is critical to respond, mitigate, and recover from the potential impact of security incidents. An incident management plan is a structured process for identifying, remediating, and responding in a timely matter to security incidents. An effective incident management plan must be continually iterated upon, remaining current with your cloud operations goal. For more information on developing incident management plan please see Develop incident management plans.;Architectural and Operational Controls;;;;Manual;MANUAL;Manual check;manual_check;manual;False;Manual check;AWS-Foundational-Technical-Review;AWS Foundational Technical Review;
aws;The AWS Foundational Technical Review (FTR) assesses an AWS Partner's solution against a specific set of Amazon Web Services (AWS) best practices around security, performance, and operational processes that are most critical for customer success. Passing the FTR is required to qualify AWS Software Partners for AWS Partner Network (APN) programs such as AWS Competency and AWS Service Ready but any AWS Partner who offers a technology solution may request a FTR review through AWS Partner Central.;;;2026-08-29 00:18:02.370487;ACOM-001;If an account is not managed by AWS Organizations, alternate account contacts help AWS get in contact with the appropriate personnel if needed. Configure the account’s alternate contacts to point to a group rather than an individual. For example, create separate email distribution lists for billing, operations, and security and configure these as Billing, Security, and Operations contacts in each active AWS account. This ensures that multiple people will receive AWS notifications and be able to respond, even if someone is on vacation, changes roles, or leaves the company.;Architectural and Operational Controls;;;;Manual;MANUAL;Manual check;manual_check;manual;False;Manual check;AWS-Foundational-Technical-Review;AWS Foundational Technical Review;
aws;The AWS Foundational Technical Review (FTR) assesses an AWS Partner's solution against a specific set of Amazon Web Services (AWS) best practices around security, performance, and operational processes that are most critical for customer success. Passing the FTR is required to qualify AWS Software Partners for AWS Partner Network (APN) programs such as AWS Competency and AWS Service Ready but any AWS Partner who offers a technology solution may request a FTR review through AWS Partner Central.;;;2026-08-29 00:18:02.370487;ACOM-002;Using company owned email addresses and phone numbers for contact information enables you to access them even if the individuals whom they belong to are no longer with your organization;Architectural and Operational Controls;;;;Manual;MANUAL;Manual check;manual_check;manual;False;Manual check;AWS-Foundational-Technical-Review;AWS Foundational Technical Review;
aws;The AWS Foundational Technical Review (FTR) assesses an AWS Partner's solution against a specific set of Amazon Web Services (AWS) best practices around security, performance, and operational processes that are most critical for customer success. Passing the FTR is required to qualify AWS Software Partners for AWS Partner Network (APN) programs such as AWS Competency and AWS Service Ready but any AWS Partner who offers a technology solution may request a FTR review through AWS Partner Central.;;;2026-08-29 00:18:02.370487;IAM-004;Create individual entities and give unique security credentials and permissions to each user accessing your account. With individual entities and no shared credentials, you can audit the activity of each user.;Architectural and Operational Controls;;;;Manual;MANUAL;Manual check;manual_check;manual;False;Manual check;AWS-Foundational-Technical-Review;AWS Foundational Technical Review;
aws;The AWS Foundational Technical Review (FTR) assesses an AWS Partner's solution against a specific set of Amazon Web Services (AWS) best practices around security, performance, and operational processes that are most critical for customer success. Passing the FTR is required to qualify AWS Software Partners for AWS Partner Network (APN) programs such as AWS Competency and AWS Service Ready but any AWS Partner who offers a technology solution may request a FTR review through AWS Partner Central.;;;2026-08-29 00:18:02.370487;IAM-005;Do not provision IAM users and share those credentials with people outside of your organization. Any external services that need to make AWS API calls against your account (for example, a monitoring solution that accesses your account's AWS CloudWatch metrics) must use a cross-account role. For more information, refer to Providing access to AWS accounts owned by third parties.;Architectural and Operational Controls;;;;Manual;MANUAL;Manual check;manual_check;manual;False;Manual check;AWS-Foundational-Technical-Review;AWS Foundational Technical Review;
aws;The AWS Foundational Technical Review (FTR) assesses an AWS Partner's solution against a specific set of Amazon Web Services (AWS) best practices around security, performance, and operational processes that are most critical for customer success. Passing the FTR is required to qualify AWS Software Partners for AWS Partner Network (APN) programs such as AWS Competency and AWS Service Ready but any AWS Partner who offers a technology solution may request a FTR review through AWS Partner Central.;;;2026-08-29 00:18:02.370487;IAM-007;Integrate access controls with operator and application lifecycle and your centralized federation provider and IAM. For example, remove a user’s access when they leave the organization or change roles.;Architectural and Operational Controls;;;;Manual;MANUAL;Manual check;manual_check;manual;False;Manual check;AWS-Foundational-Technical-Review;AWS Foundational Technical Review;
aws;The AWS Foundational Technical Review (FTR) assesses an AWS Partner's solution against a specific set of Amazon Web Services (AWS) best practices around security, performance, and operational processes that are most critical for customer success. Passing the FTR is required to qualify AWS Software Partners for AWS Partner Network (APN) programs such as AWS Competency and AWS Service Ready but any AWS Partner who offers a technology solution may request a FTR review through AWS Partner Central.;;;2026-08-29 00:18:02.370487;IAM-008;Auditing the identities that are configured in your identity provider and IAM helps ensure that only authorized identities have access to your workload. For example, remove people that leave the organization, and remove cross-account roles that are no longer required. Have a process in place to periodically audit permissions to the services accessed by an IAM entity. This helps you identify the policies you needto modify to remove any unused permissions. For more information, see Refining permissions in AWS using last accessed information.;Architectural and Operational Controls;;;;Manual;MANUAL;Manual check;manual_check;manual;False;Manual check;AWS-Foundational-Technical-Review;AWS Foundational Technical Review;
aws;The AWS Foundational Technical Review (FTR) assesses an AWS Partner's solution against a specific set of Amazon Web Services (AWS) best practices around security, performance, and operational processes that are most critical for customer success. Passing the FTR is required to qualify AWS Software Partners for AWS Partner Network (APN) programs such as AWS Competency and AWS Service Ready but any AWS Partner who offers a technology solution may request a FTR review through AWS Partner Central.;;;2026-08-29 00:18:02.370487;IAM-009;Ensure that all credentials used by your applications (for example, IAM access keys and database passwords) are never included in your application's source code or committed to source control in any way.;Architectural and Operational Controls;;;;Manual;MANUAL;Manual check;manual_check;manual;False;Manual check;AWS-Foundational-Technical-Review;AWS Foundational Technical Review;
aws;The AWS Foundational Technical Review (FTR) assesses an AWS Partner's solution against a specific set of Amazon Web Services (AWS) best practices around security, performance, and operational processes that are most critical for customer success. Passing the FTR is required to qualify AWS Software Partners for AWS Partner Network (APN) programs such as AWS Competency and AWS Service Ready but any AWS Partner who offers a technology solution may request a FTR review through AWS Partner Central.;;;2026-08-29 00:18:02.370487;IAM-0010;Encrypt all secrets in transit and at rest, define fine-grained access controls that only allow access to specific identities, and log access to secrets in an audit log. We recommend you use a purpose-built secret management service such as AWS Secrets Manager, AWS Systems Manager Parameter Store, or an AWS Partner solution, but internally developed solutions that meet these requirements are also acceptable.;Architectural and Operational Controls;;;;Manual;MANUAL;Manual check;manual_check;manual;False;Manual check;AWS-Foundational-Technical-Review;AWS Foundational Technical Review;
aws;The AWS Foundational Technical Review (FTR) assesses an AWS Partner's solution against a specific set of Amazon Web Services (AWS) best practices around security, performance, and operational processes that are most critical for customer success. Passing the FTR is required to qualify AWS Software Partners for AWS Partner Network (APN) programs such as AWS Competency and AWS Service Ready but any AWS Partner who offers a technology solution may request a FTR review through AWS Partner Central.;;;2026-08-29 00:18:02.370487;IAM-0011;If you are storing end user/customer credentials in a database that you manage, encrypt credentials at rest and hash passwords. As an alternative, AWS recommends using a user-identity synchronization service, such as Amazon Cognito or an equivalent AWS Partner solution.;Architectural and Operational Controls;;;;Manual;MANUAL;Manual check;manual_check;manual;False;Manual check;AWS-Foundational-Technical-Review;AWS Foundational Technical Review;
aws;The AWS Foundational Technical Review (FTR) assesses an AWS Partner's solution against a specific set of Amazon Web Services (AWS) best practices around security, performance, and operational processes that are most critical for customer success. Passing the FTR is required to qualify AWS Software Partners for AWS Partner Network (APN) programs such as AWS Competency and AWS Service Ready but any AWS Partner who offers a technology solution may request a FTR review through AWS Partner Central.;;;2026-08-29 00:18:02.370487;BAR-002;To confirm that your backup process meets your recovery time objectives (RTO) and recovery point objectives (RPO), run a recovery test on a regular schedule and after making significant changes to your cloud environment. For more information, refer to Getting Started - Backup and Restore with AWS.;Architectural and Operational Controls;;;;Manual;MANUAL;Manual check;manual_check;manual;False;Manual check;AWS-Foundational-Technical-Review;AWS Foundational Technical Review;
aws;The AWS Foundational Technical Review (FTR) assesses an AWS Partner's solution against a specific set of Amazon Web Services (AWS) best practices around security, performance, and operational processes that are most critical for customer success. Passing the FTR is required to qualify AWS Software Partners for AWS Partner Network (APN) programs such as AWS Competency and AWS Service Ready but any AWS Partner who offers a technology solution may request a FTR review through AWS Partner Central.;;;2026-08-29 00:18:02.370487;RES-001;To confirm that your backup process meets your recovery time objectives (RTO) and recovery point objectives (RPO), run a recovery test on a regular schedule and after making significant changes to your cloud environment. For more information, refer to Getting Started - Backup and Restore with AWS.;Architectural and Operational Controls;;;;Manual;MANUAL;Manual check;manual_check;manual;False;Manual check;AWS-Foundational-Technical-Review;AWS Foundational Technical Review;
aws;The AWS Foundational Technical Review (FTR) assesses an AWS Partner's solution against a specific set of Amazon Web Services (AWS) best practices around security, performance, and operational processes that are most critical for customer success. Passing the FTR is required to qualify AWS Software Partners for AWS Partner Network (APN) programs such as AWS Competency and AWS Service Ready but any AWS Partner who offers a technology solution may request a FTR review through AWS Partner Central.;;;2026-08-29 00:18:02.370487;RES-002;Define an RTO that meets your organization’s needs and expectations. RTO is the maximum acceptable delay your organization will accept between the interruption and restoration of service.;Architectural and Operational Controls;;;;Manual;MANUAL;Manual check;manual_check;manual;False;Manual check;AWS-Foundational-Technical-Review;AWS Foundational Technical Review;
aws;The AWS Foundational Technical Review (FTR) assesses an AWS Partner's solution against a specific set of Amazon Web Services (AWS) best practices around security, performance, and operational processes that are most critical for customer success. Passing the FTR is required to qualify AWS Software Partners for AWS Partner Network (APN) programs such as AWS Competency and AWS Service Ready but any AWS Partner who offers a technology solution may request a FTR review through AWS Partner Central.;;;2026-08-29 00:18:02.370487;RES-004;Test resiliency to ensure that RTO and RPO are met, both periodically (minimum every 12 months) and after major updates. The resiliency test must include accidental data loss, instance failures, and Availability Zone (AZ) failures. At least one resilience test that meets RTO and RPO requirements must be completed prior to FTR approval. You can use AWS Resilience Hub to test and verify your workloads to see if it meets its resilience target. AWS Resilience Hub works with AWS Fault Injection Service (AWS FIS) , a chaos engineering service, to provide fault-injection simulations of real-world failures to validate the application recovers within the resilience targets you defined. AWS Resilience Hub also provides API operations for you to integrate its resilience assessment and testing into your CI/CD pipelines for ongoing resilience validation. Including resilience validation in CI/CD pipelines helps make sure that changes to the workload’s underlying infrastructure don't compromise resilience.;Architectural and Operational Controls;;;;Manual;MANUAL;Manual check;manual_check;manual;False;Manual check;AWS-Foundational-Technical-Review;AWS Foundational Technical Review;
aws;The AWS Foundational Technical Review (FTR) assesses an AWS Partner's solution against a specific set of Amazon Web Services (AWS) best practices around security, performance, and operational processes that are most critical for customer success. Passing the FTR is required to qualify AWS Software Partners for AWS Partner Network (APN) programs such as AWS Competency and AWS Service Ready but any AWS Partner who offers a technology solution may request a FTR review through AWS Partner Central.;;;2026-08-29 00:18:02.370487;RES-005;Clearly define your customers’ responsibility for backup, recovery, and availability. At a minimum, your product documentation or customer agreements should cover the following: Responsibility the customer has for backing up the data stored in your solution. Instructions for backing up data or configuring optional features in your product for data protection, if applicable. Options customers have for configuring the availability of your product.;Architectural and Operational Controls;;;;Manual;MANUAL;Manual check;manual_check;manual;False;Manual check;AWS-Foundational-Technical-Review;AWS Foundational Technical Review;
aws;The AWS Foundational Technical Review (FTR) assesses an AWS Partner's solution against a specific set of Amazon Web Services (AWS) best practices around security, performance, and operational processes that are most critical for customer success. Passing the FTR is required to qualify AWS Software Partners for AWS Partner Network (APN) programs such as AWS Competency and AWS Service Ready but any AWS Partner who offers a technology solution may request a FTR review through AWS Partner Central.;;;2026-08-29 00:18:02.370487;RES-006;If you publish or privately agree to availability targets or uptime SLAs, ensure that your architecture and operational processes are designed to support them. Additionally, provide clear guidance to customers on any configuration required to achieve the targets or SLAs.;Architectural and Operational Controls;;;;Manual;MANUAL;Manual check;manual_check;manual;False;Manual check;AWS-Foundational-Technical-Review;AWS Foundational Technical Review;
aws;The AWS Foundational Technical Review (FTR) assesses an AWS Partner's solution against a specific set of Amazon Web Services (AWS) best practices around security, performance, and operational processes that are most critical for customer success. Passing the FTR is required to qualify AWS Software Partners for AWS Partner Network (APN) programs such as AWS Competency and AWS Service Ready but any AWS Partner who offers a technology solution may request a FTR review through AWS Partner Central.;;;2026-08-29 00:18:02.370487;RES-007;Establish a plan for communicating information about system outages to your customers both during and after incidents. Your communication should not include any data that was provided by AWS under a non-disclosure agreement (NDA).;Architectural and Operational Controls;;;;Manual;MANUAL;Manual check;manual_check;manual;False;Manual check;AWS-Foundational-Technical-Review;AWS Foundational Technical Review;
aws;The AWS Foundational Technical Review (FTR) assesses an AWS Partner's solution against a specific set of Amazon Web Services (AWS) best practices around security, performance, and operational processes that are most critical for customer success. Passing the FTR is required to qualify AWS Software Partners for AWS Partner Network (APN) programs such as AWS Competency and AWS Service Ready but any AWS Partner who offers a technology solution may request a FTR review through AWS Partner Central.;;;2026-08-29 00:18:02.370487;CAA-001;Cross-account roles reduce the amount of sensitive information AWS Partners need to store for their customers.;Architectural and Operational Controls;;;;Manual;MANUAL;Manual check;manual_check;manual;False;Manual check;AWS-Foundational-Technical-Review;AWS Foundational Technical Review;
aws;The AWS Foundational Technical Review (FTR) assesses an AWS Partner's solution against a specific set of Amazon Web Services (AWS) best practices around security, performance, and operational processes that are most critical for customer success. Passing the FTR is required to qualify AWS Software Partners for AWS Partner Network (APN) programs such as AWS Competency and AWS Service Ready but any AWS Partner who offers a technology solution may request a FTR review through AWS Partner Central.;;;2026-08-29 00:18:02.370487;CAA-007;The policy created for cross-account access in customer accounts must follow the principle of least privilege. The AWS Partner must provide a role-policy document or an automated setup mechanism (for example, an AWS CloudFormation template) for the customers to use to ensure that the roles are created with minimum required privileges. For more information, refer to the AWS Partner Network (APN) blog posts.;Architectural and Operational Controls;;;;Manual;MANUAL;Manual check;manual_check;manual;False;Manual check;AWS-Foundational-Technical-Review;AWS Foundational Technical Review;
aws;The AWS Foundational Technical Review (FTR) assesses an AWS Partner's solution against a specific set of Amazon Web Services (AWS) best practices around security, performance, and operational processes that are most critical for customer success. Passing the FTR is required to qualify AWS Software Partners for AWS Partner Network (APN) programs such as AWS Competency and AWS Service Ready but any AWS Partner who offers a technology solution may request a FTR review through AWS Partner Central.;;;2026-08-29 00:18:02.370487;CAA-002;An external ID allows the user that is assuming the role to assert the circumstances in which they are operating. It also provides a way for the account owner to permit the role to be assumed only under specific circumstances. The primary function of the external ID is to address and prevent the confused deputy problem.;Architectural and Operational Controls;;;;Manual;MANUAL;Manual check;manual_check;manual;False;Manual check;AWS-Foundational-Technical-Review;AWS Foundational Technical Review;
aws;The AWS Foundational Technical Review (FTR) assesses an AWS Partner's solution against a specific set of Amazon Web Services (AWS) best practices around security, performance, and operational processes that are most critical for customer success. Passing the FTR is required to qualify AWS Software Partners for AWS Partner Network (APN) programs such as AWS Competency and AWS Service Ready but any AWS Partner who offers a technology solution may request a FTR review through AWS Partner Central.;;;2026-08-29 00:18:02.370487;CAA-004;When configuring cross-account access using IAM roles, you must use a value you generate for the external ID, instead of one provided by the customer, to ensure the integrity of the cross-account role configuration. A partner-generated external ID ensures that malicious parties cannot impersonate a customer's configuration and enforces uniqueness and format consistency across all customers. If you are not generating an external ID today we recommend implementing a process that generates a random unique value (such as a Universally Unique Identifier) for the external ID that a customer uses to set up a cross-account role.;Architectural and Operational Controls;;;;Manual;MANUAL;Manual check;manual_check;manual;False;Manual check;AWS-Foundational-Technical-Review;AWS Foundational Technical Review;
aws;The AWS Foundational Technical Review (FTR) assesses an AWS Partner's solution against a specific set of Amazon Web Services (AWS) best practices around security, performance, and operational processes that are most critical for customer success. Passing the FTR is required to qualify AWS Software Partners for AWS Partner Network (APN) programs such as AWS Competency and AWS Service Ready but any AWS Partner who offers a technology solution may request a FTR review through AWS Partner Central.;;;2026-08-29 00:18:02.370487;CAA-005;The external IDs used must be unique across all customers. Re-using external IDs for different customers does not solve the confused deputy problem and runs the risk of customer A being able to view data of customer B by using the role ARN and the external ID of customer B. To resolve this, we recommend implementing a process that ensures a random unique value, such as a Universally Unique Identifier, is generated for the external ID that a customer would use to setup a cross account role.;Architectural and Operational Controls;;;;Manual;MANUAL;Manual check;manual_check;manual;False;Manual check;AWS-Foundational-Technical-Review;AWS Foundational Technical Review;
aws;The AWS Foundational Technical Review (FTR) assesses an AWS Partner's solution against a specific set of Amazon Web Services (AWS) best practices around security, performance, and operational processes that are most critical for customer success. Passing the FTR is required to qualify AWS Software Partners for AWS Partner Network (APN) programs such as AWS Competency and AWS Service Ready but any AWS Partner who offers a technology solution may request a FTR review through AWS Partner Central.;;;2026-08-29 00:18:02.370487;CAA-006;Customers must not be able to set or influence external IDs. When the external ID is editable, it is possible for one customer to impersonate the configuration of another. For example, when the external ID is editable, customer A can create a cross account role setup using customer B’s role ARN and external ID, granting customer A access to customer B’s data. Remediation of this item involves making the external ID a view-only field, ensuring that the external ID cannot be changed to impersonate the setup of another customer.;Architectural and Operational Controls;;;;Manual;MANUAL;Manual check;manual_check;manual;False;Manual check;AWS-Foundational-Technical-Review;AWS Foundational Technical Review;
aws;The AWS Foundational Technical Review (FTR) assesses an AWS Partner's solution against a specific set of Amazon Web Services (AWS) best practices around security, performance, and operational processes that are most critical for customer success. Passing the FTR is required to qualify AWS Software Partners for AWS Partner Network (APN) programs such as AWS Competency and AWS Service Ready but any AWS Partner who offers a technology solution may request a FTR review through AWS Partner Central.;;;2026-08-29 00:18:02.370487;CAA-003;If your application provides legacy support for the use of static IAM credentials for cross-account access, the application's user interface and customer documentation must make it clear that this method is deprecated. Existing customers should be encouraged to switch to cross-account role based-access, and collection of credentials should be disabled for new customers.;Architectural and Operational Controls;;;;Manual;MANUAL;Manual check;manual_check;manual;False;Manual check;AWS-Foundational-Technical-Review;AWS Foundational Technical Review;
aws;The AWS Foundational Technical Review (FTR) assesses an AWS Partner's solution against a specific set of Amazon Web Services (AWS) best practices around security, performance, and operational processes that are most critical for customer success. Passing the FTR is required to qualify AWS Software Partners for AWS Partner Network (APN) programs such as AWS Competency and AWS Service Ready but any AWS Partner who offers a technology solution may request a FTR review through AWS Partner Central.;;;2026-08-29 00:18:02.370487;SDAT-001;Data classification enables you to determine which data needs to be protected and how. Based on the workload and the data it processes, identify the data that is not common public knowledge.;Architectural and Operational Controls;;;;Manual;MANUAL;Manual check;manual_check;manual;False;Manual check;AWS-Foundational-Technical-Review;AWS Foundational Technical Review;
aws;The AWS Foundational Technical Review (FTR) assesses an AWS Partner's solution against a specific set of Amazon Web Services (AWS) best practices around security, performance, and operational processes that are most critical for customer success. Passing the FTR is required to qualify AWS Software Partners for AWS Partner Network (APN) programs such as AWS Competency and AWS Service Ready but any AWS Partner who offers a technology solution may request a FTR review through AWS Partner Central.;;;2026-08-29 00:18:02.370487;SDAT-003;Encryption maintains data confidentiality even when the network through which it is transmitted becomes compromised.;Architectural and Operational Controls;;;;Manual;MANUAL;Manual check;manual_check;manual;False;Manual check;AWS-Foundational-Technical-Review;AWS Foundational Technical Review;
aws;The AWS Foundational Technical Review (FTR) assesses an AWS Partner's solution against a specific set of Amazon Web Services (AWS) best practices around security, performance, and operational processes that are most critical for customer success. Passing the FTR is required to qualify AWS Software Partners for AWS Partner Network (APN) programs such as AWS Competency and AWS Service Ready but any AWS Partner who offers a technology solution may request a FTR review through AWS Partner Central.;;;2026-08-29 00:18:02.370487;RCVP-001;If you advertise that your product meets specific compliance standards, you must have an internal process for ensuring compliance. Examples of compliance standards include Payment Card Industry Data Security Standard (PCI DSS) PCI DSS, Federal Risk and Authorization Management Program (FedRAMP)FedRAMP, and U.S. Health Insurance Portability and Accountability Act (HIPAA)HIPAA. Applicable compliance standards are determined by various factors, such as what types of data the solution stores or transmits and which geographic regions the solution supports.;Architectural and Operational Controls;;;;Manual;MANUAL;Manual check;manual_check;manual;False;Manual check;AWS-Foundational-Technical-Review;AWS Foundational Technical Review;
