PROVIDER;DESCRIPTION;ACCOUNTID;REGION;ASSESSMENTDATE;REQUIREMENTS_ID;REQUIREMENTS_DESCRIPTION;REQUIREMENTS_ATTRIBUTES_SECTION;REQUIREMENTS_ATTRIBUTES_SUBSECTION;REQUIREMENTS_ATTRIBUTES_SUBGROUP;REQUIREMENTS_ATTRIBUTES_SERVICE;REQUIREMENTS_ATTRIBUTES_TYPE;STATUS;STATUSEXTENDED;RESOURCEID;CHECKID;MUTED;RESOURCENAME;FRAMEWORK;NAME;REQUIREMENTS_ATTRIBUTES_COMMENT
aws;The General Data Protection Regulation (GDPR) is a new European privacy law that became enforceable on May 25, 2018. The GDPR replaces the EU Data Protection Directive, also known as Directive 95/46/EC. It's intended to harmonize data protection laws throughout the European Union (EU). It does this by applying a single data protection law that's binding throughout each EU member state.;<SANDBOX_ACCOUNT_ID>;ap-southeast-7;2026-08-29 00:18:02.370487;article_25;To obtain the latest version of the official guide, please visit https://gdpr-info.eu/art-25-gdpr/. Taking into account the state of the art, the cost of implementation and the nature, scope, context and purposes of processing as well as the risks of varying likelihood and severity for rights and freedoms of natural persons posed by the processing, the controller shall, both at the time of the determination of the means for processing and at the time of the processing itself, implement appropriate technical and organisational measures, such as pseudonymisation, which are designed to implement data-protection principles, such as data minimisation, in an effective manner and to integrate the necessary safeguards into the processing in order to meet the requirements of this Regulation and protect the rights of data subjects. The controller shall implement appropriate technical and organisational measures for ensuring that, by default, only personal data which are necessary for each specific purpose of the processing are processed. That obligation applies to the amount of personal data collected, the extent of their processing, the period of their storage and their accessibility. In particular, such measures shall ensure that by default personal data are not made accessible without the individual's intervention to an indefinite number of natural persons. An approved certification mechanism pursuant to Article 42 may be used as an element to demonstrate compliance with the requirements set out in paragraphs 1 and 2 of this Article.;Article 25 Data protection by design and by default;;;aws;;FAIL;Multiregion trail lz-org-trail has not been logging in the last 24h or is not configured to deliver logs.;arn:aws:cloudtrail:ap-southeast-7:<MANAGEMENT_ACCOUNT_ID>:trail/lz-org-trail;cloudtrail_cloudwatch_logging_enabled;False;lz-org-trail;GDPR;GDPR compliance framework;
aws;The General Data Protection Regulation (GDPR) is a new European privacy law that became enforceable on May 25, 2018. The GDPR replaces the EU Data Protection Directive, also known as Directive 95/46/EC. It's intended to harmonize data protection laws throughout the European Union (EU). It does this by applying a single data protection law that's binding throughout each EU member state.;<SANDBOX_ACCOUNT_ID>;ap-southeast-7;2026-08-29 00:18:02.370487;article_30; To obtain the latest version of the official guide, please visit https://www.privacy-regulation.eu/en/article-30-records-of-processing-activities-GDPR.htm. Each controller and, where applicable, the controller's representative, shall maintain a record of processing activities under its responsibility. That record shall contain all of the following information like the name and contact details of the controller and where applicable, the joint controller, the controller's representative and the data protection officer, the purposes of the processing etc. Each processor and where applicable, the processor's representative shall maintain a record of all categories of processing activities carried out on behalf of a controller, containing the name and contact details of the processor or processors and of each controller on behalf of which the processor is acting, and, where applicable of the controller's or the processor's representative, and the data protection officer, where applicable, transfers of personal data to a third country or an international organisation, including the identification of that third country or international organisation and, in the case of transfers referred to in the second subparagraph of Article 49(1), the documentation of suitable safeguards. The records referred to in paragraphs 1 and 2 shall be in writing, including in electronic form. The controller or the processor and, where applicable, the controller's or the processor's representative, shall make the record available to the supervisory authority on request. The obligations referred to in paragraphs 1 and 2 shall not apply to an enterprise or an organisation employing fewer than 250 persons unless the processing it carries out is likely to result in a risk to the rights and freedoms of data subjects, the processing is not occasional, or the processing includes special categories of data as referred to in Article 9(1) or personal data relating to criminal convictions and offences referred to in Article 10.;Article 30 Records of processing activities;;;aws;;FAIL;Multiregion trail lz-org-trail has not been logging in the last 24h or is not configured to deliver logs.;arn:aws:cloudtrail:ap-southeast-7:<MANAGEMENT_ACCOUNT_ID>:trail/lz-org-trail;cloudtrail_cloudwatch_logging_enabled;False;lz-org-trail;GDPR;GDPR compliance framework;
aws;The General Data Protection Regulation (GDPR) is a new European privacy law that became enforceable on May 25, 2018. The GDPR replaces the EU Data Protection Directive, also known as Directive 95/46/EC. It's intended to harmonize data protection laws throughout the European Union (EU). It does this by applying a single data protection law that's binding throughout each EU member state.;<SANDBOX_ACCOUNT_ID>;ap-southeast-7;2026-08-29 00:18:02.370487;article_25;To obtain the latest version of the official guide, please visit https://gdpr-info.eu/art-25-gdpr/. Taking into account the state of the art, the cost of implementation and the nature, scope, context and purposes of processing as well as the risks of varying likelihood and severity for rights and freedoms of natural persons posed by the processing, the controller shall, both at the time of the determination of the means for processing and at the time of the processing itself, implement appropriate technical and organisational measures, such as pseudonymisation, which are designed to implement data-protection principles, such as data minimisation, in an effective manner and to integrate the necessary safeguards into the processing in order to meet the requirements of this Regulation and protect the rights of data subjects. The controller shall implement appropriate technical and organisational measures for ensuring that, by default, only personal data which are necessary for each specific purpose of the processing are processed. That obligation applies to the amount of personal data collected, the extent of their processing, the period of their storage and their accessibility. In particular, such measures shall ensure that by default personal data are not made accessible without the individual's intervention to an indefinite number of natural persons. An approved certification mechanism pursuant to Article 42 may be used as an element to demonstrate compliance with the requirements set out in paragraphs 1 and 2 of this Article.;Article 25 Data protection by design and by default;;;aws;;PASS;Multiregion trail range-trail has been logging in the last 24h.;arn:aws:cloudtrail:ap-southeast-7:<SANDBOX_ACCOUNT_ID>:trail/range-trail;cloudtrail_cloudwatch_logging_enabled;False;range-trail;GDPR;GDPR compliance framework;
aws;The General Data Protection Regulation (GDPR) is a new European privacy law that became enforceable on May 25, 2018. The GDPR replaces the EU Data Protection Directive, also known as Directive 95/46/EC. It's intended to harmonize data protection laws throughout the European Union (EU). It does this by applying a single data protection law that's binding throughout each EU member state.;<SANDBOX_ACCOUNT_ID>;ap-southeast-7;2026-08-29 00:18:02.370487;article_30; To obtain the latest version of the official guide, please visit https://www.privacy-regulation.eu/en/article-30-records-of-processing-activities-GDPR.htm. Each controller and, where applicable, the controller's representative, shall maintain a record of processing activities under its responsibility. That record shall contain all of the following information like the name and contact details of the controller and where applicable, the joint controller, the controller's representative and the data protection officer, the purposes of the processing etc. Each processor and where applicable, the processor's representative shall maintain a record of all categories of processing activities carried out on behalf of a controller, containing the name and contact details of the processor or processors and of each controller on behalf of which the processor is acting, and, where applicable of the controller's or the processor's representative, and the data protection officer, where applicable, transfers of personal data to a third country or an international organisation, including the identification of that third country or international organisation and, in the case of transfers referred to in the second subparagraph of Article 49(1), the documentation of suitable safeguards. The records referred to in paragraphs 1 and 2 shall be in writing, including in electronic form. The controller or the processor and, where applicable, the controller's or the processor's representative, shall make the record available to the supervisory authority on request. The obligations referred to in paragraphs 1 and 2 shall not apply to an enterprise or an organisation employing fewer than 250 persons unless the processing it carries out is likely to result in a risk to the rights and freedoms of data subjects, the processing is not occasional, or the processing includes special categories of data as referred to in Article 9(1) or personal data relating to criminal convictions and offences referred to in Article 10.;Article 30 Records of processing activities;;;aws;;PASS;Multiregion trail range-trail has been logging in the last 24h.;arn:aws:cloudtrail:ap-southeast-7:<SANDBOX_ACCOUNT_ID>:trail/range-trail;cloudtrail_cloudwatch_logging_enabled;False;range-trail;GDPR;GDPR compliance framework;
aws;The General Data Protection Regulation (GDPR) is a new European privacy law that became enforceable on May 25, 2018. The GDPR replaces the EU Data Protection Directive, also known as Directive 95/46/EC. It's intended to harmonize data protection laws throughout the European Union (EU). It does this by applying a single data protection law that's binding throughout each EU member state.;<SANDBOX_ACCOUNT_ID>;ap-southeast-7;2026-08-29 00:18:02.370487;article_25;To obtain the latest version of the official guide, please visit https://gdpr-info.eu/art-25-gdpr/. Taking into account the state of the art, the cost of implementation and the nature, scope, context and purposes of processing as well as the risks of varying likelihood and severity for rights and freedoms of natural persons posed by the processing, the controller shall, both at the time of the determination of the means for processing and at the time of the processing itself, implement appropriate technical and organisational measures, such as pseudonymisation, which are designed to implement data-protection principles, such as data minimisation, in an effective manner and to integrate the necessary safeguards into the processing in order to meet the requirements of this Regulation and protect the rights of data subjects. The controller shall implement appropriate technical and organisational measures for ensuring that, by default, only personal data which are necessary for each specific purpose of the processing are processed. That obligation applies to the amount of personal data collected, the extent of their processing, the period of their storage and their accessibility. In particular, such measures shall ensure that by default personal data are not made accessible without the individual's intervention to an indefinite number of natural persons. An approved certification mechanism pursuant to Article 42 may be used as an element to demonstrate compliance with the requirements set out in paragraphs 1 and 2 of this Article.;Article 25 Data protection by design and by default;;;aws;;FAIL;Single region trail stratus-red-team-ct-stop-trail-arzkiholin has not been logging in the last 24h or is not configured to deliver logs.;arn:aws:cloudtrail:ap-southeast-7:<SANDBOX_ACCOUNT_ID>:trail/stratus-red-team-ct-stop-trail-arzkiholin;cloudtrail_cloudwatch_logging_enabled;False;stratus-red-team-ct-stop-trail-arzkiholin;GDPR;GDPR compliance framework;
aws;The General Data Protection Regulation (GDPR) is a new European privacy law that became enforceable on May 25, 2018. The GDPR replaces the EU Data Protection Directive, also known as Directive 95/46/EC. It's intended to harmonize data protection laws throughout the European Union (EU). It does this by applying a single data protection law that's binding throughout each EU member state.;<SANDBOX_ACCOUNT_ID>;ap-southeast-7;2026-08-29 00:18:02.370487;article_30; To obtain the latest version of the official guide, please visit https://www.privacy-regulation.eu/en/article-30-records-of-processing-activities-GDPR.htm. Each controller and, where applicable, the controller's representative, shall maintain a record of processing activities under its responsibility. That record shall contain all of the following information like the name and contact details of the controller and where applicable, the joint controller, the controller's representative and the data protection officer, the purposes of the processing etc. Each processor and where applicable, the processor's representative shall maintain a record of all categories of processing activities carried out on behalf of a controller, containing the name and contact details of the processor or processors and of each controller on behalf of which the processor is acting, and, where applicable of the controller's or the processor's representative, and the data protection officer, where applicable, transfers of personal data to a third country or an international organisation, including the identification of that third country or international organisation and, in the case of transfers referred to in the second subparagraph of Article 49(1), the documentation of suitable safeguards. The records referred to in paragraphs 1 and 2 shall be in writing, including in electronic form. The controller or the processor and, where applicable, the controller's or the processor's representative, shall make the record available to the supervisory authority on request. The obligations referred to in paragraphs 1 and 2 shall not apply to an enterprise or an organisation employing fewer than 250 persons unless the processing it carries out is likely to result in a risk to the rights and freedoms of data subjects, the processing is not occasional, or the processing includes special categories of data as referred to in Article 9(1) or personal data relating to criminal convictions and offences referred to in Article 10.;Article 30 Records of processing activities;;;aws;;FAIL;Single region trail stratus-red-team-ct-stop-trail-arzkiholin has not been logging in the last 24h or is not configured to deliver logs.;arn:aws:cloudtrail:ap-southeast-7:<SANDBOX_ACCOUNT_ID>:trail/stratus-red-team-ct-stop-trail-arzkiholin;cloudtrail_cloudwatch_logging_enabled;False;stratus-red-team-ct-stop-trail-arzkiholin;GDPR;GDPR compliance framework;
aws;The General Data Protection Regulation (GDPR) is a new European privacy law that became enforceable on May 25, 2018. The GDPR replaces the EU Data Protection Directive, also known as Directive 95/46/EC. It's intended to harmonize data protection laws throughout the European Union (EU). It does this by applying a single data protection law that's binding throughout each EU member state.;<SANDBOX_ACCOUNT_ID>;ap-southeast-7;2026-08-29 00:18:02.370487;article_25;To obtain the latest version of the official guide, please visit https://gdpr-info.eu/art-25-gdpr/. Taking into account the state of the art, the cost of implementation and the nature, scope, context and purposes of processing as well as the risks of varying likelihood and severity for rights and freedoms of natural persons posed by the processing, the controller shall, both at the time of the determination of the means for processing and at the time of the processing itself, implement appropriate technical and organisational measures, such as pseudonymisation, which are designed to implement data-protection principles, such as data minimisation, in an effective manner and to integrate the necessary safeguards into the processing in order to meet the requirements of this Regulation and protect the rights of data subjects. The controller shall implement appropriate technical and organisational measures for ensuring that, by default, only personal data which are necessary for each specific purpose of the processing are processed. That obligation applies to the amount of personal data collected, the extent of their processing, the period of their storage and their accessibility. In particular, such measures shall ensure that by default personal data are not made accessible without the individual's intervention to an indefinite number of natural persons. An approved certification mechanism pursuant to Article 42 may be used as an element to demonstrate compliance with the requirements set out in paragraphs 1 and 2 of this Article.;Article 25 Data protection by design and by default;;;aws;;FAIL;Multiregion trail lz-org-trail has encryption disabled.;arn:aws:cloudtrail:ap-southeast-7:<MANAGEMENT_ACCOUNT_ID>:trail/lz-org-trail;cloudtrail_kms_encryption_enabled;False;lz-org-trail;GDPR;GDPR compliance framework;
aws;The General Data Protection Regulation (GDPR) is a new European privacy law that became enforceable on May 25, 2018. The GDPR replaces the EU Data Protection Directive, also known as Directive 95/46/EC. It's intended to harmonize data protection laws throughout the European Union (EU). It does this by applying a single data protection law that's binding throughout each EU member state.;<SANDBOX_ACCOUNT_ID>;ap-southeast-7;2026-08-29 00:18:02.370487;article_30; To obtain the latest version of the official guide, please visit https://www.privacy-regulation.eu/en/article-30-records-of-processing-activities-GDPR.htm. Each controller and, where applicable, the controller's representative, shall maintain a record of processing activities under its responsibility. That record shall contain all of the following information like the name and contact details of the controller and where applicable, the joint controller, the controller's representative and the data protection officer, the purposes of the processing etc. Each processor and where applicable, the processor's representative shall maintain a record of all categories of processing activities carried out on behalf of a controller, containing the name and contact details of the processor or processors and of each controller on behalf of which the processor is acting, and, where applicable of the controller's or the processor's representative, and the data protection officer, where applicable, transfers of personal data to a third country or an international organisation, including the identification of that third country or international organisation and, in the case of transfers referred to in the second subparagraph of Article 49(1), the documentation of suitable safeguards. The records referred to in paragraphs 1 and 2 shall be in writing, including in electronic form. The controller or the processor and, where applicable, the controller's or the processor's representative, shall make the record available to the supervisory authority on request. The obligations referred to in paragraphs 1 and 2 shall not apply to an enterprise or an organisation employing fewer than 250 persons unless the processing it carries out is likely to result in a risk to the rights and freedoms of data subjects, the processing is not occasional, or the processing includes special categories of data as referred to in Article 9(1) or personal data relating to criminal convictions and offences referred to in Article 10.;Article 30 Records of processing activities;;;aws;;FAIL;Multiregion trail lz-org-trail has encryption disabled.;arn:aws:cloudtrail:ap-southeast-7:<MANAGEMENT_ACCOUNT_ID>:trail/lz-org-trail;cloudtrail_kms_encryption_enabled;False;lz-org-trail;GDPR;GDPR compliance framework;
aws;The General Data Protection Regulation (GDPR) is a new European privacy law that became enforceable on May 25, 2018. The GDPR replaces the EU Data Protection Directive, also known as Directive 95/46/EC. It's intended to harmonize data protection laws throughout the European Union (EU). It does this by applying a single data protection law that's binding throughout each EU member state.;<SANDBOX_ACCOUNT_ID>;ap-southeast-7;2026-08-29 00:18:02.370487;article_32; To obtain the latest version of the official guide, please visit https://gdpr-info.eu/art-32-gdpr/. Taking into account the state of the art, the costs of implementation and the nature, scope, context and purposes of processing as well as the risk of varying likelihood and severity for the rights and freedoms of natural persons, the controller and the processor shall implement appropriate technical and organisational measures to ensure a level of security appropriate to the risk, including inter alia as appropriate. In assessing the appropriate level of security account shall be taken in particular of the risks that are presented by processing, in particular from accidental or unlawful destruction, loss, alteration, unauthorised disclosure of, or access to personal data transmitted, stored or otherwise processed. Adherence to an approved code of conduct as referred to in Article 40 or an approved certification mechanism as referred to in Article 42 may be used as an element by which to demonstrate compliance with the requirements set out in paragraph 1 of this Article. The controller and processor shall take steps to ensure that any natural person acting under the authority of the controller or the processor who has access to personal data does not process them except on instructions from the controller, unless he or she is required to do so by Union or Member State law.;Article 32 Security of processing;;;aws;;FAIL;Multiregion trail lz-org-trail has encryption disabled.;arn:aws:cloudtrail:ap-southeast-7:<MANAGEMENT_ACCOUNT_ID>:trail/lz-org-trail;cloudtrail_kms_encryption_enabled;False;lz-org-trail;GDPR;GDPR compliance framework;
aws;The General Data Protection Regulation (GDPR) is a new European privacy law that became enforceable on May 25, 2018. The GDPR replaces the EU Data Protection Directive, also known as Directive 95/46/EC. It's intended to harmonize data protection laws throughout the European Union (EU). It does this by applying a single data protection law that's binding throughout each EU member state.;<SANDBOX_ACCOUNT_ID>;ap-southeast-7;2026-08-29 00:18:02.370487;article_25;To obtain the latest version of the official guide, please visit https://gdpr-info.eu/art-25-gdpr/. Taking into account the state of the art, the cost of implementation and the nature, scope, context and purposes of processing as well as the risks of varying likelihood and severity for rights and freedoms of natural persons posed by the processing, the controller shall, both at the time of the determination of the means for processing and at the time of the processing itself, implement appropriate technical and organisational measures, such as pseudonymisation, which are designed to implement data-protection principles, such as data minimisation, in an effective manner and to integrate the necessary safeguards into the processing in order to meet the requirements of this Regulation and protect the rights of data subjects. The controller shall implement appropriate technical and organisational measures for ensuring that, by default, only personal data which are necessary for each specific purpose of the processing are processed. That obligation applies to the amount of personal data collected, the extent of their processing, the period of their storage and their accessibility. In particular, such measures shall ensure that by default personal data are not made accessible without the individual's intervention to an indefinite number of natural persons. An approved certification mechanism pursuant to Article 42 may be used as an element to demonstrate compliance with the requirements set out in paragraphs 1 and 2 of this Article.;Article 25 Data protection by design and by default;;;aws;;FAIL;Multiregion trail range-trail has encryption disabled.;arn:aws:cloudtrail:ap-southeast-7:<SANDBOX_ACCOUNT_ID>:trail/range-trail;cloudtrail_kms_encryption_enabled;False;range-trail;GDPR;GDPR compliance framework;
aws;The General Data Protection Regulation (GDPR) is a new European privacy law that became enforceable on May 25, 2018. The GDPR replaces the EU Data Protection Directive, also known as Directive 95/46/EC. It's intended to harmonize data protection laws throughout the European Union (EU). It does this by applying a single data protection law that's binding throughout each EU member state.;<SANDBOX_ACCOUNT_ID>;ap-southeast-7;2026-08-29 00:18:02.370487;article_30; To obtain the latest version of the official guide, please visit https://www.privacy-regulation.eu/en/article-30-records-of-processing-activities-GDPR.htm. Each controller and, where applicable, the controller's representative, shall maintain a record of processing activities under its responsibility. That record shall contain all of the following information like the name and contact details of the controller and where applicable, the joint controller, the controller's representative and the data protection officer, the purposes of the processing etc. Each processor and where applicable, the processor's representative shall maintain a record of all categories of processing activities carried out on behalf of a controller, containing the name and contact details of the processor or processors and of each controller on behalf of which the processor is acting, and, where applicable of the controller's or the processor's representative, and the data protection officer, where applicable, transfers of personal data to a third country or an international organisation, including the identification of that third country or international organisation and, in the case of transfers referred to in the second subparagraph of Article 49(1), the documentation of suitable safeguards. The records referred to in paragraphs 1 and 2 shall be in writing, including in electronic form. The controller or the processor and, where applicable, the controller's or the processor's representative, shall make the record available to the supervisory authority on request. The obligations referred to in paragraphs 1 and 2 shall not apply to an enterprise or an organisation employing fewer than 250 persons unless the processing it carries out is likely to result in a risk to the rights and freedoms of data subjects, the processing is not occasional, or the processing includes special categories of data as referred to in Article 9(1) or personal data relating to criminal convictions and offences referred to in Article 10.;Article 30 Records of processing activities;;;aws;;FAIL;Multiregion trail range-trail has encryption disabled.;arn:aws:cloudtrail:ap-southeast-7:<SANDBOX_ACCOUNT_ID>:trail/range-trail;cloudtrail_kms_encryption_enabled;False;range-trail;GDPR;GDPR compliance framework;
aws;The General Data Protection Regulation (GDPR) is a new European privacy law that became enforceable on May 25, 2018. The GDPR replaces the EU Data Protection Directive, also known as Directive 95/46/EC. It's intended to harmonize data protection laws throughout the European Union (EU). It does this by applying a single data protection law that's binding throughout each EU member state.;<SANDBOX_ACCOUNT_ID>;ap-southeast-7;2026-08-29 00:18:02.370487;article_32; To obtain the latest version of the official guide, please visit https://gdpr-info.eu/art-32-gdpr/. Taking into account the state of the art, the costs of implementation and the nature, scope, context and purposes of processing as well as the risk of varying likelihood and severity for the rights and freedoms of natural persons, the controller and the processor shall implement appropriate technical and organisational measures to ensure a level of security appropriate to the risk, including inter alia as appropriate. In assessing the appropriate level of security account shall be taken in particular of the risks that are presented by processing, in particular from accidental or unlawful destruction, loss, alteration, unauthorised disclosure of, or access to personal data transmitted, stored or otherwise processed. Adherence to an approved code of conduct as referred to in Article 40 or an approved certification mechanism as referred to in Article 42 may be used as an element by which to demonstrate compliance with the requirements set out in paragraph 1 of this Article. The controller and processor shall take steps to ensure that any natural person acting under the authority of the controller or the processor who has access to personal data does not process them except on instructions from the controller, unless he or she is required to do so by Union or Member State law.;Article 32 Security of processing;;;aws;;FAIL;Multiregion trail range-trail has encryption disabled.;arn:aws:cloudtrail:ap-southeast-7:<SANDBOX_ACCOUNT_ID>:trail/range-trail;cloudtrail_kms_encryption_enabled;False;range-trail;GDPR;GDPR compliance framework;
aws;The General Data Protection Regulation (GDPR) is a new European privacy law that became enforceable on May 25, 2018. The GDPR replaces the EU Data Protection Directive, also known as Directive 95/46/EC. It's intended to harmonize data protection laws throughout the European Union (EU). It does this by applying a single data protection law that's binding throughout each EU member state.;<SANDBOX_ACCOUNT_ID>;ap-southeast-7;2026-08-29 00:18:02.370487;article_25;To obtain the latest version of the official guide, please visit https://gdpr-info.eu/art-25-gdpr/. Taking into account the state of the art, the cost of implementation and the nature, scope, context and purposes of processing as well as the risks of varying likelihood and severity for rights and freedoms of natural persons posed by the processing, the controller shall, both at the time of the determination of the means for processing and at the time of the processing itself, implement appropriate technical and organisational measures, such as pseudonymisation, which are designed to implement data-protection principles, such as data minimisation, in an effective manner and to integrate the necessary safeguards into the processing in order to meet the requirements of this Regulation and protect the rights of data subjects. The controller shall implement appropriate technical and organisational measures for ensuring that, by default, only personal data which are necessary for each specific purpose of the processing are processed. That obligation applies to the amount of personal data collected, the extent of their processing, the period of their storage and their accessibility. In particular, such measures shall ensure that by default personal data are not made accessible without the individual's intervention to an indefinite number of natural persons. An approved certification mechanism pursuant to Article 42 may be used as an element to demonstrate compliance with the requirements set out in paragraphs 1 and 2 of this Article.;Article 25 Data protection by design and by default;;;aws;;FAIL;Single region trail stratus-red-team-ct-stop-trail-arzkiholin has encryption disabled.;arn:aws:cloudtrail:ap-southeast-7:<SANDBOX_ACCOUNT_ID>:trail/stratus-red-team-ct-stop-trail-arzkiholin;cloudtrail_kms_encryption_enabled;False;stratus-red-team-ct-stop-trail-arzkiholin;GDPR;GDPR compliance framework;
aws;The General Data Protection Regulation (GDPR) is a new European privacy law that became enforceable on May 25, 2018. The GDPR replaces the EU Data Protection Directive, also known as Directive 95/46/EC. It's intended to harmonize data protection laws throughout the European Union (EU). It does this by applying a single data protection law that's binding throughout each EU member state.;<SANDBOX_ACCOUNT_ID>;ap-southeast-7;2026-08-29 00:18:02.370487;article_30; To obtain the latest version of the official guide, please visit https://www.privacy-regulation.eu/en/article-30-records-of-processing-activities-GDPR.htm. Each controller and, where applicable, the controller's representative, shall maintain a record of processing activities under its responsibility. That record shall contain all of the following information like the name and contact details of the controller and where applicable, the joint controller, the controller's representative and the data protection officer, the purposes of the processing etc. Each processor and where applicable, the processor's representative shall maintain a record of all categories of processing activities carried out on behalf of a controller, containing the name and contact details of the processor or processors and of each controller on behalf of which the processor is acting, and, where applicable of the controller's or the processor's representative, and the data protection officer, where applicable, transfers of personal data to a third country or an international organisation, including the identification of that third country or international organisation and, in the case of transfers referred to in the second subparagraph of Article 49(1), the documentation of suitable safeguards. The records referred to in paragraphs 1 and 2 shall be in writing, including in electronic form. The controller or the processor and, where applicable, the controller's or the processor's representative, shall make the record available to the supervisory authority on request. The obligations referred to in paragraphs 1 and 2 shall not apply to an enterprise or an organisation employing fewer than 250 persons unless the processing it carries out is likely to result in a risk to the rights and freedoms of data subjects, the processing is not occasional, or the processing includes special categories of data as referred to in Article 9(1) or personal data relating to criminal convictions and offences referred to in Article 10.;Article 30 Records of processing activities;;;aws;;FAIL;Single region trail stratus-red-team-ct-stop-trail-arzkiholin has encryption disabled.;arn:aws:cloudtrail:ap-southeast-7:<SANDBOX_ACCOUNT_ID>:trail/stratus-red-team-ct-stop-trail-arzkiholin;cloudtrail_kms_encryption_enabled;False;stratus-red-team-ct-stop-trail-arzkiholin;GDPR;GDPR compliance framework;
aws;The General Data Protection Regulation (GDPR) is a new European privacy law that became enforceable on May 25, 2018. The GDPR replaces the EU Data Protection Directive, also known as Directive 95/46/EC. It's intended to harmonize data protection laws throughout the European Union (EU). It does this by applying a single data protection law that's binding throughout each EU member state.;<SANDBOX_ACCOUNT_ID>;ap-southeast-7;2026-08-29 00:18:02.370487;article_32; To obtain the latest version of the official guide, please visit https://gdpr-info.eu/art-32-gdpr/. Taking into account the state of the art, the costs of implementation and the nature, scope, context and purposes of processing as well as the risk of varying likelihood and severity for the rights and freedoms of natural persons, the controller and the processor shall implement appropriate technical and organisational measures to ensure a level of security appropriate to the risk, including inter alia as appropriate. In assessing the appropriate level of security account shall be taken in particular of the risks that are presented by processing, in particular from accidental or unlawful destruction, loss, alteration, unauthorised disclosure of, or access to personal data transmitted, stored or otherwise processed. Adherence to an approved code of conduct as referred to in Article 40 or an approved certification mechanism as referred to in Article 42 may be used as an element by which to demonstrate compliance with the requirements set out in paragraph 1 of this Article. The controller and processor shall take steps to ensure that any natural person acting under the authority of the controller or the processor who has access to personal data does not process them except on instructions from the controller, unless he or she is required to do so by Union or Member State law.;Article 32 Security of processing;;;aws;;FAIL;Single region trail stratus-red-team-ct-stop-trail-arzkiholin has encryption disabled.;arn:aws:cloudtrail:ap-southeast-7:<SANDBOX_ACCOUNT_ID>:trail/stratus-red-team-ct-stop-trail-arzkiholin;cloudtrail_kms_encryption_enabled;False;stratus-red-team-ct-stop-trail-arzkiholin;GDPR;GDPR compliance framework;
aws;The General Data Protection Regulation (GDPR) is a new European privacy law that became enforceable on May 25, 2018. The GDPR replaces the EU Data Protection Directive, also known as Directive 95/46/EC. It's intended to harmonize data protection laws throughout the European Union (EU). It does this by applying a single data protection law that's binding throughout each EU member state.;<SANDBOX_ACCOUNT_ID>;ap-southeast-7;2026-08-29 00:18:02.370487;article_25;To obtain the latest version of the official guide, please visit https://gdpr-info.eu/art-25-gdpr/. Taking into account the state of the art, the cost of implementation and the nature, scope, context and purposes of processing as well as the risks of varying likelihood and severity for rights and freedoms of natural persons posed by the processing, the controller shall, both at the time of the determination of the means for processing and at the time of the processing itself, implement appropriate technical and organisational measures, such as pseudonymisation, which are designed to implement data-protection principles, such as data minimisation, in an effective manner and to integrate the necessary safeguards into the processing in order to meet the requirements of this Regulation and protect the rights of data subjects. The controller shall implement appropriate technical and organisational measures for ensuring that, by default, only personal data which are necessary for each specific purpose of the processing are processed. That obligation applies to the amount of personal data collected, the extent of their processing, the period of their storage and their accessibility. In particular, such measures shall ensure that by default personal data are not made accessible without the individual's intervention to an indefinite number of natural persons. An approved certification mechanism pursuant to Article 42 may be used as an element to demonstrate compliance with the requirements set out in paragraphs 1 and 2 of this Article.;Article 25 Data protection by design and by default;;;aws;;PASS;Multiregion trail lz-org-trail has log file validation enabled.;arn:aws:cloudtrail:ap-southeast-7:<MANAGEMENT_ACCOUNT_ID>:trail/lz-org-trail;cloudtrail_log_file_validation_enabled;False;lz-org-trail;GDPR;GDPR compliance framework;
aws;The General Data Protection Regulation (GDPR) is a new European privacy law that became enforceable on May 25, 2018. The GDPR replaces the EU Data Protection Directive, also known as Directive 95/46/EC. It's intended to harmonize data protection laws throughout the European Union (EU). It does this by applying a single data protection law that's binding throughout each EU member state.;<SANDBOX_ACCOUNT_ID>;ap-southeast-7;2026-08-29 00:18:02.370487;article_32; To obtain the latest version of the official guide, please visit https://gdpr-info.eu/art-32-gdpr/. Taking into account the state of the art, the costs of implementation and the nature, scope, context and purposes of processing as well as the risk of varying likelihood and severity for the rights and freedoms of natural persons, the controller and the processor shall implement appropriate technical and organisational measures to ensure a level of security appropriate to the risk, including inter alia as appropriate. In assessing the appropriate level of security account shall be taken in particular of the risks that are presented by processing, in particular from accidental or unlawful destruction, loss, alteration, unauthorised disclosure of, or access to personal data transmitted, stored or otherwise processed. Adherence to an approved code of conduct as referred to in Article 40 or an approved certification mechanism as referred to in Article 42 may be used as an element by which to demonstrate compliance with the requirements set out in paragraph 1 of this Article. The controller and processor shall take steps to ensure that any natural person acting under the authority of the controller or the processor who has access to personal data does not process them except on instructions from the controller, unless he or she is required to do so by Union or Member State law.;Article 32 Security of processing;;;aws;;PASS;Multiregion trail lz-org-trail has log file validation enabled.;arn:aws:cloudtrail:ap-southeast-7:<MANAGEMENT_ACCOUNT_ID>:trail/lz-org-trail;cloudtrail_log_file_validation_enabled;False;lz-org-trail;GDPR;GDPR compliance framework;
aws;The General Data Protection Regulation (GDPR) is a new European privacy law that became enforceable on May 25, 2018. The GDPR replaces the EU Data Protection Directive, also known as Directive 95/46/EC. It's intended to harmonize data protection laws throughout the European Union (EU). It does this by applying a single data protection law that's binding throughout each EU member state.;<SANDBOX_ACCOUNT_ID>;ap-southeast-7;2026-08-29 00:18:02.370487;article_25;To obtain the latest version of the official guide, please visit https://gdpr-info.eu/art-25-gdpr/. Taking into account the state of the art, the cost of implementation and the nature, scope, context and purposes of processing as well as the risks of varying likelihood and severity for rights and freedoms of natural persons posed by the processing, the controller shall, both at the time of the determination of the means for processing and at the time of the processing itself, implement appropriate technical and organisational measures, such as pseudonymisation, which are designed to implement data-protection principles, such as data minimisation, in an effective manner and to integrate the necessary safeguards into the processing in order to meet the requirements of this Regulation and protect the rights of data subjects. The controller shall implement appropriate technical and organisational measures for ensuring that, by default, only personal data which are necessary for each specific purpose of the processing are processed. That obligation applies to the amount of personal data collected, the extent of their processing, the period of their storage and their accessibility. In particular, such measures shall ensure that by default personal data are not made accessible without the individual's intervention to an indefinite number of natural persons. An approved certification mechanism pursuant to Article 42 may be used as an element to demonstrate compliance with the requirements set out in paragraphs 1 and 2 of this Article.;Article 25 Data protection by design and by default;;;aws;;PASS;Multiregion trail range-trail has log file validation enabled.;arn:aws:cloudtrail:ap-southeast-7:<SANDBOX_ACCOUNT_ID>:trail/range-trail;cloudtrail_log_file_validation_enabled;False;range-trail;GDPR;GDPR compliance framework;
aws;The General Data Protection Regulation (GDPR) is a new European privacy law that became enforceable on May 25, 2018. The GDPR replaces the EU Data Protection Directive, also known as Directive 95/46/EC. It's intended to harmonize data protection laws throughout the European Union (EU). It does this by applying a single data protection law that's binding throughout each EU member state.;<SANDBOX_ACCOUNT_ID>;ap-southeast-7;2026-08-29 00:18:02.370487;article_32; To obtain the latest version of the official guide, please visit https://gdpr-info.eu/art-32-gdpr/. Taking into account the state of the art, the costs of implementation and the nature, scope, context and purposes of processing as well as the risk of varying likelihood and severity for the rights and freedoms of natural persons, the controller and the processor shall implement appropriate technical and organisational measures to ensure a level of security appropriate to the risk, including inter alia as appropriate. In assessing the appropriate level of security account shall be taken in particular of the risks that are presented by processing, in particular from accidental or unlawful destruction, loss, alteration, unauthorised disclosure of, or access to personal data transmitted, stored or otherwise processed. Adherence to an approved code of conduct as referred to in Article 40 or an approved certification mechanism as referred to in Article 42 may be used as an element by which to demonstrate compliance with the requirements set out in paragraph 1 of this Article. The controller and processor shall take steps to ensure that any natural person acting under the authority of the controller or the processor who has access to personal data does not process them except on instructions from the controller, unless he or she is required to do so by Union or Member State law.;Article 32 Security of processing;;;aws;;PASS;Multiregion trail range-trail has log file validation enabled.;arn:aws:cloudtrail:ap-southeast-7:<SANDBOX_ACCOUNT_ID>:trail/range-trail;cloudtrail_log_file_validation_enabled;False;range-trail;GDPR;GDPR compliance framework;
aws;The General Data Protection Regulation (GDPR) is a new European privacy law that became enforceable on May 25, 2018. The GDPR replaces the EU Data Protection Directive, also known as Directive 95/46/EC. It's intended to harmonize data protection laws throughout the European Union (EU). It does this by applying a single data protection law that's binding throughout each EU member state.;<SANDBOX_ACCOUNT_ID>;ap-southeast-7;2026-08-29 00:18:02.370487;article_25;To obtain the latest version of the official guide, please visit https://gdpr-info.eu/art-25-gdpr/. Taking into account the state of the art, the cost of implementation and the nature, scope, context and purposes of processing as well as the risks of varying likelihood and severity for rights and freedoms of natural persons posed by the processing, the controller shall, both at the time of the determination of the means for processing and at the time of the processing itself, implement appropriate technical and organisational measures, such as pseudonymisation, which are designed to implement data-protection principles, such as data minimisation, in an effective manner and to integrate the necessary safeguards into the processing in order to meet the requirements of this Regulation and protect the rights of data subjects. The controller shall implement appropriate technical and organisational measures for ensuring that, by default, only personal data which are necessary for each specific purpose of the processing are processed. That obligation applies to the amount of personal data collected, the extent of their processing, the period of their storage and their accessibility. In particular, such measures shall ensure that by default personal data are not made accessible without the individual's intervention to an indefinite number of natural persons. An approved certification mechanism pursuant to Article 42 may be used as an element to demonstrate compliance with the requirements set out in paragraphs 1 and 2 of this Article.;Article 25 Data protection by design and by default;;;aws;;FAIL;Single region trail stratus-red-team-ct-stop-trail-arzkiholin has log file validation disabled.;arn:aws:cloudtrail:ap-southeast-7:<SANDBOX_ACCOUNT_ID>:trail/stratus-red-team-ct-stop-trail-arzkiholin;cloudtrail_log_file_validation_enabled;False;stratus-red-team-ct-stop-trail-arzkiholin;GDPR;GDPR compliance framework;
aws;The General Data Protection Regulation (GDPR) is a new European privacy law that became enforceable on May 25, 2018. The GDPR replaces the EU Data Protection Directive, also known as Directive 95/46/EC. It's intended to harmonize data protection laws throughout the European Union (EU). It does this by applying a single data protection law that's binding throughout each EU member state.;<SANDBOX_ACCOUNT_ID>;ap-southeast-7;2026-08-29 00:18:02.370487;article_32; To obtain the latest version of the official guide, please visit https://gdpr-info.eu/art-32-gdpr/. Taking into account the state of the art, the costs of implementation and the nature, scope, context and purposes of processing as well as the risk of varying likelihood and severity for the rights and freedoms of natural persons, the controller and the processor shall implement appropriate technical and organisational measures to ensure a level of security appropriate to the risk, including inter alia as appropriate. In assessing the appropriate level of security account shall be taken in particular of the risks that are presented by processing, in particular from accidental or unlawful destruction, loss, alteration, unauthorised disclosure of, or access to personal data transmitted, stored or otherwise processed. Adherence to an approved code of conduct as referred to in Article 40 or an approved certification mechanism as referred to in Article 42 may be used as an element by which to demonstrate compliance with the requirements set out in paragraph 1 of this Article. The controller and processor shall take steps to ensure that any natural person acting under the authority of the controller or the processor who has access to personal data does not process them except on instructions from the controller, unless he or she is required to do so by Union or Member State law.;Article 32 Security of processing;;;aws;;FAIL;Single region trail stratus-red-team-ct-stop-trail-arzkiholin has log file validation disabled.;arn:aws:cloudtrail:ap-southeast-7:<SANDBOX_ACCOUNT_ID>:trail/stratus-red-team-ct-stop-trail-arzkiholin;cloudtrail_log_file_validation_enabled;False;stratus-red-team-ct-stop-trail-arzkiholin;GDPR;GDPR compliance framework;
aws;The General Data Protection Regulation (GDPR) is a new European privacy law that became enforceable on May 25, 2018. The GDPR replaces the EU Data Protection Directive, also known as Directive 95/46/EC. It's intended to harmonize data protection laws throughout the European Union (EU). It does this by applying a single data protection law that's binding throughout each EU member state.;<SANDBOX_ACCOUNT_ID>;ap-southeast-7;2026-08-29 00:18:02.370487;article_25;To obtain the latest version of the official guide, please visit https://gdpr-info.eu/art-25-gdpr/. Taking into account the state of the art, the cost of implementation and the nature, scope, context and purposes of processing as well as the risks of varying likelihood and severity for rights and freedoms of natural persons posed by the processing, the controller shall, both at the time of the determination of the means for processing and at the time of the processing itself, implement appropriate technical and organisational measures, such as pseudonymisation, which are designed to implement data-protection principles, such as data minimisation, in an effective manner and to integrate the necessary safeguards into the processing in order to meet the requirements of this Regulation and protect the rights of data subjects. The controller shall implement appropriate technical and organisational measures for ensuring that, by default, only personal data which are necessary for each specific purpose of the processing are processed. That obligation applies to the amount of personal data collected, the extent of their processing, the period of their storage and their accessibility. In particular, such measures shall ensure that by default personal data are not made accessible without the individual's intervention to an indefinite number of natural persons. An approved certification mechanism pursuant to Article 42 may be used as an element to demonstrate compliance with the requirements set out in paragraphs 1 and 2 of this Article.;Article 25 Data protection by design and by default;;;aws;;MANUAL;Trail lz-org-trail is delivering logs to bucket lz-org-cloudtrail-logs-<LOG_ARCHIVE_ACCOUNT_ID> which is a cross-account bucket or out of Prowler's audit scope, please check it manually.;arn:aws:cloudtrail:ap-southeast-7:<MANAGEMENT_ACCOUNT_ID>:trail/lz-org-trail;cloudtrail_logs_s3_bucket_access_logging_enabled;False;lz-org-trail;GDPR;GDPR compliance framework;
aws;The General Data Protection Regulation (GDPR) is a new European privacy law that became enforceable on May 25, 2018. The GDPR replaces the EU Data Protection Directive, also known as Directive 95/46/EC. It's intended to harmonize data protection laws throughout the European Union (EU). It does this by applying a single data protection law that's binding throughout each EU member state.;<SANDBOX_ACCOUNT_ID>;ap-southeast-7;2026-08-29 00:18:02.370487;article_25;To obtain the latest version of the official guide, please visit https://gdpr-info.eu/art-25-gdpr/. Taking into account the state of the art, the cost of implementation and the nature, scope, context and purposes of processing as well as the risks of varying likelihood and severity for rights and freedoms of natural persons posed by the processing, the controller shall, both at the time of the determination of the means for processing and at the time of the processing itself, implement appropriate technical and organisational measures, such as pseudonymisation, which are designed to implement data-protection principles, such as data minimisation, in an effective manner and to integrate the necessary safeguards into the processing in order to meet the requirements of this Regulation and protect the rights of data subjects. The controller shall implement appropriate technical and organisational measures for ensuring that, by default, only personal data which are necessary for each specific purpose of the processing are processed. That obligation applies to the amount of personal data collected, the extent of their processing, the period of their storage and their accessibility. In particular, such measures shall ensure that by default personal data are not made accessible without the individual's intervention to an indefinite number of natural persons. An approved certification mechanism pursuant to Article 42 may be used as an element to demonstrate compliance with the requirements set out in paragraphs 1 and 2 of this Article.;Article 25 Data protection by design and by default;;;aws;;FAIL;Multiregion Trail range-trail S3 bucket access logging is not enabled for bucket range-cloudtrail-<SANDBOX_ACCOUNT_ID>.;arn:aws:cloudtrail:ap-southeast-7:<SANDBOX_ACCOUNT_ID>:trail/range-trail;cloudtrail_logs_s3_bucket_access_logging_enabled;False;range-trail;GDPR;GDPR compliance framework;
aws;The General Data Protection Regulation (GDPR) is a new European privacy law that became enforceable on May 25, 2018. The GDPR replaces the EU Data Protection Directive, also known as Directive 95/46/EC. It's intended to harmonize data protection laws throughout the European Union (EU). It does this by applying a single data protection law that's binding throughout each EU member state.;<SANDBOX_ACCOUNT_ID>;ap-southeast-7;2026-08-29 00:18:02.370487;article_25;To obtain the latest version of the official guide, please visit https://gdpr-info.eu/art-25-gdpr/. Taking into account the state of the art, the cost of implementation and the nature, scope, context and purposes of processing as well as the risks of varying likelihood and severity for rights and freedoms of natural persons posed by the processing, the controller shall, both at the time of the determination of the means for processing and at the time of the processing itself, implement appropriate technical and organisational measures, such as pseudonymisation, which are designed to implement data-protection principles, such as data minimisation, in an effective manner and to integrate the necessary safeguards into the processing in order to meet the requirements of this Regulation and protect the rights of data subjects. The controller shall implement appropriate technical and organisational measures for ensuring that, by default, only personal data which are necessary for each specific purpose of the processing are processed. That obligation applies to the amount of personal data collected, the extent of their processing, the period of their storage and their accessibility. In particular, such measures shall ensure that by default personal data are not made accessible without the individual's intervention to an indefinite number of natural persons. An approved certification mechanism pursuant to Article 42 may be used as an element to demonstrate compliance with the requirements set out in paragraphs 1 and 2 of this Article.;Article 25 Data protection by design and by default;;;aws;;FAIL;Single region Trail stratus-red-team-ct-stop-trail-arzkiholin S3 bucket access logging is not enabled for bucket stratus-red-team-ct-stop-bucket-arzkiholin.;arn:aws:cloudtrail:ap-southeast-7:<SANDBOX_ACCOUNT_ID>:trail/stratus-red-team-ct-stop-trail-arzkiholin;cloudtrail_logs_s3_bucket_access_logging_enabled;False;stratus-red-team-ct-stop-trail-arzkiholin;GDPR;GDPR compliance framework;
aws;The General Data Protection Regulation (GDPR) is a new European privacy law that became enforceable on May 25, 2018. The GDPR replaces the EU Data Protection Directive, also known as Directive 95/46/EC. It's intended to harmonize data protection laws throughout the European Union (EU). It does this by applying a single data protection law that's binding throughout each EU member state.;<SANDBOX_ACCOUNT_ID>;ap-southeast-7;2026-08-29 00:18:02.370487;article_25;To obtain the latest version of the official guide, please visit https://gdpr-info.eu/art-25-gdpr/. Taking into account the state of the art, the cost of implementation and the nature, scope, context and purposes of processing as well as the risks of varying likelihood and severity for rights and freedoms of natural persons posed by the processing, the controller shall, both at the time of the determination of the means for processing and at the time of the processing itself, implement appropriate technical and organisational measures, such as pseudonymisation, which are designed to implement data-protection principles, such as data minimisation, in an effective manner and to integrate the necessary safeguards into the processing in order to meet the requirements of this Regulation and protect the rights of data subjects. The controller shall implement appropriate technical and organisational measures for ensuring that, by default, only personal data which are necessary for each specific purpose of the processing are processed. That obligation applies to the amount of personal data collected, the extent of their processing, the period of their storage and their accessibility. In particular, such measures shall ensure that by default personal data are not made accessible without the individual's intervention to an indefinite number of natural persons. An approved certification mechanism pursuant to Article 42 may be used as an element to demonstrate compliance with the requirements set out in paragraphs 1 and 2 of this Article.;Article 25 Data protection by design and by default;;;aws;;MANUAL;Trail lz-org-trail bucket (lz-org-cloudtrail-logs-<LOG_ARCHIVE_ACCOUNT_ID>) is a cross-account bucket or out of Prowler's audit scope, please check it manually.;arn:aws:cloudtrail:ap-southeast-7:<MANAGEMENT_ACCOUNT_ID>:trail/lz-org-trail;cloudtrail_logs_s3_bucket_is_not_publicly_accessible;False;lz-org-trail;GDPR;GDPR compliance framework;
aws;The General Data Protection Regulation (GDPR) is a new European privacy law that became enforceable on May 25, 2018. The GDPR replaces the EU Data Protection Directive, also known as Directive 95/46/EC. It's intended to harmonize data protection laws throughout the European Union (EU). It does this by applying a single data protection law that's binding throughout each EU member state.;<SANDBOX_ACCOUNT_ID>;ap-southeast-7;2026-08-29 00:18:02.370487;article_25;To obtain the latest version of the official guide, please visit https://gdpr-info.eu/art-25-gdpr/. Taking into account the state of the art, the cost of implementation and the nature, scope, context and purposes of processing as well as the risks of varying likelihood and severity for rights and freedoms of natural persons posed by the processing, the controller shall, both at the time of the determination of the means for processing and at the time of the processing itself, implement appropriate technical and organisational measures, such as pseudonymisation, which are designed to implement data-protection principles, such as data minimisation, in an effective manner and to integrate the necessary safeguards into the processing in order to meet the requirements of this Regulation and protect the rights of data subjects. The controller shall implement appropriate technical and organisational measures for ensuring that, by default, only personal data which are necessary for each specific purpose of the processing are processed. That obligation applies to the amount of personal data collected, the extent of their processing, the period of their storage and their accessibility. In particular, such measures shall ensure that by default personal data are not made accessible without the individual's intervention to an indefinite number of natural persons. An approved certification mechanism pursuant to Article 42 may be used as an element to demonstrate compliance with the requirements set out in paragraphs 1 and 2 of this Article.;Article 25 Data protection by design and by default;;;aws;;PASS;S3 Bucket range-cloudtrail-<SANDBOX_ACCOUNT_ID> from multiregion trail range-trail is not publicly accessible.;arn:aws:cloudtrail:ap-southeast-7:<SANDBOX_ACCOUNT_ID>:trail/range-trail;cloudtrail_logs_s3_bucket_is_not_publicly_accessible;False;range-trail;GDPR;GDPR compliance framework;
aws;The General Data Protection Regulation (GDPR) is a new European privacy law that became enforceable on May 25, 2018. The GDPR replaces the EU Data Protection Directive, also known as Directive 95/46/EC. It's intended to harmonize data protection laws throughout the European Union (EU). It does this by applying a single data protection law that's binding throughout each EU member state.;<SANDBOX_ACCOUNT_ID>;ap-southeast-7;2026-08-29 00:18:02.370487;article_25;To obtain the latest version of the official guide, please visit https://gdpr-info.eu/art-25-gdpr/. Taking into account the state of the art, the cost of implementation and the nature, scope, context and purposes of processing as well as the risks of varying likelihood and severity for rights and freedoms of natural persons posed by the processing, the controller shall, both at the time of the determination of the means for processing and at the time of the processing itself, implement appropriate technical and organisational measures, such as pseudonymisation, which are designed to implement data-protection principles, such as data minimisation, in an effective manner and to integrate the necessary safeguards into the processing in order to meet the requirements of this Regulation and protect the rights of data subjects. The controller shall implement appropriate technical and organisational measures for ensuring that, by default, only personal data which are necessary for each specific purpose of the processing are processed. That obligation applies to the amount of personal data collected, the extent of their processing, the period of their storage and their accessibility. In particular, such measures shall ensure that by default personal data are not made accessible without the individual's intervention to an indefinite number of natural persons. An approved certification mechanism pursuant to Article 42 may be used as an element to demonstrate compliance with the requirements set out in paragraphs 1 and 2 of this Article.;Article 25 Data protection by design and by default;;;aws;;PASS;S3 Bucket stratus-red-team-ct-stop-bucket-arzkiholin from single region trail stratus-red-team-ct-stop-trail-arzkiholin is not publicly accessible.;arn:aws:cloudtrail:ap-southeast-7:<SANDBOX_ACCOUNT_ID>:trail/stratus-red-team-ct-stop-trail-arzkiholin;cloudtrail_logs_s3_bucket_is_not_publicly_accessible;False;stratus-red-team-ct-stop-trail-arzkiholin;GDPR;GDPR compliance framework;
aws;The General Data Protection Regulation (GDPR) is a new European privacy law that became enforceable on May 25, 2018. The GDPR replaces the EU Data Protection Directive, also known as Directive 95/46/EC. It's intended to harmonize data protection laws throughout the European Union (EU). It does this by applying a single data protection law that's binding throughout each EU member state.;<SANDBOX_ACCOUNT_ID>;ap-southeast-7;2026-08-29 00:18:02.370487;article_25;To obtain the latest version of the official guide, please visit https://gdpr-info.eu/art-25-gdpr/. Taking into account the state of the art, the cost of implementation and the nature, scope, context and purposes of processing as well as the risks of varying likelihood and severity for rights and freedoms of natural persons posed by the processing, the controller shall, both at the time of the determination of the means for processing and at the time of the processing itself, implement appropriate technical and organisational measures, such as pseudonymisation, which are designed to implement data-protection principles, such as data minimisation, in an effective manner and to integrate the necessary safeguards into the processing in order to meet the requirements of this Regulation and protect the rights of data subjects. The controller shall implement appropriate technical and organisational measures for ensuring that, by default, only personal data which are necessary for each specific purpose of the processing are processed. That obligation applies to the amount of personal data collected, the extent of their processing, the period of their storage and their accessibility. In particular, such measures shall ensure that by default personal data are not made accessible without the individual's intervention to an indefinite number of natural persons. An approved certification mechanism pursuant to Article 42 may be used as an element to demonstrate compliance with the requirements set out in paragraphs 1 and 2 of this Article.;Article 25 Data protection by design and by default;;;aws;;PASS;Trail lz-org-trail is multiregion and it is logging.;arn:aws:cloudtrail:ap-southeast-7:<MANAGEMENT_ACCOUNT_ID>:trail/lz-org-trail;cloudtrail_multi_region_enabled;False;lz-org-trail;GDPR;GDPR compliance framework;
aws;The General Data Protection Regulation (GDPR) is a new European privacy law that became enforceable on May 25, 2018. The GDPR replaces the EU Data Protection Directive, also known as Directive 95/46/EC. It's intended to harmonize data protection laws throughout the European Union (EU). It does this by applying a single data protection law that's binding throughout each EU member state.;<SANDBOX_ACCOUNT_ID>;ap-southeast-7;2026-08-29 00:18:02.370487;article_30; To obtain the latest version of the official guide, please visit https://www.privacy-regulation.eu/en/article-30-records-of-processing-activities-GDPR.htm. Each controller and, where applicable, the controller's representative, shall maintain a record of processing activities under its responsibility. That record shall contain all of the following information like the name and contact details of the controller and where applicable, the joint controller, the controller's representative and the data protection officer, the purposes of the processing etc. Each processor and where applicable, the processor's representative shall maintain a record of all categories of processing activities carried out on behalf of a controller, containing the name and contact details of the processor or processors and of each controller on behalf of which the processor is acting, and, where applicable of the controller's or the processor's representative, and the data protection officer, where applicable, transfers of personal data to a third country or an international organisation, including the identification of that third country or international organisation and, in the case of transfers referred to in the second subparagraph of Article 49(1), the documentation of suitable safeguards. The records referred to in paragraphs 1 and 2 shall be in writing, including in electronic form. The controller or the processor and, where applicable, the controller's or the processor's representative, shall make the record available to the supervisory authority on request. The obligations referred to in paragraphs 1 and 2 shall not apply to an enterprise or an organisation employing fewer than 250 persons unless the processing it carries out is likely to result in a risk to the rights and freedoms of data subjects, the processing is not occasional, or the processing includes special categories of data as referred to in Article 9(1) or personal data relating to criminal convictions and offences referred to in Article 10.;Article 30 Records of processing activities;;;aws;;PASS;Trail lz-org-trail is multiregion and it is logging.;arn:aws:cloudtrail:ap-southeast-7:<MANAGEMENT_ACCOUNT_ID>:trail/lz-org-trail;cloudtrail_multi_region_enabled;False;lz-org-trail;GDPR;GDPR compliance framework;
aws;The General Data Protection Regulation (GDPR) is a new European privacy law that became enforceable on May 25, 2018. The GDPR replaces the EU Data Protection Directive, also known as Directive 95/46/EC. It's intended to harmonize data protection laws throughout the European Union (EU). It does this by applying a single data protection law that's binding throughout each EU member state.;<SANDBOX_ACCOUNT_ID>;ap-southeast-7;2026-08-29 00:18:02.370487;article_30; To obtain the latest version of the official guide, please visit https://www.privacy-regulation.eu/en/article-30-records-of-processing-activities-GDPR.htm. Each controller and, where applicable, the controller's representative, shall maintain a record of processing activities under its responsibility. That record shall contain all of the following information like the name and contact details of the controller and where applicable, the joint controller, the controller's representative and the data protection officer, the purposes of the processing etc. Each processor and where applicable, the processor's representative shall maintain a record of all categories of processing activities carried out on behalf of a controller, containing the name and contact details of the processor or processors and of each controller on behalf of which the processor is acting, and, where applicable of the controller's or the processor's representative, and the data protection officer, where applicable, transfers of personal data to a third country or an international organisation, including the identification of that third country or international organisation and, in the case of transfers referred to in the second subparagraph of Article 49(1), the documentation of suitable safeguards. The records referred to in paragraphs 1 and 2 shall be in writing, including in electronic form. The controller or the processor and, where applicable, the controller's or the processor's representative, shall make the record available to the supervisory authority on request. The obligations referred to in paragraphs 1 and 2 shall not apply to an enterprise or an organisation employing fewer than 250 persons unless the processing it carries out is likely to result in a risk to the rights and freedoms of data subjects, the processing is not occasional, or the processing includes special categories of data as referred to in Article 9(1) or personal data relating to criminal convictions and offences referred to in Article 10.;Article 30 Records of processing activities;;;aws;;FAIL;No CloudTrail trails have a data event to record all S3 object-level API operations.;arn:aws:cloudtrail:ap-southeast-7:<SANDBOX_ACCOUNT_ID>:trail;cloudtrail_s3_dataevents_read_enabled;False;<SANDBOX_ACCOUNT_ID>;GDPR;GDPR compliance framework;
aws;The General Data Protection Regulation (GDPR) is a new European privacy law that became enforceable on May 25, 2018. The GDPR replaces the EU Data Protection Directive, also known as Directive 95/46/EC. It's intended to harmonize data protection laws throughout the European Union (EU). It does this by applying a single data protection law that's binding throughout each EU member state.;<SANDBOX_ACCOUNT_ID>;ap-southeast-7;2026-08-29 00:18:02.370487;article_30; To obtain the latest version of the official guide, please visit https://www.privacy-regulation.eu/en/article-30-records-of-processing-activities-GDPR.htm. Each controller and, where applicable, the controller's representative, shall maintain a record of processing activities under its responsibility. That record shall contain all of the following information like the name and contact details of the controller and where applicable, the joint controller, the controller's representative and the data protection officer, the purposes of the processing etc. Each processor and where applicable, the processor's representative shall maintain a record of all categories of processing activities carried out on behalf of a controller, containing the name and contact details of the processor or processors and of each controller on behalf of which the processor is acting, and, where applicable of the controller's or the processor's representative, and the data protection officer, where applicable, transfers of personal data to a third country or an international organisation, including the identification of that third country or international organisation and, in the case of transfers referred to in the second subparagraph of Article 49(1), the documentation of suitable safeguards. The records referred to in paragraphs 1 and 2 shall be in writing, including in electronic form. The controller or the processor and, where applicable, the controller's or the processor's representative, shall make the record available to the supervisory authority on request. The obligations referred to in paragraphs 1 and 2 shall not apply to an enterprise or an organisation employing fewer than 250 persons unless the processing it carries out is likely to result in a risk to the rights and freedoms of data subjects, the processing is not occasional, or the processing includes special categories of data as referred to in Article 9(1) or personal data relating to criminal convictions and offences referred to in Article 10.;Article 30 Records of processing activities;;;aws;;FAIL;No CloudTrail trails have a data event to record all S3 object-level API operations.;arn:aws:cloudtrail:ap-southeast-7:<SANDBOX_ACCOUNT_ID>:trail;cloudtrail_s3_dataevents_write_enabled;False;<SANDBOX_ACCOUNT_ID>;GDPR;GDPR compliance framework;
aws;The General Data Protection Regulation (GDPR) is a new European privacy law that became enforceable on May 25, 2018. The GDPR replaces the EU Data Protection Directive, also known as Directive 95/46/EC. It's intended to harmonize data protection laws throughout the European Union (EU). It does this by applying a single data protection law that's binding throughout each EU member state.;<SANDBOX_ACCOUNT_ID>;ap-southeast-7;2026-08-29 00:18:02.370487;article_32; To obtain the latest version of the official guide, please visit https://gdpr-info.eu/art-32-gdpr/. Taking into account the state of the art, the costs of implementation and the nature, scope, context and purposes of processing as well as the risk of varying likelihood and severity for the rights and freedoms of natural persons, the controller and the processor shall implement appropriate technical and organisational measures to ensure a level of security appropriate to the risk, including inter alia as appropriate. In assessing the appropriate level of security account shall be taken in particular of the risks that are presented by processing, in particular from accidental or unlawful destruction, loss, alteration, unauthorised disclosure of, or access to personal data transmitted, stored or otherwise processed. Adherence to an approved code of conduct as referred to in Article 40 or an approved certification mechanism as referred to in Article 42 may be used as an element by which to demonstrate compliance with the requirements set out in paragraph 1 of this Article. The controller and processor shall take steps to ensure that any natural person acting under the authority of the controller or the processor who has access to personal data does not process them except on instructions from the controller, unless he or she is required to do so by Union or Member State law.;Article 32 Security of processing;;;aws;;FAIL;Log Group /aws/lambda/range-responder does not have AWS KMS keys associated.;arn:aws:logs:ap-southeast-7:<SANDBOX_ACCOUNT_ID>:log-group:/aws/lambda/range-responder:*;cloudwatch_log_group_kms_encryption_enabled;False;/aws/lambda/range-responder;GDPR;GDPR compliance framework;
aws;The General Data Protection Regulation (GDPR) is a new European privacy law that became enforceable on May 25, 2018. The GDPR replaces the EU Data Protection Directive, also known as Directive 95/46/EC. It's intended to harmonize data protection laws throughout the European Union (EU). It does this by applying a single data protection law that's binding throughout each EU member state.;<SANDBOX_ACCOUNT_ID>;ap-southeast-7;2026-08-29 00:18:02.370487;article_32; To obtain the latest version of the official guide, please visit https://gdpr-info.eu/art-32-gdpr/. Taking into account the state of the art, the costs of implementation and the nature, scope, context and purposes of processing as well as the risk of varying likelihood and severity for the rights and freedoms of natural persons, the controller and the processor shall implement appropriate technical and organisational measures to ensure a level of security appropriate to the risk, including inter alia as appropriate. In assessing the appropriate level of security account shall be taken in particular of the risks that are presented by processing, in particular from accidental or unlawful destruction, loss, alteration, unauthorised disclosure of, or access to personal data transmitted, stored or otherwise processed. Adherence to an approved code of conduct as referred to in Article 40 or an approved certification mechanism as referred to in Article 42 may be used as an element by which to demonstrate compliance with the requirements set out in paragraph 1 of this Article. The controller and processor shall take steps to ensure that any natural person acting under the authority of the controller or the processor who has access to personal data does not process them except on instructions from the controller, unless he or she is required to do so by Union or Member State law.;Article 32 Security of processing;;;aws;;FAIL;Log Group /aws/cloudtrail/range does not have AWS KMS keys associated.;arn:aws:logs:ap-southeast-7:<SANDBOX_ACCOUNT_ID>:log-group:/aws/cloudtrail/range:*;cloudwatch_log_group_kms_encryption_enabled;False;/aws/cloudtrail/range;GDPR;GDPR compliance framework;
aws;The General Data Protection Regulation (GDPR) is a new European privacy law that became enforceable on May 25, 2018. The GDPR replaces the EU Data Protection Directive, also known as Directive 95/46/EC. It's intended to harmonize data protection laws throughout the European Union (EU). It does this by applying a single data protection law that's binding throughout each EU member state.;<SANDBOX_ACCOUNT_ID>;ap-southeast-7;2026-08-29 00:18:02.370487;article_25;To obtain the latest version of the official guide, please visit https://gdpr-info.eu/art-25-gdpr/. Taking into account the state of the art, the cost of implementation and the nature, scope, context and purposes of processing as well as the risks of varying likelihood and severity for rights and freedoms of natural persons posed by the processing, the controller shall, both at the time of the determination of the means for processing and at the time of the processing itself, implement appropriate technical and organisational measures, such as pseudonymisation, which are designed to implement data-protection principles, such as data minimisation, in an effective manner and to integrate the necessary safeguards into the processing in order to meet the requirements of this Regulation and protect the rights of data subjects. The controller shall implement appropriate technical and organisational measures for ensuring that, by default, only personal data which are necessary for each specific purpose of the processing are processed. That obligation applies to the amount of personal data collected, the extent of their processing, the period of their storage and their accessibility. In particular, such measures shall ensure that by default personal data are not made accessible without the individual's intervention to an indefinite number of natural persons. An approved certification mechanism pursuant to Article 42 may be used as an element to demonstrate compliance with the requirements set out in paragraphs 1 and 2 of this Article.;Article 25 Data protection by design and by default;;;aws;;FAIL;No CloudWatch log groups found with metric filters or alarms associated.;arn:aws:logs:ap-southeast-7:<SANDBOX_ACCOUNT_ID>:log-group;cloudwatch_log_metric_filter_and_alarm_for_aws_config_configuration_changes_enabled;False;<SANDBOX_ACCOUNT_ID>;GDPR;GDPR compliance framework;
aws;The General Data Protection Regulation (GDPR) is a new European privacy law that became enforceable on May 25, 2018. The GDPR replaces the EU Data Protection Directive, also known as Directive 95/46/EC. It's intended to harmonize data protection laws throughout the European Union (EU). It does this by applying a single data protection law that's binding throughout each EU member state.;<SANDBOX_ACCOUNT_ID>;ap-southeast-7;2026-08-29 00:18:02.370487;article_25;To obtain the latest version of the official guide, please visit https://gdpr-info.eu/art-25-gdpr/. Taking into account the state of the art, the cost of implementation and the nature, scope, context and purposes of processing as well as the risks of varying likelihood and severity for rights and freedoms of natural persons posed by the processing, the controller shall, both at the time of the determination of the means for processing and at the time of the processing itself, implement appropriate technical and organisational measures, such as pseudonymisation, which are designed to implement data-protection principles, such as data minimisation, in an effective manner and to integrate the necessary safeguards into the processing in order to meet the requirements of this Regulation and protect the rights of data subjects. The controller shall implement appropriate technical and organisational measures for ensuring that, by default, only personal data which are necessary for each specific purpose of the processing are processed. That obligation applies to the amount of personal data collected, the extent of their processing, the period of their storage and their accessibility. In particular, such measures shall ensure that by default personal data are not made accessible without the individual's intervention to an indefinite number of natural persons. An approved certification mechanism pursuant to Article 42 may be used as an element to demonstrate compliance with the requirements set out in paragraphs 1 and 2 of this Article.;Article 25 Data protection by design and by default;;;aws;;FAIL;No CloudWatch log groups found with metric filters or alarms associated.;arn:aws:logs:ap-southeast-7:<SANDBOX_ACCOUNT_ID>:log-group;cloudwatch_log_metric_filter_and_alarm_for_cloudtrail_configuration_changes_enabled;False;<SANDBOX_ACCOUNT_ID>;GDPR;GDPR compliance framework;
aws;The General Data Protection Regulation (GDPR) is a new European privacy law that became enforceable on May 25, 2018. The GDPR replaces the EU Data Protection Directive, also known as Directive 95/46/EC. It's intended to harmonize data protection laws throughout the European Union (EU). It does this by applying a single data protection law that's binding throughout each EU member state.;<SANDBOX_ACCOUNT_ID>;ap-southeast-7;2026-08-29 00:18:02.370487;article_25;To obtain the latest version of the official guide, please visit https://gdpr-info.eu/art-25-gdpr/. Taking into account the state of the art, the cost of implementation and the nature, scope, context and purposes of processing as well as the risks of varying likelihood and severity for rights and freedoms of natural persons posed by the processing, the controller shall, both at the time of the determination of the means for processing and at the time of the processing itself, implement appropriate technical and organisational measures, such as pseudonymisation, which are designed to implement data-protection principles, such as data minimisation, in an effective manner and to integrate the necessary safeguards into the processing in order to meet the requirements of this Regulation and protect the rights of data subjects. The controller shall implement appropriate technical and organisational measures for ensuring that, by default, only personal data which are necessary for each specific purpose of the processing are processed. That obligation applies to the amount of personal data collected, the extent of their processing, the period of their storage and their accessibility. In particular, such measures shall ensure that by default personal data are not made accessible without the individual's intervention to an indefinite number of natural persons. An approved certification mechanism pursuant to Article 42 may be used as an element to demonstrate compliance with the requirements set out in paragraphs 1 and 2 of this Article.;Article 25 Data protection by design and by default;;;aws;;FAIL;No CloudWatch log groups found with metric filters or alarms associated.;arn:aws:logs:ap-southeast-7:<SANDBOX_ACCOUNT_ID>:log-group;cloudwatch_log_metric_filter_authentication_failures;False;<SANDBOX_ACCOUNT_ID>;GDPR;GDPR compliance framework;
aws;The General Data Protection Regulation (GDPR) is a new European privacy law that became enforceable on May 25, 2018. The GDPR replaces the EU Data Protection Directive, also known as Directive 95/46/EC. It's intended to harmonize data protection laws throughout the European Union (EU). It does this by applying a single data protection law that's binding throughout each EU member state.;<SANDBOX_ACCOUNT_ID>;ap-southeast-7;2026-08-29 00:18:02.370487;article_25;To obtain the latest version of the official guide, please visit https://gdpr-info.eu/art-25-gdpr/. Taking into account the state of the art, the cost of implementation and the nature, scope, context and purposes of processing as well as the risks of varying likelihood and severity for rights and freedoms of natural persons posed by the processing, the controller shall, both at the time of the determination of the means for processing and at the time of the processing itself, implement appropriate technical and organisational measures, such as pseudonymisation, which are designed to implement data-protection principles, such as data minimisation, in an effective manner and to integrate the necessary safeguards into the processing in order to meet the requirements of this Regulation and protect the rights of data subjects. The controller shall implement appropriate technical and organisational measures for ensuring that, by default, only personal data which are necessary for each specific purpose of the processing are processed. That obligation applies to the amount of personal data collected, the extent of their processing, the period of their storage and their accessibility. In particular, such measures shall ensure that by default personal data are not made accessible without the individual's intervention to an indefinite number of natural persons. An approved certification mechanism pursuant to Article 42 may be used as an element to demonstrate compliance with the requirements set out in paragraphs 1 and 2 of this Article.;Article 25 Data protection by design and by default;;;aws;;FAIL;No CloudWatch log groups found with metric filters or alarms associated.;arn:aws:logs:ap-southeast-7:<SANDBOX_ACCOUNT_ID>:log-group;cloudwatch_log_metric_filter_disable_or_scheduled_deletion_of_kms_cmk;False;<SANDBOX_ACCOUNT_ID>;GDPR;GDPR compliance framework;
aws;The General Data Protection Regulation (GDPR) is a new European privacy law that became enforceable on May 25, 2018. The GDPR replaces the EU Data Protection Directive, also known as Directive 95/46/EC. It's intended to harmonize data protection laws throughout the European Union (EU). It does this by applying a single data protection law that's binding throughout each EU member state.;<SANDBOX_ACCOUNT_ID>;ap-southeast-7;2026-08-29 00:18:02.370487;article_25;To obtain the latest version of the official guide, please visit https://gdpr-info.eu/art-25-gdpr/. Taking into account the state of the art, the cost of implementation and the nature, scope, context and purposes of processing as well as the risks of varying likelihood and severity for rights and freedoms of natural persons posed by the processing, the controller shall, both at the time of the determination of the means for processing and at the time of the processing itself, implement appropriate technical and organisational measures, such as pseudonymisation, which are designed to implement data-protection principles, such as data minimisation, in an effective manner and to integrate the necessary safeguards into the processing in order to meet the requirements of this Regulation and protect the rights of data subjects. The controller shall implement appropriate technical and organisational measures for ensuring that, by default, only personal data which are necessary for each specific purpose of the processing are processed. That obligation applies to the amount of personal data collected, the extent of their processing, the period of their storage and their accessibility. In particular, such measures shall ensure that by default personal data are not made accessible without the individual's intervention to an indefinite number of natural persons. An approved certification mechanism pursuant to Article 42 may be used as an element to demonstrate compliance with the requirements set out in paragraphs 1 and 2 of this Article.;Article 25 Data protection by design and by default;;;aws;;FAIL;No CloudWatch log groups found with metric filters or alarms associated.;arn:aws:logs:ap-southeast-7:<SANDBOX_ACCOUNT_ID>:log-group;cloudwatch_log_metric_filter_for_s3_bucket_policy_changes;False;<SANDBOX_ACCOUNT_ID>;GDPR;GDPR compliance framework;
aws;The General Data Protection Regulation (GDPR) is a new European privacy law that became enforceable on May 25, 2018. The GDPR replaces the EU Data Protection Directive, also known as Directive 95/46/EC. It's intended to harmonize data protection laws throughout the European Union (EU). It does this by applying a single data protection law that's binding throughout each EU member state.;<SANDBOX_ACCOUNT_ID>;ap-southeast-7;2026-08-29 00:18:02.370487;article_25;To obtain the latest version of the official guide, please visit https://gdpr-info.eu/art-25-gdpr/. Taking into account the state of the art, the cost of implementation and the nature, scope, context and purposes of processing as well as the risks of varying likelihood and severity for rights and freedoms of natural persons posed by the processing, the controller shall, both at the time of the determination of the means for processing and at the time of the processing itself, implement appropriate technical and organisational measures, such as pseudonymisation, which are designed to implement data-protection principles, such as data minimisation, in an effective manner and to integrate the necessary safeguards into the processing in order to meet the requirements of this Regulation and protect the rights of data subjects. The controller shall implement appropriate technical and organisational measures for ensuring that, by default, only personal data which are necessary for each specific purpose of the processing are processed. That obligation applies to the amount of personal data collected, the extent of their processing, the period of their storage and their accessibility. In particular, such measures shall ensure that by default personal data are not made accessible without the individual's intervention to an indefinite number of natural persons. An approved certification mechanism pursuant to Article 42 may be used as an element to demonstrate compliance with the requirements set out in paragraphs 1 and 2 of this Article.;Article 25 Data protection by design and by default;;;aws;;FAIL;No CloudWatch log groups found with metric filters or alarms associated.;arn:aws:logs:ap-southeast-7:<SANDBOX_ACCOUNT_ID>:log-group;cloudwatch_log_metric_filter_policy_changes;False;<SANDBOX_ACCOUNT_ID>;GDPR;GDPR compliance framework;
aws;The General Data Protection Regulation (GDPR) is a new European privacy law that became enforceable on May 25, 2018. The GDPR replaces the EU Data Protection Directive, also known as Directive 95/46/EC. It's intended to harmonize data protection laws throughout the European Union (EU). It does this by applying a single data protection law that's binding throughout each EU member state.;<SANDBOX_ACCOUNT_ID>;ap-southeast-7;2026-08-29 00:18:02.370487;article_25;To obtain the latest version of the official guide, please visit https://gdpr-info.eu/art-25-gdpr/. Taking into account the state of the art, the cost of implementation and the nature, scope, context and purposes of processing as well as the risks of varying likelihood and severity for rights and freedoms of natural persons posed by the processing, the controller shall, both at the time of the determination of the means for processing and at the time of the processing itself, implement appropriate technical and organisational measures, such as pseudonymisation, which are designed to implement data-protection principles, such as data minimisation, in an effective manner and to integrate the necessary safeguards into the processing in order to meet the requirements of this Regulation and protect the rights of data subjects. The controller shall implement appropriate technical and organisational measures for ensuring that, by default, only personal data which are necessary for each specific purpose of the processing are processed. That obligation applies to the amount of personal data collected, the extent of their processing, the period of their storage and their accessibility. In particular, such measures shall ensure that by default personal data are not made accessible without the individual's intervention to an indefinite number of natural persons. An approved certification mechanism pursuant to Article 42 may be used as an element to demonstrate compliance with the requirements set out in paragraphs 1 and 2 of this Article.;Article 25 Data protection by design and by default;;;aws;;FAIL;No CloudWatch log groups found with metric filters or alarms associated.;arn:aws:logs:ap-southeast-7:<SANDBOX_ACCOUNT_ID>:log-group;cloudwatch_log_metric_filter_root_usage;False;<SANDBOX_ACCOUNT_ID>;GDPR;GDPR compliance framework;
aws;The General Data Protection Regulation (GDPR) is a new European privacy law that became enforceable on May 25, 2018. The GDPR replaces the EU Data Protection Directive, also known as Directive 95/46/EC. It's intended to harmonize data protection laws throughout the European Union (EU). It does this by applying a single data protection law that's binding throughout each EU member state.;<SANDBOX_ACCOUNT_ID>;ap-southeast-7;2026-08-29 00:18:02.370487;article_25;To obtain the latest version of the official guide, please visit https://gdpr-info.eu/art-25-gdpr/. Taking into account the state of the art, the cost of implementation and the nature, scope, context and purposes of processing as well as the risks of varying likelihood and severity for rights and freedoms of natural persons posed by the processing, the controller shall, both at the time of the determination of the means for processing and at the time of the processing itself, implement appropriate technical and organisational measures, such as pseudonymisation, which are designed to implement data-protection principles, such as data minimisation, in an effective manner and to integrate the necessary safeguards into the processing in order to meet the requirements of this Regulation and protect the rights of data subjects. The controller shall implement appropriate technical and organisational measures for ensuring that, by default, only personal data which are necessary for each specific purpose of the processing are processed. That obligation applies to the amount of personal data collected, the extent of their processing, the period of their storage and their accessibility. In particular, such measures shall ensure that by default personal data are not made accessible without the individual's intervention to an indefinite number of natural persons. An approved certification mechanism pursuant to Article 42 may be used as an element to demonstrate compliance with the requirements set out in paragraphs 1 and 2 of this Article.;Article 25 Data protection by design and by default;;;aws;;FAIL;No CloudWatch log groups found with metric filters or alarms associated.;arn:aws:logs:ap-southeast-7:<SANDBOX_ACCOUNT_ID>:log-group;cloudwatch_log_metric_filter_security_group_changes;False;<SANDBOX_ACCOUNT_ID>;GDPR;GDPR compliance framework;
aws;The General Data Protection Regulation (GDPR) is a new European privacy law that became enforceable on May 25, 2018. The GDPR replaces the EU Data Protection Directive, also known as Directive 95/46/EC. It's intended to harmonize data protection laws throughout the European Union (EU). It does this by applying a single data protection law that's binding throughout each EU member state.;<SANDBOX_ACCOUNT_ID>;ap-southeast-7;2026-08-29 00:18:02.370487;article_25;To obtain the latest version of the official guide, please visit https://gdpr-info.eu/art-25-gdpr/. Taking into account the state of the art, the cost of implementation and the nature, scope, context and purposes of processing as well as the risks of varying likelihood and severity for rights and freedoms of natural persons posed by the processing, the controller shall, both at the time of the determination of the means for processing and at the time of the processing itself, implement appropriate technical and organisational measures, such as pseudonymisation, which are designed to implement data-protection principles, such as data minimisation, in an effective manner and to integrate the necessary safeguards into the processing in order to meet the requirements of this Regulation and protect the rights of data subjects. The controller shall implement appropriate technical and organisational measures for ensuring that, by default, only personal data which are necessary for each specific purpose of the processing are processed. That obligation applies to the amount of personal data collected, the extent of their processing, the period of their storage and their accessibility. In particular, such measures shall ensure that by default personal data are not made accessible without the individual's intervention to an indefinite number of natural persons. An approved certification mechanism pursuant to Article 42 may be used as an element to demonstrate compliance with the requirements set out in paragraphs 1 and 2 of this Article.;Article 25 Data protection by design and by default;;;aws;;FAIL;No CloudWatch log groups found with metric filters or alarms associated.;arn:aws:logs:ap-southeast-7:<SANDBOX_ACCOUNT_ID>:log-group;cloudwatch_log_metric_filter_sign_in_without_mfa;False;<SANDBOX_ACCOUNT_ID>;GDPR;GDPR compliance framework;
aws;The General Data Protection Regulation (GDPR) is a new European privacy law that became enforceable on May 25, 2018. The GDPR replaces the EU Data Protection Directive, also known as Directive 95/46/EC. It's intended to harmonize data protection laws throughout the European Union (EU). It does this by applying a single data protection law that's binding throughout each EU member state.;<SANDBOX_ACCOUNT_ID>;ap-southeast-7;2026-08-29 00:18:02.370487;article_25;To obtain the latest version of the official guide, please visit https://gdpr-info.eu/art-25-gdpr/. Taking into account the state of the art, the cost of implementation and the nature, scope, context and purposes of processing as well as the risks of varying likelihood and severity for rights and freedoms of natural persons posed by the processing, the controller shall, both at the time of the determination of the means for processing and at the time of the processing itself, implement appropriate technical and organisational measures, such as pseudonymisation, which are designed to implement data-protection principles, such as data minimisation, in an effective manner and to integrate the necessary safeguards into the processing in order to meet the requirements of this Regulation and protect the rights of data subjects. The controller shall implement appropriate technical and organisational measures for ensuring that, by default, only personal data which are necessary for each specific purpose of the processing are processed. That obligation applies to the amount of personal data collected, the extent of their processing, the period of their storage and their accessibility. In particular, such measures shall ensure that by default personal data are not made accessible without the individual's intervention to an indefinite number of natural persons. An approved certification mechanism pursuant to Article 42 may be used as an element to demonstrate compliance with the requirements set out in paragraphs 1 and 2 of this Article.;Article 25 Data protection by design and by default;;;aws;;FAIL;No CloudWatch log groups found with metric filters or alarms associated.;arn:aws:logs:ap-southeast-7:<SANDBOX_ACCOUNT_ID>:log-group;cloudwatch_log_metric_filter_unauthorized_api_calls;False;<SANDBOX_ACCOUNT_ID>;GDPR;GDPR compliance framework;
aws;The General Data Protection Regulation (GDPR) is a new European privacy law that became enforceable on May 25, 2018. The GDPR replaces the EU Data Protection Directive, also known as Directive 95/46/EC. It's intended to harmonize data protection laws throughout the European Union (EU). It does this by applying a single data protection law that's binding throughout each EU member state.;<SANDBOX_ACCOUNT_ID>;ap-southeast-7;2026-08-29 00:18:02.370487;article_25;To obtain the latest version of the official guide, please visit https://gdpr-info.eu/art-25-gdpr/. Taking into account the state of the art, the cost of implementation and the nature, scope, context and purposes of processing as well as the risks of varying likelihood and severity for rights and freedoms of natural persons posed by the processing, the controller shall, both at the time of the determination of the means for processing and at the time of the processing itself, implement appropriate technical and organisational measures, such as pseudonymisation, which are designed to implement data-protection principles, such as data minimisation, in an effective manner and to integrate the necessary safeguards into the processing in order to meet the requirements of this Regulation and protect the rights of data subjects. The controller shall implement appropriate technical and organisational measures for ensuring that, by default, only personal data which are necessary for each specific purpose of the processing are processed. That obligation applies to the amount of personal data collected, the extent of their processing, the period of their storage and their accessibility. In particular, such measures shall ensure that by default personal data are not made accessible without the individual's intervention to an indefinite number of natural persons. An approved certification mechanism pursuant to Article 42 may be used as an element to demonstrate compliance with the requirements set out in paragraphs 1 and 2 of this Article.;Article 25 Data protection by design and by default;;;aws;;FAIL;AWS Config recorder <SANDBOX_ACCOUNT_ID> is disabled.;arn:aws:config:ap-southeast-7:<SANDBOX_ACCOUNT_ID>:recorder;config_recorder_all_regions_enabled;False;<SANDBOX_ACCOUNT_ID>;GDPR;GDPR compliance framework;
aws;The General Data Protection Regulation (GDPR) is a new European privacy law that became enforceable on May 25, 2018. The GDPR replaces the EU Data Protection Directive, also known as Directive 95/46/EC. It's intended to harmonize data protection laws throughout the European Union (EU). It does this by applying a single data protection law that's binding throughout each EU member state.;<SANDBOX_ACCOUNT_ID>;ap-southeast-7;2026-08-29 00:18:02.370487;article_30; To obtain the latest version of the official guide, please visit https://www.privacy-regulation.eu/en/article-30-records-of-processing-activities-GDPR.htm. Each controller and, where applicable, the controller's representative, shall maintain a record of processing activities under its responsibility. That record shall contain all of the following information like the name and contact details of the controller and where applicable, the joint controller, the controller's representative and the data protection officer, the purposes of the processing etc. Each processor and where applicable, the processor's representative shall maintain a record of all categories of processing activities carried out on behalf of a controller, containing the name and contact details of the processor or processors and of each controller on behalf of which the processor is acting, and, where applicable of the controller's or the processor's representative, and the data protection officer, where applicable, transfers of personal data to a third country or an international organisation, including the identification of that third country or international organisation and, in the case of transfers referred to in the second subparagraph of Article 49(1), the documentation of suitable safeguards. The records referred to in paragraphs 1 and 2 shall be in writing, including in electronic form. The controller or the processor and, where applicable, the controller's or the processor's representative, shall make the record available to the supervisory authority on request. The obligations referred to in paragraphs 1 and 2 shall not apply to an enterprise or an organisation employing fewer than 250 persons unless the processing it carries out is likely to result in a risk to the rights and freedoms of data subjects, the processing is not occasional, or the processing includes special categories of data as referred to in Article 9(1) or personal data relating to criminal convictions and offences referred to in Article 10.;Article 30 Records of processing activities;;;aws;;FAIL;AWS Config recorder <SANDBOX_ACCOUNT_ID> is disabled.;arn:aws:config:ap-southeast-7:<SANDBOX_ACCOUNT_ID>:recorder;config_recorder_all_regions_enabled;False;<SANDBOX_ACCOUNT_ID>;GDPR;GDPR compliance framework;
aws;The General Data Protection Regulation (GDPR) is a new European privacy law that became enforceable on May 25, 2018. The GDPR replaces the EU Data Protection Directive, also known as Directive 95/46/EC. It's intended to harmonize data protection laws throughout the European Union (EU). It does this by applying a single data protection law that's binding throughout each EU member state.;<SANDBOX_ACCOUNT_ID>;ap-southeast-7;2026-08-29 00:18:02.370487;article_25;To obtain the latest version of the official guide, please visit https://gdpr-info.eu/art-25-gdpr/. Taking into account the state of the art, the cost of implementation and the nature, scope, context and purposes of processing as well as the risks of varying likelihood and severity for rights and freedoms of natural persons posed by the processing, the controller shall, both at the time of the determination of the means for processing and at the time of the processing itself, implement appropriate technical and organisational measures, such as pseudonymisation, which are designed to implement data-protection principles, such as data minimisation, in an effective manner and to integrate the necessary safeguards into the processing in order to meet the requirements of this Regulation and protect the rights of data subjects. The controller shall implement appropriate technical and organisational measures for ensuring that, by default, only personal data which are necessary for each specific purpose of the processing are processed. That obligation applies to the amount of personal data collected, the extent of their processing, the period of their storage and their accessibility. In particular, such measures shall ensure that by default personal data are not made accessible without the individual's intervention to an indefinite number of natural persons. An approved certification mechanism pursuant to Article 42 may be used as an element to demonstrate compliance with the requirements set out in paragraphs 1 and 2 of this Article.;Article 25 Data protection by design and by default;;;aws;;PASS;AWS policy AWSSSOServiceRolePolicy is attached but does not allow '*:*' administrative privileges.;arn:aws:iam::aws:policy/aws-service-role/AWSSSOServiceRolePolicy;iam_aws_attached_policy_no_administrative_privileges;False;AWSSSOServiceRolePolicy;GDPR;GDPR compliance framework;
aws;The General Data Protection Regulation (GDPR) is a new European privacy law that became enforceable on May 25, 2018. The GDPR replaces the EU Data Protection Directive, also known as Directive 95/46/EC. It's intended to harmonize data protection laws throughout the European Union (EU). It does this by applying a single data protection law that's binding throughout each EU member state.;<SANDBOX_ACCOUNT_ID>;ap-southeast-7;2026-08-29 00:18:02.370487;article_25;To obtain the latest version of the official guide, please visit https://gdpr-info.eu/art-25-gdpr/. Taking into account the state of the art, the cost of implementation and the nature, scope, context and purposes of processing as well as the risks of varying likelihood and severity for rights and freedoms of natural persons posed by the processing, the controller shall, both at the time of the determination of the means for processing and at the time of the processing itself, implement appropriate technical and organisational measures, such as pseudonymisation, which are designed to implement data-protection principles, such as data minimisation, in an effective manner and to integrate the necessary safeguards into the processing in order to meet the requirements of this Regulation and protect the rights of data subjects. The controller shall implement appropriate technical and organisational measures for ensuring that, by default, only personal data which are necessary for each specific purpose of the processing are processed. That obligation applies to the amount of personal data collected, the extent of their processing, the period of their storage and their accessibility. In particular, such measures shall ensure that by default personal data are not made accessible without the individual's intervention to an indefinite number of natural persons. An approved certification mechanism pursuant to Article 42 may be used as an element to demonstrate compliance with the requirements set out in paragraphs 1 and 2 of this Article.;Article 25 Data protection by design and by default;;;aws;;PASS;AWS policy AWSOrganizationsServiceTrustPolicy is attached but does not allow '*:*' administrative privileges.;arn:aws:iam::aws:policy/aws-service-role/AWSOrganizationsServiceTrustPolicy;iam_aws_attached_policy_no_administrative_privileges;False;AWSOrganizationsServiceTrustPolicy;GDPR;GDPR compliance framework;
aws;The General Data Protection Regulation (GDPR) is a new European privacy law that became enforceable on May 25, 2018. The GDPR replaces the EU Data Protection Directive, also known as Directive 95/46/EC. It's intended to harmonize data protection laws throughout the European Union (EU). It does this by applying a single data protection law that's binding throughout each EU member state.;<SANDBOX_ACCOUNT_ID>;ap-southeast-7;2026-08-29 00:18:02.370487;article_25;To obtain the latest version of the official guide, please visit https://gdpr-info.eu/art-25-gdpr/. Taking into account the state of the art, the cost of implementation and the nature, scope, context and purposes of processing as well as the risks of varying likelihood and severity for rights and freedoms of natural persons posed by the processing, the controller shall, both at the time of the determination of the means for processing and at the time of the processing itself, implement appropriate technical and organisational measures, such as pseudonymisation, which are designed to implement data-protection principles, such as data minimisation, in an effective manner and to integrate the necessary safeguards into the processing in order to meet the requirements of this Regulation and protect the rights of data subjects. The controller shall implement appropriate technical and organisational measures for ensuring that, by default, only personal data which are necessary for each specific purpose of the processing are processed. That obligation applies to the amount of personal data collected, the extent of their processing, the period of their storage and their accessibility. In particular, such measures shall ensure that by default personal data are not made accessible without the individual's intervention to an indefinite number of natural persons. An approved certification mechanism pursuant to Article 42 may be used as an element to demonstrate compliance with the requirements set out in paragraphs 1 and 2 of this Article.;Article 25 Data protection by design and by default;;;aws;;PASS;AWS policy AmazonGuardDutyServiceRolePolicy is attached but does not allow '*:*' administrative privileges.;arn:aws:iam::aws:policy/aws-service-role/AmazonGuardDutyServiceRolePolicy;iam_aws_attached_policy_no_administrative_privileges;False;AmazonGuardDutyServiceRolePolicy;GDPR;GDPR compliance framework;
aws;The General Data Protection Regulation (GDPR) is a new European privacy law that became enforceable on May 25, 2018. The GDPR replaces the EU Data Protection Directive, also known as Directive 95/46/EC. It's intended to harmonize data protection laws throughout the European Union (EU). It does this by applying a single data protection law that's binding throughout each EU member state.;<SANDBOX_ACCOUNT_ID>;ap-southeast-7;2026-08-29 00:18:02.370487;article_25;To obtain the latest version of the official guide, please visit https://gdpr-info.eu/art-25-gdpr/. Taking into account the state of the art, the cost of implementation and the nature, scope, context and purposes of processing as well as the risks of varying likelihood and severity for rights and freedoms of natural persons posed by the processing, the controller shall, both at the time of the determination of the means for processing and at the time of the processing itself, implement appropriate technical and organisational measures, such as pseudonymisation, which are designed to implement data-protection principles, such as data minimisation, in an effective manner and to integrate the necessary safeguards into the processing in order to meet the requirements of this Regulation and protect the rights of data subjects. The controller shall implement appropriate technical and organisational measures for ensuring that, by default, only personal data which are necessary for each specific purpose of the processing are processed. That obligation applies to the amount of personal data collected, the extent of their processing, the period of their storage and their accessibility. In particular, such measures shall ensure that by default personal data are not made accessible without the individual's intervention to an indefinite number of natural persons. An approved certification mechanism pursuant to Article 42 may be used as an element to demonstrate compliance with the requirements set out in paragraphs 1 and 2 of this Article.;Article 25 Data protection by design and by default;;;aws;;PASS;AWS policy AWSTrustedAdvisorServiceRolePolicy is attached but does not allow '*:*' administrative privileges.;arn:aws:iam::aws:policy/aws-service-role/AWSTrustedAdvisorServiceRolePolicy;iam_aws_attached_policy_no_administrative_privileges;False;AWSTrustedAdvisorServiceRolePolicy;GDPR;GDPR compliance framework;
aws;The General Data Protection Regulation (GDPR) is a new European privacy law that became enforceable on May 25, 2018. The GDPR replaces the EU Data Protection Directive, also known as Directive 95/46/EC. It's intended to harmonize data protection laws throughout the European Union (EU). It does this by applying a single data protection law that's binding throughout each EU member state.;<SANDBOX_ACCOUNT_ID>;ap-southeast-7;2026-08-29 00:18:02.370487;article_25;To obtain the latest version of the official guide, please visit https://gdpr-info.eu/art-25-gdpr/. Taking into account the state of the art, the cost of implementation and the nature, scope, context and purposes of processing as well as the risks of varying likelihood and severity for rights and freedoms of natural persons posed by the processing, the controller shall, both at the time of the determination of the means for processing and at the time of the processing itself, implement appropriate technical and organisational measures, such as pseudonymisation, which are designed to implement data-protection principles, such as data minimisation, in an effective manner and to integrate the necessary safeguards into the processing in order to meet the requirements of this Regulation and protect the rights of data subjects. The controller shall implement appropriate technical and organisational measures for ensuring that, by default, only personal data which are necessary for each specific purpose of the processing are processed. That obligation applies to the amount of personal data collected, the extent of their processing, the period of their storage and their accessibility. In particular, such measures shall ensure that by default personal data are not made accessible without the individual's intervention to an indefinite number of natural persons. An approved certification mechanism pursuant to Article 42 may be used as an element to demonstrate compliance with the requirements set out in paragraphs 1 and 2 of this Article.;Article 25 Data protection by design and by default;;;aws;;FAIL;AWS policy AdministratorAccess is attached and allows '*:*' administrative privileges.;arn:aws:iam::aws:policy/AdministratorAccess;iam_aws_attached_policy_no_administrative_privileges;False;AdministratorAccess;GDPR;GDPR compliance framework;
aws;The General Data Protection Regulation (GDPR) is a new European privacy law that became enforceable on May 25, 2018. The GDPR replaces the EU Data Protection Directive, also known as Directive 95/46/EC. It's intended to harmonize data protection laws throughout the European Union (EU). It does this by applying a single data protection law that's binding throughout each EU member state.;<SANDBOX_ACCOUNT_ID>;ap-southeast-7;2026-08-29 00:18:02.370487;article_25;To obtain the latest version of the official guide, please visit https://gdpr-info.eu/art-25-gdpr/. Taking into account the state of the art, the cost of implementation and the nature, scope, context and purposes of processing as well as the risks of varying likelihood and severity for rights and freedoms of natural persons posed by the processing, the controller shall, both at the time of the determination of the means for processing and at the time of the processing itself, implement appropriate technical and organisational measures, such as pseudonymisation, which are designed to implement data-protection principles, such as data minimisation, in an effective manner and to integrate the necessary safeguards into the processing in order to meet the requirements of this Regulation and protect the rights of data subjects. The controller shall implement appropriate technical and organisational measures for ensuring that, by default, only personal data which are necessary for each specific purpose of the processing are processed. That obligation applies to the amount of personal data collected, the extent of their processing, the period of their storage and their accessibility. In particular, such measures shall ensure that by default personal data are not made accessible without the individual's intervention to an indefinite number of natural persons. An approved certification mechanism pursuant to Article 42 may be used as an element to demonstrate compliance with the requirements set out in paragraphs 1 and 2 of this Article.;Article 25 Data protection by design and by default;;;aws;;PASS;AWS policy AWSSupportServiceRolePolicy is attached but does not allow '*:*' administrative privileges.;arn:aws:iam::aws:policy/aws-service-role/AWSSupportServiceRolePolicy;iam_aws_attached_policy_no_administrative_privileges;False;AWSSupportServiceRolePolicy;GDPR;GDPR compliance framework;
aws;The General Data Protection Regulation (GDPR) is a new European privacy law that became enforceable on May 25, 2018. The GDPR replaces the EU Data Protection Directive, also known as Directive 95/46/EC. It's intended to harmonize data protection laws throughout the European Union (EU). It does this by applying a single data protection law that's binding throughout each EU member state.;<SANDBOX_ACCOUNT_ID>;ap-southeast-7;2026-08-29 00:18:02.370487;article_25;To obtain the latest version of the official guide, please visit https://gdpr-info.eu/art-25-gdpr/. Taking into account the state of the art, the cost of implementation and the nature, scope, context and purposes of processing as well as the risks of varying likelihood and severity for rights and freedoms of natural persons posed by the processing, the controller shall, both at the time of the determination of the means for processing and at the time of the processing itself, implement appropriate technical and organisational measures, such as pseudonymisation, which are designed to implement data-protection principles, such as data minimisation, in an effective manner and to integrate the necessary safeguards into the processing in order to meet the requirements of this Regulation and protect the rights of data subjects. The controller shall implement appropriate technical and organisational measures for ensuring that, by default, only personal data which are necessary for each specific purpose of the processing are processed. That obligation applies to the amount of personal data collected, the extent of their processing, the period of their storage and their accessibility. In particular, such measures shall ensure that by default personal data are not made accessible without the individual's intervention to an indefinite number of natural persons. An approved certification mechanism pursuant to Article 42 may be used as an element to demonstrate compliance with the requirements set out in paragraphs 1 and 2 of this Article.;Article 25 Data protection by design and by default;;;aws;;PASS;AWS policy CloudTrailServiceRolePolicy is attached but does not allow '*:*' administrative privileges.;arn:aws:iam::aws:policy/aws-service-role/CloudTrailServiceRolePolicy;iam_aws_attached_policy_no_administrative_privileges;False;CloudTrailServiceRolePolicy;GDPR;GDPR compliance framework;
aws;The General Data Protection Regulation (GDPR) is a new European privacy law that became enforceable on May 25, 2018. The GDPR replaces the EU Data Protection Directive, also known as Directive 95/46/EC. It's intended to harmonize data protection laws throughout the European Union (EU). It does this by applying a single data protection law that's binding throughout each EU member state.;<SANDBOX_ACCOUNT_ID>;ap-southeast-7;2026-08-29 00:18:02.370487;article_25;To obtain the latest version of the official guide, please visit https://gdpr-info.eu/art-25-gdpr/. Taking into account the state of the art, the cost of implementation and the nature, scope, context and purposes of processing as well as the risks of varying likelihood and severity for rights and freedoms of natural persons posed by the processing, the controller shall, both at the time of the determination of the means for processing and at the time of the processing itself, implement appropriate technical and organisational measures, such as pseudonymisation, which are designed to implement data-protection principles, such as data minimisation, in an effective manner and to integrate the necessary safeguards into the processing in order to meet the requirements of this Regulation and protect the rights of data subjects. The controller shall implement appropriate technical and organisational measures for ensuring that, by default, only personal data which are necessary for each specific purpose of the processing are processed. That obligation applies to the amount of personal data collected, the extent of their processing, the period of their storage and their accessibility. In particular, such measures shall ensure that by default personal data are not made accessible without the individual's intervention to an indefinite number of natural persons. An approved certification mechanism pursuant to Article 42 may be used as an element to demonstrate compliance with the requirements set out in paragraphs 1 and 2 of this Article.;Article 25 Data protection by design and by default;;;aws;;PASS;AWS policy AWSResourceExplorerServiceRolePolicy is attached but does not allow '*:*' administrative privileges.;arn:aws:iam::aws:policy/aws-service-role/AWSResourceExplorerServiceRolePolicy;iam_aws_attached_policy_no_administrative_privileges;False;AWSResourceExplorerServiceRolePolicy;GDPR;GDPR compliance framework;
aws;The General Data Protection Regulation (GDPR) is a new European privacy law that became enforceable on May 25, 2018. The GDPR replaces the EU Data Protection Directive, also known as Directive 95/46/EC. It's intended to harmonize data protection laws throughout the European Union (EU). It does this by applying a single data protection law that's binding throughout each EU member state.;<SANDBOX_ACCOUNT_ID>;ap-southeast-7;2026-08-29 00:18:02.370487;article_25;To obtain the latest version of the official guide, please visit https://gdpr-info.eu/art-25-gdpr/. Taking into account the state of the art, the cost of implementation and the nature, scope, context and purposes of processing as well as the risks of varying likelihood and severity for rights and freedoms of natural persons posed by the processing, the controller shall, both at the time of the determination of the means for processing and at the time of the processing itself, implement appropriate technical and organisational measures, such as pseudonymisation, which are designed to implement data-protection principles, such as data minimisation, in an effective manner and to integrate the necessary safeguards into the processing in order to meet the requirements of this Regulation and protect the rights of data subjects. The controller shall implement appropriate technical and organisational measures for ensuring that, by default, only personal data which are necessary for each specific purpose of the processing are processed. That obligation applies to the amount of personal data collected, the extent of their processing, the period of their storage and their accessibility. In particular, such measures shall ensure that by default personal data are not made accessible without the individual's intervention to an indefinite number of natural persons. An approved certification mechanism pursuant to Article 42 may be used as an element to demonstrate compliance with the requirements set out in paragraphs 1 and 2 of this Article.;Article 25 Data protection by design and by default;;;aws;;PASS;Inline policy range-app-deploy-policy attached to role range-app-deploy-role does not allow '*:*' administrative privileges.;arn:aws:iam::<SANDBOX_ACCOUNT_ID>:role/range-app-deploy-role;iam_inline_policy_no_administrative_privileges;False;range-app-deploy-role/range-app-deploy-policy;GDPR;GDPR compliance framework;
aws;The General Data Protection Regulation (GDPR) is a new European privacy law that became enforceable on May 25, 2018. The GDPR replaces the EU Data Protection Directive, also known as Directive 95/46/EC. It's intended to harmonize data protection laws throughout the European Union (EU). It does this by applying a single data protection law that's binding throughout each EU member state.;<SANDBOX_ACCOUNT_ID>;ap-southeast-7;2026-08-29 00:18:02.370487;article_25;To obtain the latest version of the official guide, please visit https://gdpr-info.eu/art-25-gdpr/. Taking into account the state of the art, the cost of implementation and the nature, scope, context and purposes of processing as well as the risks of varying likelihood and severity for rights and freedoms of natural persons posed by the processing, the controller shall, both at the time of the determination of the means for processing and at the time of the processing itself, implement appropriate technical and organisational measures, such as pseudonymisation, which are designed to implement data-protection principles, such as data minimisation, in an effective manner and to integrate the necessary safeguards into the processing in order to meet the requirements of this Regulation and protect the rights of data subjects. The controller shall implement appropriate technical and organisational measures for ensuring that, by default, only personal data which are necessary for each specific purpose of the processing are processed. That obligation applies to the amount of personal data collected, the extent of their processing, the period of their storage and their accessibility. In particular, such measures shall ensure that by default personal data are not made accessible without the individual's intervention to an indefinite number of natural persons. An approved certification mechanism pursuant to Article 42 may be used as an element to demonstrate compliance with the requirements set out in paragraphs 1 and 2 of this Article.;Article 25 Data protection by design and by default;;;aws;;PASS;Inline policy range-cloudtrail-to-cwl attached to role range-cloudtrail-to-cwl does not allow '*:*' administrative privileges.;arn:aws:iam::<SANDBOX_ACCOUNT_ID>:role/range-cloudtrail-to-cwl;iam_inline_policy_no_administrative_privileges;False;range-cloudtrail-to-cwl/range-cloudtrail-to-cwl;GDPR;GDPR compliance framework;
aws;The General Data Protection Regulation (GDPR) is a new European privacy law that became enforceable on May 25, 2018. The GDPR replaces the EU Data Protection Directive, also known as Directive 95/46/EC. It's intended to harmonize data protection laws throughout the European Union (EU). It does this by applying a single data protection law that's binding throughout each EU member state.;<SANDBOX_ACCOUNT_ID>;ap-southeast-7;2026-08-29 00:18:02.370487;article_25;To obtain the latest version of the official guide, please visit https://gdpr-info.eu/art-25-gdpr/. Taking into account the state of the art, the cost of implementation and the nature, scope, context and purposes of processing as well as the risks of varying likelihood and severity for rights and freedoms of natural persons posed by the processing, the controller shall, both at the time of the determination of the means for processing and at the time of the processing itself, implement appropriate technical and organisational measures, such as pseudonymisation, which are designed to implement data-protection principles, such as data minimisation, in an effective manner and to integrate the necessary safeguards into the processing in order to meet the requirements of this Regulation and protect the rights of data subjects. The controller shall implement appropriate technical and organisational measures for ensuring that, by default, only personal data which are necessary for each specific purpose of the processing are processed. That obligation applies to the amount of personal data collected, the extent of their processing, the period of their storage and their accessibility. In particular, such measures shall ensure that by default personal data are not made accessible without the individual's intervention to an indefinite number of natural persons. An approved certification mechanism pursuant to Article 42 may be used as an element to demonstrate compliance with the requirements set out in paragraphs 1 and 2 of this Article.;Article 25 Data protection by design and by default;;;aws;;PASS;Inline policy range-responder attached to role range-responder does not allow '*:*' administrative privileges.;arn:aws:iam::<SANDBOX_ACCOUNT_ID>:role/range-responder;iam_inline_policy_no_administrative_privileges;False;range-responder/range-responder;GDPR;GDPR compliance framework;
aws;The General Data Protection Regulation (GDPR) is a new European privacy law that became enforceable on May 25, 2018. The GDPR replaces the EU Data Protection Directive, also known as Directive 95/46/EC. It's intended to harmonize data protection laws throughout the European Union (EU). It does this by applying a single data protection law that's binding throughout each EU member state.;<SANDBOX_ACCOUNT_ID>;ap-southeast-7;2026-08-29 00:18:02.370487;article_25;To obtain the latest version of the official guide, please visit https://gdpr-info.eu/art-25-gdpr/. Taking into account the state of the art, the cost of implementation and the nature, scope, context and purposes of processing as well as the risks of varying likelihood and severity for rights and freedoms of natural persons posed by the processing, the controller shall, both at the time of the determination of the means for processing and at the time of the processing itself, implement appropriate technical and organisational measures, such as pseudonymisation, which are designed to implement data-protection principles, such as data minimisation, in an effective manner and to integrate the necessary safeguards into the processing in order to meet the requirements of this Regulation and protect the rights of data subjects. The controller shall implement appropriate technical and organisational measures for ensuring that, by default, only personal data which are necessary for each specific purpose of the processing are processed. That obligation applies to the amount of personal data collected, the extent of their processing, the period of their storage and their accessibility. In particular, such measures shall ensure that by default personal data are not made accessible without the individual's intervention to an indefinite number of natural persons. An approved certification mechanism pursuant to Article 42 may be used as an element to demonstrate compliance with the requirements set out in paragraphs 1 and 2 of this Article.;Article 25 Data protection by design and by default;;;aws;;PASS;Root account does not have access keys.;arn:aws:iam::<SANDBOX_ACCOUNT_ID>:root;iam_no_root_access_key;False;<root_account>;GDPR;GDPR compliance framework;
aws;The General Data Protection Regulation (GDPR) is a new European privacy law that became enforceable on May 25, 2018. The GDPR replaces the EU Data Protection Directive, also known as Directive 95/46/EC. It's intended to harmonize data protection laws throughout the European Union (EU). It does this by applying a single data protection law that's binding throughout each EU member state.;<SANDBOX_ACCOUNT_ID>;ap-southeast-7;2026-08-29 00:18:02.370487;article_25;To obtain the latest version of the official guide, please visit https://gdpr-info.eu/art-25-gdpr/. Taking into account the state of the art, the cost of implementation and the nature, scope, context and purposes of processing as well as the risks of varying likelihood and severity for rights and freedoms of natural persons posed by the processing, the controller shall, both at the time of the determination of the means for processing and at the time of the processing itself, implement appropriate technical and organisational measures, such as pseudonymisation, which are designed to implement data-protection principles, such as data minimisation, in an effective manner and to integrate the necessary safeguards into the processing in order to meet the requirements of this Regulation and protect the rights of data subjects. The controller shall implement appropriate technical and organisational measures for ensuring that, by default, only personal data which are necessary for each specific purpose of the processing are processed. That obligation applies to the amount of personal data collected, the extent of their processing, the period of their storage and their accessibility. In particular, such measures shall ensure that by default personal data are not made accessible without the individual's intervention to an indefinite number of natural persons. An approved certification mechanism pursuant to Article 42 may be used as an element to demonstrate compliance with the requirements set out in paragraphs 1 and 2 of this Article.;Article 25 Data protection by design and by default;;;aws;;FAIL;IAM password policy does not require at least one lowercase letter.;arn:aws:iam:ap-southeast-7:<SANDBOX_ACCOUNT_ID>:password-policy;iam_password_policy_lowercase;False;<SANDBOX_ACCOUNT_ID>;GDPR;GDPR compliance framework;
aws;The General Data Protection Regulation (GDPR) is a new European privacy law that became enforceable on May 25, 2018. The GDPR replaces the EU Data Protection Directive, also known as Directive 95/46/EC. It's intended to harmonize data protection laws throughout the European Union (EU). It does this by applying a single data protection law that's binding throughout each EU member state.;<SANDBOX_ACCOUNT_ID>;ap-southeast-7;2026-08-29 00:18:02.370487;article_25;To obtain the latest version of the official guide, please visit https://gdpr-info.eu/art-25-gdpr/. Taking into account the state of the art, the cost of implementation and the nature, scope, context and purposes of processing as well as the risks of varying likelihood and severity for rights and freedoms of natural persons posed by the processing, the controller shall, both at the time of the determination of the means for processing and at the time of the processing itself, implement appropriate technical and organisational measures, such as pseudonymisation, which are designed to implement data-protection principles, such as data minimisation, in an effective manner and to integrate the necessary safeguards into the processing in order to meet the requirements of this Regulation and protect the rights of data subjects. The controller shall implement appropriate technical and organisational measures for ensuring that, by default, only personal data which are necessary for each specific purpose of the processing are processed. That obligation applies to the amount of personal data collected, the extent of their processing, the period of their storage and their accessibility. In particular, such measures shall ensure that by default personal data are not made accessible without the individual's intervention to an indefinite number of natural persons. An approved certification mechanism pursuant to Article 42 may be used as an element to demonstrate compliance with the requirements set out in paragraphs 1 and 2 of this Article.;Article 25 Data protection by design and by default;;;aws;;FAIL;IAM password policy does not require minimum length of 14 characters.;arn:aws:iam:ap-southeast-7:<SANDBOX_ACCOUNT_ID>:password-policy;iam_password_policy_minimum_length_14;False;<SANDBOX_ACCOUNT_ID>;GDPR;GDPR compliance framework;
aws;The General Data Protection Regulation (GDPR) is a new European privacy law that became enforceable on May 25, 2018. The GDPR replaces the EU Data Protection Directive, also known as Directive 95/46/EC. It's intended to harmonize data protection laws throughout the European Union (EU). It does this by applying a single data protection law that's binding throughout each EU member state.;<SANDBOX_ACCOUNT_ID>;ap-southeast-7;2026-08-29 00:18:02.370487;article_25;To obtain the latest version of the official guide, please visit https://gdpr-info.eu/art-25-gdpr/. Taking into account the state of the art, the cost of implementation and the nature, scope, context and purposes of processing as well as the risks of varying likelihood and severity for rights and freedoms of natural persons posed by the processing, the controller shall, both at the time of the determination of the means for processing and at the time of the processing itself, implement appropriate technical and organisational measures, such as pseudonymisation, which are designed to implement data-protection principles, such as data minimisation, in an effective manner and to integrate the necessary safeguards into the processing in order to meet the requirements of this Regulation and protect the rights of data subjects. The controller shall implement appropriate technical and organisational measures for ensuring that, by default, only personal data which are necessary for each specific purpose of the processing are processed. That obligation applies to the amount of personal data collected, the extent of their processing, the period of their storage and their accessibility. In particular, such measures shall ensure that by default personal data are not made accessible without the individual's intervention to an indefinite number of natural persons. An approved certification mechanism pursuant to Article 42 may be used as an element to demonstrate compliance with the requirements set out in paragraphs 1 and 2 of this Article.;Article 25 Data protection by design and by default;;;aws;;FAIL;IAM password policy does not require at least one number.;arn:aws:iam:ap-southeast-7:<SANDBOX_ACCOUNT_ID>:password-policy;iam_password_policy_number;False;<SANDBOX_ACCOUNT_ID>;GDPR;GDPR compliance framework;
aws;The General Data Protection Regulation (GDPR) is a new European privacy law that became enforceable on May 25, 2018. The GDPR replaces the EU Data Protection Directive, also known as Directive 95/46/EC. It's intended to harmonize data protection laws throughout the European Union (EU). It does this by applying a single data protection law that's binding throughout each EU member state.;<SANDBOX_ACCOUNT_ID>;ap-southeast-7;2026-08-29 00:18:02.370487;article_25;To obtain the latest version of the official guide, please visit https://gdpr-info.eu/art-25-gdpr/. Taking into account the state of the art, the cost of implementation and the nature, scope, context and purposes of processing as well as the risks of varying likelihood and severity for rights and freedoms of natural persons posed by the processing, the controller shall, both at the time of the determination of the means for processing and at the time of the processing itself, implement appropriate technical and organisational measures, such as pseudonymisation, which are designed to implement data-protection principles, such as data minimisation, in an effective manner and to integrate the necessary safeguards into the processing in order to meet the requirements of this Regulation and protect the rights of data subjects. The controller shall implement appropriate technical and organisational measures for ensuring that, by default, only personal data which are necessary for each specific purpose of the processing are processed. That obligation applies to the amount of personal data collected, the extent of their processing, the period of their storage and their accessibility. In particular, such measures shall ensure that by default personal data are not made accessible without the individual's intervention to an indefinite number of natural persons. An approved certification mechanism pursuant to Article 42 may be used as an element to demonstrate compliance with the requirements set out in paragraphs 1 and 2 of this Article.;Article 25 Data protection by design and by default;;;aws;;FAIL;IAM password policy reuse prevention is less than 24 or not set.;arn:aws:iam:ap-southeast-7:<SANDBOX_ACCOUNT_ID>:password-policy;iam_password_policy_reuse_24;False;<SANDBOX_ACCOUNT_ID>;GDPR;GDPR compliance framework;
aws;The General Data Protection Regulation (GDPR) is a new European privacy law that became enforceable on May 25, 2018. The GDPR replaces the EU Data Protection Directive, also known as Directive 95/46/EC. It's intended to harmonize data protection laws throughout the European Union (EU). It does this by applying a single data protection law that's binding throughout each EU member state.;<SANDBOX_ACCOUNT_ID>;ap-southeast-7;2026-08-29 00:18:02.370487;article_25;To obtain the latest version of the official guide, please visit https://gdpr-info.eu/art-25-gdpr/. Taking into account the state of the art, the cost of implementation and the nature, scope, context and purposes of processing as well as the risks of varying likelihood and severity for rights and freedoms of natural persons posed by the processing, the controller shall, both at the time of the determination of the means for processing and at the time of the processing itself, implement appropriate technical and organisational measures, such as pseudonymisation, which are designed to implement data-protection principles, such as data minimisation, in an effective manner and to integrate the necessary safeguards into the processing in order to meet the requirements of this Regulation and protect the rights of data subjects. The controller shall implement appropriate technical and organisational measures for ensuring that, by default, only personal data which are necessary for each specific purpose of the processing are processed. That obligation applies to the amount of personal data collected, the extent of their processing, the period of their storage and their accessibility. In particular, such measures shall ensure that by default personal data are not made accessible without the individual's intervention to an indefinite number of natural persons. An approved certification mechanism pursuant to Article 42 may be used as an element to demonstrate compliance with the requirements set out in paragraphs 1 and 2 of this Article.;Article 25 Data protection by design and by default;;;aws;;FAIL;IAM password policy does not require at least one symbol.;arn:aws:iam:ap-southeast-7:<SANDBOX_ACCOUNT_ID>:password-policy;iam_password_policy_symbol;False;<SANDBOX_ACCOUNT_ID>;GDPR;GDPR compliance framework;
aws;The General Data Protection Regulation (GDPR) is a new European privacy law that became enforceable on May 25, 2018. The GDPR replaces the EU Data Protection Directive, also known as Directive 95/46/EC. It's intended to harmonize data protection laws throughout the European Union (EU). It does this by applying a single data protection law that's binding throughout each EU member state.;<SANDBOX_ACCOUNT_ID>;ap-southeast-7;2026-08-29 00:18:02.370487;article_25;To obtain the latest version of the official guide, please visit https://gdpr-info.eu/art-25-gdpr/. Taking into account the state of the art, the cost of implementation and the nature, scope, context and purposes of processing as well as the risks of varying likelihood and severity for rights and freedoms of natural persons posed by the processing, the controller shall, both at the time of the determination of the means for processing and at the time of the processing itself, implement appropriate technical and organisational measures, such as pseudonymisation, which are designed to implement data-protection principles, such as data minimisation, in an effective manner and to integrate the necessary safeguards into the processing in order to meet the requirements of this Regulation and protect the rights of data subjects. The controller shall implement appropriate technical and organisational measures for ensuring that, by default, only personal data which are necessary for each specific purpose of the processing are processed. That obligation applies to the amount of personal data collected, the extent of their processing, the period of their storage and their accessibility. In particular, such measures shall ensure that by default personal data are not made accessible without the individual's intervention to an indefinite number of natural persons. An approved certification mechanism pursuant to Article 42 may be used as an element to demonstrate compliance with the requirements set out in paragraphs 1 and 2 of this Article.;Article 25 Data protection by design and by default;;;aws;;FAIL;IAM password policy does not require at least one uppercase letter.;arn:aws:iam:ap-southeast-7:<SANDBOX_ACCOUNT_ID>:password-policy;iam_password_policy_uppercase;False;<SANDBOX_ACCOUNT_ID>;GDPR;GDPR compliance framework;
aws;The General Data Protection Regulation (GDPR) is a new European privacy law that became enforceable on May 25, 2018. The GDPR replaces the EU Data Protection Directive, also known as Directive 95/46/EC. It's intended to harmonize data protection laws throughout the European Union (EU). It does this by applying a single data protection law that's binding throughout each EU member state.;<SANDBOX_ACCOUNT_ID>;ap-southeast-7;2026-08-29 00:18:02.370487;article_25;To obtain the latest version of the official guide, please visit https://gdpr-info.eu/art-25-gdpr/. Taking into account the state of the art, the cost of implementation and the nature, scope, context and purposes of processing as well as the risks of varying likelihood and severity for rights and freedoms of natural persons posed by the processing, the controller shall, both at the time of the determination of the means for processing and at the time of the processing itself, implement appropriate technical and organisational measures, such as pseudonymisation, which are designed to implement data-protection principles, such as data minimisation, in an effective manner and to integrate the necessary safeguards into the processing in order to meet the requirements of this Regulation and protect the rights of data subjects. The controller shall implement appropriate technical and organisational measures for ensuring that, by default, only personal data which are necessary for each specific purpose of the processing are processed. That obligation applies to the amount of personal data collected, the extent of their processing, the period of their storage and their accessibility. In particular, such measures shall ensure that by default personal data are not made accessible without the individual's intervention to an indefinite number of natural persons. An approved certification mechanism pursuant to Article 42 may be used as an element to demonstrate compliance with the requirements set out in paragraphs 1 and 2 of this Article.;Article 25 Data protection by design and by default;;;aws;;FAIL;MFA is not enabled for root account.;arn:aws:iam::<SANDBOX_ACCOUNT_ID>:mfa;iam_root_hardware_mfa_enabled;False;<root_account>;GDPR;GDPR compliance framework;
aws;The General Data Protection Regulation (GDPR) is a new European privacy law that became enforceable on May 25, 2018. The GDPR replaces the EU Data Protection Directive, also known as Directive 95/46/EC. It's intended to harmonize data protection laws throughout the European Union (EU). It does this by applying a single data protection law that's binding throughout each EU member state.;<SANDBOX_ACCOUNT_ID>;ap-southeast-7;2026-08-29 00:18:02.370487;article_25;To obtain the latest version of the official guide, please visit https://gdpr-info.eu/art-25-gdpr/. Taking into account the state of the art, the cost of implementation and the nature, scope, context and purposes of processing as well as the risks of varying likelihood and severity for rights and freedoms of natural persons posed by the processing, the controller shall, both at the time of the determination of the means for processing and at the time of the processing itself, implement appropriate technical and organisational measures, such as pseudonymisation, which are designed to implement data-protection principles, such as data minimisation, in an effective manner and to integrate the necessary safeguards into the processing in order to meet the requirements of this Regulation and protect the rights of data subjects. The controller shall implement appropriate technical and organisational measures for ensuring that, by default, only personal data which are necessary for each specific purpose of the processing are processed. That obligation applies to the amount of personal data collected, the extent of their processing, the period of their storage and their accessibility. In particular, such measures shall ensure that by default personal data are not made accessible without the individual's intervention to an indefinite number of natural persons. An approved certification mechanism pursuant to Article 42 may be used as an element to demonstrate compliance with the requirements set out in paragraphs 1 and 2 of this Article.;Article 25 Data protection by design and by default;;;aws;;FAIL;MFA is not enabled for root account.;arn:aws:iam::<SANDBOX_ACCOUNT_ID>:root;iam_root_mfa_enabled;False;<root_account>;GDPR;GDPR compliance framework;
aws;The General Data Protection Regulation (GDPR) is a new European privacy law that became enforceable on May 25, 2018. The GDPR replaces the EU Data Protection Directive, also known as Directive 95/46/EC. It's intended to harmonize data protection laws throughout the European Union (EU). It does this by applying a single data protection law that's binding throughout each EU member state.;<SANDBOX_ACCOUNT_ID>;ap-southeast-7;2026-08-29 00:18:02.370487;article_25;To obtain the latest version of the official guide, please visit https://gdpr-info.eu/art-25-gdpr/. Taking into account the state of the art, the cost of implementation and the nature, scope, context and purposes of processing as well as the risks of varying likelihood and severity for rights and freedoms of natural persons posed by the processing, the controller shall, both at the time of the determination of the means for processing and at the time of the processing itself, implement appropriate technical and organisational measures, such as pseudonymisation, which are designed to implement data-protection principles, such as data minimisation, in an effective manner and to integrate the necessary safeguards into the processing in order to meet the requirements of this Regulation and protect the rights of data subjects. The controller shall implement appropriate technical and organisational measures for ensuring that, by default, only personal data which are necessary for each specific purpose of the processing are processed. That obligation applies to the amount of personal data collected, the extent of their processing, the period of their storage and their accessibility. In particular, such measures shall ensure that by default personal data are not made accessible without the individual's intervention to an indefinite number of natural persons. An approved certification mechanism pursuant to Article 42 may be used as an element to demonstrate compliance with the requirements set out in paragraphs 1 and 2 of this Article.;Article 25 Data protection by design and by default;;;aws;;PASS;User <root_account> does not have access keys.;arn:aws:iam::<SANDBOX_ACCOUNT_ID>:root;iam_rotate_access_key_90_days;False;<root_account>;GDPR;GDPR compliance framework;
aws;The General Data Protection Regulation (GDPR) is a new European privacy law that became enforceable on May 25, 2018. The GDPR replaces the EU Data Protection Directive, also known as Directive 95/46/EC. It's intended to harmonize data protection laws throughout the European Union (EU). It does this by applying a single data protection law that's binding throughout each EU member state.;<SANDBOX_ACCOUNT_ID>;ap-southeast-7;2026-08-29 00:18:02.370487;article_25;To obtain the latest version of the official guide, please visit https://gdpr-info.eu/art-25-gdpr/. Taking into account the state of the art, the cost of implementation and the nature, scope, context and purposes of processing as well as the risks of varying likelihood and severity for rights and freedoms of natural persons posed by the processing, the controller shall, both at the time of the determination of the means for processing and at the time of the processing itself, implement appropriate technical and organisational measures, such as pseudonymisation, which are designed to implement data-protection principles, such as data minimisation, in an effective manner and to integrate the necessary safeguards into the processing in order to meet the requirements of this Regulation and protect the rights of data subjects. The controller shall implement appropriate technical and organisational measures for ensuring that, by default, only personal data which are necessary for each specific purpose of the processing are processed. That obligation applies to the amount of personal data collected, the extent of their processing, the period of their storage and their accessibility. In particular, such measures shall ensure that by default personal data are not made accessible without the individual's intervention to an indefinite number of natural persons. An approved certification mechanism pursuant to Article 42 may be used as an element to demonstrate compliance with the requirements set out in paragraphs 1 and 2 of this Article.;Article 25 Data protection by design and by default;;;aws;;FAIL;AWS Support Access policy is not attached to any role.;arn:aws:iam::aws:policy/AWSSupportAccess;iam_support_role_created;False;<SANDBOX_ACCOUNT_ID>;GDPR;GDPR compliance framework;
aws;The General Data Protection Regulation (GDPR) is a new European privacy law that became enforceable on May 25, 2018. The GDPR replaces the EU Data Protection Directive, also known as Directive 95/46/EC. It's intended to harmonize data protection laws throughout the European Union (EU). It does this by applying a single data protection law that's binding throughout each EU member state.;<SANDBOX_ACCOUNT_ID>;ap-southeast-7;2026-08-29 00:18:02.370487;article_25;To obtain the latest version of the official guide, please visit https://gdpr-info.eu/art-25-gdpr/. Taking into account the state of the art, the cost of implementation and the nature, scope, context and purposes of processing as well as the risks of varying likelihood and severity for rights and freedoms of natural persons posed by the processing, the controller shall, both at the time of the determination of the means for processing and at the time of the processing itself, implement appropriate technical and organisational measures, such as pseudonymisation, which are designed to implement data-protection principles, such as data minimisation, in an effective manner and to integrate the necessary safeguards into the processing in order to meet the requirements of this Regulation and protect the rights of data subjects. The controller shall implement appropriate technical and organisational measures for ensuring that, by default, only personal data which are necessary for each specific purpose of the processing are processed. That obligation applies to the amount of personal data collected, the extent of their processing, the period of their storage and their accessibility. In particular, such measures shall ensure that by default personal data are not made accessible without the individual's intervention to an indefinite number of natural persons. An approved certification mechanism pursuant to Article 42 may be used as an element to demonstrate compliance with the requirements set out in paragraphs 1 and 2 of this Article.;Article 25 Data protection by design and by default;;;aws;;PASS;User <root_account> does not have access keys.;arn:aws:iam::<SANDBOX_ACCOUNT_ID>:root;iam_user_accesskey_unused;False;<root_account>;GDPR;GDPR compliance framework;
aws;The General Data Protection Regulation (GDPR) is a new European privacy law that became enforceable on May 25, 2018. The GDPR replaces the EU Data Protection Directive, also known as Directive 95/46/EC. It's intended to harmonize data protection laws throughout the European Union (EU). It does this by applying a single data protection law that's binding throughout each EU member state.;<SANDBOX_ACCOUNT_ID>;ap-southeast-7;2026-08-29 00:18:02.370487;article_32; To obtain the latest version of the official guide, please visit https://gdpr-info.eu/art-32-gdpr/. Taking into account the state of the art, the costs of implementation and the nature, scope, context and purposes of processing as well as the risk of varying likelihood and severity for the rights and freedoms of natural persons, the controller and the processor shall implement appropriate technical and organisational measures to ensure a level of security appropriate to the risk, including inter alia as appropriate. In assessing the appropriate level of security account shall be taken in particular of the risks that are presented by processing, in particular from accidental or unlawful destruction, loss, alteration, unauthorised disclosure of, or access to personal data transmitted, stored or otherwise processed. Adherence to an approved code of conduct as referred to in Article 40 or an approved certification mechanism as referred to in Article 42 may be used as an element by which to demonstrate compliance with the requirements set out in paragraph 1 of this Article. The controller and processor shall take steps to ensure that any natural person acting under the authority of the controller or the processor who has access to personal data does not process them except on instructions from the controller, unless he or she is required to do so by Union or Member State law.;Article 32 Security of processing;;;aws;;PASS;S3 Bucket range-cloudtrail-<SANDBOX_ACCOUNT_ID> has Server Side Encryption with AES256.;arn:aws:s3:::range-cloudtrail-<SANDBOX_ACCOUNT_ID>;s3_bucket_default_encryption;False;range-cloudtrail-<SANDBOX_ACCOUNT_ID>;GDPR;GDPR compliance framework;
aws;The General Data Protection Regulation (GDPR) is a new European privacy law that became enforceable on May 25, 2018. The GDPR replaces the EU Data Protection Directive, also known as Directive 95/46/EC. It's intended to harmonize data protection laws throughout the European Union (EU). It does this by applying a single data protection law that's binding throughout each EU member state.;<SANDBOX_ACCOUNT_ID>;ap-southeast-7;2026-08-29 00:18:02.370487;article_32; To obtain the latest version of the official guide, please visit https://gdpr-info.eu/art-32-gdpr/. Taking into account the state of the art, the costs of implementation and the nature, scope, context and purposes of processing as well as the risk of varying likelihood and severity for the rights and freedoms of natural persons, the controller and the processor shall implement appropriate technical and organisational measures to ensure a level of security appropriate to the risk, including inter alia as appropriate. In assessing the appropriate level of security account shall be taken in particular of the risks that are presented by processing, in particular from accidental or unlawful destruction, loss, alteration, unauthorised disclosure of, or access to personal data transmitted, stored or otherwise processed. Adherence to an approved code of conduct as referred to in Article 40 or an approved certification mechanism as referred to in Article 42 may be used as an element by which to demonstrate compliance with the requirements set out in paragraph 1 of this Article. The controller and processor shall take steps to ensure that any natural person acting under the authority of the controller or the processor who has access to personal data does not process them except on instructions from the controller, unless he or she is required to do so by Union or Member State law.;Article 32 Security of processing;;;aws;;PASS;S3 Bucket range-customer-data-<SANDBOX_ACCOUNT_ID> has Server Side Encryption with AES256.;arn:aws:s3:::range-customer-data-<SANDBOX_ACCOUNT_ID>;s3_bucket_default_encryption;False;range-customer-data-<SANDBOX_ACCOUNT_ID>;GDPR;GDPR compliance framework;
aws;The General Data Protection Regulation (GDPR) is a new European privacy law that became enforceable on May 25, 2018. The GDPR replaces the EU Data Protection Directive, also known as Directive 95/46/EC. It's intended to harmonize data protection laws throughout the European Union (EU). It does this by applying a single data protection law that's binding throughout each EU member state.;<SANDBOX_ACCOUNT_ID>;ap-southeast-7;2026-08-29 00:18:02.370487;article_32; To obtain the latest version of the official guide, please visit https://gdpr-info.eu/art-32-gdpr/. Taking into account the state of the art, the costs of implementation and the nature, scope, context and purposes of processing as well as the risk of varying likelihood and severity for the rights and freedoms of natural persons, the controller and the processor shall implement appropriate technical and organisational measures to ensure a level of security appropriate to the risk, including inter alia as appropriate. In assessing the appropriate level of security account shall be taken in particular of the risks that are presented by processing, in particular from accidental or unlawful destruction, loss, alteration, unauthorised disclosure of, or access to personal data transmitted, stored or otherwise processed. Adherence to an approved code of conduct as referred to in Article 40 or an approved certification mechanism as referred to in Article 42 may be used as an element by which to demonstrate compliance with the requirements set out in paragraph 1 of this Article. The controller and processor shall take steps to ensure that any natural person acting under the authority of the controller or the processor who has access to personal data does not process them except on instructions from the controller, unless he or she is required to do so by Union or Member State law.;Article 32 Security of processing;;;aws;;PASS;S3 Bucket stratus-red-team-ct-stop-bucket-arzkiholin has Server Side Encryption with AES256.;arn:aws:s3:::stratus-red-team-ct-stop-bucket-arzkiholin;s3_bucket_default_encryption;False;stratus-red-team-ct-stop-bucket-arzkiholin;GDPR;GDPR compliance framework;
aws;The General Data Protection Regulation (GDPR) is a new European privacy law that became enforceable on May 25, 2018. The GDPR replaces the EU Data Protection Directive, also known as Directive 95/46/EC. It's intended to harmonize data protection laws throughout the European Union (EU). It does this by applying a single data protection law that's binding throughout each EU member state.;<SANDBOX_ACCOUNT_ID>;ap-southeast-7;2026-08-29 00:18:02.370487;article_32; To obtain the latest version of the official guide, please visit https://gdpr-info.eu/art-32-gdpr/. Taking into account the state of the art, the costs of implementation and the nature, scope, context and purposes of processing as well as the risk of varying likelihood and severity for the rights and freedoms of natural persons, the controller and the processor shall implement appropriate technical and organisational measures to ensure a level of security appropriate to the risk, including inter alia as appropriate. In assessing the appropriate level of security account shall be taken in particular of the risks that are presented by processing, in particular from accidental or unlawful destruction, loss, alteration, unauthorised disclosure of, or access to personal data transmitted, stored or otherwise processed. Adherence to an approved code of conduct as referred to in Article 40 or an approved certification mechanism as referred to in Article 42 may be used as an element by which to demonstrate compliance with the requirements set out in paragraph 1 of this Article. The controller and processor shall take steps to ensure that any natural person acting under the authority of the controller or the processor who has access to personal data does not process them except on instructions from the controller, unless he or she is required to do so by Union or Member State law.;Article 32 Security of processing;;;aws;;FAIL;S3 Bucket range-cloudtrail-<SANDBOX_ACCOUNT_ID> allows requests over insecure transport in the bucket policy.;arn:aws:s3:::range-cloudtrail-<SANDBOX_ACCOUNT_ID>;s3_bucket_secure_transport_policy;False;range-cloudtrail-<SANDBOX_ACCOUNT_ID>;GDPR;GDPR compliance framework;
aws;The General Data Protection Regulation (GDPR) is a new European privacy law that became enforceable on May 25, 2018. The GDPR replaces the EU Data Protection Directive, also known as Directive 95/46/EC. It's intended to harmonize data protection laws throughout the European Union (EU). It does this by applying a single data protection law that's binding throughout each EU member state.;<SANDBOX_ACCOUNT_ID>;ap-southeast-7;2026-08-29 00:18:02.370487;article_32; To obtain the latest version of the official guide, please visit https://gdpr-info.eu/art-32-gdpr/. Taking into account the state of the art, the costs of implementation and the nature, scope, context and purposes of processing as well as the risk of varying likelihood and severity for the rights and freedoms of natural persons, the controller and the processor shall implement appropriate technical and organisational measures to ensure a level of security appropriate to the risk, including inter alia as appropriate. In assessing the appropriate level of security account shall be taken in particular of the risks that are presented by processing, in particular from accidental or unlawful destruction, loss, alteration, unauthorised disclosure of, or access to personal data transmitted, stored or otherwise processed. Adherence to an approved code of conduct as referred to in Article 40 or an approved certification mechanism as referred to in Article 42 may be used as an element by which to demonstrate compliance with the requirements set out in paragraph 1 of this Article. The controller and processor shall take steps to ensure that any natural person acting under the authority of the controller or the processor who has access to personal data does not process them except on instructions from the controller, unless he or she is required to do so by Union or Member State law.;Article 32 Security of processing;;;aws;;FAIL;S3 Bucket range-customer-data-<SANDBOX_ACCOUNT_ID> allows requests over insecure transport in the bucket policy.;arn:aws:s3:::range-customer-data-<SANDBOX_ACCOUNT_ID>;s3_bucket_secure_transport_policy;False;range-customer-data-<SANDBOX_ACCOUNT_ID>;GDPR;GDPR compliance framework;
aws;The General Data Protection Regulation (GDPR) is a new European privacy law that became enforceable on May 25, 2018. The GDPR replaces the EU Data Protection Directive, also known as Directive 95/46/EC. It's intended to harmonize data protection laws throughout the European Union (EU). It does this by applying a single data protection law that's binding throughout each EU member state.;<SANDBOX_ACCOUNT_ID>;ap-southeast-7;2026-08-29 00:18:02.370487;article_32; To obtain the latest version of the official guide, please visit https://gdpr-info.eu/art-32-gdpr/. Taking into account the state of the art, the costs of implementation and the nature, scope, context and purposes of processing as well as the risk of varying likelihood and severity for the rights and freedoms of natural persons, the controller and the processor shall implement appropriate technical and organisational measures to ensure a level of security appropriate to the risk, including inter alia as appropriate. In assessing the appropriate level of security account shall be taken in particular of the risks that are presented by processing, in particular from accidental or unlawful destruction, loss, alteration, unauthorised disclosure of, or access to personal data transmitted, stored or otherwise processed. Adherence to an approved code of conduct as referred to in Article 40 or an approved certification mechanism as referred to in Article 42 may be used as an element by which to demonstrate compliance with the requirements set out in paragraph 1 of this Article. The controller and processor shall take steps to ensure that any natural person acting under the authority of the controller or the processor who has access to personal data does not process them except on instructions from the controller, unless he or she is required to do so by Union or Member State law.;Article 32 Security of processing;;;aws;;FAIL;S3 Bucket stratus-red-team-ct-stop-bucket-arzkiholin allows requests over insecure transport in the bucket policy.;arn:aws:s3:::stratus-red-team-ct-stop-bucket-arzkiholin;s3_bucket_secure_transport_policy;False;stratus-red-team-ct-stop-bucket-arzkiholin;GDPR;GDPR compliance framework;
aws;The General Data Protection Regulation (GDPR) is a new European privacy law that became enforceable on May 25, 2018. The GDPR replaces the EU Data Protection Directive, also known as Directive 95/46/EC. It's intended to harmonize data protection laws throughout the European Union (EU). It does this by applying a single data protection law that's binding throughout each EU member state.;<SANDBOX_ACCOUNT_ID>;ap-southeast-7;2026-08-29 00:18:02.370487;article_32; To obtain the latest version of the official guide, please visit https://gdpr-info.eu/art-32-gdpr/. Taking into account the state of the art, the costs of implementation and the nature, scope, context and purposes of processing as well as the risk of varying likelihood and severity for the rights and freedoms of natural persons, the controller and the processor shall implement appropriate technical and organisational measures to ensure a level of security appropriate to the risk, including inter alia as appropriate. In assessing the appropriate level of security account shall be taken in particular of the risks that are presented by processing, in particular from accidental or unlawful destruction, loss, alteration, unauthorised disclosure of, or access to personal data transmitted, stored or otherwise processed. Adherence to an approved code of conduct as referred to in Article 40 or an approved certification mechanism as referred to in Article 42 may be used as an element by which to demonstrate compliance with the requirements set out in paragraph 1 of this Article. The controller and processor shall take steps to ensure that any natural person acting under the authority of the controller or the processor who has access to personal data does not process them except on instructions from the controller, unless he or she is required to do so by Union or Member State law.;Article 32 Security of processing;;;aws;;FAIL;SNS topic range-responders is not encrypted.;arn:aws:sns:ap-southeast-7:<SANDBOX_ACCOUNT_ID>:range-responders;sns_topics_kms_encryption_at_rest_enabled;False;range-responders;GDPR;GDPR compliance framework;
