PROVIDER;DESCRIPTION;ACCOUNTID;REGION;ASSESSMENTDATE;REQUIREMENTS_ID;REQUIREMENTS_DESCRIPTION;REQUIREMENTS_ATTRIBUTES_SECTION;REQUIREMENTS_ATTRIBUTES_SUBSECTION;REQUIREMENTS_ATTRIBUTES_SUBGROUP;REQUIREMENTS_ATTRIBUTES_SERVICE;REQUIREMENTS_ATTRIBUTES_TYPE;STATUS;STATUSEXTENDED;RESOURCEID;CHECKID;MUTED;RESOURCENAME;FRAMEWORK;NAME;REQUIREMENTS_ATTRIBUTES_COMMENT
aws;NIST 800-53 is a regulatory standard that defines the minimum baseline of security controls for all U.S. federal information systems except those related to national security. The controls defined in this standard are customizable and address a diverse set of security and privacy requirements.;<SANDBOX_ACCOUNT_ID>;ap-southeast-7;2026-08-29 00:18:02.370487;ac_4;The information system enforces approved authorizations for controlling the flow of information within the system and between interconnected systems based on organization-defined information flow control policies.;Access Control (AC);;;aws;;PASS;Lambda function range-responder has a resource-based policy without public access.;arn:aws:lambda:ap-southeast-7:<SANDBOX_ACCOUNT_ID>:function:range-responder;awslambda_function_not_publicly_accessible;False;range-responder;NIST-800-53-Revision-4;National Institute of Standards and Technology (NIST) 800-53 Revision 4;
aws;NIST 800-53 is a regulatory standard that defines the minimum baseline of security controls for all U.S. federal information systems except those related to national security. The controls defined in this standard are customizable and address a diverse set of security and privacy requirements.;<SANDBOX_ACCOUNT_ID>;ap-southeast-7;2026-08-29 00:18:02.370487;sc_7_3;The organization limits the number of external network connections to the information system.;System and Communications Protection (SC);Boundary Protection (SC-7);;aws;;PASS;Lambda function range-responder has a resource-based policy without public access.;arn:aws:lambda:ap-southeast-7:<SANDBOX_ACCOUNT_ID>:function:range-responder;awslambda_function_not_publicly_accessible;False;range-responder;NIST-800-53-Revision-4;National Institute of Standards and Technology (NIST) 800-53 Revision 4;
aws;NIST 800-53 is a regulatory standard that defines the minimum baseline of security controls for all U.S. federal information systems except those related to national security. The controls defined in this standard are customizable and address a diverse set of security and privacy requirements.;<SANDBOX_ACCOUNT_ID>;ap-southeast-7;2026-08-29 00:18:02.370487;sc_7;"The information system: a. Monitors and controls communications at the external boundary of the system and at key internal boundaries within the system; b. Implements subnetworks for publicly accessible system components that are [Selection: physically; logically] separated from internal organizational networks; and c. Connects to external networks or information systems only through managed interfaces consisting of boundary protection devices arranged in accordance with an organizational security architecture.";System and Communications Protection (SC);;;aws;;PASS;Lambda function range-responder has a resource-based policy without public access.;arn:aws:lambda:ap-southeast-7:<SANDBOX_ACCOUNT_ID>:function:range-responder;awslambda_function_not_publicly_accessible;False;range-responder;NIST-800-53-Revision-4;National Institute of Standards and Technology (NIST) 800-53 Revision 4;
aws;NIST 800-53 is a regulatory standard that defines the minimum baseline of security controls for all U.S. federal information systems except those related to national security. The controls defined in this standard are customizable and address a diverse set of security and privacy requirements.;<SANDBOX_ACCOUNT_ID>;ap-southeast-7;2026-08-29 00:18:02.370487;ac_2_4;The information system automatically audits account creation, modification, enabling, disabling, and removal actions, and notifies [Assignment: organization-defined personnel or roles].;Access Control (AC);Account Management (AC-2);;aws;;FAIL;Multiregion trail lz-org-trail has not been logging in the last 24h or is not configured to deliver logs.;arn:aws:cloudtrail:ap-southeast-7:<MANAGEMENT_ACCOUNT_ID>:trail/lz-org-trail;cloudtrail_cloudwatch_logging_enabled;False;lz-org-trail;NIST-800-53-Revision-4;National Institute of Standards and Technology (NIST) 800-53 Revision 4;
aws;NIST 800-53 is a regulatory standard that defines the minimum baseline of security controls for all U.S. federal information systems except those related to national security. The controls defined in this standard are customizable and address a diverse set of security and privacy requirements.;<SANDBOX_ACCOUNT_ID>;ap-southeast-7;2026-08-29 00:18:02.370487;ac_2;Manage system accounts, group memberships, privileges, workflow, notifications, deactivations, and authorizations.;Access Control (AC);;;aws;;FAIL;Multiregion trail lz-org-trail has not been logging in the last 24h or is not configured to deliver logs.;arn:aws:cloudtrail:ap-southeast-7:<MANAGEMENT_ACCOUNT_ID>:trail/lz-org-trail;cloudtrail_cloudwatch_logging_enabled;False;lz-org-trail;NIST-800-53-Revision-4;National Institute of Standards and Technology (NIST) 800-53 Revision 4;
aws;NIST 800-53 is a regulatory standard that defines the minimum baseline of security controls for all U.S. federal information systems except those related to national security. The controls defined in this standard are customizable and address a diverse set of security and privacy requirements.;<SANDBOX_ACCOUNT_ID>;ap-southeast-7;2026-08-29 00:18:02.370487;au_2;Automate security audit function with other organizational entities. Enable mutual support of audit of auditable events.;Audit and Accountability (AU);;;aws;;FAIL;Multiregion trail lz-org-trail has not been logging in the last 24h or is not configured to deliver logs.;arn:aws:cloudtrail:ap-southeast-7:<MANAGEMENT_ACCOUNT_ID>:trail/lz-org-trail;cloudtrail_cloudwatch_logging_enabled;False;lz-org-trail;NIST-800-53-Revision-4;National Institute of Standards and Technology (NIST) 800-53 Revision 4;
aws;NIST 800-53 is a regulatory standard that defines the minimum baseline of security controls for all U.S. federal information systems except those related to national security. The controls defined in this standard are customizable and address a diverse set of security and privacy requirements.;<SANDBOX_ACCOUNT_ID>;ap-southeast-7;2026-08-29 00:18:02.370487;au_3;The information system generates audit records containing information that establishes what type of event occurred, when the event occurred, where the event occurred, the source of the event, the outcome of the event, and the identity of any individuals or subjects associated with the event.;Audit and Accountability (AU);;;aws;;FAIL;Multiregion trail lz-org-trail has not been logging in the last 24h or is not configured to deliver logs.;arn:aws:cloudtrail:ap-southeast-7:<MANAGEMENT_ACCOUNT_ID>:trail/lz-org-trail;cloudtrail_cloudwatch_logging_enabled;False;lz-org-trail;NIST-800-53-Revision-4;National Institute of Standards and Technology (NIST) 800-53 Revision 4;
aws;NIST 800-53 is a regulatory standard that defines the minimum baseline of security controls for all U.S. federal information systems except those related to national security. The controls defined in this standard are customizable and address a diverse set of security and privacy requirements.;<SANDBOX_ACCOUNT_ID>;ap-southeast-7;2026-08-29 00:18:02.370487;au_6_1;The organization employs automated mechanisms to integrate audit review, analysis,and reporting processes to support organizational processes for investigation and response to suspicious activities.;Audit and Accountability (AU);Audit Review, Analysis And Reporting (AU-6);;aws;;FAIL;Multiregion trail lz-org-trail has not been logging in the last 24h or is not configured to deliver logs.;arn:aws:cloudtrail:ap-southeast-7:<MANAGEMENT_ACCOUNT_ID>:trail/lz-org-trail;cloudtrail_cloudwatch_logging_enabled;False;lz-org-trail;NIST-800-53-Revision-4;National Institute of Standards and Technology (NIST) 800-53 Revision 4;
aws;NIST 800-53 is a regulatory standard that defines the minimum baseline of security controls for all U.S. federal information systems except those related to national security. The controls defined in this standard are customizable and address a diverse set of security and privacy requirements.;<SANDBOX_ACCOUNT_ID>;ap-southeast-7;2026-08-29 00:18:02.370487;au_6_3;The organization analyzes and correlates audit records across different repositories to gain organization-wide situational awareness.;Audit and Accountability (AU);Audit Review, Analysis And Reporting (AU-6);;aws;;FAIL;Multiregion trail lz-org-trail has not been logging in the last 24h or is not configured to deliver logs.;arn:aws:cloudtrail:ap-southeast-7:<MANAGEMENT_ACCOUNT_ID>:trail/lz-org-trail;cloudtrail_cloudwatch_logging_enabled;False;lz-org-trail;NIST-800-53-Revision-4;National Institute of Standards and Technology (NIST) 800-53 Revision 4;
aws;NIST 800-53 is a regulatory standard that defines the minimum baseline of security controls for all U.S. federal information systems except those related to national security. The controls defined in this standard are customizable and address a diverse set of security and privacy requirements.;<SANDBOX_ACCOUNT_ID>;ap-southeast-7;2026-08-29 00:18:02.370487;au_7_1;The information system provides the capability to process audit records for events of interest based on [Assignment: organization-defined audit fields within audit records].;Audit and Accountability (AU);;;aws;;FAIL;Multiregion trail lz-org-trail has not been logging in the last 24h or is not configured to deliver logs.;arn:aws:cloudtrail:ap-southeast-7:<MANAGEMENT_ACCOUNT_ID>:trail/lz-org-trail;cloudtrail_cloudwatch_logging_enabled;False;lz-org-trail;NIST-800-53-Revision-4;National Institute of Standards and Technology (NIST) 800-53 Revision 4;
aws;NIST 800-53 is a regulatory standard that defines the minimum baseline of security controls for all U.S. federal information systems except those related to national security. The controls defined in this standard are customizable and address a diverse set of security and privacy requirements.;<SANDBOX_ACCOUNT_ID>;ap-southeast-7;2026-08-29 00:18:02.370487;au_12;Audit events defined in AU-2. Allow trusted personnel to select which events to audit. Generate audit records for events.;Audit and Accountability (AU);;;aws;;FAIL;Multiregion trail lz-org-trail has not been logging in the last 24h or is not configured to deliver logs.;arn:aws:cloudtrail:ap-southeast-7:<MANAGEMENT_ACCOUNT_ID>:trail/lz-org-trail;cloudtrail_cloudwatch_logging_enabled;False;lz-org-trail;NIST-800-53-Revision-4;National Institute of Standards and Technology (NIST) 800-53 Revision 4;
aws;NIST 800-53 is a regulatory standard that defines the minimum baseline of security controls for all U.S. federal information systems except those related to national security. The controls defined in this standard are customizable and address a diverse set of security and privacy requirements.;<SANDBOX_ACCOUNT_ID>;ap-southeast-7;2026-08-29 00:18:02.370487;ca_7;Continuously monitor configuration management processes. Determine security impact, environment and operational risks.;Security Assessment And Authorization (CA);;;aws;;FAIL;Multiregion trail lz-org-trail has not been logging in the last 24h or is not configured to deliver logs.;arn:aws:cloudtrail:ap-southeast-7:<MANAGEMENT_ACCOUNT_ID>:trail/lz-org-trail;cloudtrail_cloudwatch_logging_enabled;False;lz-org-trail;NIST-800-53-Revision-4;National Institute of Standards and Technology (NIST) 800-53 Revision 4;
aws;NIST 800-53 is a regulatory standard that defines the minimum baseline of security controls for all U.S. federal information systems except those related to national security. The controls defined in this standard are customizable and address a diverse set of security and privacy requirements.;<SANDBOX_ACCOUNT_ID>;ap-southeast-7;2026-08-29 00:18:02.370487;si_4_2;The organization employs automated tools to support near real-time analysis of events.;System and Information Integrity (SI);Information System Monitoring (SI-4);;aws;;FAIL;Multiregion trail lz-org-trail has not been logging in the last 24h or is not configured to deliver logs.;arn:aws:cloudtrail:ap-southeast-7:<MANAGEMENT_ACCOUNT_ID>:trail/lz-org-trail;cloudtrail_cloudwatch_logging_enabled;False;lz-org-trail;NIST-800-53-Revision-4;National Institute of Standards and Technology (NIST) 800-53 Revision 4;
aws;NIST 800-53 is a regulatory standard that defines the minimum baseline of security controls for all U.S. federal information systems except those related to national security. The controls defined in this standard are customizable and address a diverse set of security and privacy requirements.;<SANDBOX_ACCOUNT_ID>;ap-southeast-7;2026-08-29 00:18:02.370487;si_4_4;The information system monitors inbound and outbound communications traffic continuously for unusual or unauthorized activities or conditions.;System and Information Integrity (SI);Information System Monitoring (SI-4);;aws;;FAIL;Multiregion trail lz-org-trail has not been logging in the last 24h or is not configured to deliver logs.;arn:aws:cloudtrail:ap-southeast-7:<MANAGEMENT_ACCOUNT_ID>:trail/lz-org-trail;cloudtrail_cloudwatch_logging_enabled;False;lz-org-trail;NIST-800-53-Revision-4;National Institute of Standards and Technology (NIST) 800-53 Revision 4;
aws;NIST 800-53 is a regulatory standard that defines the minimum baseline of security controls for all U.S. federal information systems except those related to national security. The controls defined in this standard are customizable and address a diverse set of security and privacy requirements.;<SANDBOX_ACCOUNT_ID>;ap-southeast-7;2026-08-29 00:18:02.370487;si_4_5;The information system alerts organization-defined personnel or roles when the following indications of compromise or potential compromise occur: [Assignment: organization-defined compromise indicators].;System and Information Integrity (SI);Information System Monitoring (SI-4);;aws;;FAIL;Multiregion trail lz-org-trail has not been logging in the last 24h or is not configured to deliver logs.;arn:aws:cloudtrail:ap-southeast-7:<MANAGEMENT_ACCOUNT_ID>:trail/lz-org-trail;cloudtrail_cloudwatch_logging_enabled;False;lz-org-trail;NIST-800-53-Revision-4;National Institute of Standards and Technology (NIST) 800-53 Revision 4;
aws;NIST 800-53 is a regulatory standard that defines the minimum baseline of security controls for all U.S. federal information systems except those related to national security. The controls defined in this standard are customizable and address a diverse set of security and privacy requirements.;<SANDBOX_ACCOUNT_ID>;ap-southeast-7;2026-08-29 00:18:02.370487;si_4;"The organization: a.Monitors the information system to detect: 1. Attacks and indicators of potential attacks in accordance with [Assignment: organization-defined monitoring objectives]; and 2.Unauthorized local, network, and remote connections; b. Identifies unauthorized use of the information system through [Assignment: organization-defined techniques and methods]; c. Deploys monitoring devices: 1. Strategically within the information system to collect organization-determined essential information; and 2. At ad hoc locations within the system to track specific types of transactions of interest to the organization; d. Protects information obtained from intrusion-monitoring tools from unauthorized access, modification, and deletion; e. Heightens the level of information system monitoring activity whenever there is an indication of increased risk to organizational operations and assets, individuals, other organizations, or the Nation based on law enforcement information, intelligence information, or other credible sources of information; f. Obtains legal opinion with regard to information system monitoring activities in accordance with applicable federal laws, Executive Orders, directives, policies, or regulations; and g. Provides [Assignment: organization-defined information system monitoring information] to [Assignment: organization-defined personnel or roles] [Selection (one or more): as needed; [Assignment: organization-defined frequency]].";System and Information Integrity (SI);;;aws;;FAIL;Multiregion trail lz-org-trail has not been logging in the last 24h or is not configured to deliver logs.;arn:aws:cloudtrail:ap-southeast-7:<MANAGEMENT_ACCOUNT_ID>:trail/lz-org-trail;cloudtrail_cloudwatch_logging_enabled;False;lz-org-trail;NIST-800-53-Revision-4;National Institute of Standards and Technology (NIST) 800-53 Revision 4;
aws;NIST 800-53 is a regulatory standard that defines the minimum baseline of security controls for all U.S. federal information systems except those related to national security. The controls defined in this standard are customizable and address a diverse set of security and privacy requirements.;<SANDBOX_ACCOUNT_ID>;ap-southeast-7;2026-08-29 00:18:02.370487;ac_2_4;The information system automatically audits account creation, modification, enabling, disabling, and removal actions, and notifies [Assignment: organization-defined personnel or roles].;Access Control (AC);Account Management (AC-2);;aws;;PASS;Multiregion trail range-trail has been logging in the last 24h.;arn:aws:cloudtrail:ap-southeast-7:<SANDBOX_ACCOUNT_ID>:trail/range-trail;cloudtrail_cloudwatch_logging_enabled;False;range-trail;NIST-800-53-Revision-4;National Institute of Standards and Technology (NIST) 800-53 Revision 4;
aws;NIST 800-53 is a regulatory standard that defines the minimum baseline of security controls for all U.S. federal information systems except those related to national security. The controls defined in this standard are customizable and address a diverse set of security and privacy requirements.;<SANDBOX_ACCOUNT_ID>;ap-southeast-7;2026-08-29 00:18:02.370487;ac_2;Manage system accounts, group memberships, privileges, workflow, notifications, deactivations, and authorizations.;Access Control (AC);;;aws;;PASS;Multiregion trail range-trail has been logging in the last 24h.;arn:aws:cloudtrail:ap-southeast-7:<SANDBOX_ACCOUNT_ID>:trail/range-trail;cloudtrail_cloudwatch_logging_enabled;False;range-trail;NIST-800-53-Revision-4;National Institute of Standards and Technology (NIST) 800-53 Revision 4;
aws;NIST 800-53 is a regulatory standard that defines the minimum baseline of security controls for all U.S. federal information systems except those related to national security. The controls defined in this standard are customizable and address a diverse set of security and privacy requirements.;<SANDBOX_ACCOUNT_ID>;ap-southeast-7;2026-08-29 00:18:02.370487;au_2;Automate security audit function with other organizational entities. Enable mutual support of audit of auditable events.;Audit and Accountability (AU);;;aws;;PASS;Multiregion trail range-trail has been logging in the last 24h.;arn:aws:cloudtrail:ap-southeast-7:<SANDBOX_ACCOUNT_ID>:trail/range-trail;cloudtrail_cloudwatch_logging_enabled;False;range-trail;NIST-800-53-Revision-4;National Institute of Standards and Technology (NIST) 800-53 Revision 4;
aws;NIST 800-53 is a regulatory standard that defines the minimum baseline of security controls for all U.S. federal information systems except those related to national security. The controls defined in this standard are customizable and address a diverse set of security and privacy requirements.;<SANDBOX_ACCOUNT_ID>;ap-southeast-7;2026-08-29 00:18:02.370487;au_3;The information system generates audit records containing information that establishes what type of event occurred, when the event occurred, where the event occurred, the source of the event, the outcome of the event, and the identity of any individuals or subjects associated with the event.;Audit and Accountability (AU);;;aws;;PASS;Multiregion trail range-trail has been logging in the last 24h.;arn:aws:cloudtrail:ap-southeast-7:<SANDBOX_ACCOUNT_ID>:trail/range-trail;cloudtrail_cloudwatch_logging_enabled;False;range-trail;NIST-800-53-Revision-4;National Institute of Standards and Technology (NIST) 800-53 Revision 4;
aws;NIST 800-53 is a regulatory standard that defines the minimum baseline of security controls for all U.S. federal information systems except those related to national security. The controls defined in this standard are customizable and address a diverse set of security and privacy requirements.;<SANDBOX_ACCOUNT_ID>;ap-southeast-7;2026-08-29 00:18:02.370487;au_6_1;The organization employs automated mechanisms to integrate audit review, analysis,and reporting processes to support organizational processes for investigation and response to suspicious activities.;Audit and Accountability (AU);Audit Review, Analysis And Reporting (AU-6);;aws;;PASS;Multiregion trail range-trail has been logging in the last 24h.;arn:aws:cloudtrail:ap-southeast-7:<SANDBOX_ACCOUNT_ID>:trail/range-trail;cloudtrail_cloudwatch_logging_enabled;False;range-trail;NIST-800-53-Revision-4;National Institute of Standards and Technology (NIST) 800-53 Revision 4;
aws;NIST 800-53 is a regulatory standard that defines the minimum baseline of security controls for all U.S. federal information systems except those related to national security. The controls defined in this standard are customizable and address a diverse set of security and privacy requirements.;<SANDBOX_ACCOUNT_ID>;ap-southeast-7;2026-08-29 00:18:02.370487;au_6_3;The organization analyzes and correlates audit records across different repositories to gain organization-wide situational awareness.;Audit and Accountability (AU);Audit Review, Analysis And Reporting (AU-6);;aws;;PASS;Multiregion trail range-trail has been logging in the last 24h.;arn:aws:cloudtrail:ap-southeast-7:<SANDBOX_ACCOUNT_ID>:trail/range-trail;cloudtrail_cloudwatch_logging_enabled;False;range-trail;NIST-800-53-Revision-4;National Institute of Standards and Technology (NIST) 800-53 Revision 4;
aws;NIST 800-53 is a regulatory standard that defines the minimum baseline of security controls for all U.S. federal information systems except those related to national security. The controls defined in this standard are customizable and address a diverse set of security and privacy requirements.;<SANDBOX_ACCOUNT_ID>;ap-southeast-7;2026-08-29 00:18:02.370487;au_7_1;The information system provides the capability to process audit records for events of interest based on [Assignment: organization-defined audit fields within audit records].;Audit and Accountability (AU);;;aws;;PASS;Multiregion trail range-trail has been logging in the last 24h.;arn:aws:cloudtrail:ap-southeast-7:<SANDBOX_ACCOUNT_ID>:trail/range-trail;cloudtrail_cloudwatch_logging_enabled;False;range-trail;NIST-800-53-Revision-4;National Institute of Standards and Technology (NIST) 800-53 Revision 4;
aws;NIST 800-53 is a regulatory standard that defines the minimum baseline of security controls for all U.S. federal information systems except those related to national security. The controls defined in this standard are customizable and address a diverse set of security and privacy requirements.;<SANDBOX_ACCOUNT_ID>;ap-southeast-7;2026-08-29 00:18:02.370487;au_12;Audit events defined in AU-2. Allow trusted personnel to select which events to audit. Generate audit records for events.;Audit and Accountability (AU);;;aws;;PASS;Multiregion trail range-trail has been logging in the last 24h.;arn:aws:cloudtrail:ap-southeast-7:<SANDBOX_ACCOUNT_ID>:trail/range-trail;cloudtrail_cloudwatch_logging_enabled;False;range-trail;NIST-800-53-Revision-4;National Institute of Standards and Technology (NIST) 800-53 Revision 4;
aws;NIST 800-53 is a regulatory standard that defines the minimum baseline of security controls for all U.S. federal information systems except those related to national security. The controls defined in this standard are customizable and address a diverse set of security and privacy requirements.;<SANDBOX_ACCOUNT_ID>;ap-southeast-7;2026-08-29 00:18:02.370487;ca_7;Continuously monitor configuration management processes. Determine security impact, environment and operational risks.;Security Assessment And Authorization (CA);;;aws;;PASS;Multiregion trail range-trail has been logging in the last 24h.;arn:aws:cloudtrail:ap-southeast-7:<SANDBOX_ACCOUNT_ID>:trail/range-trail;cloudtrail_cloudwatch_logging_enabled;False;range-trail;NIST-800-53-Revision-4;National Institute of Standards and Technology (NIST) 800-53 Revision 4;
aws;NIST 800-53 is a regulatory standard that defines the minimum baseline of security controls for all U.S. federal information systems except those related to national security. The controls defined in this standard are customizable and address a diverse set of security and privacy requirements.;<SANDBOX_ACCOUNT_ID>;ap-southeast-7;2026-08-29 00:18:02.370487;si_4_2;The organization employs automated tools to support near real-time analysis of events.;System and Information Integrity (SI);Information System Monitoring (SI-4);;aws;;PASS;Multiregion trail range-trail has been logging in the last 24h.;arn:aws:cloudtrail:ap-southeast-7:<SANDBOX_ACCOUNT_ID>:trail/range-trail;cloudtrail_cloudwatch_logging_enabled;False;range-trail;NIST-800-53-Revision-4;National Institute of Standards and Technology (NIST) 800-53 Revision 4;
aws;NIST 800-53 is a regulatory standard that defines the minimum baseline of security controls for all U.S. federal information systems except those related to national security. The controls defined in this standard are customizable and address a diverse set of security and privacy requirements.;<SANDBOX_ACCOUNT_ID>;ap-southeast-7;2026-08-29 00:18:02.370487;si_4_4;The information system monitors inbound and outbound communications traffic continuously for unusual or unauthorized activities or conditions.;System and Information Integrity (SI);Information System Monitoring (SI-4);;aws;;PASS;Multiregion trail range-trail has been logging in the last 24h.;arn:aws:cloudtrail:ap-southeast-7:<SANDBOX_ACCOUNT_ID>:trail/range-trail;cloudtrail_cloudwatch_logging_enabled;False;range-trail;NIST-800-53-Revision-4;National Institute of Standards and Technology (NIST) 800-53 Revision 4;
aws;NIST 800-53 is a regulatory standard that defines the minimum baseline of security controls for all U.S. federal information systems except those related to national security. The controls defined in this standard are customizable and address a diverse set of security and privacy requirements.;<SANDBOX_ACCOUNT_ID>;ap-southeast-7;2026-08-29 00:18:02.370487;si_4_5;The information system alerts organization-defined personnel or roles when the following indications of compromise or potential compromise occur: [Assignment: organization-defined compromise indicators].;System and Information Integrity (SI);Information System Monitoring (SI-4);;aws;;PASS;Multiregion trail range-trail has been logging in the last 24h.;arn:aws:cloudtrail:ap-southeast-7:<SANDBOX_ACCOUNT_ID>:trail/range-trail;cloudtrail_cloudwatch_logging_enabled;False;range-trail;NIST-800-53-Revision-4;National Institute of Standards and Technology (NIST) 800-53 Revision 4;
aws;NIST 800-53 is a regulatory standard that defines the minimum baseline of security controls for all U.S. federal information systems except those related to national security. The controls defined in this standard are customizable and address a diverse set of security and privacy requirements.;<SANDBOX_ACCOUNT_ID>;ap-southeast-7;2026-08-29 00:18:02.370487;si_4;"The organization: a.Monitors the information system to detect: 1. Attacks and indicators of potential attacks in accordance with [Assignment: organization-defined monitoring objectives]; and 2.Unauthorized local, network, and remote connections; b. Identifies unauthorized use of the information system through [Assignment: organization-defined techniques and methods]; c. Deploys monitoring devices: 1. Strategically within the information system to collect organization-determined essential information; and 2. At ad hoc locations within the system to track specific types of transactions of interest to the organization; d. Protects information obtained from intrusion-monitoring tools from unauthorized access, modification, and deletion; e. Heightens the level of information system monitoring activity whenever there is an indication of increased risk to organizational operations and assets, individuals, other organizations, or the Nation based on law enforcement information, intelligence information, or other credible sources of information; f. Obtains legal opinion with regard to information system monitoring activities in accordance with applicable federal laws, Executive Orders, directives, policies, or regulations; and g. Provides [Assignment: organization-defined information system monitoring information] to [Assignment: organization-defined personnel or roles] [Selection (one or more): as needed; [Assignment: organization-defined frequency]].";System and Information Integrity (SI);;;aws;;PASS;Multiregion trail range-trail has been logging in the last 24h.;arn:aws:cloudtrail:ap-southeast-7:<SANDBOX_ACCOUNT_ID>:trail/range-trail;cloudtrail_cloudwatch_logging_enabled;False;range-trail;NIST-800-53-Revision-4;National Institute of Standards and Technology (NIST) 800-53 Revision 4;
aws;NIST 800-53 is a regulatory standard that defines the minimum baseline of security controls for all U.S. federal information systems except those related to national security. The controls defined in this standard are customizable and address a diverse set of security and privacy requirements.;<SANDBOX_ACCOUNT_ID>;ap-southeast-7;2026-08-29 00:18:02.370487;ac_2_4;The information system automatically audits account creation, modification, enabling, disabling, and removal actions, and notifies [Assignment: organization-defined personnel or roles].;Access Control (AC);Account Management (AC-2);;aws;;FAIL;Single region trail stratus-red-team-ct-stop-trail-arzkiholin has not been logging in the last 24h or is not configured to deliver logs.;arn:aws:cloudtrail:ap-southeast-7:<SANDBOX_ACCOUNT_ID>:trail/stratus-red-team-ct-stop-trail-arzkiholin;cloudtrail_cloudwatch_logging_enabled;False;stratus-red-team-ct-stop-trail-arzkiholin;NIST-800-53-Revision-4;National Institute of Standards and Technology (NIST) 800-53 Revision 4;
aws;NIST 800-53 is a regulatory standard that defines the minimum baseline of security controls for all U.S. federal information systems except those related to national security. The controls defined in this standard are customizable and address a diverse set of security and privacy requirements.;<SANDBOX_ACCOUNT_ID>;ap-southeast-7;2026-08-29 00:18:02.370487;ac_2;Manage system accounts, group memberships, privileges, workflow, notifications, deactivations, and authorizations.;Access Control (AC);;;aws;;FAIL;Single region trail stratus-red-team-ct-stop-trail-arzkiholin has not been logging in the last 24h or is not configured to deliver logs.;arn:aws:cloudtrail:ap-southeast-7:<SANDBOX_ACCOUNT_ID>:trail/stratus-red-team-ct-stop-trail-arzkiholin;cloudtrail_cloudwatch_logging_enabled;False;stratus-red-team-ct-stop-trail-arzkiholin;NIST-800-53-Revision-4;National Institute of Standards and Technology (NIST) 800-53 Revision 4;
aws;NIST 800-53 is a regulatory standard that defines the minimum baseline of security controls for all U.S. federal information systems except those related to national security. The controls defined in this standard are customizable and address a diverse set of security and privacy requirements.;<SANDBOX_ACCOUNT_ID>;ap-southeast-7;2026-08-29 00:18:02.370487;au_2;Automate security audit function with other organizational entities. Enable mutual support of audit of auditable events.;Audit and Accountability (AU);;;aws;;FAIL;Single region trail stratus-red-team-ct-stop-trail-arzkiholin has not been logging in the last 24h or is not configured to deliver logs.;arn:aws:cloudtrail:ap-southeast-7:<SANDBOX_ACCOUNT_ID>:trail/stratus-red-team-ct-stop-trail-arzkiholin;cloudtrail_cloudwatch_logging_enabled;False;stratus-red-team-ct-stop-trail-arzkiholin;NIST-800-53-Revision-4;National Institute of Standards and Technology (NIST) 800-53 Revision 4;
aws;NIST 800-53 is a regulatory standard that defines the minimum baseline of security controls for all U.S. federal information systems except those related to national security. The controls defined in this standard are customizable and address a diverse set of security and privacy requirements.;<SANDBOX_ACCOUNT_ID>;ap-southeast-7;2026-08-29 00:18:02.370487;au_3;The information system generates audit records containing information that establishes what type of event occurred, when the event occurred, where the event occurred, the source of the event, the outcome of the event, and the identity of any individuals or subjects associated with the event.;Audit and Accountability (AU);;;aws;;FAIL;Single region trail stratus-red-team-ct-stop-trail-arzkiholin has not been logging in the last 24h or is not configured to deliver logs.;arn:aws:cloudtrail:ap-southeast-7:<SANDBOX_ACCOUNT_ID>:trail/stratus-red-team-ct-stop-trail-arzkiholin;cloudtrail_cloudwatch_logging_enabled;False;stratus-red-team-ct-stop-trail-arzkiholin;NIST-800-53-Revision-4;National Institute of Standards and Technology (NIST) 800-53 Revision 4;
aws;NIST 800-53 is a regulatory standard that defines the minimum baseline of security controls for all U.S. federal information systems except those related to national security. The controls defined in this standard are customizable and address a diverse set of security and privacy requirements.;<SANDBOX_ACCOUNT_ID>;ap-southeast-7;2026-08-29 00:18:02.370487;au_6_1;The organization employs automated mechanisms to integrate audit review, analysis,and reporting processes to support organizational processes for investigation and response to suspicious activities.;Audit and Accountability (AU);Audit Review, Analysis And Reporting (AU-6);;aws;;FAIL;Single region trail stratus-red-team-ct-stop-trail-arzkiholin has not been logging in the last 24h or is not configured to deliver logs.;arn:aws:cloudtrail:ap-southeast-7:<SANDBOX_ACCOUNT_ID>:trail/stratus-red-team-ct-stop-trail-arzkiholin;cloudtrail_cloudwatch_logging_enabled;False;stratus-red-team-ct-stop-trail-arzkiholin;NIST-800-53-Revision-4;National Institute of Standards and Technology (NIST) 800-53 Revision 4;
aws;NIST 800-53 is a regulatory standard that defines the minimum baseline of security controls for all U.S. federal information systems except those related to national security. The controls defined in this standard are customizable and address a diverse set of security and privacy requirements.;<SANDBOX_ACCOUNT_ID>;ap-southeast-7;2026-08-29 00:18:02.370487;au_6_3;The organization analyzes and correlates audit records across different repositories to gain organization-wide situational awareness.;Audit and Accountability (AU);Audit Review, Analysis And Reporting (AU-6);;aws;;FAIL;Single region trail stratus-red-team-ct-stop-trail-arzkiholin has not been logging in the last 24h or is not configured to deliver logs.;arn:aws:cloudtrail:ap-southeast-7:<SANDBOX_ACCOUNT_ID>:trail/stratus-red-team-ct-stop-trail-arzkiholin;cloudtrail_cloudwatch_logging_enabled;False;stratus-red-team-ct-stop-trail-arzkiholin;NIST-800-53-Revision-4;National Institute of Standards and Technology (NIST) 800-53 Revision 4;
aws;NIST 800-53 is a regulatory standard that defines the minimum baseline of security controls for all U.S. federal information systems except those related to national security. The controls defined in this standard are customizable and address a diverse set of security and privacy requirements.;<SANDBOX_ACCOUNT_ID>;ap-southeast-7;2026-08-29 00:18:02.370487;au_7_1;The information system provides the capability to process audit records for events of interest based on [Assignment: organization-defined audit fields within audit records].;Audit and Accountability (AU);;;aws;;FAIL;Single region trail stratus-red-team-ct-stop-trail-arzkiholin has not been logging in the last 24h or is not configured to deliver logs.;arn:aws:cloudtrail:ap-southeast-7:<SANDBOX_ACCOUNT_ID>:trail/stratus-red-team-ct-stop-trail-arzkiholin;cloudtrail_cloudwatch_logging_enabled;False;stratus-red-team-ct-stop-trail-arzkiholin;NIST-800-53-Revision-4;National Institute of Standards and Technology (NIST) 800-53 Revision 4;
aws;NIST 800-53 is a regulatory standard that defines the minimum baseline of security controls for all U.S. federal information systems except those related to national security. The controls defined in this standard are customizable and address a diverse set of security and privacy requirements.;<SANDBOX_ACCOUNT_ID>;ap-southeast-7;2026-08-29 00:18:02.370487;au_12;Audit events defined in AU-2. Allow trusted personnel to select which events to audit. Generate audit records for events.;Audit and Accountability (AU);;;aws;;FAIL;Single region trail stratus-red-team-ct-stop-trail-arzkiholin has not been logging in the last 24h or is not configured to deliver logs.;arn:aws:cloudtrail:ap-southeast-7:<SANDBOX_ACCOUNT_ID>:trail/stratus-red-team-ct-stop-trail-arzkiholin;cloudtrail_cloudwatch_logging_enabled;False;stratus-red-team-ct-stop-trail-arzkiholin;NIST-800-53-Revision-4;National Institute of Standards and Technology (NIST) 800-53 Revision 4;
aws;NIST 800-53 is a regulatory standard that defines the minimum baseline of security controls for all U.S. federal information systems except those related to national security. The controls defined in this standard are customizable and address a diverse set of security and privacy requirements.;<SANDBOX_ACCOUNT_ID>;ap-southeast-7;2026-08-29 00:18:02.370487;ca_7;Continuously monitor configuration management processes. Determine security impact, environment and operational risks.;Security Assessment And Authorization (CA);;;aws;;FAIL;Single region trail stratus-red-team-ct-stop-trail-arzkiholin has not been logging in the last 24h or is not configured to deliver logs.;arn:aws:cloudtrail:ap-southeast-7:<SANDBOX_ACCOUNT_ID>:trail/stratus-red-team-ct-stop-trail-arzkiholin;cloudtrail_cloudwatch_logging_enabled;False;stratus-red-team-ct-stop-trail-arzkiholin;NIST-800-53-Revision-4;National Institute of Standards and Technology (NIST) 800-53 Revision 4;
aws;NIST 800-53 is a regulatory standard that defines the minimum baseline of security controls for all U.S. federal information systems except those related to national security. The controls defined in this standard are customizable and address a diverse set of security and privacy requirements.;<SANDBOX_ACCOUNT_ID>;ap-southeast-7;2026-08-29 00:18:02.370487;si_4_2;The organization employs automated tools to support near real-time analysis of events.;System and Information Integrity (SI);Information System Monitoring (SI-4);;aws;;FAIL;Single region trail stratus-red-team-ct-stop-trail-arzkiholin has not been logging in the last 24h or is not configured to deliver logs.;arn:aws:cloudtrail:ap-southeast-7:<SANDBOX_ACCOUNT_ID>:trail/stratus-red-team-ct-stop-trail-arzkiholin;cloudtrail_cloudwatch_logging_enabled;False;stratus-red-team-ct-stop-trail-arzkiholin;NIST-800-53-Revision-4;National Institute of Standards and Technology (NIST) 800-53 Revision 4;
aws;NIST 800-53 is a regulatory standard that defines the minimum baseline of security controls for all U.S. federal information systems except those related to national security. The controls defined in this standard are customizable and address a diverse set of security and privacy requirements.;<SANDBOX_ACCOUNT_ID>;ap-southeast-7;2026-08-29 00:18:02.370487;si_4_4;The information system monitors inbound and outbound communications traffic continuously for unusual or unauthorized activities or conditions.;System and Information Integrity (SI);Information System Monitoring (SI-4);;aws;;FAIL;Single region trail stratus-red-team-ct-stop-trail-arzkiholin has not been logging in the last 24h or is not configured to deliver logs.;arn:aws:cloudtrail:ap-southeast-7:<SANDBOX_ACCOUNT_ID>:trail/stratus-red-team-ct-stop-trail-arzkiholin;cloudtrail_cloudwatch_logging_enabled;False;stratus-red-team-ct-stop-trail-arzkiholin;NIST-800-53-Revision-4;National Institute of Standards and Technology (NIST) 800-53 Revision 4;
aws;NIST 800-53 is a regulatory standard that defines the minimum baseline of security controls for all U.S. federal information systems except those related to national security. The controls defined in this standard are customizable and address a diverse set of security and privacy requirements.;<SANDBOX_ACCOUNT_ID>;ap-southeast-7;2026-08-29 00:18:02.370487;si_4_5;The information system alerts organization-defined personnel or roles when the following indications of compromise or potential compromise occur: [Assignment: organization-defined compromise indicators].;System and Information Integrity (SI);Information System Monitoring (SI-4);;aws;;FAIL;Single region trail stratus-red-team-ct-stop-trail-arzkiholin has not been logging in the last 24h or is not configured to deliver logs.;arn:aws:cloudtrail:ap-southeast-7:<SANDBOX_ACCOUNT_ID>:trail/stratus-red-team-ct-stop-trail-arzkiholin;cloudtrail_cloudwatch_logging_enabled;False;stratus-red-team-ct-stop-trail-arzkiholin;NIST-800-53-Revision-4;National Institute of Standards and Technology (NIST) 800-53 Revision 4;
aws;NIST 800-53 is a regulatory standard that defines the minimum baseline of security controls for all U.S. federal information systems except those related to national security. The controls defined in this standard are customizable and address a diverse set of security and privacy requirements.;<SANDBOX_ACCOUNT_ID>;ap-southeast-7;2026-08-29 00:18:02.370487;si_4;"The organization: a.Monitors the information system to detect: 1. Attacks and indicators of potential attacks in accordance with [Assignment: organization-defined monitoring objectives]; and 2.Unauthorized local, network, and remote connections; b. Identifies unauthorized use of the information system through [Assignment: organization-defined techniques and methods]; c. Deploys monitoring devices: 1. Strategically within the information system to collect organization-determined essential information; and 2. At ad hoc locations within the system to track specific types of transactions of interest to the organization; d. Protects information obtained from intrusion-monitoring tools from unauthorized access, modification, and deletion; e. Heightens the level of information system monitoring activity whenever there is an indication of increased risk to organizational operations and assets, individuals, other organizations, or the Nation based on law enforcement information, intelligence information, or other credible sources of information; f. Obtains legal opinion with regard to information system monitoring activities in accordance with applicable federal laws, Executive Orders, directives, policies, or regulations; and g. Provides [Assignment: organization-defined information system monitoring information] to [Assignment: organization-defined personnel or roles] [Selection (one or more): as needed; [Assignment: organization-defined frequency]].";System and Information Integrity (SI);;;aws;;FAIL;Single region trail stratus-red-team-ct-stop-trail-arzkiholin has not been logging in the last 24h or is not configured to deliver logs.;arn:aws:cloudtrail:ap-southeast-7:<SANDBOX_ACCOUNT_ID>:trail/stratus-red-team-ct-stop-trail-arzkiholin;cloudtrail_cloudwatch_logging_enabled;False;stratus-red-team-ct-stop-trail-arzkiholin;NIST-800-53-Revision-4;National Institute of Standards and Technology (NIST) 800-53 Revision 4;
aws;NIST 800-53 is a regulatory standard that defines the minimum baseline of security controls for all U.S. federal information systems except those related to national security. The controls defined in this standard are customizable and address a diverse set of security and privacy requirements.;<SANDBOX_ACCOUNT_ID>;ap-southeast-7;2026-08-29 00:18:02.370487;au_9;The information system protects audit information and audit tools from unauthorized access, modification, and deletion.;Audit and Accountability (AU);;;aws;;FAIL;Multiregion trail lz-org-trail has encryption disabled.;arn:aws:cloudtrail:ap-southeast-7:<MANAGEMENT_ACCOUNT_ID>:trail/lz-org-trail;cloudtrail_kms_encryption_enabled;False;lz-org-trail;NIST-800-53-Revision-4;National Institute of Standards and Technology (NIST) 800-53 Revision 4;
aws;NIST 800-53 is a regulatory standard that defines the minimum baseline of security controls for all U.S. federal information systems except those related to national security. The controls defined in this standard are customizable and address a diverse set of security and privacy requirements.;<SANDBOX_ACCOUNT_ID>;ap-southeast-7;2026-08-29 00:18:02.370487;sc_28;"The information system protects the [Selection (one or more): confidentiality; integrity] of [Assignment: organization-defined information at rest].";System and Communications Protection (SC);;;aws;;FAIL;Multiregion trail lz-org-trail has encryption disabled.;arn:aws:cloudtrail:ap-southeast-7:<MANAGEMENT_ACCOUNT_ID>:trail/lz-org-trail;cloudtrail_kms_encryption_enabled;False;lz-org-trail;NIST-800-53-Revision-4;National Institute of Standards and Technology (NIST) 800-53 Revision 4;
aws;NIST 800-53 is a regulatory standard that defines the minimum baseline of security controls for all U.S. federal information systems except those related to national security. The controls defined in this standard are customizable and address a diverse set of security and privacy requirements.;<SANDBOX_ACCOUNT_ID>;ap-southeast-7;2026-08-29 00:18:02.370487;au_9;The information system protects audit information and audit tools from unauthorized access, modification, and deletion.;Audit and Accountability (AU);;;aws;;FAIL;Multiregion trail range-trail has encryption disabled.;arn:aws:cloudtrail:ap-southeast-7:<SANDBOX_ACCOUNT_ID>:trail/range-trail;cloudtrail_kms_encryption_enabled;False;range-trail;NIST-800-53-Revision-4;National Institute of Standards and Technology (NIST) 800-53 Revision 4;
aws;NIST 800-53 is a regulatory standard that defines the minimum baseline of security controls for all U.S. federal information systems except those related to national security. The controls defined in this standard are customizable and address a diverse set of security and privacy requirements.;<SANDBOX_ACCOUNT_ID>;ap-southeast-7;2026-08-29 00:18:02.370487;sc_28;"The information system protects the [Selection (one or more): confidentiality; integrity] of [Assignment: organization-defined information at rest].";System and Communications Protection (SC);;;aws;;FAIL;Multiregion trail range-trail has encryption disabled.;arn:aws:cloudtrail:ap-southeast-7:<SANDBOX_ACCOUNT_ID>:trail/range-trail;cloudtrail_kms_encryption_enabled;False;range-trail;NIST-800-53-Revision-4;National Institute of Standards and Technology (NIST) 800-53 Revision 4;
aws;NIST 800-53 is a regulatory standard that defines the minimum baseline of security controls for all U.S. federal information systems except those related to national security. The controls defined in this standard are customizable and address a diverse set of security and privacy requirements.;<SANDBOX_ACCOUNT_ID>;ap-southeast-7;2026-08-29 00:18:02.370487;au_9;The information system protects audit information and audit tools from unauthorized access, modification, and deletion.;Audit and Accountability (AU);;;aws;;FAIL;Single region trail stratus-red-team-ct-stop-trail-arzkiholin has encryption disabled.;arn:aws:cloudtrail:ap-southeast-7:<SANDBOX_ACCOUNT_ID>:trail/stratus-red-team-ct-stop-trail-arzkiholin;cloudtrail_kms_encryption_enabled;False;stratus-red-team-ct-stop-trail-arzkiholin;NIST-800-53-Revision-4;National Institute of Standards and Technology (NIST) 800-53 Revision 4;
aws;NIST 800-53 is a regulatory standard that defines the minimum baseline of security controls for all U.S. federal information systems except those related to national security. The controls defined in this standard are customizable and address a diverse set of security and privacy requirements.;<SANDBOX_ACCOUNT_ID>;ap-southeast-7;2026-08-29 00:18:02.370487;sc_28;"The information system protects the [Selection (one or more): confidentiality; integrity] of [Assignment: organization-defined information at rest].";System and Communications Protection (SC);;;aws;;FAIL;Single region trail stratus-red-team-ct-stop-trail-arzkiholin has encryption disabled.;arn:aws:cloudtrail:ap-southeast-7:<SANDBOX_ACCOUNT_ID>:trail/stratus-red-team-ct-stop-trail-arzkiholin;cloudtrail_kms_encryption_enabled;False;stratus-red-team-ct-stop-trail-arzkiholin;NIST-800-53-Revision-4;National Institute of Standards and Technology (NIST) 800-53 Revision 4;
aws;NIST 800-53 is a regulatory standard that defines the minimum baseline of security controls for all U.S. federal information systems except those related to national security. The controls defined in this standard are customizable and address a diverse set of security and privacy requirements.;<SANDBOX_ACCOUNT_ID>;ap-southeast-7;2026-08-29 00:18:02.370487;si_7_1;The information system performs an integrity check of security relevant events at least monthly.;System and Information Integrity (SI);Software, Firmware, and Information Integrity (SI-7);;aws;;PASS;Multiregion trail lz-org-trail has log file validation enabled.;arn:aws:cloudtrail:ap-southeast-7:<MANAGEMENT_ACCOUNT_ID>:trail/lz-org-trail;cloudtrail_log_file_validation_enabled;False;lz-org-trail;NIST-800-53-Revision-4;National Institute of Standards and Technology (NIST) 800-53 Revision 4;
aws;NIST 800-53 is a regulatory standard that defines the minimum baseline of security controls for all U.S. federal information systems except those related to national security. The controls defined in this standard are customizable and address a diverse set of security and privacy requirements.;<SANDBOX_ACCOUNT_ID>;ap-southeast-7;2026-08-29 00:18:02.370487;si_7;The organization employs integrity verification tools to detect unauthorized changes to [Assignment: organization-defined software, firmware, and information].;System and Information Integrity (SI);;;aws;;PASS;Multiregion trail lz-org-trail has log file validation enabled.;arn:aws:cloudtrail:ap-southeast-7:<MANAGEMENT_ACCOUNT_ID>:trail/lz-org-trail;cloudtrail_log_file_validation_enabled;False;lz-org-trail;NIST-800-53-Revision-4;National Institute of Standards and Technology (NIST) 800-53 Revision 4;
aws;NIST 800-53 is a regulatory standard that defines the minimum baseline of security controls for all U.S. federal information systems except those related to national security. The controls defined in this standard are customizable and address a diverse set of security and privacy requirements.;<SANDBOX_ACCOUNT_ID>;ap-southeast-7;2026-08-29 00:18:02.370487;si_7_1;The information system performs an integrity check of security relevant events at least monthly.;System and Information Integrity (SI);Software, Firmware, and Information Integrity (SI-7);;aws;;PASS;Multiregion trail range-trail has log file validation enabled.;arn:aws:cloudtrail:ap-southeast-7:<SANDBOX_ACCOUNT_ID>:trail/range-trail;cloudtrail_log_file_validation_enabled;False;range-trail;NIST-800-53-Revision-4;National Institute of Standards and Technology (NIST) 800-53 Revision 4;
aws;NIST 800-53 is a regulatory standard that defines the minimum baseline of security controls for all U.S. federal information systems except those related to national security. The controls defined in this standard are customizable and address a diverse set of security and privacy requirements.;<SANDBOX_ACCOUNT_ID>;ap-southeast-7;2026-08-29 00:18:02.370487;si_7;The organization employs integrity verification tools to detect unauthorized changes to [Assignment: organization-defined software, firmware, and information].;System and Information Integrity (SI);;;aws;;PASS;Multiregion trail range-trail has log file validation enabled.;arn:aws:cloudtrail:ap-southeast-7:<SANDBOX_ACCOUNT_ID>:trail/range-trail;cloudtrail_log_file_validation_enabled;False;range-trail;NIST-800-53-Revision-4;National Institute of Standards and Technology (NIST) 800-53 Revision 4;
aws;NIST 800-53 is a regulatory standard that defines the minimum baseline of security controls for all U.S. federal information systems except those related to national security. The controls defined in this standard are customizable and address a diverse set of security and privacy requirements.;<SANDBOX_ACCOUNT_ID>;ap-southeast-7;2026-08-29 00:18:02.370487;si_7_1;The information system performs an integrity check of security relevant events at least monthly.;System and Information Integrity (SI);Software, Firmware, and Information Integrity (SI-7);;aws;;FAIL;Single region trail stratus-red-team-ct-stop-trail-arzkiholin has log file validation disabled.;arn:aws:cloudtrail:ap-southeast-7:<SANDBOX_ACCOUNT_ID>:trail/stratus-red-team-ct-stop-trail-arzkiholin;cloudtrail_log_file_validation_enabled;False;stratus-red-team-ct-stop-trail-arzkiholin;NIST-800-53-Revision-4;National Institute of Standards and Technology (NIST) 800-53 Revision 4;
aws;NIST 800-53 is a regulatory standard that defines the minimum baseline of security controls for all U.S. federal information systems except those related to national security. The controls defined in this standard are customizable and address a diverse set of security and privacy requirements.;<SANDBOX_ACCOUNT_ID>;ap-southeast-7;2026-08-29 00:18:02.370487;si_7;The organization employs integrity verification tools to detect unauthorized changes to [Assignment: organization-defined software, firmware, and information].;System and Information Integrity (SI);;;aws;;FAIL;Single region trail stratus-red-team-ct-stop-trail-arzkiholin has log file validation disabled.;arn:aws:cloudtrail:ap-southeast-7:<SANDBOX_ACCOUNT_ID>:trail/stratus-red-team-ct-stop-trail-arzkiholin;cloudtrail_log_file_validation_enabled;False;stratus-red-team-ct-stop-trail-arzkiholin;NIST-800-53-Revision-4;National Institute of Standards and Technology (NIST) 800-53 Revision 4;
aws;NIST 800-53 is a regulatory standard that defines the minimum baseline of security controls for all U.S. federal information systems except those related to national security. The controls defined in this standard are customizable and address a diverse set of security and privacy requirements.;<SANDBOX_ACCOUNT_ID>;ap-southeast-7;2026-08-29 00:18:02.370487;ac_2_4;The information system automatically audits account creation, modification, enabling, disabling, and removal actions, and notifies [Assignment: organization-defined personnel or roles].;Access Control (AC);Account Management (AC-2);;aws;;PASS;Trail lz-org-trail is multiregion and it is logging.;arn:aws:cloudtrail:ap-southeast-7:<MANAGEMENT_ACCOUNT_ID>:trail/lz-org-trail;cloudtrail_multi_region_enabled;False;lz-org-trail;NIST-800-53-Revision-4;National Institute of Standards and Technology (NIST) 800-53 Revision 4;
aws;NIST 800-53 is a regulatory standard that defines the minimum baseline of security controls for all U.S. federal information systems except those related to national security. The controls defined in this standard are customizable and address a diverse set of security and privacy requirements.;<SANDBOX_ACCOUNT_ID>;ap-southeast-7;2026-08-29 00:18:02.370487;ac_2;Manage system accounts, group memberships, privileges, workflow, notifications, deactivations, and authorizations.;Access Control (AC);;;aws;;PASS;Trail lz-org-trail is multiregion and it is logging.;arn:aws:cloudtrail:ap-southeast-7:<MANAGEMENT_ACCOUNT_ID>:trail/lz-org-trail;cloudtrail_multi_region_enabled;False;lz-org-trail;NIST-800-53-Revision-4;National Institute of Standards and Technology (NIST) 800-53 Revision 4;
aws;NIST 800-53 is a regulatory standard that defines the minimum baseline of security controls for all U.S. federal information systems except those related to national security. The controls defined in this standard are customizable and address a diverse set of security and privacy requirements.;<SANDBOX_ACCOUNT_ID>;ap-southeast-7;2026-08-29 00:18:02.370487;au_2;Automate security audit function with other organizational entities. Enable mutual support of audit of auditable events.;Audit and Accountability (AU);;;aws;;PASS;Trail lz-org-trail is multiregion and it is logging.;arn:aws:cloudtrail:ap-southeast-7:<MANAGEMENT_ACCOUNT_ID>:trail/lz-org-trail;cloudtrail_multi_region_enabled;False;lz-org-trail;NIST-800-53-Revision-4;National Institute of Standards and Technology (NIST) 800-53 Revision 4;
aws;NIST 800-53 is a regulatory standard that defines the minimum baseline of security controls for all U.S. federal information systems except those related to national security. The controls defined in this standard are customizable and address a diverse set of security and privacy requirements.;<SANDBOX_ACCOUNT_ID>;ap-southeast-7;2026-08-29 00:18:02.370487;au_3;The information system generates audit records containing information that establishes what type of event occurred, when the event occurred, where the event occurred, the source of the event, the outcome of the event, and the identity of any individuals or subjects associated with the event.;Audit and Accountability (AU);;;aws;;PASS;Trail lz-org-trail is multiregion and it is logging.;arn:aws:cloudtrail:ap-southeast-7:<MANAGEMENT_ACCOUNT_ID>:trail/lz-org-trail;cloudtrail_multi_region_enabled;False;lz-org-trail;NIST-800-53-Revision-4;National Institute of Standards and Technology (NIST) 800-53 Revision 4;
aws;NIST 800-53 is a regulatory standard that defines the minimum baseline of security controls for all U.S. federal information systems except those related to national security. The controls defined in this standard are customizable and address a diverse set of security and privacy requirements.;<SANDBOX_ACCOUNT_ID>;ap-southeast-7;2026-08-29 00:18:02.370487;au_12;Audit events defined in AU-2. Allow trusted personnel to select which events to audit. Generate audit records for events.;Audit and Accountability (AU);;;aws;;PASS;Trail lz-org-trail is multiregion and it is logging.;arn:aws:cloudtrail:ap-southeast-7:<MANAGEMENT_ACCOUNT_ID>:trail/lz-org-trail;cloudtrail_multi_region_enabled;False;lz-org-trail;NIST-800-53-Revision-4;National Institute of Standards and Technology (NIST) 800-53 Revision 4;
aws;NIST 800-53 is a regulatory standard that defines the minimum baseline of security controls for all U.S. federal information systems except those related to national security. The controls defined in this standard are customizable and address a diverse set of security and privacy requirements.;<SANDBOX_ACCOUNT_ID>;ap-southeast-7;2026-08-29 00:18:02.370487;cm_2;The organization develops, documents, and maintains under configuration control, a current baseline configuration of the information system.;Configuration Management (CM);;;aws;;PASS;Trail lz-org-trail is multiregion and it is logging.;arn:aws:cloudtrail:ap-southeast-7:<MANAGEMENT_ACCOUNT_ID>:trail/lz-org-trail;cloudtrail_multi_region_enabled;False;lz-org-trail;NIST-800-53-Revision-4;National Institute of Standards and Technology (NIST) 800-53 Revision 4;
aws;NIST 800-53 is a regulatory standard that defines the minimum baseline of security controls for all U.S. federal information systems except those related to national security. The controls defined in this standard are customizable and address a diverse set of security and privacy requirements.;<SANDBOX_ACCOUNT_ID>;ap-southeast-7;2026-08-29 00:18:02.370487;ac_2;Manage system accounts, group memberships, privileges, workflow, notifications, deactivations, and authorizations.;Access Control (AC);;;aws;;FAIL;No CloudTrail trails have a data event to record all S3 object-level API operations.;arn:aws:cloudtrail:ap-southeast-7:<SANDBOX_ACCOUNT_ID>:trail;cloudtrail_s3_dataevents_read_enabled;False;<SANDBOX_ACCOUNT_ID>;NIST-800-53-Revision-4;National Institute of Standards and Technology (NIST) 800-53 Revision 4;
aws;NIST 800-53 is a regulatory standard that defines the minimum baseline of security controls for all U.S. federal information systems except those related to national security. The controls defined in this standard are customizable and address a diverse set of security and privacy requirements.;<SANDBOX_ACCOUNT_ID>;ap-southeast-7;2026-08-29 00:18:02.370487;au_2;Automate security audit function with other organizational entities. Enable mutual support of audit of auditable events.;Audit and Accountability (AU);;;aws;;FAIL;No CloudTrail trails have a data event to record all S3 object-level API operations.;arn:aws:cloudtrail:ap-southeast-7:<SANDBOX_ACCOUNT_ID>:trail;cloudtrail_s3_dataevents_read_enabled;False;<SANDBOX_ACCOUNT_ID>;NIST-800-53-Revision-4;National Institute of Standards and Technology (NIST) 800-53 Revision 4;
aws;NIST 800-53 is a regulatory standard that defines the minimum baseline of security controls for all U.S. federal information systems except those related to national security. The controls defined in this standard are customizable and address a diverse set of security and privacy requirements.;<SANDBOX_ACCOUNT_ID>;ap-southeast-7;2026-08-29 00:18:02.370487;au_3;The information system generates audit records containing information that establishes what type of event occurred, when the event occurred, where the event occurred, the source of the event, the outcome of the event, and the identity of any individuals or subjects associated with the event.;Audit and Accountability (AU);;;aws;;FAIL;No CloudTrail trails have a data event to record all S3 object-level API operations.;arn:aws:cloudtrail:ap-southeast-7:<SANDBOX_ACCOUNT_ID>:trail;cloudtrail_s3_dataevents_read_enabled;False;<SANDBOX_ACCOUNT_ID>;NIST-800-53-Revision-4;National Institute of Standards and Technology (NIST) 800-53 Revision 4;
aws;NIST 800-53 is a regulatory standard that defines the minimum baseline of security controls for all U.S. federal information systems except those related to national security. The controls defined in this standard are customizable and address a diverse set of security and privacy requirements.;<SANDBOX_ACCOUNT_ID>;ap-southeast-7;2026-08-29 00:18:02.370487;au_12;Audit events defined in AU-2. Allow trusted personnel to select which events to audit. Generate audit records for events.;Audit and Accountability (AU);;;aws;;FAIL;No CloudTrail trails have a data event to record all S3 object-level API operations.;arn:aws:cloudtrail:ap-southeast-7:<SANDBOX_ACCOUNT_ID>:trail;cloudtrail_s3_dataevents_read_enabled;False;<SANDBOX_ACCOUNT_ID>;NIST-800-53-Revision-4;National Institute of Standards and Technology (NIST) 800-53 Revision 4;
aws;NIST 800-53 is a regulatory standard that defines the minimum baseline of security controls for all U.S. federal information systems except those related to national security. The controls defined in this standard are customizable and address a diverse set of security and privacy requirements.;<SANDBOX_ACCOUNT_ID>;ap-southeast-7;2026-08-29 00:18:02.370487;ac_2;Manage system accounts, group memberships, privileges, workflow, notifications, deactivations, and authorizations.;Access Control (AC);;;aws;;FAIL;No CloudTrail trails have a data event to record all S3 object-level API operations.;arn:aws:cloudtrail:ap-southeast-7:<SANDBOX_ACCOUNT_ID>:trail;cloudtrail_s3_dataevents_write_enabled;False;<SANDBOX_ACCOUNT_ID>;NIST-800-53-Revision-4;National Institute of Standards and Technology (NIST) 800-53 Revision 4;
aws;NIST 800-53 is a regulatory standard that defines the minimum baseline of security controls for all U.S. federal information systems except those related to national security. The controls defined in this standard are customizable and address a diverse set of security and privacy requirements.;<SANDBOX_ACCOUNT_ID>;ap-southeast-7;2026-08-29 00:18:02.370487;au_2;Automate security audit function with other organizational entities. Enable mutual support of audit of auditable events.;Audit and Accountability (AU);;;aws;;FAIL;No CloudTrail trails have a data event to record all S3 object-level API operations.;arn:aws:cloudtrail:ap-southeast-7:<SANDBOX_ACCOUNT_ID>:trail;cloudtrail_s3_dataevents_write_enabled;False;<SANDBOX_ACCOUNT_ID>;NIST-800-53-Revision-4;National Institute of Standards and Technology (NIST) 800-53 Revision 4;
aws;NIST 800-53 is a regulatory standard that defines the minimum baseline of security controls for all U.S. federal information systems except those related to national security. The controls defined in this standard are customizable and address a diverse set of security and privacy requirements.;<SANDBOX_ACCOUNT_ID>;ap-southeast-7;2026-08-29 00:18:02.370487;au_3;The information system generates audit records containing information that establishes what type of event occurred, when the event occurred, where the event occurred, the source of the event, the outcome of the event, and the identity of any individuals or subjects associated with the event.;Audit and Accountability (AU);;;aws;;FAIL;No CloudTrail trails have a data event to record all S3 object-level API operations.;arn:aws:cloudtrail:ap-southeast-7:<SANDBOX_ACCOUNT_ID>:trail;cloudtrail_s3_dataevents_write_enabled;False;<SANDBOX_ACCOUNT_ID>;NIST-800-53-Revision-4;National Institute of Standards and Technology (NIST) 800-53 Revision 4;
aws;NIST 800-53 is a regulatory standard that defines the minimum baseline of security controls for all U.S. federal information systems except those related to national security. The controls defined in this standard are customizable and address a diverse set of security and privacy requirements.;<SANDBOX_ACCOUNT_ID>;ap-southeast-7;2026-08-29 00:18:02.370487;au_12;Audit events defined in AU-2. Allow trusted personnel to select which events to audit. Generate audit records for events.;Audit and Accountability (AU);;;aws;;FAIL;No CloudTrail trails have a data event to record all S3 object-level API operations.;arn:aws:cloudtrail:ap-southeast-7:<SANDBOX_ACCOUNT_ID>:trail;cloudtrail_s3_dataevents_write_enabled;False;<SANDBOX_ACCOUNT_ID>;NIST-800-53-Revision-4;National Institute of Standards and Technology (NIST) 800-53 Revision 4;
aws;NIST 800-53 is a regulatory standard that defines the minimum baseline of security controls for all U.S. federal information systems except those related to national security. The controls defined in this standard are customizable and address a diverse set of security and privacy requirements.;<SANDBOX_ACCOUNT_ID>;ap-southeast-7;2026-08-29 00:18:02.370487;ac_2_4;The information system automatically audits account creation, modification, enabling, disabling, and removal actions, and notifies [Assignment: organization-defined personnel or roles].;Access Control (AC);Account Management (AC-2);;aws;;FAIL;No CloudWatch log groups found with metric filters or alarms associated.;arn:aws:logs:ap-southeast-7:<SANDBOX_ACCOUNT_ID>:log-group;cloudwatch_changes_to_network_acls_alarm_configured;False;<SANDBOX_ACCOUNT_ID>;NIST-800-53-Revision-4;National Institute of Standards and Technology (NIST) 800-53 Revision 4;
aws;NIST 800-53 is a regulatory standard that defines the minimum baseline of security controls for all U.S. federal information systems except those related to national security. The controls defined in this standard are customizable and address a diverse set of security and privacy requirements.;<SANDBOX_ACCOUNT_ID>;ap-southeast-7;2026-08-29 00:18:02.370487;au_6_1;The organization employs automated mechanisms to integrate audit review, analysis,and reporting processes to support organizational processes for investigation and response to suspicious activities.;Audit and Accountability (AU);Audit Review, Analysis And Reporting (AU-6);;aws;;FAIL;No CloudWatch log groups found with metric filters or alarms associated.;arn:aws:logs:ap-southeast-7:<SANDBOX_ACCOUNT_ID>:log-group;cloudwatch_changes_to_network_acls_alarm_configured;False;<SANDBOX_ACCOUNT_ID>;NIST-800-53-Revision-4;National Institute of Standards and Technology (NIST) 800-53 Revision 4;
aws;NIST 800-53 is a regulatory standard that defines the minimum baseline of security controls for all U.S. federal information systems except those related to national security. The controls defined in this standard are customizable and address a diverse set of security and privacy requirements.;<SANDBOX_ACCOUNT_ID>;ap-southeast-7;2026-08-29 00:18:02.370487;au_6_3;The organization analyzes and correlates audit records across different repositories to gain organization-wide situational awareness.;Audit and Accountability (AU);Audit Review, Analysis And Reporting (AU-6);;aws;;FAIL;No CloudWatch log groups found with metric filters or alarms associated.;arn:aws:logs:ap-southeast-7:<SANDBOX_ACCOUNT_ID>:log-group;cloudwatch_changes_to_network_acls_alarm_configured;False;<SANDBOX_ACCOUNT_ID>;NIST-800-53-Revision-4;National Institute of Standards and Technology (NIST) 800-53 Revision 4;
aws;NIST 800-53 is a regulatory standard that defines the minimum baseline of security controls for all U.S. federal information systems except those related to national security. The controls defined in this standard are customizable and address a diverse set of security and privacy requirements.;<SANDBOX_ACCOUNT_ID>;ap-southeast-7;2026-08-29 00:18:02.370487;au_7_1;The information system provides the capability to process audit records for events of interest based on [Assignment: organization-defined audit fields within audit records].;Audit and Accountability (AU);;;aws;;FAIL;No CloudWatch log groups found with metric filters or alarms associated.;arn:aws:logs:ap-southeast-7:<SANDBOX_ACCOUNT_ID>:log-group;cloudwatch_changes_to_network_acls_alarm_configured;False;<SANDBOX_ACCOUNT_ID>;NIST-800-53-Revision-4;National Institute of Standards and Technology (NIST) 800-53 Revision 4;
aws;NIST 800-53 is a regulatory standard that defines the minimum baseline of security controls for all U.S. federal information systems except those related to national security. The controls defined in this standard are customizable and address a diverse set of security and privacy requirements.;<SANDBOX_ACCOUNT_ID>;ap-southeast-7;2026-08-29 00:18:02.370487;ca_7;Continuously monitor configuration management processes. Determine security impact, environment and operational risks.;Security Assessment And Authorization (CA);;;aws;;FAIL;No CloudWatch log groups found with metric filters or alarms associated.;arn:aws:logs:ap-southeast-7:<SANDBOX_ACCOUNT_ID>:log-group;cloudwatch_changes_to_network_acls_alarm_configured;False;<SANDBOX_ACCOUNT_ID>;NIST-800-53-Revision-4;National Institute of Standards and Technology (NIST) 800-53 Revision 4;
aws;NIST 800-53 is a regulatory standard that defines the minimum baseline of security controls for all U.S. federal information systems except those related to national security. The controls defined in this standard are customizable and address a diverse set of security and privacy requirements.;<SANDBOX_ACCOUNT_ID>;ap-southeast-7;2026-08-29 00:18:02.370487;ir_4_1;The organization employs automated mechanisms to support the incident handling process.;Incident Response (IR);Incident Handling (IR-4);;aws;;FAIL;No CloudWatch log groups found with metric filters or alarms associated.;arn:aws:logs:ap-southeast-7:<SANDBOX_ACCOUNT_ID>:log-group;cloudwatch_changes_to_network_acls_alarm_configured;False;<SANDBOX_ACCOUNT_ID>;NIST-800-53-Revision-4;National Institute of Standards and Technology (NIST) 800-53 Revision 4;
aws;NIST 800-53 is a regulatory standard that defines the minimum baseline of security controls for all U.S. federal information systems except those related to national security. The controls defined in this standard are customizable and address a diverse set of security and privacy requirements.;<SANDBOX_ACCOUNT_ID>;ap-southeast-7;2026-08-29 00:18:02.370487;si_4_2;The organization employs automated tools to support near real-time analysis of events.;System and Information Integrity (SI);Information System Monitoring (SI-4);;aws;;FAIL;No CloudWatch log groups found with metric filters or alarms associated.;arn:aws:logs:ap-southeast-7:<SANDBOX_ACCOUNT_ID>:log-group;cloudwatch_changes_to_network_acls_alarm_configured;False;<SANDBOX_ACCOUNT_ID>;NIST-800-53-Revision-4;National Institute of Standards and Technology (NIST) 800-53 Revision 4;
aws;NIST 800-53 is a regulatory standard that defines the minimum baseline of security controls for all U.S. federal information systems except those related to national security. The controls defined in this standard are customizable and address a diverse set of security and privacy requirements.;<SANDBOX_ACCOUNT_ID>;ap-southeast-7;2026-08-29 00:18:02.370487;si_4_4;The information system monitors inbound and outbound communications traffic continuously for unusual or unauthorized activities or conditions.;System and Information Integrity (SI);Information System Monitoring (SI-4);;aws;;FAIL;No CloudWatch log groups found with metric filters or alarms associated.;arn:aws:logs:ap-southeast-7:<SANDBOX_ACCOUNT_ID>:log-group;cloudwatch_changes_to_network_acls_alarm_configured;False;<SANDBOX_ACCOUNT_ID>;NIST-800-53-Revision-4;National Institute of Standards and Technology (NIST) 800-53 Revision 4;
aws;NIST 800-53 is a regulatory standard that defines the minimum baseline of security controls for all U.S. federal information systems except those related to national security. The controls defined in this standard are customizable and address a diverse set of security and privacy requirements.;<SANDBOX_ACCOUNT_ID>;ap-southeast-7;2026-08-29 00:18:02.370487;si_4_5;The information system alerts organization-defined personnel or roles when the following indications of compromise or potential compromise occur: [Assignment: organization-defined compromise indicators].;System and Information Integrity (SI);Information System Monitoring (SI-4);;aws;;FAIL;No CloudWatch log groups found with metric filters or alarms associated.;arn:aws:logs:ap-southeast-7:<SANDBOX_ACCOUNT_ID>:log-group;cloudwatch_changes_to_network_acls_alarm_configured;False;<SANDBOX_ACCOUNT_ID>;NIST-800-53-Revision-4;National Institute of Standards and Technology (NIST) 800-53 Revision 4;
aws;NIST 800-53 is a regulatory standard that defines the minimum baseline of security controls for all U.S. federal information systems except those related to national security. The controls defined in this standard are customizable and address a diverse set of security and privacy requirements.;<SANDBOX_ACCOUNT_ID>;ap-southeast-7;2026-08-29 00:18:02.370487;si_4;"The organization: a.Monitors the information system to detect: 1. Attacks and indicators of potential attacks in accordance with [Assignment: organization-defined monitoring objectives]; and 2.Unauthorized local, network, and remote connections; b. Identifies unauthorized use of the information system through [Assignment: organization-defined techniques and methods]; c. Deploys monitoring devices: 1. Strategically within the information system to collect organization-determined essential information; and 2. At ad hoc locations within the system to track specific types of transactions of interest to the organization; d. Protects information obtained from intrusion-monitoring tools from unauthorized access, modification, and deletion; e. Heightens the level of information system monitoring activity whenever there is an indication of increased risk to organizational operations and assets, individuals, other organizations, or the Nation based on law enforcement information, intelligence information, or other credible sources of information; f. Obtains legal opinion with regard to information system monitoring activities in accordance with applicable federal laws, Executive Orders, directives, policies, or regulations; and g. Provides [Assignment: organization-defined information system monitoring information] to [Assignment: organization-defined personnel or roles] [Selection (one or more): as needed; [Assignment: organization-defined frequency]].";System and Information Integrity (SI);;;aws;;FAIL;No CloudWatch log groups found with metric filters or alarms associated.;arn:aws:logs:ap-southeast-7:<SANDBOX_ACCOUNT_ID>:log-group;cloudwatch_changes_to_network_acls_alarm_configured;False;<SANDBOX_ACCOUNT_ID>;NIST-800-53-Revision-4;National Institute of Standards and Technology (NIST) 800-53 Revision 4;
aws;NIST 800-53 is a regulatory standard that defines the minimum baseline of security controls for all U.S. federal information systems except those related to national security. The controls defined in this standard are customizable and address a diverse set of security and privacy requirements.;<SANDBOX_ACCOUNT_ID>;ap-southeast-7;2026-08-29 00:18:02.370487;ac_2_4;The information system automatically audits account creation, modification, enabling, disabling, and removal actions, and notifies [Assignment: organization-defined personnel or roles].;Access Control (AC);Account Management (AC-2);;aws;;FAIL;No CloudWatch log groups found with metric filters or alarms associated.;arn:aws:logs:ap-southeast-7:<SANDBOX_ACCOUNT_ID>:log-group;cloudwatch_changes_to_network_gateways_alarm_configured;False;<SANDBOX_ACCOUNT_ID>;NIST-800-53-Revision-4;National Institute of Standards and Technology (NIST) 800-53 Revision 4;
aws;NIST 800-53 is a regulatory standard that defines the minimum baseline of security controls for all U.S. federal information systems except those related to national security. The controls defined in this standard are customizable and address a diverse set of security and privacy requirements.;<SANDBOX_ACCOUNT_ID>;ap-southeast-7;2026-08-29 00:18:02.370487;au_6_1;The organization employs automated mechanisms to integrate audit review, analysis,and reporting processes to support organizational processes for investigation and response to suspicious activities.;Audit and Accountability (AU);Audit Review, Analysis And Reporting (AU-6);;aws;;FAIL;No CloudWatch log groups found with metric filters or alarms associated.;arn:aws:logs:ap-southeast-7:<SANDBOX_ACCOUNT_ID>:log-group;cloudwatch_changes_to_network_gateways_alarm_configured;False;<SANDBOX_ACCOUNT_ID>;NIST-800-53-Revision-4;National Institute of Standards and Technology (NIST) 800-53 Revision 4;
aws;NIST 800-53 is a regulatory standard that defines the minimum baseline of security controls for all U.S. federal information systems except those related to national security. The controls defined in this standard are customizable and address a diverse set of security and privacy requirements.;<SANDBOX_ACCOUNT_ID>;ap-southeast-7;2026-08-29 00:18:02.370487;au_6_3;The organization analyzes and correlates audit records across different repositories to gain organization-wide situational awareness.;Audit and Accountability (AU);Audit Review, Analysis And Reporting (AU-6);;aws;;FAIL;No CloudWatch log groups found with metric filters or alarms associated.;arn:aws:logs:ap-southeast-7:<SANDBOX_ACCOUNT_ID>:log-group;cloudwatch_changes_to_network_gateways_alarm_configured;False;<SANDBOX_ACCOUNT_ID>;NIST-800-53-Revision-4;National Institute of Standards and Technology (NIST) 800-53 Revision 4;
aws;NIST 800-53 is a regulatory standard that defines the minimum baseline of security controls for all U.S. federal information systems except those related to national security. The controls defined in this standard are customizable and address a diverse set of security and privacy requirements.;<SANDBOX_ACCOUNT_ID>;ap-southeast-7;2026-08-29 00:18:02.370487;au_7_1;The information system provides the capability to process audit records for events of interest based on [Assignment: organization-defined audit fields within audit records].;Audit and Accountability (AU);;;aws;;FAIL;No CloudWatch log groups found with metric filters or alarms associated.;arn:aws:logs:ap-southeast-7:<SANDBOX_ACCOUNT_ID>:log-group;cloudwatch_changes_to_network_gateways_alarm_configured;False;<SANDBOX_ACCOUNT_ID>;NIST-800-53-Revision-4;National Institute of Standards and Technology (NIST) 800-53 Revision 4;
aws;NIST 800-53 is a regulatory standard that defines the minimum baseline of security controls for all U.S. federal information systems except those related to national security. The controls defined in this standard are customizable and address a diverse set of security and privacy requirements.;<SANDBOX_ACCOUNT_ID>;ap-southeast-7;2026-08-29 00:18:02.370487;ca_7;Continuously monitor configuration management processes. Determine security impact, environment and operational risks.;Security Assessment And Authorization (CA);;;aws;;FAIL;No CloudWatch log groups found with metric filters or alarms associated.;arn:aws:logs:ap-southeast-7:<SANDBOX_ACCOUNT_ID>:log-group;cloudwatch_changes_to_network_gateways_alarm_configured;False;<SANDBOX_ACCOUNT_ID>;NIST-800-53-Revision-4;National Institute of Standards and Technology (NIST) 800-53 Revision 4;
aws;NIST 800-53 is a regulatory standard that defines the minimum baseline of security controls for all U.S. federal information systems except those related to national security. The controls defined in this standard are customizable and address a diverse set of security and privacy requirements.;<SANDBOX_ACCOUNT_ID>;ap-southeast-7;2026-08-29 00:18:02.370487;ir_4_1;The organization employs automated mechanisms to support the incident handling process.;Incident Response (IR);Incident Handling (IR-4);;aws;;FAIL;No CloudWatch log groups found with metric filters or alarms associated.;arn:aws:logs:ap-southeast-7:<SANDBOX_ACCOUNT_ID>:log-group;cloudwatch_changes_to_network_gateways_alarm_configured;False;<SANDBOX_ACCOUNT_ID>;NIST-800-53-Revision-4;National Institute of Standards and Technology (NIST) 800-53 Revision 4;
aws;NIST 800-53 is a regulatory standard that defines the minimum baseline of security controls for all U.S. federal information systems except those related to national security. The controls defined in this standard are customizable and address a diverse set of security and privacy requirements.;<SANDBOX_ACCOUNT_ID>;ap-southeast-7;2026-08-29 00:18:02.370487;si_4_2;The organization employs automated tools to support near real-time analysis of events.;System and Information Integrity (SI);Information System Monitoring (SI-4);;aws;;FAIL;No CloudWatch log groups found with metric filters or alarms associated.;arn:aws:logs:ap-southeast-7:<SANDBOX_ACCOUNT_ID>:log-group;cloudwatch_changes_to_network_gateways_alarm_configured;False;<SANDBOX_ACCOUNT_ID>;NIST-800-53-Revision-4;National Institute of Standards and Technology (NIST) 800-53 Revision 4;
aws;NIST 800-53 is a regulatory standard that defines the minimum baseline of security controls for all U.S. federal information systems except those related to national security. The controls defined in this standard are customizable and address a diverse set of security and privacy requirements.;<SANDBOX_ACCOUNT_ID>;ap-southeast-7;2026-08-29 00:18:02.370487;si_4_4;The information system monitors inbound and outbound communications traffic continuously for unusual or unauthorized activities or conditions.;System and Information Integrity (SI);Information System Monitoring (SI-4);;aws;;FAIL;No CloudWatch log groups found with metric filters or alarms associated.;arn:aws:logs:ap-southeast-7:<SANDBOX_ACCOUNT_ID>:log-group;cloudwatch_changes_to_network_gateways_alarm_configured;False;<SANDBOX_ACCOUNT_ID>;NIST-800-53-Revision-4;National Institute of Standards and Technology (NIST) 800-53 Revision 4;
aws;NIST 800-53 is a regulatory standard that defines the minimum baseline of security controls for all U.S. federal information systems except those related to national security. The controls defined in this standard are customizable and address a diverse set of security and privacy requirements.;<SANDBOX_ACCOUNT_ID>;ap-southeast-7;2026-08-29 00:18:02.370487;si_4_5;The information system alerts organization-defined personnel or roles when the following indications of compromise or potential compromise occur: [Assignment: organization-defined compromise indicators].;System and Information Integrity (SI);Information System Monitoring (SI-4);;aws;;FAIL;No CloudWatch log groups found with metric filters or alarms associated.;arn:aws:logs:ap-southeast-7:<SANDBOX_ACCOUNT_ID>:log-group;cloudwatch_changes_to_network_gateways_alarm_configured;False;<SANDBOX_ACCOUNT_ID>;NIST-800-53-Revision-4;National Institute of Standards and Technology (NIST) 800-53 Revision 4;
aws;NIST 800-53 is a regulatory standard that defines the minimum baseline of security controls for all U.S. federal information systems except those related to national security. The controls defined in this standard are customizable and address a diverse set of security and privacy requirements.;<SANDBOX_ACCOUNT_ID>;ap-southeast-7;2026-08-29 00:18:02.370487;si_4;"The organization: a.Monitors the information system to detect: 1. Attacks and indicators of potential attacks in accordance with [Assignment: organization-defined monitoring objectives]; and 2.Unauthorized local, network, and remote connections; b. Identifies unauthorized use of the information system through [Assignment: organization-defined techniques and methods]; c. Deploys monitoring devices: 1. Strategically within the information system to collect organization-determined essential information; and 2. At ad hoc locations within the system to track specific types of transactions of interest to the organization; d. Protects information obtained from intrusion-monitoring tools from unauthorized access, modification, and deletion; e. Heightens the level of information system monitoring activity whenever there is an indication of increased risk to organizational operations and assets, individuals, other organizations, or the Nation based on law enforcement information, intelligence information, or other credible sources of information; f. Obtains legal opinion with regard to information system monitoring activities in accordance with applicable federal laws, Executive Orders, directives, policies, or regulations; and g. Provides [Assignment: organization-defined information system monitoring information] to [Assignment: organization-defined personnel or roles] [Selection (one or more): as needed; [Assignment: organization-defined frequency]].";System and Information Integrity (SI);;;aws;;FAIL;No CloudWatch log groups found with metric filters or alarms associated.;arn:aws:logs:ap-southeast-7:<SANDBOX_ACCOUNT_ID>:log-group;cloudwatch_changes_to_network_gateways_alarm_configured;False;<SANDBOX_ACCOUNT_ID>;NIST-800-53-Revision-4;National Institute of Standards and Technology (NIST) 800-53 Revision 4;
aws;NIST 800-53 is a regulatory standard that defines the minimum baseline of security controls for all U.S. federal information systems except those related to national security. The controls defined in this standard are customizable and address a diverse set of security and privacy requirements.;<SANDBOX_ACCOUNT_ID>;ap-southeast-7;2026-08-29 00:18:02.370487;ac_2_4;The information system automatically audits account creation, modification, enabling, disabling, and removal actions, and notifies [Assignment: organization-defined personnel or roles].;Access Control (AC);Account Management (AC-2);;aws;;FAIL;No CloudWatch log groups found with metric filters or alarms associated.;arn:aws:logs:ap-southeast-7:<SANDBOX_ACCOUNT_ID>:log-group;cloudwatch_changes_to_network_route_tables_alarm_configured;False;<SANDBOX_ACCOUNT_ID>;NIST-800-53-Revision-4;National Institute of Standards and Technology (NIST) 800-53 Revision 4;
aws;NIST 800-53 is a regulatory standard that defines the minimum baseline of security controls for all U.S. federal information systems except those related to national security. The controls defined in this standard are customizable and address a diverse set of security and privacy requirements.;<SANDBOX_ACCOUNT_ID>;ap-southeast-7;2026-08-29 00:18:02.370487;au_6_1;The organization employs automated mechanisms to integrate audit review, analysis,and reporting processes to support organizational processes for investigation and response to suspicious activities.;Audit and Accountability (AU);Audit Review, Analysis And Reporting (AU-6);;aws;;FAIL;No CloudWatch log groups found with metric filters or alarms associated.;arn:aws:logs:ap-southeast-7:<SANDBOX_ACCOUNT_ID>:log-group;cloudwatch_changes_to_network_route_tables_alarm_configured;False;<SANDBOX_ACCOUNT_ID>;NIST-800-53-Revision-4;National Institute of Standards and Technology (NIST) 800-53 Revision 4;
aws;NIST 800-53 is a regulatory standard that defines the minimum baseline of security controls for all U.S. federal information systems except those related to national security. The controls defined in this standard are customizable and address a diverse set of security and privacy requirements.;<SANDBOX_ACCOUNT_ID>;ap-southeast-7;2026-08-29 00:18:02.370487;au_6_3;The organization analyzes and correlates audit records across different repositories to gain organization-wide situational awareness.;Audit and Accountability (AU);Audit Review, Analysis And Reporting (AU-6);;aws;;FAIL;No CloudWatch log groups found with metric filters or alarms associated.;arn:aws:logs:ap-southeast-7:<SANDBOX_ACCOUNT_ID>:log-group;cloudwatch_changes_to_network_route_tables_alarm_configured;False;<SANDBOX_ACCOUNT_ID>;NIST-800-53-Revision-4;National Institute of Standards and Technology (NIST) 800-53 Revision 4;
aws;NIST 800-53 is a regulatory standard that defines the minimum baseline of security controls for all U.S. federal information systems except those related to national security. The controls defined in this standard are customizable and address a diverse set of security and privacy requirements.;<SANDBOX_ACCOUNT_ID>;ap-southeast-7;2026-08-29 00:18:02.370487;au_7_1;The information system provides the capability to process audit records for events of interest based on [Assignment: organization-defined audit fields within audit records].;Audit and Accountability (AU);;;aws;;FAIL;No CloudWatch log groups found with metric filters or alarms associated.;arn:aws:logs:ap-southeast-7:<SANDBOX_ACCOUNT_ID>:log-group;cloudwatch_changes_to_network_route_tables_alarm_configured;False;<SANDBOX_ACCOUNT_ID>;NIST-800-53-Revision-4;National Institute of Standards and Technology (NIST) 800-53 Revision 4;
aws;NIST 800-53 is a regulatory standard that defines the minimum baseline of security controls for all U.S. federal information systems except those related to national security. The controls defined in this standard are customizable and address a diverse set of security and privacy requirements.;<SANDBOX_ACCOUNT_ID>;ap-southeast-7;2026-08-29 00:18:02.370487;ca_7;Continuously monitor configuration management processes. Determine security impact, environment and operational risks.;Security Assessment And Authorization (CA);;;aws;;FAIL;No CloudWatch log groups found with metric filters or alarms associated.;arn:aws:logs:ap-southeast-7:<SANDBOX_ACCOUNT_ID>:log-group;cloudwatch_changes_to_network_route_tables_alarm_configured;False;<SANDBOX_ACCOUNT_ID>;NIST-800-53-Revision-4;National Institute of Standards and Technology (NIST) 800-53 Revision 4;
aws;NIST 800-53 is a regulatory standard that defines the minimum baseline of security controls for all U.S. federal information systems except those related to national security. The controls defined in this standard are customizable and address a diverse set of security and privacy requirements.;<SANDBOX_ACCOUNT_ID>;ap-southeast-7;2026-08-29 00:18:02.370487;ir_4_1;The organization employs automated mechanisms to support the incident handling process.;Incident Response (IR);Incident Handling (IR-4);;aws;;FAIL;No CloudWatch log groups found with metric filters or alarms associated.;arn:aws:logs:ap-southeast-7:<SANDBOX_ACCOUNT_ID>:log-group;cloudwatch_changes_to_network_route_tables_alarm_configured;False;<SANDBOX_ACCOUNT_ID>;NIST-800-53-Revision-4;National Institute of Standards and Technology (NIST) 800-53 Revision 4;
aws;NIST 800-53 is a regulatory standard that defines the minimum baseline of security controls for all U.S. federal information systems except those related to national security. The controls defined in this standard are customizable and address a diverse set of security and privacy requirements.;<SANDBOX_ACCOUNT_ID>;ap-southeast-7;2026-08-29 00:18:02.370487;si_4_2;The organization employs automated tools to support near real-time analysis of events.;System and Information Integrity (SI);Information System Monitoring (SI-4);;aws;;FAIL;No CloudWatch log groups found with metric filters or alarms associated.;arn:aws:logs:ap-southeast-7:<SANDBOX_ACCOUNT_ID>:log-group;cloudwatch_changes_to_network_route_tables_alarm_configured;False;<SANDBOX_ACCOUNT_ID>;NIST-800-53-Revision-4;National Institute of Standards and Technology (NIST) 800-53 Revision 4;
aws;NIST 800-53 is a regulatory standard that defines the minimum baseline of security controls for all U.S. federal information systems except those related to national security. The controls defined in this standard are customizable and address a diverse set of security and privacy requirements.;<SANDBOX_ACCOUNT_ID>;ap-southeast-7;2026-08-29 00:18:02.370487;si_4_4;The information system monitors inbound and outbound communications traffic continuously for unusual or unauthorized activities or conditions.;System and Information Integrity (SI);Information System Monitoring (SI-4);;aws;;FAIL;No CloudWatch log groups found with metric filters or alarms associated.;arn:aws:logs:ap-southeast-7:<SANDBOX_ACCOUNT_ID>:log-group;cloudwatch_changes_to_network_route_tables_alarm_configured;False;<SANDBOX_ACCOUNT_ID>;NIST-800-53-Revision-4;National Institute of Standards and Technology (NIST) 800-53 Revision 4;
aws;NIST 800-53 is a regulatory standard that defines the minimum baseline of security controls for all U.S. federal information systems except those related to national security. The controls defined in this standard are customizable and address a diverse set of security and privacy requirements.;<SANDBOX_ACCOUNT_ID>;ap-southeast-7;2026-08-29 00:18:02.370487;si_4_5;The information system alerts organization-defined personnel or roles when the following indications of compromise or potential compromise occur: [Assignment: organization-defined compromise indicators].;System and Information Integrity (SI);Information System Monitoring (SI-4);;aws;;FAIL;No CloudWatch log groups found with metric filters or alarms associated.;arn:aws:logs:ap-southeast-7:<SANDBOX_ACCOUNT_ID>:log-group;cloudwatch_changes_to_network_route_tables_alarm_configured;False;<SANDBOX_ACCOUNT_ID>;NIST-800-53-Revision-4;National Institute of Standards and Technology (NIST) 800-53 Revision 4;
aws;NIST 800-53 is a regulatory standard that defines the minimum baseline of security controls for all U.S. federal information systems except those related to national security. The controls defined in this standard are customizable and address a diverse set of security and privacy requirements.;<SANDBOX_ACCOUNT_ID>;ap-southeast-7;2026-08-29 00:18:02.370487;si_4;"The organization: a.Monitors the information system to detect: 1. Attacks and indicators of potential attacks in accordance with [Assignment: organization-defined monitoring objectives]; and 2.Unauthorized local, network, and remote connections; b. Identifies unauthorized use of the information system through [Assignment: organization-defined techniques and methods]; c. Deploys monitoring devices: 1. Strategically within the information system to collect organization-determined essential information; and 2. At ad hoc locations within the system to track specific types of transactions of interest to the organization; d. Protects information obtained from intrusion-monitoring tools from unauthorized access, modification, and deletion; e. Heightens the level of information system monitoring activity whenever there is an indication of increased risk to organizational operations and assets, individuals, other organizations, or the Nation based on law enforcement information, intelligence information, or other credible sources of information; f. Obtains legal opinion with regard to information system monitoring activities in accordance with applicable federal laws, Executive Orders, directives, policies, or regulations; and g. Provides [Assignment: organization-defined information system monitoring information] to [Assignment: organization-defined personnel or roles] [Selection (one or more): as needed; [Assignment: organization-defined frequency]].";System and Information Integrity (SI);;;aws;;FAIL;No CloudWatch log groups found with metric filters or alarms associated.;arn:aws:logs:ap-southeast-7:<SANDBOX_ACCOUNT_ID>:log-group;cloudwatch_changes_to_network_route_tables_alarm_configured;False;<SANDBOX_ACCOUNT_ID>;NIST-800-53-Revision-4;National Institute of Standards and Technology (NIST) 800-53 Revision 4;
aws;NIST 800-53 is a regulatory standard that defines the minimum baseline of security controls for all U.S. federal information systems except those related to national security. The controls defined in this standard are customizable and address a diverse set of security and privacy requirements.;<SANDBOX_ACCOUNT_ID>;ap-southeast-7;2026-08-29 00:18:02.370487;ac_2_4;The information system automatically audits account creation, modification, enabling, disabling, and removal actions, and notifies [Assignment: organization-defined personnel or roles].;Access Control (AC);Account Management (AC-2);;aws;;FAIL;No CloudWatch log groups found with metric filters or alarms associated.;arn:aws:logs:ap-southeast-7:<SANDBOX_ACCOUNT_ID>:log-group;cloudwatch_changes_to_vpcs_alarm_configured;False;<SANDBOX_ACCOUNT_ID>;NIST-800-53-Revision-4;National Institute of Standards and Technology (NIST) 800-53 Revision 4;
aws;NIST 800-53 is a regulatory standard that defines the minimum baseline of security controls for all U.S. federal information systems except those related to national security. The controls defined in this standard are customizable and address a diverse set of security and privacy requirements.;<SANDBOX_ACCOUNT_ID>;ap-southeast-7;2026-08-29 00:18:02.370487;au_6_1;The organization employs automated mechanisms to integrate audit review, analysis,and reporting processes to support organizational processes for investigation and response to suspicious activities.;Audit and Accountability (AU);Audit Review, Analysis And Reporting (AU-6);;aws;;FAIL;No CloudWatch log groups found with metric filters or alarms associated.;arn:aws:logs:ap-southeast-7:<SANDBOX_ACCOUNT_ID>:log-group;cloudwatch_changes_to_vpcs_alarm_configured;False;<SANDBOX_ACCOUNT_ID>;NIST-800-53-Revision-4;National Institute of Standards and Technology (NIST) 800-53 Revision 4;
aws;NIST 800-53 is a regulatory standard that defines the minimum baseline of security controls for all U.S. federal information systems except those related to national security. The controls defined in this standard are customizable and address a diverse set of security and privacy requirements.;<SANDBOX_ACCOUNT_ID>;ap-southeast-7;2026-08-29 00:18:02.370487;au_6_3;The organization analyzes and correlates audit records across different repositories to gain organization-wide situational awareness.;Audit and Accountability (AU);Audit Review, Analysis And Reporting (AU-6);;aws;;FAIL;No CloudWatch log groups found with metric filters or alarms associated.;arn:aws:logs:ap-southeast-7:<SANDBOX_ACCOUNT_ID>:log-group;cloudwatch_changes_to_vpcs_alarm_configured;False;<SANDBOX_ACCOUNT_ID>;NIST-800-53-Revision-4;National Institute of Standards and Technology (NIST) 800-53 Revision 4;
aws;NIST 800-53 is a regulatory standard that defines the minimum baseline of security controls for all U.S. federal information systems except those related to national security. The controls defined in this standard are customizable and address a diverse set of security and privacy requirements.;<SANDBOX_ACCOUNT_ID>;ap-southeast-7;2026-08-29 00:18:02.370487;au_7_1;The information system provides the capability to process audit records for events of interest based on [Assignment: organization-defined audit fields within audit records].;Audit and Accountability (AU);;;aws;;FAIL;No CloudWatch log groups found with metric filters or alarms associated.;arn:aws:logs:ap-southeast-7:<SANDBOX_ACCOUNT_ID>:log-group;cloudwatch_changes_to_vpcs_alarm_configured;False;<SANDBOX_ACCOUNT_ID>;NIST-800-53-Revision-4;National Institute of Standards and Technology (NIST) 800-53 Revision 4;
aws;NIST 800-53 is a regulatory standard that defines the minimum baseline of security controls for all U.S. federal information systems except those related to national security. The controls defined in this standard are customizable and address a diverse set of security and privacy requirements.;<SANDBOX_ACCOUNT_ID>;ap-southeast-7;2026-08-29 00:18:02.370487;ca_7;Continuously monitor configuration management processes. Determine security impact, environment and operational risks.;Security Assessment And Authorization (CA);;;aws;;FAIL;No CloudWatch log groups found with metric filters or alarms associated.;arn:aws:logs:ap-southeast-7:<SANDBOX_ACCOUNT_ID>:log-group;cloudwatch_changes_to_vpcs_alarm_configured;False;<SANDBOX_ACCOUNT_ID>;NIST-800-53-Revision-4;National Institute of Standards and Technology (NIST) 800-53 Revision 4;
aws;NIST 800-53 is a regulatory standard that defines the minimum baseline of security controls for all U.S. federal information systems except those related to national security. The controls defined in this standard are customizable and address a diverse set of security and privacy requirements.;<SANDBOX_ACCOUNT_ID>;ap-southeast-7;2026-08-29 00:18:02.370487;ir_4_1;The organization employs automated mechanisms to support the incident handling process.;Incident Response (IR);Incident Handling (IR-4);;aws;;FAIL;No CloudWatch log groups found with metric filters or alarms associated.;arn:aws:logs:ap-southeast-7:<SANDBOX_ACCOUNT_ID>:log-group;cloudwatch_changes_to_vpcs_alarm_configured;False;<SANDBOX_ACCOUNT_ID>;NIST-800-53-Revision-4;National Institute of Standards and Technology (NIST) 800-53 Revision 4;
aws;NIST 800-53 is a regulatory standard that defines the minimum baseline of security controls for all U.S. federal information systems except those related to national security. The controls defined in this standard are customizable and address a diverse set of security and privacy requirements.;<SANDBOX_ACCOUNT_ID>;ap-southeast-7;2026-08-29 00:18:02.370487;si_4_2;The organization employs automated tools to support near real-time analysis of events.;System and Information Integrity (SI);Information System Monitoring (SI-4);;aws;;FAIL;No CloudWatch log groups found with metric filters or alarms associated.;arn:aws:logs:ap-southeast-7:<SANDBOX_ACCOUNT_ID>:log-group;cloudwatch_changes_to_vpcs_alarm_configured;False;<SANDBOX_ACCOUNT_ID>;NIST-800-53-Revision-4;National Institute of Standards and Technology (NIST) 800-53 Revision 4;
aws;NIST 800-53 is a regulatory standard that defines the minimum baseline of security controls for all U.S. federal information systems except those related to national security. The controls defined in this standard are customizable and address a diverse set of security and privacy requirements.;<SANDBOX_ACCOUNT_ID>;ap-southeast-7;2026-08-29 00:18:02.370487;si_4_4;The information system monitors inbound and outbound communications traffic continuously for unusual or unauthorized activities or conditions.;System and Information Integrity (SI);Information System Monitoring (SI-4);;aws;;FAIL;No CloudWatch log groups found with metric filters or alarms associated.;arn:aws:logs:ap-southeast-7:<SANDBOX_ACCOUNT_ID>:log-group;cloudwatch_changes_to_vpcs_alarm_configured;False;<SANDBOX_ACCOUNT_ID>;NIST-800-53-Revision-4;National Institute of Standards and Technology (NIST) 800-53 Revision 4;
aws;NIST 800-53 is a regulatory standard that defines the minimum baseline of security controls for all U.S. federal information systems except those related to national security. The controls defined in this standard are customizable and address a diverse set of security and privacy requirements.;<SANDBOX_ACCOUNT_ID>;ap-southeast-7;2026-08-29 00:18:02.370487;si_4_5;The information system alerts organization-defined personnel or roles when the following indications of compromise or potential compromise occur: [Assignment: organization-defined compromise indicators].;System and Information Integrity (SI);Information System Monitoring (SI-4);;aws;;FAIL;No CloudWatch log groups found with metric filters or alarms associated.;arn:aws:logs:ap-southeast-7:<SANDBOX_ACCOUNT_ID>:log-group;cloudwatch_changes_to_vpcs_alarm_configured;False;<SANDBOX_ACCOUNT_ID>;NIST-800-53-Revision-4;National Institute of Standards and Technology (NIST) 800-53 Revision 4;
aws;NIST 800-53 is a regulatory standard that defines the minimum baseline of security controls for all U.S. federal information systems except those related to national security. The controls defined in this standard are customizable and address a diverse set of security and privacy requirements.;<SANDBOX_ACCOUNT_ID>;ap-southeast-7;2026-08-29 00:18:02.370487;si_4;"The organization: a.Monitors the information system to detect: 1. Attacks and indicators of potential attacks in accordance with [Assignment: organization-defined monitoring objectives]; and 2.Unauthorized local, network, and remote connections; b. Identifies unauthorized use of the information system through [Assignment: organization-defined techniques and methods]; c. Deploys monitoring devices: 1. Strategically within the information system to collect organization-determined essential information; and 2. At ad hoc locations within the system to track specific types of transactions of interest to the organization; d. Protects information obtained from intrusion-monitoring tools from unauthorized access, modification, and deletion; e. Heightens the level of information system monitoring activity whenever there is an indication of increased risk to organizational operations and assets, individuals, other organizations, or the Nation based on law enforcement information, intelligence information, or other credible sources of information; f. Obtains legal opinion with regard to information system monitoring activities in accordance with applicable federal laws, Executive Orders, directives, policies, or regulations; and g. Provides [Assignment: organization-defined information system monitoring information] to [Assignment: organization-defined personnel or roles] [Selection (one or more): as needed; [Assignment: organization-defined frequency]].";System and Information Integrity (SI);;;aws;;FAIL;No CloudWatch log groups found with metric filters or alarms associated.;arn:aws:logs:ap-southeast-7:<SANDBOX_ACCOUNT_ID>:log-group;cloudwatch_changes_to_vpcs_alarm_configured;False;<SANDBOX_ACCOUNT_ID>;NIST-800-53-Revision-4;National Institute of Standards and Technology (NIST) 800-53 Revision 4;
aws;NIST 800-53 is a regulatory standard that defines the minimum baseline of security controls for all U.S. federal information systems except those related to national security. The controls defined in this standard are customizable and address a diverse set of security and privacy requirements.;<SANDBOX_ACCOUNT_ID>;ap-southeast-7;2026-08-29 00:18:02.370487;au_9;The information system protects audit information and audit tools from unauthorized access, modification, and deletion.;Audit and Accountability (AU);;;aws;;FAIL;Log Group /aws/lambda/range-responder does not have AWS KMS keys associated.;arn:aws:logs:ap-southeast-7:<SANDBOX_ACCOUNT_ID>:log-group:/aws/lambda/range-responder:*;cloudwatch_log_group_kms_encryption_enabled;False;/aws/lambda/range-responder;NIST-800-53-Revision-4;National Institute of Standards and Technology (NIST) 800-53 Revision 4;
aws;NIST 800-53 is a regulatory standard that defines the minimum baseline of security controls for all U.S. federal information systems except those related to national security. The controls defined in this standard are customizable and address a diverse set of security and privacy requirements.;<SANDBOX_ACCOUNT_ID>;ap-southeast-7;2026-08-29 00:18:02.370487;sc_28;"The information system protects the [Selection (one or more): confidentiality; integrity] of [Assignment: organization-defined information at rest].";System and Communications Protection (SC);;;aws;;FAIL;Log Group /aws/lambda/range-responder does not have AWS KMS keys associated.;arn:aws:logs:ap-southeast-7:<SANDBOX_ACCOUNT_ID>:log-group:/aws/lambda/range-responder:*;cloudwatch_log_group_kms_encryption_enabled;False;/aws/lambda/range-responder;NIST-800-53-Revision-4;National Institute of Standards and Technology (NIST) 800-53 Revision 4;
aws;NIST 800-53 is a regulatory standard that defines the minimum baseline of security controls for all U.S. federal information systems except those related to national security. The controls defined in this standard are customizable and address a diverse set of security and privacy requirements.;<SANDBOX_ACCOUNT_ID>;ap-southeast-7;2026-08-29 00:18:02.370487;au_9;The information system protects audit information and audit tools from unauthorized access, modification, and deletion.;Audit and Accountability (AU);;;aws;;FAIL;Log Group /aws/cloudtrail/range does not have AWS KMS keys associated.;arn:aws:logs:ap-southeast-7:<SANDBOX_ACCOUNT_ID>:log-group:/aws/cloudtrail/range:*;cloudwatch_log_group_kms_encryption_enabled;False;/aws/cloudtrail/range;NIST-800-53-Revision-4;National Institute of Standards and Technology (NIST) 800-53 Revision 4;
aws;NIST 800-53 is a regulatory standard that defines the minimum baseline of security controls for all U.S. federal information systems except those related to national security. The controls defined in this standard are customizable and address a diverse set of security and privacy requirements.;<SANDBOX_ACCOUNT_ID>;ap-southeast-7;2026-08-29 00:18:02.370487;sc_28;"The information system protects the [Selection (one or more): confidentiality; integrity] of [Assignment: organization-defined information at rest].";System and Communications Protection (SC);;;aws;;FAIL;Log Group /aws/cloudtrail/range does not have AWS KMS keys associated.;arn:aws:logs:ap-southeast-7:<SANDBOX_ACCOUNT_ID>:log-group:/aws/cloudtrail/range:*;cloudwatch_log_group_kms_encryption_enabled;False;/aws/cloudtrail/range;NIST-800-53-Revision-4;National Institute of Standards and Technology (NIST) 800-53 Revision 4;
aws;NIST 800-53 is a regulatory standard that defines the minimum baseline of security controls for all U.S. federal information systems except those related to national security. The controls defined in this standard are customizable and address a diverse set of security and privacy requirements.;<SANDBOX_ACCOUNT_ID>;ap-southeast-7;2026-08-29 00:18:02.370487;au_11;The organization retains audit records for [Assignment: organization-defined time period consistent with records retention policy] to provide support for after-the-fact investigations of security incidents and to meet regulatory and organizational information retention requirements.;Audit and Accountability (AU);;;cloudwatch;;PASS;Log Group /aws/lambda/range-responder comply with 365 days retention period since it never expires.;arn:aws:logs:ap-southeast-7:<SANDBOX_ACCOUNT_ID>:log-group:/aws/lambda/range-responder:*;cloudwatch_log_group_retention_policy_specific_days_enabled;False;/aws/lambda/range-responder;NIST-800-53-Revision-4;National Institute of Standards and Technology (NIST) 800-53 Revision 4;
aws;NIST 800-53 is a regulatory standard that defines the minimum baseline of security controls for all U.S. federal information systems except those related to national security. The controls defined in this standard are customizable and address a diverse set of security and privacy requirements.;<SANDBOX_ACCOUNT_ID>;ap-southeast-7;2026-08-29 00:18:02.370487;si_12;The organization handles and retains information within the information system and information output from the system in accordance with applicable federal laws, Executive Orders, directives, policies, regulations, standards, and operational requirements.;System and Information Integrity (SI);;;aws;;PASS;Log Group /aws/lambda/range-responder comply with 365 days retention period since it never expires.;arn:aws:logs:ap-southeast-7:<SANDBOX_ACCOUNT_ID>:log-group:/aws/lambda/range-responder:*;cloudwatch_log_group_retention_policy_specific_days_enabled;False;/aws/lambda/range-responder;NIST-800-53-Revision-4;National Institute of Standards and Technology (NIST) 800-53 Revision 4;
aws;NIST 800-53 is a regulatory standard that defines the minimum baseline of security controls for all U.S. federal information systems except those related to national security. The controls defined in this standard are customizable and address a diverse set of security and privacy requirements.;<SANDBOX_ACCOUNT_ID>;ap-southeast-7;2026-08-29 00:18:02.370487;au_11;The organization retains audit records for [Assignment: organization-defined time period consistent with records retention policy] to provide support for after-the-fact investigations of security incidents and to meet regulatory and organizational information retention requirements.;Audit and Accountability (AU);;;cloudwatch;;FAIL;Log Group /aws/cloudtrail/range has less than 365 days retention period (7 days).;arn:aws:logs:ap-southeast-7:<SANDBOX_ACCOUNT_ID>:log-group:/aws/cloudtrail/range:*;cloudwatch_log_group_retention_policy_specific_days_enabled;False;/aws/cloudtrail/range;NIST-800-53-Revision-4;National Institute of Standards and Technology (NIST) 800-53 Revision 4;
aws;NIST 800-53 is a regulatory standard that defines the minimum baseline of security controls for all U.S. federal information systems except those related to national security. The controls defined in this standard are customizable and address a diverse set of security and privacy requirements.;<SANDBOX_ACCOUNT_ID>;ap-southeast-7;2026-08-29 00:18:02.370487;si_12;The organization handles and retains information within the information system and information output from the system in accordance with applicable federal laws, Executive Orders, directives, policies, regulations, standards, and operational requirements.;System and Information Integrity (SI);;;aws;;FAIL;Log Group /aws/cloudtrail/range has less than 365 days retention period (7 days).;arn:aws:logs:ap-southeast-7:<SANDBOX_ACCOUNT_ID>:log-group:/aws/cloudtrail/range:*;cloudwatch_log_group_retention_policy_specific_days_enabled;False;/aws/cloudtrail/range;NIST-800-53-Revision-4;National Institute of Standards and Technology (NIST) 800-53 Revision 4;
aws;NIST 800-53 is a regulatory standard that defines the minimum baseline of security controls for all U.S. federal information systems except those related to national security. The controls defined in this standard are customizable and address a diverse set of security and privacy requirements.;<SANDBOX_ACCOUNT_ID>;ap-southeast-7;2026-08-29 00:18:02.370487;ac_2_1;Access control policies (e.g., identity or role-based policies, control matrices, and cryptography) control access between active entities or subjects (i.e., users or processes acting on behalf of users) and passive entities or objects (e.g., devices, files, records, and domains) in systems. Access enforcement mechanisms can be employed at the application and service level to provide increased information security. Other systems include systems internal and external to the organization. This requirement focuses on account management for systems and applications. The definition of and enforcement of access authorizations, other than those determined by account type (e.g., privileged verses non-privileged) are addressed in requirement 3.1.2.;Access Control (AC);Account Management (AC-2);;aws;;PASS;GuardDuty detector c0cfc223468df81e40fec5257649bb70 enabled.;arn:aws:guardduty:ap-southeast-7:<SANDBOX_ACCOUNT_ID>:detector/c0cfc223468df81e40fec5257649bb70;guardduty_is_enabled;False;c0cfc223468df81e40fec5257649bb70;NIST-800-53-Revision-4;National Institute of Standards and Technology (NIST) 800-53 Revision 4;
aws;NIST 800-53 is a regulatory standard that defines the minimum baseline of security controls for all U.S. federal information systems except those related to national security. The controls defined in this standard are customizable and address a diverse set of security and privacy requirements.;<SANDBOX_ACCOUNT_ID>;ap-southeast-7;2026-08-29 00:18:02.370487;ac_2_4;The information system automatically audits account creation, modification, enabling, disabling, and removal actions, and notifies [Assignment: organization-defined personnel or roles].;Access Control (AC);Account Management (AC-2);;aws;;PASS;GuardDuty detector c0cfc223468df81e40fec5257649bb70 enabled.;arn:aws:guardduty:ap-southeast-7:<SANDBOX_ACCOUNT_ID>:detector/c0cfc223468df81e40fec5257649bb70;guardduty_is_enabled;False;c0cfc223468df81e40fec5257649bb70;NIST-800-53-Revision-4;National Institute of Standards and Technology (NIST) 800-53 Revision 4;
aws;NIST 800-53 is a regulatory standard that defines the minimum baseline of security controls for all U.S. federal information systems except those related to national security. The controls defined in this standard are customizable and address a diverse set of security and privacy requirements.;<SANDBOX_ACCOUNT_ID>;ap-southeast-7;2026-08-29 00:18:02.370487;ac_2_12;Monitors and reports atypical usage of information system accounts to organization-defined personnel or roles.;Access Control (AC);Account Management (AC-2);;aws;;PASS;GuardDuty detector c0cfc223468df81e40fec5257649bb70 enabled.;arn:aws:guardduty:ap-southeast-7:<SANDBOX_ACCOUNT_ID>:detector/c0cfc223468df81e40fec5257649bb70;guardduty_is_enabled;False;c0cfc223468df81e40fec5257649bb70;NIST-800-53-Revision-4;National Institute of Standards and Technology (NIST) 800-53 Revision 4;
aws;NIST 800-53 is a regulatory standard that defines the minimum baseline of security controls for all U.S. federal information systems except those related to national security. The controls defined in this standard are customizable and address a diverse set of security and privacy requirements.;<SANDBOX_ACCOUNT_ID>;ap-southeast-7;2026-08-29 00:18:02.370487;ac_2;Manage system accounts, group memberships, privileges, workflow, notifications, deactivations, and authorizations.;Access Control (AC);;;aws;;PASS;GuardDuty detector c0cfc223468df81e40fec5257649bb70 enabled.;arn:aws:guardduty:ap-southeast-7:<SANDBOX_ACCOUNT_ID>:detector/c0cfc223468df81e40fec5257649bb70;guardduty_is_enabled;False;c0cfc223468df81e40fec5257649bb70;NIST-800-53-Revision-4;National Institute of Standards and Technology (NIST) 800-53 Revision 4;
aws;NIST 800-53 is a regulatory standard that defines the minimum baseline of security controls for all U.S. federal information systems except those related to national security. The controls defined in this standard are customizable and address a diverse set of security and privacy requirements.;<SANDBOX_ACCOUNT_ID>;ap-southeast-7;2026-08-29 00:18:02.370487;ac_17_1;The information system monitors and controls remote access methods.;Access Control (AC);;;aws;;PASS;GuardDuty detector c0cfc223468df81e40fec5257649bb70 enabled.;arn:aws:guardduty:ap-southeast-7:<SANDBOX_ACCOUNT_ID>:detector/c0cfc223468df81e40fec5257649bb70;guardduty_is_enabled;False;c0cfc223468df81e40fec5257649bb70;NIST-800-53-Revision-4;National Institute of Standards and Technology (NIST) 800-53 Revision 4;
aws;NIST 800-53 is a regulatory standard that defines the minimum baseline of security controls for all U.S. federal information systems except those related to national security. The controls defined in this standard are customizable and address a diverse set of security and privacy requirements.;<SANDBOX_ACCOUNT_ID>;ap-southeast-7;2026-08-29 00:18:02.370487;au_6_1;The organization employs automated mechanisms to integrate audit review, analysis,and reporting processes to support organizational processes for investigation and response to suspicious activities.;Audit and Accountability (AU);Audit Review, Analysis And Reporting (AU-6);;aws;;PASS;GuardDuty detector c0cfc223468df81e40fec5257649bb70 enabled.;arn:aws:guardduty:ap-southeast-7:<SANDBOX_ACCOUNT_ID>:detector/c0cfc223468df81e40fec5257649bb70;guardduty_is_enabled;False;c0cfc223468df81e40fec5257649bb70;NIST-800-53-Revision-4;National Institute of Standards and Technology (NIST) 800-53 Revision 4;
aws;NIST 800-53 is a regulatory standard that defines the minimum baseline of security controls for all U.S. federal information systems except those related to national security. The controls defined in this standard are customizable and address a diverse set of security and privacy requirements.;<SANDBOX_ACCOUNT_ID>;ap-southeast-7;2026-08-29 00:18:02.370487;au_6_3;The organization analyzes and correlates audit records across different repositories to gain organization-wide situational awareness.;Audit and Accountability (AU);Audit Review, Analysis And Reporting (AU-6);;aws;;PASS;GuardDuty detector c0cfc223468df81e40fec5257649bb70 enabled.;arn:aws:guardduty:ap-southeast-7:<SANDBOX_ACCOUNT_ID>:detector/c0cfc223468df81e40fec5257649bb70;guardduty_is_enabled;False;c0cfc223468df81e40fec5257649bb70;NIST-800-53-Revision-4;National Institute of Standards and Technology (NIST) 800-53 Revision 4;
aws;NIST 800-53 is a regulatory standard that defines the minimum baseline of security controls for all U.S. federal information systems except those related to national security. The controls defined in this standard are customizable and address a diverse set of security and privacy requirements.;<SANDBOX_ACCOUNT_ID>;ap-southeast-7;2026-08-29 00:18:02.370487;ca_7;Continuously monitor configuration management processes. Determine security impact, environment and operational risks.;Security Assessment And Authorization (CA);;;aws;;PASS;GuardDuty detector c0cfc223468df81e40fec5257649bb70 enabled.;arn:aws:guardduty:ap-southeast-7:<SANDBOX_ACCOUNT_ID>:detector/c0cfc223468df81e40fec5257649bb70;guardduty_is_enabled;False;c0cfc223468df81e40fec5257649bb70;NIST-800-53-Revision-4;National Institute of Standards and Technology (NIST) 800-53 Revision 4;
aws;NIST 800-53 is a regulatory standard that defines the minimum baseline of security controls for all U.S. federal information systems except those related to national security. The controls defined in this standard are customizable and address a diverse set of security and privacy requirements.;<SANDBOX_ACCOUNT_ID>;ap-southeast-7;2026-08-29 00:18:02.370487;ra_5;Scan for system vulnerabilities. Share vulnerability information and security controls that eliminate vulnerabilities.;Risk Assessment (RA);;;guardduty;;PASS;GuardDuty detector c0cfc223468df81e40fec5257649bb70 enabled.;arn:aws:guardduty:ap-southeast-7:<SANDBOX_ACCOUNT_ID>:detector/c0cfc223468df81e40fec5257649bb70;guardduty_is_enabled;False;c0cfc223468df81e40fec5257649bb70;NIST-800-53-Revision-4;National Institute of Standards and Technology (NIST) 800-53 Revision 4;
aws;NIST 800-53 is a regulatory standard that defines the minimum baseline of security controls for all U.S. federal information systems except those related to national security. The controls defined in this standard are customizable and address a diverse set of security and privacy requirements.;<SANDBOX_ACCOUNT_ID>;ap-southeast-7;2026-08-29 00:18:02.370487;sa_10;"The organization requires the developer of the information system, system component, or information system service to: a. Perform configuration management during system, component, or service [Selection (one or more): design; development; implementation; operation]; b. Document, manage, and control the integrity of changes to [Assignment: organization-defined configuration items under configuration management]; c. Implement only organization-approved changes to the system, component, or service; d. Document approved changes to the system, component, or service and the potential security impacts of such changes; and e. Track security flaws and flaw resolution within the system, component, or service and report findings to [Assignment: organization-defined personnel].";System and Services Acquisition (SA);;;aws;;PASS;GuardDuty detector c0cfc223468df81e40fec5257649bb70 enabled.;arn:aws:guardduty:ap-southeast-7:<SANDBOX_ACCOUNT_ID>:detector/c0cfc223468df81e40fec5257649bb70;guardduty_is_enabled;False;c0cfc223468df81e40fec5257649bb70;NIST-800-53-Revision-4;National Institute of Standards and Technology (NIST) 800-53 Revision 4;
aws;NIST 800-53 is a regulatory standard that defines the minimum baseline of security controls for all U.S. federal information systems except those related to national security. The controls defined in this standard are customizable and address a diverse set of security and privacy requirements.;<SANDBOX_ACCOUNT_ID>;ap-southeast-7;2026-08-29 00:18:02.370487;si_4_1;The organization connects and configures individual intrusion detection tools into an information system-wide intrusion detection system.;System and Information Integrity (SI);Information System Monitoring (SI-4);;guardduty;;PASS;GuardDuty detector c0cfc223468df81e40fec5257649bb70 enabled.;arn:aws:guardduty:ap-southeast-7:<SANDBOX_ACCOUNT_ID>:detector/c0cfc223468df81e40fec5257649bb70;guardduty_is_enabled;False;c0cfc223468df81e40fec5257649bb70;NIST-800-53-Revision-4;National Institute of Standards and Technology (NIST) 800-53 Revision 4;
aws;NIST 800-53 is a regulatory standard that defines the minimum baseline of security controls for all U.S. federal information systems except those related to national security. The controls defined in this standard are customizable and address a diverse set of security and privacy requirements.;<SANDBOX_ACCOUNT_ID>;ap-southeast-7;2026-08-29 00:18:02.370487;si_4_2;The organization employs automated tools to support near real-time analysis of events.;System and Information Integrity (SI);Information System Monitoring (SI-4);;aws;;PASS;GuardDuty detector c0cfc223468df81e40fec5257649bb70 enabled.;arn:aws:guardduty:ap-southeast-7:<SANDBOX_ACCOUNT_ID>:detector/c0cfc223468df81e40fec5257649bb70;guardduty_is_enabled;False;c0cfc223468df81e40fec5257649bb70;NIST-800-53-Revision-4;National Institute of Standards and Technology (NIST) 800-53 Revision 4;
aws;NIST 800-53 is a regulatory standard that defines the minimum baseline of security controls for all U.S. federal information systems except those related to national security. The controls defined in this standard are customizable and address a diverse set of security and privacy requirements.;<SANDBOX_ACCOUNT_ID>;ap-southeast-7;2026-08-29 00:18:02.370487;si_4_4;The information system monitors inbound and outbound communications traffic continuously for unusual or unauthorized activities or conditions.;System and Information Integrity (SI);Information System Monitoring (SI-4);;aws;;PASS;GuardDuty detector c0cfc223468df81e40fec5257649bb70 enabled.;arn:aws:guardduty:ap-southeast-7:<SANDBOX_ACCOUNT_ID>:detector/c0cfc223468df81e40fec5257649bb70;guardduty_is_enabled;False;c0cfc223468df81e40fec5257649bb70;NIST-800-53-Revision-4;National Institute of Standards and Technology (NIST) 800-53 Revision 4;
aws;NIST 800-53 is a regulatory standard that defines the minimum baseline of security controls for all U.S. federal information systems except those related to national security. The controls defined in this standard are customizable and address a diverse set of security and privacy requirements.;<SANDBOX_ACCOUNT_ID>;ap-southeast-7;2026-08-29 00:18:02.370487;si_4_5;The information system alerts organization-defined personnel or roles when the following indications of compromise or potential compromise occur: [Assignment: organization-defined compromise indicators].;System and Information Integrity (SI);Information System Monitoring (SI-4);;aws;;PASS;GuardDuty detector c0cfc223468df81e40fec5257649bb70 enabled.;arn:aws:guardduty:ap-southeast-7:<SANDBOX_ACCOUNT_ID>:detector/c0cfc223468df81e40fec5257649bb70;guardduty_is_enabled;False;c0cfc223468df81e40fec5257649bb70;NIST-800-53-Revision-4;National Institute of Standards and Technology (NIST) 800-53 Revision 4;
aws;NIST 800-53 is a regulatory standard that defines the minimum baseline of security controls for all U.S. federal information systems except those related to national security. The controls defined in this standard are customizable and address a diverse set of security and privacy requirements.;<SANDBOX_ACCOUNT_ID>;ap-southeast-7;2026-08-29 00:18:02.370487;si_4_16;The organization correlates information from monitoring tools employed throughout the information system.;System and Information Integrity (SI);Information System Monitoring (SI-4);;aws;;PASS;GuardDuty detector c0cfc223468df81e40fec5257649bb70 enabled.;arn:aws:guardduty:ap-southeast-7:<SANDBOX_ACCOUNT_ID>:detector/c0cfc223468df81e40fec5257649bb70;guardduty_is_enabled;False;c0cfc223468df81e40fec5257649bb70;NIST-800-53-Revision-4;National Institute of Standards and Technology (NIST) 800-53 Revision 4;
aws;NIST 800-53 is a regulatory standard that defines the minimum baseline of security controls for all U.S. federal information systems except those related to national security. The controls defined in this standard are customizable and address a diverse set of security and privacy requirements.;<SANDBOX_ACCOUNT_ID>;ap-southeast-7;2026-08-29 00:18:02.370487;si_4;"The organization: a.Monitors the information system to detect: 1. Attacks and indicators of potential attacks in accordance with [Assignment: organization-defined monitoring objectives]; and 2.Unauthorized local, network, and remote connections; b. Identifies unauthorized use of the information system through [Assignment: organization-defined techniques and methods]; c. Deploys monitoring devices: 1. Strategically within the information system to collect organization-determined essential information; and 2. At ad hoc locations within the system to track specific types of transactions of interest to the organization; d. Protects information obtained from intrusion-monitoring tools from unauthorized access, modification, and deletion; e. Heightens the level of information system monitoring activity whenever there is an indication of increased risk to organizational operations and assets, individuals, other organizations, or the Nation based on law enforcement information, intelligence information, or other credible sources of information; f. Obtains legal opinion with regard to information system monitoring activities in accordance with applicable federal laws, Executive Orders, directives, policies, or regulations; and g. Provides [Assignment: organization-defined information system monitoring information] to [Assignment: organization-defined personnel or roles] [Selection (one or more): as needed; [Assignment: organization-defined frequency]].";System and Information Integrity (SI);;;aws;;PASS;GuardDuty detector c0cfc223468df81e40fec5257649bb70 enabled.;arn:aws:guardduty:ap-southeast-7:<SANDBOX_ACCOUNT_ID>:detector/c0cfc223468df81e40fec5257649bb70;guardduty_is_enabled;False;c0cfc223468df81e40fec5257649bb70;NIST-800-53-Revision-4;National Institute of Standards and Technology (NIST) 800-53 Revision 4;
aws;NIST 800-53 is a regulatory standard that defines the minimum baseline of security controls for all U.S. federal information systems except those related to national security. The controls defined in this standard are customizable and address a diverse set of security and privacy requirements.;<SANDBOX_ACCOUNT_ID>;ap-southeast-7;2026-08-29 00:18:02.370487;ir_4_1;The organization employs automated mechanisms to support the incident handling process.;Incident Response (IR);Incident Handling (IR-4);;aws;;FAIL;GuardDuty detector c0cfc223468df81e40fec5257649bb70 has 162 high severity findings.;arn:aws:guardduty:ap-southeast-7:<SANDBOX_ACCOUNT_ID>:detector/c0cfc223468df81e40fec5257649bb70;guardduty_no_high_severity_findings;False;c0cfc223468df81e40fec5257649bb70;NIST-800-53-Revision-4;National Institute of Standards and Technology (NIST) 800-53 Revision 4;
aws;NIST 800-53 is a regulatory standard that defines the minimum baseline of security controls for all U.S. federal information systems except those related to national security. The controls defined in this standard are customizable and address a diverse set of security and privacy requirements.;<SANDBOX_ACCOUNT_ID>;ap-southeast-7;2026-08-29 00:18:02.370487;ir_6_1;The organization employs automated mechanisms to assist in the reporting of security incidents.;Incident Response (IR);Incident Reporting (IR-6);;guardduty;;FAIL;GuardDuty detector c0cfc223468df81e40fec5257649bb70 has 162 high severity findings.;arn:aws:guardduty:ap-southeast-7:<SANDBOX_ACCOUNT_ID>:detector/c0cfc223468df81e40fec5257649bb70;guardduty_no_high_severity_findings;False;c0cfc223468df81e40fec5257649bb70;NIST-800-53-Revision-4;National Institute of Standards and Technology (NIST) 800-53 Revision 4;
aws;NIST 800-53 is a regulatory standard that defines the minimum baseline of security controls for all U.S. federal information systems except those related to national security. The controls defined in this standard are customizable and address a diverse set of security and privacy requirements.;<SANDBOX_ACCOUNT_ID>;ap-southeast-7;2026-08-29 00:18:02.370487;ir_7_1;The organization employs automated mechanisms to increase the availability of incident response-related information and support.;Incident Response (IR);Incident Response Assistance (IR-7);;guardduty;;FAIL;GuardDuty detector c0cfc223468df81e40fec5257649bb70 has 162 high severity findings.;arn:aws:guardduty:ap-southeast-7:<SANDBOX_ACCOUNT_ID>:detector/c0cfc223468df81e40fec5257649bb70;guardduty_no_high_severity_findings;False;c0cfc223468df81e40fec5257649bb70;NIST-800-53-Revision-4;National Institute of Standards and Technology (NIST) 800-53 Revision 4;
aws;NIST 800-53 is a regulatory standard that defines the minimum baseline of security controls for all U.S. federal information systems except those related to national security. The controls defined in this standard are customizable and address a diverse set of security and privacy requirements.;<SANDBOX_ACCOUNT_ID>;ap-southeast-7;2026-08-29 00:18:02.370487;ra_5;Scan for system vulnerabilities. Share vulnerability information and security controls that eliminate vulnerabilities.;Risk Assessment (RA);;;guardduty;;FAIL;GuardDuty detector c0cfc223468df81e40fec5257649bb70 has 162 high severity findings.;arn:aws:guardduty:ap-southeast-7:<SANDBOX_ACCOUNT_ID>:detector/c0cfc223468df81e40fec5257649bb70;guardduty_no_high_severity_findings;False;c0cfc223468df81e40fec5257649bb70;NIST-800-53-Revision-4;National Institute of Standards and Technology (NIST) 800-53 Revision 4;
aws;NIST 800-53 is a regulatory standard that defines the minimum baseline of security controls for all U.S. federal information systems except those related to national security. The controls defined in this standard are customizable and address a diverse set of security and privacy requirements.;<SANDBOX_ACCOUNT_ID>;ap-southeast-7;2026-08-29 00:18:02.370487;sa_10;"The organization requires the developer of the information system, system component, or information system service to: a. Perform configuration management during system, component, or service [Selection (one or more): design; development; implementation; operation]; b. Document, manage, and control the integrity of changes to [Assignment: organization-defined configuration items under configuration management]; c. Implement only organization-approved changes to the system, component, or service; d. Document approved changes to the system, component, or service and the potential security impacts of such changes; and e. Track security flaws and flaw resolution within the system, component, or service and report findings to [Assignment: organization-defined personnel].";System and Services Acquisition (SA);;;aws;;FAIL;GuardDuty detector c0cfc223468df81e40fec5257649bb70 has 162 high severity findings.;arn:aws:guardduty:ap-southeast-7:<SANDBOX_ACCOUNT_ID>:detector/c0cfc223468df81e40fec5257649bb70;guardduty_no_high_severity_findings;False;c0cfc223468df81e40fec5257649bb70;NIST-800-53-Revision-4;National Institute of Standards and Technology (NIST) 800-53 Revision 4;
aws;NIST 800-53 is a regulatory standard that defines the minimum baseline of security controls for all U.S. federal information systems except those related to national security. The controls defined in this standard are customizable and address a diverse set of security and privacy requirements.;<SANDBOX_ACCOUNT_ID>;ap-southeast-7;2026-08-29 00:18:02.370487;si_4;"The organization: a.Monitors the information system to detect: 1. Attacks and indicators of potential attacks in accordance with [Assignment: organization-defined monitoring objectives]; and 2.Unauthorized local, network, and remote connections; b. Identifies unauthorized use of the information system through [Assignment: organization-defined techniques and methods]; c. Deploys monitoring devices: 1. Strategically within the information system to collect organization-determined essential information; and 2. At ad hoc locations within the system to track specific types of transactions of interest to the organization; d. Protects information obtained from intrusion-monitoring tools from unauthorized access, modification, and deletion; e. Heightens the level of information system monitoring activity whenever there is an indication of increased risk to organizational operations and assets, individuals, other organizations, or the Nation based on law enforcement information, intelligence information, or other credible sources of information; f. Obtains legal opinion with regard to information system monitoring activities in accordance with applicable federal laws, Executive Orders, directives, policies, or regulations; and g. Provides [Assignment: organization-defined information system monitoring information] to [Assignment: organization-defined personnel or roles] [Selection (one or more): as needed; [Assignment: organization-defined frequency]].";System and Information Integrity (SI);;;aws;;FAIL;GuardDuty detector c0cfc223468df81e40fec5257649bb70 has 162 high severity findings.;arn:aws:guardduty:ap-southeast-7:<SANDBOX_ACCOUNT_ID>:detector/c0cfc223468df81e40fec5257649bb70;guardduty_no_high_severity_findings;False;c0cfc223468df81e40fec5257649bb70;NIST-800-53-Revision-4;National Institute of Standards and Technology (NIST) 800-53 Revision 4;
aws;NIST 800-53 is a regulatory standard that defines the minimum baseline of security controls for all U.S. federal information systems except those related to national security. The controls defined in this standard are customizable and address a diverse set of security and privacy requirements.;<SANDBOX_ACCOUNT_ID>;ap-southeast-7;2026-08-29 00:18:02.370487;ac_2;Manage system accounts, group memberships, privileges, workflow, notifications, deactivations, and authorizations.;Access Control (AC);;;aws;;PASS;AWS policy AWSSSOServiceRolePolicy is attached but does not allow '*:*' administrative privileges.;arn:aws:iam::aws:policy/aws-service-role/AWSSSOServiceRolePolicy;iam_aws_attached_policy_no_administrative_privileges;False;AWSSSOServiceRolePolicy;NIST-800-53-Revision-4;National Institute of Standards and Technology (NIST) 800-53 Revision 4;
aws;NIST 800-53 is a regulatory standard that defines the minimum baseline of security controls for all U.S. federal information systems except those related to national security. The controls defined in this standard are customizable and address a diverse set of security and privacy requirements.;<SANDBOX_ACCOUNT_ID>;ap-southeast-7;2026-08-29 00:18:02.370487;ac_3;The information system enforces approved authorizations for logical access to information and system resources in accordance with applicable access control policies.;Access Control (AC);;;aws;;PASS;AWS policy AWSSSOServiceRolePolicy is attached but does not allow '*:*' administrative privileges.;arn:aws:iam::aws:policy/aws-service-role/AWSSSOServiceRolePolicy;iam_aws_attached_policy_no_administrative_privileges;False;AWSSSOServiceRolePolicy;NIST-800-53-Revision-4;National Institute of Standards and Technology (NIST) 800-53 Revision 4;
aws;NIST 800-53 is a regulatory standard that defines the minimum baseline of security controls for all U.S. federal information systems except those related to national security. The controls defined in this standard are customizable and address a diverse set of security and privacy requirements.;<SANDBOX_ACCOUNT_ID>;ap-southeast-7;2026-08-29 00:18:02.370487;ac_5;Separate duties of individuals to prevent malevolent activity. automate separation of duties and access authorizations.;Access Control (AC);;;aws;;PASS;AWS policy AWSSSOServiceRolePolicy is attached but does not allow '*:*' administrative privileges.;arn:aws:iam::aws:policy/aws-service-role/AWSSSOServiceRolePolicy;iam_aws_attached_policy_no_administrative_privileges;False;AWSSSOServiceRolePolicy;NIST-800-53-Revision-4;National Institute of Standards and Technology (NIST) 800-53 Revision 4;
aws;NIST 800-53 is a regulatory standard that defines the minimum baseline of security controls for all U.S. federal information systems except those related to national security. The controls defined in this standard are customizable and address a diverse set of security and privacy requirements.;<SANDBOX_ACCOUNT_ID>;ap-southeast-7;2026-08-29 00:18:02.370487;ac_6;The organization employs the principle of least privilege, allowing only authorized accesses for users (or processes acting on behalf of users) which are necessary to accomplish assigned tasks in accordance with organizational missions and business functions.;Access Control (AC);;;aws;;PASS;AWS policy AWSSSOServiceRolePolicy is attached but does not allow '*:*' administrative privileges.;arn:aws:iam::aws:policy/aws-service-role/AWSSSOServiceRolePolicy;iam_aws_attached_policy_no_administrative_privileges;False;AWSSSOServiceRolePolicy;NIST-800-53-Revision-4;National Institute of Standards and Technology (NIST) 800-53 Revision 4;
aws;NIST 800-53 is a regulatory standard that defines the minimum baseline of security controls for all U.S. federal information systems except those related to national security. The controls defined in this standard are customizable and address a diverse set of security and privacy requirements.;<SANDBOX_ACCOUNT_ID>;ap-southeast-7;2026-08-29 00:18:02.370487;sc_2;The information system separates user functionality (including user interface services) from information system management functionality.;System and Communications Protection (SC);;;iam;;PASS;AWS policy AWSSSOServiceRolePolicy is attached but does not allow '*:*' administrative privileges.;arn:aws:iam::aws:policy/aws-service-role/AWSSSOServiceRolePolicy;iam_aws_attached_policy_no_administrative_privileges;False;AWSSSOServiceRolePolicy;NIST-800-53-Revision-4;National Institute of Standards and Technology (NIST) 800-53 Revision 4;
aws;NIST 800-53 is a regulatory standard that defines the minimum baseline of security controls for all U.S. federal information systems except those related to national security. The controls defined in this standard are customizable and address a diverse set of security and privacy requirements.;<SANDBOX_ACCOUNT_ID>;ap-southeast-7;2026-08-29 00:18:02.370487;ac_2;Manage system accounts, group memberships, privileges, workflow, notifications, deactivations, and authorizations.;Access Control (AC);;;aws;;PASS;AWS policy AWSOrganizationsServiceTrustPolicy is attached but does not allow '*:*' administrative privileges.;arn:aws:iam::aws:policy/aws-service-role/AWSOrganizationsServiceTrustPolicy;iam_aws_attached_policy_no_administrative_privileges;False;AWSOrganizationsServiceTrustPolicy;NIST-800-53-Revision-4;National Institute of Standards and Technology (NIST) 800-53 Revision 4;
aws;NIST 800-53 is a regulatory standard that defines the minimum baseline of security controls for all U.S. federal information systems except those related to national security. The controls defined in this standard are customizable and address a diverse set of security and privacy requirements.;<SANDBOX_ACCOUNT_ID>;ap-southeast-7;2026-08-29 00:18:02.370487;ac_3;The information system enforces approved authorizations for logical access to information and system resources in accordance with applicable access control policies.;Access Control (AC);;;aws;;PASS;AWS policy AWSOrganizationsServiceTrustPolicy is attached but does not allow '*:*' administrative privileges.;arn:aws:iam::aws:policy/aws-service-role/AWSOrganizationsServiceTrustPolicy;iam_aws_attached_policy_no_administrative_privileges;False;AWSOrganizationsServiceTrustPolicy;NIST-800-53-Revision-4;National Institute of Standards and Technology (NIST) 800-53 Revision 4;
aws;NIST 800-53 is a regulatory standard that defines the minimum baseline of security controls for all U.S. federal information systems except those related to national security. The controls defined in this standard are customizable and address a diverse set of security and privacy requirements.;<SANDBOX_ACCOUNT_ID>;ap-southeast-7;2026-08-29 00:18:02.370487;ac_5;Separate duties of individuals to prevent malevolent activity. automate separation of duties and access authorizations.;Access Control (AC);;;aws;;PASS;AWS policy AWSOrganizationsServiceTrustPolicy is attached but does not allow '*:*' administrative privileges.;arn:aws:iam::aws:policy/aws-service-role/AWSOrganizationsServiceTrustPolicy;iam_aws_attached_policy_no_administrative_privileges;False;AWSOrganizationsServiceTrustPolicy;NIST-800-53-Revision-4;National Institute of Standards and Technology (NIST) 800-53 Revision 4;
aws;NIST 800-53 is a regulatory standard that defines the minimum baseline of security controls for all U.S. federal information systems except those related to national security. The controls defined in this standard are customizable and address a diverse set of security and privacy requirements.;<SANDBOX_ACCOUNT_ID>;ap-southeast-7;2026-08-29 00:18:02.370487;ac_6;The organization employs the principle of least privilege, allowing only authorized accesses for users (or processes acting on behalf of users) which are necessary to accomplish assigned tasks in accordance with organizational missions and business functions.;Access Control (AC);;;aws;;PASS;AWS policy AWSOrganizationsServiceTrustPolicy is attached but does not allow '*:*' administrative privileges.;arn:aws:iam::aws:policy/aws-service-role/AWSOrganizationsServiceTrustPolicy;iam_aws_attached_policy_no_administrative_privileges;False;AWSOrganizationsServiceTrustPolicy;NIST-800-53-Revision-4;National Institute of Standards and Technology (NIST) 800-53 Revision 4;
aws;NIST 800-53 is a regulatory standard that defines the minimum baseline of security controls for all U.S. federal information systems except those related to national security. The controls defined in this standard are customizable and address a diverse set of security and privacy requirements.;<SANDBOX_ACCOUNT_ID>;ap-southeast-7;2026-08-29 00:18:02.370487;sc_2;The information system separates user functionality (including user interface services) from information system management functionality.;System and Communications Protection (SC);;;iam;;PASS;AWS policy AWSOrganizationsServiceTrustPolicy is attached but does not allow '*:*' administrative privileges.;arn:aws:iam::aws:policy/aws-service-role/AWSOrganizationsServiceTrustPolicy;iam_aws_attached_policy_no_administrative_privileges;False;AWSOrganizationsServiceTrustPolicy;NIST-800-53-Revision-4;National Institute of Standards and Technology (NIST) 800-53 Revision 4;
aws;NIST 800-53 is a regulatory standard that defines the minimum baseline of security controls for all U.S. federal information systems except those related to national security. The controls defined in this standard are customizable and address a diverse set of security and privacy requirements.;<SANDBOX_ACCOUNT_ID>;ap-southeast-7;2026-08-29 00:18:02.370487;ac_2;Manage system accounts, group memberships, privileges, workflow, notifications, deactivations, and authorizations.;Access Control (AC);;;aws;;PASS;AWS policy AmazonGuardDutyServiceRolePolicy is attached but does not allow '*:*' administrative privileges.;arn:aws:iam::aws:policy/aws-service-role/AmazonGuardDutyServiceRolePolicy;iam_aws_attached_policy_no_administrative_privileges;False;AmazonGuardDutyServiceRolePolicy;NIST-800-53-Revision-4;National Institute of Standards and Technology (NIST) 800-53 Revision 4;
aws;NIST 800-53 is a regulatory standard that defines the minimum baseline of security controls for all U.S. federal information systems except those related to national security. The controls defined in this standard are customizable and address a diverse set of security and privacy requirements.;<SANDBOX_ACCOUNT_ID>;ap-southeast-7;2026-08-29 00:18:02.370487;ac_3;The information system enforces approved authorizations for logical access to information and system resources in accordance with applicable access control policies.;Access Control (AC);;;aws;;PASS;AWS policy AmazonGuardDutyServiceRolePolicy is attached but does not allow '*:*' administrative privileges.;arn:aws:iam::aws:policy/aws-service-role/AmazonGuardDutyServiceRolePolicy;iam_aws_attached_policy_no_administrative_privileges;False;AmazonGuardDutyServiceRolePolicy;NIST-800-53-Revision-4;National Institute of Standards and Technology (NIST) 800-53 Revision 4;
aws;NIST 800-53 is a regulatory standard that defines the minimum baseline of security controls for all U.S. federal information systems except those related to national security. The controls defined in this standard are customizable and address a diverse set of security and privacy requirements.;<SANDBOX_ACCOUNT_ID>;ap-southeast-7;2026-08-29 00:18:02.370487;ac_5;Separate duties of individuals to prevent malevolent activity. automate separation of duties and access authorizations.;Access Control (AC);;;aws;;PASS;AWS policy AmazonGuardDutyServiceRolePolicy is attached but does not allow '*:*' administrative privileges.;arn:aws:iam::aws:policy/aws-service-role/AmazonGuardDutyServiceRolePolicy;iam_aws_attached_policy_no_administrative_privileges;False;AmazonGuardDutyServiceRolePolicy;NIST-800-53-Revision-4;National Institute of Standards and Technology (NIST) 800-53 Revision 4;
aws;NIST 800-53 is a regulatory standard that defines the minimum baseline of security controls for all U.S. federal information systems except those related to national security. The controls defined in this standard are customizable and address a diverse set of security and privacy requirements.;<SANDBOX_ACCOUNT_ID>;ap-southeast-7;2026-08-29 00:18:02.370487;ac_6;The organization employs the principle of least privilege, allowing only authorized accesses for users (or processes acting on behalf of users) which are necessary to accomplish assigned tasks in accordance with organizational missions and business functions.;Access Control (AC);;;aws;;PASS;AWS policy AmazonGuardDutyServiceRolePolicy is attached but does not allow '*:*' administrative privileges.;arn:aws:iam::aws:policy/aws-service-role/AmazonGuardDutyServiceRolePolicy;iam_aws_attached_policy_no_administrative_privileges;False;AmazonGuardDutyServiceRolePolicy;NIST-800-53-Revision-4;National Institute of Standards and Technology (NIST) 800-53 Revision 4;
aws;NIST 800-53 is a regulatory standard that defines the minimum baseline of security controls for all U.S. federal information systems except those related to national security. The controls defined in this standard are customizable and address a diverse set of security and privacy requirements.;<SANDBOX_ACCOUNT_ID>;ap-southeast-7;2026-08-29 00:18:02.370487;sc_2;The information system separates user functionality (including user interface services) from information system management functionality.;System and Communications Protection (SC);;;iam;;PASS;AWS policy AmazonGuardDutyServiceRolePolicy is attached but does not allow '*:*' administrative privileges.;arn:aws:iam::aws:policy/aws-service-role/AmazonGuardDutyServiceRolePolicy;iam_aws_attached_policy_no_administrative_privileges;False;AmazonGuardDutyServiceRolePolicy;NIST-800-53-Revision-4;National Institute of Standards and Technology (NIST) 800-53 Revision 4;
aws;NIST 800-53 is a regulatory standard that defines the minimum baseline of security controls for all U.S. federal information systems except those related to national security. The controls defined in this standard are customizable and address a diverse set of security and privacy requirements.;<SANDBOX_ACCOUNT_ID>;ap-southeast-7;2026-08-29 00:18:02.370487;ac_2;Manage system accounts, group memberships, privileges, workflow, notifications, deactivations, and authorizations.;Access Control (AC);;;aws;;PASS;AWS policy AWSTrustedAdvisorServiceRolePolicy is attached but does not allow '*:*' administrative privileges.;arn:aws:iam::aws:policy/aws-service-role/AWSTrustedAdvisorServiceRolePolicy;iam_aws_attached_policy_no_administrative_privileges;False;AWSTrustedAdvisorServiceRolePolicy;NIST-800-53-Revision-4;National Institute of Standards and Technology (NIST) 800-53 Revision 4;
aws;NIST 800-53 is a regulatory standard that defines the minimum baseline of security controls for all U.S. federal information systems except those related to national security. The controls defined in this standard are customizable and address a diverse set of security and privacy requirements.;<SANDBOX_ACCOUNT_ID>;ap-southeast-7;2026-08-29 00:18:02.370487;ac_3;The information system enforces approved authorizations for logical access to information and system resources in accordance with applicable access control policies.;Access Control (AC);;;aws;;PASS;AWS policy AWSTrustedAdvisorServiceRolePolicy is attached but does not allow '*:*' administrative privileges.;arn:aws:iam::aws:policy/aws-service-role/AWSTrustedAdvisorServiceRolePolicy;iam_aws_attached_policy_no_administrative_privileges;False;AWSTrustedAdvisorServiceRolePolicy;NIST-800-53-Revision-4;National Institute of Standards and Technology (NIST) 800-53 Revision 4;
aws;NIST 800-53 is a regulatory standard that defines the minimum baseline of security controls for all U.S. federal information systems except those related to national security. The controls defined in this standard are customizable and address a diverse set of security and privacy requirements.;<SANDBOX_ACCOUNT_ID>;ap-southeast-7;2026-08-29 00:18:02.370487;ac_5;Separate duties of individuals to prevent malevolent activity. automate separation of duties and access authorizations.;Access Control (AC);;;aws;;PASS;AWS policy AWSTrustedAdvisorServiceRolePolicy is attached but does not allow '*:*' administrative privileges.;arn:aws:iam::aws:policy/aws-service-role/AWSTrustedAdvisorServiceRolePolicy;iam_aws_attached_policy_no_administrative_privileges;False;AWSTrustedAdvisorServiceRolePolicy;NIST-800-53-Revision-4;National Institute of Standards and Technology (NIST) 800-53 Revision 4;
aws;NIST 800-53 is a regulatory standard that defines the minimum baseline of security controls for all U.S. federal information systems except those related to national security. The controls defined in this standard are customizable and address a diverse set of security and privacy requirements.;<SANDBOX_ACCOUNT_ID>;ap-southeast-7;2026-08-29 00:18:02.370487;ac_6;The organization employs the principle of least privilege, allowing only authorized accesses for users (or processes acting on behalf of users) which are necessary to accomplish assigned tasks in accordance with organizational missions and business functions.;Access Control (AC);;;aws;;PASS;AWS policy AWSTrustedAdvisorServiceRolePolicy is attached but does not allow '*:*' administrative privileges.;arn:aws:iam::aws:policy/aws-service-role/AWSTrustedAdvisorServiceRolePolicy;iam_aws_attached_policy_no_administrative_privileges;False;AWSTrustedAdvisorServiceRolePolicy;NIST-800-53-Revision-4;National Institute of Standards and Technology (NIST) 800-53 Revision 4;
aws;NIST 800-53 is a regulatory standard that defines the minimum baseline of security controls for all U.S. federal information systems except those related to national security. The controls defined in this standard are customizable and address a diverse set of security and privacy requirements.;<SANDBOX_ACCOUNT_ID>;ap-southeast-7;2026-08-29 00:18:02.370487;sc_2;The information system separates user functionality (including user interface services) from information system management functionality.;System and Communications Protection (SC);;;iam;;PASS;AWS policy AWSTrustedAdvisorServiceRolePolicy is attached but does not allow '*:*' administrative privileges.;arn:aws:iam::aws:policy/aws-service-role/AWSTrustedAdvisorServiceRolePolicy;iam_aws_attached_policy_no_administrative_privileges;False;AWSTrustedAdvisorServiceRolePolicy;NIST-800-53-Revision-4;National Institute of Standards and Technology (NIST) 800-53 Revision 4;
aws;NIST 800-53 is a regulatory standard that defines the minimum baseline of security controls for all U.S. federal information systems except those related to national security. The controls defined in this standard are customizable and address a diverse set of security and privacy requirements.;<SANDBOX_ACCOUNT_ID>;ap-southeast-7;2026-08-29 00:18:02.370487;ac_2;Manage system accounts, group memberships, privileges, workflow, notifications, deactivations, and authorizations.;Access Control (AC);;;aws;;FAIL;AWS policy AdministratorAccess is attached and allows '*:*' administrative privileges.;arn:aws:iam::aws:policy/AdministratorAccess;iam_aws_attached_policy_no_administrative_privileges;False;AdministratorAccess;NIST-800-53-Revision-4;National Institute of Standards and Technology (NIST) 800-53 Revision 4;
aws;NIST 800-53 is a regulatory standard that defines the minimum baseline of security controls for all U.S. federal information systems except those related to national security. The controls defined in this standard are customizable and address a diverse set of security and privacy requirements.;<SANDBOX_ACCOUNT_ID>;ap-southeast-7;2026-08-29 00:18:02.370487;ac_3;The information system enforces approved authorizations for logical access to information and system resources in accordance with applicable access control policies.;Access Control (AC);;;aws;;FAIL;AWS policy AdministratorAccess is attached and allows '*:*' administrative privileges.;arn:aws:iam::aws:policy/AdministratorAccess;iam_aws_attached_policy_no_administrative_privileges;False;AdministratorAccess;NIST-800-53-Revision-4;National Institute of Standards and Technology (NIST) 800-53 Revision 4;
aws;NIST 800-53 is a regulatory standard that defines the minimum baseline of security controls for all U.S. federal information systems except those related to national security. The controls defined in this standard are customizable and address a diverse set of security and privacy requirements.;<SANDBOX_ACCOUNT_ID>;ap-southeast-7;2026-08-29 00:18:02.370487;ac_5;Separate duties of individuals to prevent malevolent activity. automate separation of duties and access authorizations.;Access Control (AC);;;aws;;FAIL;AWS policy AdministratorAccess is attached and allows '*:*' administrative privileges.;arn:aws:iam::aws:policy/AdministratorAccess;iam_aws_attached_policy_no_administrative_privileges;False;AdministratorAccess;NIST-800-53-Revision-4;National Institute of Standards and Technology (NIST) 800-53 Revision 4;
aws;NIST 800-53 is a regulatory standard that defines the minimum baseline of security controls for all U.S. federal information systems except those related to national security. The controls defined in this standard are customizable and address a diverse set of security and privacy requirements.;<SANDBOX_ACCOUNT_ID>;ap-southeast-7;2026-08-29 00:18:02.370487;ac_6;The organization employs the principle of least privilege, allowing only authorized accesses for users (or processes acting on behalf of users) which are necessary to accomplish assigned tasks in accordance with organizational missions and business functions.;Access Control (AC);;;aws;;FAIL;AWS policy AdministratorAccess is attached and allows '*:*' administrative privileges.;arn:aws:iam::aws:policy/AdministratorAccess;iam_aws_attached_policy_no_administrative_privileges;False;AdministratorAccess;NIST-800-53-Revision-4;National Institute of Standards and Technology (NIST) 800-53 Revision 4;
aws;NIST 800-53 is a regulatory standard that defines the minimum baseline of security controls for all U.S. federal information systems except those related to national security. The controls defined in this standard are customizable and address a diverse set of security and privacy requirements.;<SANDBOX_ACCOUNT_ID>;ap-southeast-7;2026-08-29 00:18:02.370487;sc_2;The information system separates user functionality (including user interface services) from information system management functionality.;System and Communications Protection (SC);;;iam;;FAIL;AWS policy AdministratorAccess is attached and allows '*:*' administrative privileges.;arn:aws:iam::aws:policy/AdministratorAccess;iam_aws_attached_policy_no_administrative_privileges;False;AdministratorAccess;NIST-800-53-Revision-4;National Institute of Standards and Technology (NIST) 800-53 Revision 4;
aws;NIST 800-53 is a regulatory standard that defines the minimum baseline of security controls for all U.S. federal information systems except those related to national security. The controls defined in this standard are customizable and address a diverse set of security and privacy requirements.;<SANDBOX_ACCOUNT_ID>;ap-southeast-7;2026-08-29 00:18:02.370487;ac_2;Manage system accounts, group memberships, privileges, workflow, notifications, deactivations, and authorizations.;Access Control (AC);;;aws;;PASS;AWS policy AWSSupportServiceRolePolicy is attached but does not allow '*:*' administrative privileges.;arn:aws:iam::aws:policy/aws-service-role/AWSSupportServiceRolePolicy;iam_aws_attached_policy_no_administrative_privileges;False;AWSSupportServiceRolePolicy;NIST-800-53-Revision-4;National Institute of Standards and Technology (NIST) 800-53 Revision 4;
aws;NIST 800-53 is a regulatory standard that defines the minimum baseline of security controls for all U.S. federal information systems except those related to national security. The controls defined in this standard are customizable and address a diverse set of security and privacy requirements.;<SANDBOX_ACCOUNT_ID>;ap-southeast-7;2026-08-29 00:18:02.370487;ac_3;The information system enforces approved authorizations for logical access to information and system resources in accordance with applicable access control policies.;Access Control (AC);;;aws;;PASS;AWS policy AWSSupportServiceRolePolicy is attached but does not allow '*:*' administrative privileges.;arn:aws:iam::aws:policy/aws-service-role/AWSSupportServiceRolePolicy;iam_aws_attached_policy_no_administrative_privileges;False;AWSSupportServiceRolePolicy;NIST-800-53-Revision-4;National Institute of Standards and Technology (NIST) 800-53 Revision 4;
aws;NIST 800-53 is a regulatory standard that defines the minimum baseline of security controls for all U.S. federal information systems except those related to national security. The controls defined in this standard are customizable and address a diverse set of security and privacy requirements.;<SANDBOX_ACCOUNT_ID>;ap-southeast-7;2026-08-29 00:18:02.370487;ac_5;Separate duties of individuals to prevent malevolent activity. automate separation of duties and access authorizations.;Access Control (AC);;;aws;;PASS;AWS policy AWSSupportServiceRolePolicy is attached but does not allow '*:*' administrative privileges.;arn:aws:iam::aws:policy/aws-service-role/AWSSupportServiceRolePolicy;iam_aws_attached_policy_no_administrative_privileges;False;AWSSupportServiceRolePolicy;NIST-800-53-Revision-4;National Institute of Standards and Technology (NIST) 800-53 Revision 4;
aws;NIST 800-53 is a regulatory standard that defines the minimum baseline of security controls for all U.S. federal information systems except those related to national security. The controls defined in this standard are customizable and address a diverse set of security and privacy requirements.;<SANDBOX_ACCOUNT_ID>;ap-southeast-7;2026-08-29 00:18:02.370487;ac_6;The organization employs the principle of least privilege, allowing only authorized accesses for users (or processes acting on behalf of users) which are necessary to accomplish assigned tasks in accordance with organizational missions and business functions.;Access Control (AC);;;aws;;PASS;AWS policy AWSSupportServiceRolePolicy is attached but does not allow '*:*' administrative privileges.;arn:aws:iam::aws:policy/aws-service-role/AWSSupportServiceRolePolicy;iam_aws_attached_policy_no_administrative_privileges;False;AWSSupportServiceRolePolicy;NIST-800-53-Revision-4;National Institute of Standards and Technology (NIST) 800-53 Revision 4;
aws;NIST 800-53 is a regulatory standard that defines the minimum baseline of security controls for all U.S. federal information systems except those related to national security. The controls defined in this standard are customizable and address a diverse set of security and privacy requirements.;<SANDBOX_ACCOUNT_ID>;ap-southeast-7;2026-08-29 00:18:02.370487;sc_2;The information system separates user functionality (including user interface services) from information system management functionality.;System and Communications Protection (SC);;;iam;;PASS;AWS policy AWSSupportServiceRolePolicy is attached but does not allow '*:*' administrative privileges.;arn:aws:iam::aws:policy/aws-service-role/AWSSupportServiceRolePolicy;iam_aws_attached_policy_no_administrative_privileges;False;AWSSupportServiceRolePolicy;NIST-800-53-Revision-4;National Institute of Standards and Technology (NIST) 800-53 Revision 4;
aws;NIST 800-53 is a regulatory standard that defines the minimum baseline of security controls for all U.S. federal information systems except those related to national security. The controls defined in this standard are customizable and address a diverse set of security and privacy requirements.;<SANDBOX_ACCOUNT_ID>;ap-southeast-7;2026-08-29 00:18:02.370487;ac_2;Manage system accounts, group memberships, privileges, workflow, notifications, deactivations, and authorizations.;Access Control (AC);;;aws;;PASS;AWS policy CloudTrailServiceRolePolicy is attached but does not allow '*:*' administrative privileges.;arn:aws:iam::aws:policy/aws-service-role/CloudTrailServiceRolePolicy;iam_aws_attached_policy_no_administrative_privileges;False;CloudTrailServiceRolePolicy;NIST-800-53-Revision-4;National Institute of Standards and Technology (NIST) 800-53 Revision 4;
aws;NIST 800-53 is a regulatory standard that defines the minimum baseline of security controls for all U.S. federal information systems except those related to national security. The controls defined in this standard are customizable and address a diverse set of security and privacy requirements.;<SANDBOX_ACCOUNT_ID>;ap-southeast-7;2026-08-29 00:18:02.370487;ac_3;The information system enforces approved authorizations for logical access to information and system resources in accordance with applicable access control policies.;Access Control (AC);;;aws;;PASS;AWS policy CloudTrailServiceRolePolicy is attached but does not allow '*:*' administrative privileges.;arn:aws:iam::aws:policy/aws-service-role/CloudTrailServiceRolePolicy;iam_aws_attached_policy_no_administrative_privileges;False;CloudTrailServiceRolePolicy;NIST-800-53-Revision-4;National Institute of Standards and Technology (NIST) 800-53 Revision 4;
aws;NIST 800-53 is a regulatory standard that defines the minimum baseline of security controls for all U.S. federal information systems except those related to national security. The controls defined in this standard are customizable and address a diverse set of security and privacy requirements.;<SANDBOX_ACCOUNT_ID>;ap-southeast-7;2026-08-29 00:18:02.370487;ac_5;Separate duties of individuals to prevent malevolent activity. automate separation of duties and access authorizations.;Access Control (AC);;;aws;;PASS;AWS policy CloudTrailServiceRolePolicy is attached but does not allow '*:*' administrative privileges.;arn:aws:iam::aws:policy/aws-service-role/CloudTrailServiceRolePolicy;iam_aws_attached_policy_no_administrative_privileges;False;CloudTrailServiceRolePolicy;NIST-800-53-Revision-4;National Institute of Standards and Technology (NIST) 800-53 Revision 4;
aws;NIST 800-53 is a regulatory standard that defines the minimum baseline of security controls for all U.S. federal information systems except those related to national security. The controls defined in this standard are customizable and address a diverse set of security and privacy requirements.;<SANDBOX_ACCOUNT_ID>;ap-southeast-7;2026-08-29 00:18:02.370487;ac_6;The organization employs the principle of least privilege, allowing only authorized accesses for users (or processes acting on behalf of users) which are necessary to accomplish assigned tasks in accordance with organizational missions and business functions.;Access Control (AC);;;aws;;PASS;AWS policy CloudTrailServiceRolePolicy is attached but does not allow '*:*' administrative privileges.;arn:aws:iam::aws:policy/aws-service-role/CloudTrailServiceRolePolicy;iam_aws_attached_policy_no_administrative_privileges;False;CloudTrailServiceRolePolicy;NIST-800-53-Revision-4;National Institute of Standards and Technology (NIST) 800-53 Revision 4;
aws;NIST 800-53 is a regulatory standard that defines the minimum baseline of security controls for all U.S. federal information systems except those related to national security. The controls defined in this standard are customizable and address a diverse set of security and privacy requirements.;<SANDBOX_ACCOUNT_ID>;ap-southeast-7;2026-08-29 00:18:02.370487;sc_2;The information system separates user functionality (including user interface services) from information system management functionality.;System and Communications Protection (SC);;;iam;;PASS;AWS policy CloudTrailServiceRolePolicy is attached but does not allow '*:*' administrative privileges.;arn:aws:iam::aws:policy/aws-service-role/CloudTrailServiceRolePolicy;iam_aws_attached_policy_no_administrative_privileges;False;CloudTrailServiceRolePolicy;NIST-800-53-Revision-4;National Institute of Standards and Technology (NIST) 800-53 Revision 4;
aws;NIST 800-53 is a regulatory standard that defines the minimum baseline of security controls for all U.S. federal information systems except those related to national security. The controls defined in this standard are customizable and address a diverse set of security and privacy requirements.;<SANDBOX_ACCOUNT_ID>;ap-southeast-7;2026-08-29 00:18:02.370487;ac_2;Manage system accounts, group memberships, privileges, workflow, notifications, deactivations, and authorizations.;Access Control (AC);;;aws;;PASS;AWS policy AWSResourceExplorerServiceRolePolicy is attached but does not allow '*:*' administrative privileges.;arn:aws:iam::aws:policy/aws-service-role/AWSResourceExplorerServiceRolePolicy;iam_aws_attached_policy_no_administrative_privileges;False;AWSResourceExplorerServiceRolePolicy;NIST-800-53-Revision-4;National Institute of Standards and Technology (NIST) 800-53 Revision 4;
aws;NIST 800-53 is a regulatory standard that defines the minimum baseline of security controls for all U.S. federal information systems except those related to national security. The controls defined in this standard are customizable and address a diverse set of security and privacy requirements.;<SANDBOX_ACCOUNT_ID>;ap-southeast-7;2026-08-29 00:18:02.370487;ac_3;The information system enforces approved authorizations for logical access to information and system resources in accordance with applicable access control policies.;Access Control (AC);;;aws;;PASS;AWS policy AWSResourceExplorerServiceRolePolicy is attached but does not allow '*:*' administrative privileges.;arn:aws:iam::aws:policy/aws-service-role/AWSResourceExplorerServiceRolePolicy;iam_aws_attached_policy_no_administrative_privileges;False;AWSResourceExplorerServiceRolePolicy;NIST-800-53-Revision-4;National Institute of Standards and Technology (NIST) 800-53 Revision 4;
aws;NIST 800-53 is a regulatory standard that defines the minimum baseline of security controls for all U.S. federal information systems except those related to national security. The controls defined in this standard are customizable and address a diverse set of security and privacy requirements.;<SANDBOX_ACCOUNT_ID>;ap-southeast-7;2026-08-29 00:18:02.370487;ac_5;Separate duties of individuals to prevent malevolent activity. automate separation of duties and access authorizations.;Access Control (AC);;;aws;;PASS;AWS policy AWSResourceExplorerServiceRolePolicy is attached but does not allow '*:*' administrative privileges.;arn:aws:iam::aws:policy/aws-service-role/AWSResourceExplorerServiceRolePolicy;iam_aws_attached_policy_no_administrative_privileges;False;AWSResourceExplorerServiceRolePolicy;NIST-800-53-Revision-4;National Institute of Standards and Technology (NIST) 800-53 Revision 4;
aws;NIST 800-53 is a regulatory standard that defines the minimum baseline of security controls for all U.S. federal information systems except those related to national security. The controls defined in this standard are customizable and address a diverse set of security and privacy requirements.;<SANDBOX_ACCOUNT_ID>;ap-southeast-7;2026-08-29 00:18:02.370487;ac_6;The organization employs the principle of least privilege, allowing only authorized accesses for users (or processes acting on behalf of users) which are necessary to accomplish assigned tasks in accordance with organizational missions and business functions.;Access Control (AC);;;aws;;PASS;AWS policy AWSResourceExplorerServiceRolePolicy is attached but does not allow '*:*' administrative privileges.;arn:aws:iam::aws:policy/aws-service-role/AWSResourceExplorerServiceRolePolicy;iam_aws_attached_policy_no_administrative_privileges;False;AWSResourceExplorerServiceRolePolicy;NIST-800-53-Revision-4;National Institute of Standards and Technology (NIST) 800-53 Revision 4;
aws;NIST 800-53 is a regulatory standard that defines the minimum baseline of security controls for all U.S. federal information systems except those related to national security. The controls defined in this standard are customizable and address a diverse set of security and privacy requirements.;<SANDBOX_ACCOUNT_ID>;ap-southeast-7;2026-08-29 00:18:02.370487;sc_2;The information system separates user functionality (including user interface services) from information system management functionality.;System and Communications Protection (SC);;;iam;;PASS;AWS policy AWSResourceExplorerServiceRolePolicy is attached but does not allow '*:*' administrative privileges.;arn:aws:iam::aws:policy/aws-service-role/AWSResourceExplorerServiceRolePolicy;iam_aws_attached_policy_no_administrative_privileges;False;AWSResourceExplorerServiceRolePolicy;NIST-800-53-Revision-4;National Institute of Standards and Technology (NIST) 800-53 Revision 4;
aws;NIST 800-53 is a regulatory standard that defines the minimum baseline of security controls for all U.S. federal information systems except those related to national security. The controls defined in this standard are customizable and address a diverse set of security and privacy requirements.;<SANDBOX_ACCOUNT_ID>;ap-southeast-7;2026-08-29 00:18:02.370487;ac_2;Manage system accounts, group memberships, privileges, workflow, notifications, deactivations, and authorizations.;Access Control (AC);;;aws;;PASS;Inline policy range-app-deploy-policy attached to role range-app-deploy-role does not allow '*:*' administrative privileges.;arn:aws:iam::<SANDBOX_ACCOUNT_ID>:role/range-app-deploy-role;iam_inline_policy_no_administrative_privileges;False;range-app-deploy-role/range-app-deploy-policy;NIST-800-53-Revision-4;National Institute of Standards and Technology (NIST) 800-53 Revision 4;
aws;NIST 800-53 is a regulatory standard that defines the minimum baseline of security controls for all U.S. federal information systems except those related to national security. The controls defined in this standard are customizable and address a diverse set of security and privacy requirements.;<SANDBOX_ACCOUNT_ID>;ap-southeast-7;2026-08-29 00:18:02.370487;ac_3;The information system enforces approved authorizations for logical access to information and system resources in accordance with applicable access control policies.;Access Control (AC);;;aws;;PASS;Inline policy range-app-deploy-policy attached to role range-app-deploy-role does not allow '*:*' administrative privileges.;arn:aws:iam::<SANDBOX_ACCOUNT_ID>:role/range-app-deploy-role;iam_inline_policy_no_administrative_privileges;False;range-app-deploy-role/range-app-deploy-policy;NIST-800-53-Revision-4;National Institute of Standards and Technology (NIST) 800-53 Revision 4;
aws;NIST 800-53 is a regulatory standard that defines the minimum baseline of security controls for all U.S. federal information systems except those related to national security. The controls defined in this standard are customizable and address a diverse set of security and privacy requirements.;<SANDBOX_ACCOUNT_ID>;ap-southeast-7;2026-08-29 00:18:02.370487;ac_5;Separate duties of individuals to prevent malevolent activity. automate separation of duties and access authorizations.;Access Control (AC);;;aws;;PASS;Inline policy range-app-deploy-policy attached to role range-app-deploy-role does not allow '*:*' administrative privileges.;arn:aws:iam::<SANDBOX_ACCOUNT_ID>:role/range-app-deploy-role;iam_inline_policy_no_administrative_privileges;False;range-app-deploy-role/range-app-deploy-policy;NIST-800-53-Revision-4;National Institute of Standards and Technology (NIST) 800-53 Revision 4;
aws;NIST 800-53 is a regulatory standard that defines the minimum baseline of security controls for all U.S. federal information systems except those related to national security. The controls defined in this standard are customizable and address a diverse set of security and privacy requirements.;<SANDBOX_ACCOUNT_ID>;ap-southeast-7;2026-08-29 00:18:02.370487;ac_6;The organization employs the principle of least privilege, allowing only authorized accesses for users (or processes acting on behalf of users) which are necessary to accomplish assigned tasks in accordance with organizational missions and business functions.;Access Control (AC);;;aws;;PASS;Inline policy range-app-deploy-policy attached to role range-app-deploy-role does not allow '*:*' administrative privileges.;arn:aws:iam::<SANDBOX_ACCOUNT_ID>:role/range-app-deploy-role;iam_inline_policy_no_administrative_privileges;False;range-app-deploy-role/range-app-deploy-policy;NIST-800-53-Revision-4;National Institute of Standards and Technology (NIST) 800-53 Revision 4;
aws;NIST 800-53 is a regulatory standard that defines the minimum baseline of security controls for all U.S. federal information systems except those related to national security. The controls defined in this standard are customizable and address a diverse set of security and privacy requirements.;<SANDBOX_ACCOUNT_ID>;ap-southeast-7;2026-08-29 00:18:02.370487;sc_2;The information system separates user functionality (including user interface services) from information system management functionality.;System and Communications Protection (SC);;;iam;;PASS;Inline policy range-app-deploy-policy attached to role range-app-deploy-role does not allow '*:*' administrative privileges.;arn:aws:iam::<SANDBOX_ACCOUNT_ID>:role/range-app-deploy-role;iam_inline_policy_no_administrative_privileges;False;range-app-deploy-role/range-app-deploy-policy;NIST-800-53-Revision-4;National Institute of Standards and Technology (NIST) 800-53 Revision 4;
aws;NIST 800-53 is a regulatory standard that defines the minimum baseline of security controls for all U.S. federal information systems except those related to national security. The controls defined in this standard are customizable and address a diverse set of security and privacy requirements.;<SANDBOX_ACCOUNT_ID>;ap-southeast-7;2026-08-29 00:18:02.370487;ac_2;Manage system accounts, group memberships, privileges, workflow, notifications, deactivations, and authorizations.;Access Control (AC);;;aws;;PASS;Inline policy range-cloudtrail-to-cwl attached to role range-cloudtrail-to-cwl does not allow '*:*' administrative privileges.;arn:aws:iam::<SANDBOX_ACCOUNT_ID>:role/range-cloudtrail-to-cwl;iam_inline_policy_no_administrative_privileges;False;range-cloudtrail-to-cwl/range-cloudtrail-to-cwl;NIST-800-53-Revision-4;National Institute of Standards and Technology (NIST) 800-53 Revision 4;
aws;NIST 800-53 is a regulatory standard that defines the minimum baseline of security controls for all U.S. federal information systems except those related to national security. The controls defined in this standard are customizable and address a diverse set of security and privacy requirements.;<SANDBOX_ACCOUNT_ID>;ap-southeast-7;2026-08-29 00:18:02.370487;ac_3;The information system enforces approved authorizations for logical access to information and system resources in accordance with applicable access control policies.;Access Control (AC);;;aws;;PASS;Inline policy range-cloudtrail-to-cwl attached to role range-cloudtrail-to-cwl does not allow '*:*' administrative privileges.;arn:aws:iam::<SANDBOX_ACCOUNT_ID>:role/range-cloudtrail-to-cwl;iam_inline_policy_no_administrative_privileges;False;range-cloudtrail-to-cwl/range-cloudtrail-to-cwl;NIST-800-53-Revision-4;National Institute of Standards and Technology (NIST) 800-53 Revision 4;
aws;NIST 800-53 is a regulatory standard that defines the minimum baseline of security controls for all U.S. federal information systems except those related to national security. The controls defined in this standard are customizable and address a diverse set of security and privacy requirements.;<SANDBOX_ACCOUNT_ID>;ap-southeast-7;2026-08-29 00:18:02.370487;ac_5;Separate duties of individuals to prevent malevolent activity. automate separation of duties and access authorizations.;Access Control (AC);;;aws;;PASS;Inline policy range-cloudtrail-to-cwl attached to role range-cloudtrail-to-cwl does not allow '*:*' administrative privileges.;arn:aws:iam::<SANDBOX_ACCOUNT_ID>:role/range-cloudtrail-to-cwl;iam_inline_policy_no_administrative_privileges;False;range-cloudtrail-to-cwl/range-cloudtrail-to-cwl;NIST-800-53-Revision-4;National Institute of Standards and Technology (NIST) 800-53 Revision 4;
aws;NIST 800-53 is a regulatory standard that defines the minimum baseline of security controls for all U.S. federal information systems except those related to national security. The controls defined in this standard are customizable and address a diverse set of security and privacy requirements.;<SANDBOX_ACCOUNT_ID>;ap-southeast-7;2026-08-29 00:18:02.370487;ac_6;The organization employs the principle of least privilege, allowing only authorized accesses for users (or processes acting on behalf of users) which are necessary to accomplish assigned tasks in accordance with organizational missions and business functions.;Access Control (AC);;;aws;;PASS;Inline policy range-cloudtrail-to-cwl attached to role range-cloudtrail-to-cwl does not allow '*:*' administrative privileges.;arn:aws:iam::<SANDBOX_ACCOUNT_ID>:role/range-cloudtrail-to-cwl;iam_inline_policy_no_administrative_privileges;False;range-cloudtrail-to-cwl/range-cloudtrail-to-cwl;NIST-800-53-Revision-4;National Institute of Standards and Technology (NIST) 800-53 Revision 4;
aws;NIST 800-53 is a regulatory standard that defines the minimum baseline of security controls for all U.S. federal information systems except those related to national security. The controls defined in this standard are customizable and address a diverse set of security and privacy requirements.;<SANDBOX_ACCOUNT_ID>;ap-southeast-7;2026-08-29 00:18:02.370487;sc_2;The information system separates user functionality (including user interface services) from information system management functionality.;System and Communications Protection (SC);;;iam;;PASS;Inline policy range-cloudtrail-to-cwl attached to role range-cloudtrail-to-cwl does not allow '*:*' administrative privileges.;arn:aws:iam::<SANDBOX_ACCOUNT_ID>:role/range-cloudtrail-to-cwl;iam_inline_policy_no_administrative_privileges;False;range-cloudtrail-to-cwl/range-cloudtrail-to-cwl;NIST-800-53-Revision-4;National Institute of Standards and Technology (NIST) 800-53 Revision 4;
aws;NIST 800-53 is a regulatory standard that defines the minimum baseline of security controls for all U.S. federal information systems except those related to national security. The controls defined in this standard are customizable and address a diverse set of security and privacy requirements.;<SANDBOX_ACCOUNT_ID>;ap-southeast-7;2026-08-29 00:18:02.370487;ac_2;Manage system accounts, group memberships, privileges, workflow, notifications, deactivations, and authorizations.;Access Control (AC);;;aws;;PASS;Inline policy range-responder attached to role range-responder does not allow '*:*' administrative privileges.;arn:aws:iam::<SANDBOX_ACCOUNT_ID>:role/range-responder;iam_inline_policy_no_administrative_privileges;False;range-responder/range-responder;NIST-800-53-Revision-4;National Institute of Standards and Technology (NIST) 800-53 Revision 4;
aws;NIST 800-53 is a regulatory standard that defines the minimum baseline of security controls for all U.S. federal information systems except those related to national security. The controls defined in this standard are customizable and address a diverse set of security and privacy requirements.;<SANDBOX_ACCOUNT_ID>;ap-southeast-7;2026-08-29 00:18:02.370487;ac_3;The information system enforces approved authorizations for logical access to information and system resources in accordance with applicable access control policies.;Access Control (AC);;;aws;;PASS;Inline policy range-responder attached to role range-responder does not allow '*:*' administrative privileges.;arn:aws:iam::<SANDBOX_ACCOUNT_ID>:role/range-responder;iam_inline_policy_no_administrative_privileges;False;range-responder/range-responder;NIST-800-53-Revision-4;National Institute of Standards and Technology (NIST) 800-53 Revision 4;
aws;NIST 800-53 is a regulatory standard that defines the minimum baseline of security controls for all U.S. federal information systems except those related to national security. The controls defined in this standard are customizable and address a diverse set of security and privacy requirements.;<SANDBOX_ACCOUNT_ID>;ap-southeast-7;2026-08-29 00:18:02.370487;ac_5;Separate duties of individuals to prevent malevolent activity. automate separation of duties and access authorizations.;Access Control (AC);;;aws;;PASS;Inline policy range-responder attached to role range-responder does not allow '*:*' administrative privileges.;arn:aws:iam::<SANDBOX_ACCOUNT_ID>:role/range-responder;iam_inline_policy_no_administrative_privileges;False;range-responder/range-responder;NIST-800-53-Revision-4;National Institute of Standards and Technology (NIST) 800-53 Revision 4;
aws;NIST 800-53 is a regulatory standard that defines the minimum baseline of security controls for all U.S. federal information systems except those related to national security. The controls defined in this standard are customizable and address a diverse set of security and privacy requirements.;<SANDBOX_ACCOUNT_ID>;ap-southeast-7;2026-08-29 00:18:02.370487;ac_6;The organization employs the principle of least privilege, allowing only authorized accesses for users (or processes acting on behalf of users) which are necessary to accomplish assigned tasks in accordance with organizational missions and business functions.;Access Control (AC);;;aws;;PASS;Inline policy range-responder attached to role range-responder does not allow '*:*' administrative privileges.;arn:aws:iam::<SANDBOX_ACCOUNT_ID>:role/range-responder;iam_inline_policy_no_administrative_privileges;False;range-responder/range-responder;NIST-800-53-Revision-4;National Institute of Standards and Technology (NIST) 800-53 Revision 4;
aws;NIST 800-53 is a regulatory standard that defines the minimum baseline of security controls for all U.S. federal information systems except those related to national security. The controls defined in this standard are customizable and address a diverse set of security and privacy requirements.;<SANDBOX_ACCOUNT_ID>;ap-southeast-7;2026-08-29 00:18:02.370487;sc_2;The information system separates user functionality (including user interface services) from information system management functionality.;System and Communications Protection (SC);;;iam;;PASS;Inline policy range-responder attached to role range-responder does not allow '*:*' administrative privileges.;arn:aws:iam::<SANDBOX_ACCOUNT_ID>:role/range-responder;iam_inline_policy_no_administrative_privileges;False;range-responder/range-responder;NIST-800-53-Revision-4;National Institute of Standards and Technology (NIST) 800-53 Revision 4;
aws;NIST 800-53 is a regulatory standard that defines the minimum baseline of security controls for all U.S. federal information systems except those related to national security. The controls defined in this standard are customizable and address a diverse set of security and privacy requirements.;<SANDBOX_ACCOUNT_ID>;ap-southeast-7;2026-08-29 00:18:02.370487;ac_6;The organization employs the principle of least privilege, allowing only authorized accesses for users (or processes acting on behalf of users) which are necessary to accomplish assigned tasks in accordance with organizational missions and business functions.;Access Control (AC);;;aws;;PASS;Inline policy range-app-deploy-policy attached to role range-app-deploy-role does not allow 'aws-marketplace:Subscribe' on all resources.;arn:aws:iam::<SANDBOX_ACCOUNT_ID>:role/range-app-deploy-role;iam_inline_policy_no_wildcard_marketplace_subscribe;False;range-app-deploy-role/range-app-deploy-policy;NIST-800-53-Revision-4;National Institute of Standards and Technology (NIST) 800-53 Revision 4;
aws;NIST 800-53 is a regulatory standard that defines the minimum baseline of security controls for all U.S. federal information systems except those related to national security. The controls defined in this standard are customizable and address a diverse set of security and privacy requirements.;<SANDBOX_ACCOUNT_ID>;ap-southeast-7;2026-08-29 00:18:02.370487;ac_6;The organization employs the principle of least privilege, allowing only authorized accesses for users (or processes acting on behalf of users) which are necessary to accomplish assigned tasks in accordance with organizational missions and business functions.;Access Control (AC);;;aws;;PASS;Inline policy range-cloudtrail-to-cwl attached to role range-cloudtrail-to-cwl does not allow 'aws-marketplace:Subscribe' on all resources.;arn:aws:iam::<SANDBOX_ACCOUNT_ID>:role/range-cloudtrail-to-cwl;iam_inline_policy_no_wildcard_marketplace_subscribe;False;range-cloudtrail-to-cwl/range-cloudtrail-to-cwl;NIST-800-53-Revision-4;National Institute of Standards and Technology (NIST) 800-53 Revision 4;
aws;NIST 800-53 is a regulatory standard that defines the minimum baseline of security controls for all U.S. federal information systems except those related to national security. The controls defined in this standard are customizable and address a diverse set of security and privacy requirements.;<SANDBOX_ACCOUNT_ID>;ap-southeast-7;2026-08-29 00:18:02.370487;ac_6;The organization employs the principle of least privilege, allowing only authorized accesses for users (or processes acting on behalf of users) which are necessary to accomplish assigned tasks in accordance with organizational missions and business functions.;Access Control (AC);;;aws;;PASS;Inline policy range-responder attached to role range-responder does not allow 'aws-marketplace:Subscribe' on all resources.;arn:aws:iam::<SANDBOX_ACCOUNT_ID>:role/range-responder;iam_inline_policy_no_wildcard_marketplace_subscribe;False;range-responder/range-responder;NIST-800-53-Revision-4;National Institute of Standards and Technology (NIST) 800-53 Revision 4;
aws;NIST 800-53 is a regulatory standard that defines the minimum baseline of security controls for all U.S. federal information systems except those related to national security. The controls defined in this standard are customizable and address a diverse set of security and privacy requirements.;<SANDBOX_ACCOUNT_ID>;ap-southeast-7;2026-08-29 00:18:02.370487;ac_2;Manage system accounts, group memberships, privileges, workflow, notifications, deactivations, and authorizations.;Access Control (AC);;;aws;;PASS;Root account does not have access keys.;arn:aws:iam::<SANDBOX_ACCOUNT_ID>:root;iam_no_root_access_key;False;<root_account>;NIST-800-53-Revision-4;National Institute of Standards and Technology (NIST) 800-53 Revision 4;
aws;NIST 800-53 is a regulatory standard that defines the minimum baseline of security controls for all U.S. federal information systems except those related to national security. The controls defined in this standard are customizable and address a diverse set of security and privacy requirements.;<SANDBOX_ACCOUNT_ID>;ap-southeast-7;2026-08-29 00:18:02.370487;ac_3;The information system enforces approved authorizations for logical access to information and system resources in accordance with applicable access control policies.;Access Control (AC);;;aws;;PASS;Root account does not have access keys.;arn:aws:iam::<SANDBOX_ACCOUNT_ID>:root;iam_no_root_access_key;False;<root_account>;NIST-800-53-Revision-4;National Institute of Standards and Technology (NIST) 800-53 Revision 4;
aws;NIST 800-53 is a regulatory standard that defines the minimum baseline of security controls for all U.S. federal information systems except those related to national security. The controls defined in this standard are customizable and address a diverse set of security and privacy requirements.;<SANDBOX_ACCOUNT_ID>;ap-southeast-7;2026-08-29 00:18:02.370487;ac_6_10;The information system prevents non-privileged users from executing privileged functions to include disabling, circumventing, or altering implemented security safeguards/countermeasures.;Access Control (AC);Least Privilege (AC-6);;iam;;PASS;Root account does not have access keys.;arn:aws:iam::<SANDBOX_ACCOUNT_ID>:root;iam_no_root_access_key;False;<root_account>;NIST-800-53-Revision-4;National Institute of Standards and Technology (NIST) 800-53 Revision 4;
aws;NIST 800-53 is a regulatory standard that defines the minimum baseline of security controls for all U.S. federal information systems except those related to national security. The controls defined in this standard are customizable and address a diverse set of security and privacy requirements.;<SANDBOX_ACCOUNT_ID>;ap-southeast-7;2026-08-29 00:18:02.370487;ac_6;The organization employs the principle of least privilege, allowing only authorized accesses for users (or processes acting on behalf of users) which are necessary to accomplish assigned tasks in accordance with organizational missions and business functions.;Access Control (AC);;;aws;;PASS;Root account does not have access keys.;arn:aws:iam::<SANDBOX_ACCOUNT_ID>:root;iam_no_root_access_key;False;<root_account>;NIST-800-53-Revision-4;National Institute of Standards and Technology (NIST) 800-53 Revision 4;
aws;NIST 800-53 is a regulatory standard that defines the minimum baseline of security controls for all U.S. federal information systems except those related to national security. The controls defined in this standard are customizable and address a diverse set of security and privacy requirements.;<SANDBOX_ACCOUNT_ID>;ap-southeast-7;2026-08-29 00:18:02.370487;ac_2_1;Access control policies (e.g., identity or role-based policies, control matrices, and cryptography) control access between active entities or subjects (i.e., users or processes acting on behalf of users) and passive entities or objects (e.g., devices, files, records, and domains) in systems. Access enforcement mechanisms can be employed at the application and service level to provide increased information security. Other systems include systems internal and external to the organization. This requirement focuses on account management for systems and applications. The definition of and enforcement of access authorizations, other than those determined by account type (e.g., privileged verses non-privileged) are addressed in requirement 3.1.2.;Access Control (AC);Account Management (AC-2);;aws;;FAIL;IAM password policy reuse prevention is less than 24 or not set.;arn:aws:iam:ap-southeast-7:<SANDBOX_ACCOUNT_ID>:password-policy;iam_password_policy_reuse_24;False;<SANDBOX_ACCOUNT_ID>;NIST-800-53-Revision-4;National Institute of Standards and Technology (NIST) 800-53 Revision 4;
aws;NIST 800-53 is a regulatory standard that defines the minimum baseline of security controls for all U.S. federal information systems except those related to national security. The controls defined in this standard are customizable and address a diverse set of security and privacy requirements.;<SANDBOX_ACCOUNT_ID>;ap-southeast-7;2026-08-29 00:18:02.370487;ac_2;Manage system accounts, group memberships, privileges, workflow, notifications, deactivations, and authorizations.;Access Control (AC);;;aws;;FAIL;IAM password policy reuse prevention is less than 24 or not set.;arn:aws:iam:ap-southeast-7:<SANDBOX_ACCOUNT_ID>:password-policy;iam_password_policy_reuse_24;False;<SANDBOX_ACCOUNT_ID>;NIST-800-53-Revision-4;National Institute of Standards and Technology (NIST) 800-53 Revision 4;
aws;NIST 800-53 is a regulatory standard that defines the minimum baseline of security controls for all U.S. federal information systems except those related to national security. The controls defined in this standard are customizable and address a diverse set of security and privacy requirements.;<SANDBOX_ACCOUNT_ID>;ap-southeast-7;2026-08-29 00:18:02.370487;ia_2;The information system uniquely identifies and authenticates organizational users (or processes acting on behalf of organizational users).;Identification and Authentication (IA);;;aws;;FAIL;IAM password policy reuse prevention is less than 24 or not set.;arn:aws:iam:ap-southeast-7:<SANDBOX_ACCOUNT_ID>:password-policy;iam_password_policy_reuse_24;False;<SANDBOX_ACCOUNT_ID>;NIST-800-53-Revision-4;National Institute of Standards and Technology (NIST) 800-53 Revision 4;
aws;NIST 800-53 is a regulatory standard that defines the minimum baseline of security controls for all U.S. federal information systems except those related to national security. The controls defined in this standard are customizable and address a diverse set of security and privacy requirements.;<SANDBOX_ACCOUNT_ID>;ap-southeast-7;2026-08-29 00:18:02.370487;ia_5_1;The information system, for password-based authentication that enforces minimum password complexity, stores and transmits only cryptographically-protected passwords, enforces password minimum and maximum lifetime restrictions, prohibits password reuse, allows the use of a temporary password for system logons with an immediate change to a permanent password etc.;Identification and Authentication (IA);Authenticator Management (IA-5);;iam;;FAIL;IAM password policy reuse prevention is less than 24 or not set.;arn:aws:iam:ap-southeast-7:<SANDBOX_ACCOUNT_ID>:password-policy;iam_password_policy_reuse_24;False;<SANDBOX_ACCOUNT_ID>;NIST-800-53-Revision-4;National Institute of Standards and Technology (NIST) 800-53 Revision 4;
aws;NIST 800-53 is a regulatory standard that defines the minimum baseline of security controls for all U.S. federal information systems except those related to national security. The controls defined in this standard are customizable and address a diverse set of security and privacy requirements.;<SANDBOX_ACCOUNT_ID>;ap-southeast-7;2026-08-29 00:18:02.370487;ia_5_4;The organization employs automated tools to determine if password authenticators are sufficiently strong to satisfy [Assignment: organization-defined requirements].;Identification and Authentication (IA);Authenticator Management (IA-5);;iam;;FAIL;IAM password policy reuse prevention is less than 24 or not set.;arn:aws:iam:ap-southeast-7:<SANDBOX_ACCOUNT_ID>:password-policy;iam_password_policy_reuse_24;False;<SANDBOX_ACCOUNT_ID>;NIST-800-53-Revision-4;National Institute of Standards and Technology (NIST) 800-53 Revision 4;
aws;NIST 800-53 is a regulatory standard that defines the minimum baseline of security controls for all U.S. federal information systems except those related to national security. The controls defined in this standard are customizable and address a diverse set of security and privacy requirements.;<SANDBOX_ACCOUNT_ID>;ap-southeast-7;2026-08-29 00:18:02.370487;ac_2_1;Access control policies (e.g., identity or role-based policies, control matrices, and cryptography) control access between active entities or subjects (i.e., users or processes acting on behalf of users) and passive entities or objects (e.g., devices, files, records, and domains) in systems. Access enforcement mechanisms can be employed at the application and service level to provide increased information security. Other systems include systems internal and external to the organization. This requirement focuses on account management for systems and applications. The definition of and enforcement of access authorizations, other than those determined by account type (e.g., privileged verses non-privileged) are addressed in requirement 3.1.2.;Access Control (AC);Account Management (AC-2);;aws;;PASS;IAM Role AWSReservedSSO_AdministratorAccess_8c8dbb6dc8164670 accessed Bedrock 9 days ago (threshold: 60 days).;arn:aws:iam::<SANDBOX_ACCOUNT_ID>:role/aws-reserved/sso.amazonaws.com/ap-southeast-1/AWSReservedSSO_AdministratorAccess_8c8dbb6dc8164670;iam_role_access_not_stale_to_bedrock;False;AWSReservedSSO_AdministratorAccess_8c8dbb6dc8164670;NIST-800-53-Revision-4;National Institute of Standards and Technology (NIST) 800-53 Revision 4;
aws;NIST 800-53 is a regulatory standard that defines the minimum baseline of security controls for all U.S. federal information systems except those related to national security. The controls defined in this standard are customizable and address a diverse set of security and privacy requirements.;<SANDBOX_ACCOUNT_ID>;ap-southeast-7;2026-08-29 00:18:02.370487;ac_2_3;The information system automatically disables inactive accounts after 90 days for user accounts.;Access Control (AC);Account Management (AC-2);;aws;;PASS;IAM Role AWSReservedSSO_AdministratorAccess_8c8dbb6dc8164670 accessed Bedrock 9 days ago (threshold: 60 days).;arn:aws:iam::<SANDBOX_ACCOUNT_ID>:role/aws-reserved/sso.amazonaws.com/ap-southeast-1/AWSReservedSSO_AdministratorAccess_8c8dbb6dc8164670;iam_role_access_not_stale_to_bedrock;False;AWSReservedSSO_AdministratorAccess_8c8dbb6dc8164670;NIST-800-53-Revision-4;National Institute of Standards and Technology (NIST) 800-53 Revision 4;
aws;NIST 800-53 is a regulatory standard that defines the minimum baseline of security controls for all U.S. federal information systems except those related to national security. The controls defined in this standard are customizable and address a diverse set of security and privacy requirements.;<SANDBOX_ACCOUNT_ID>;ap-southeast-7;2026-08-29 00:18:02.370487;ac_2;Manage system accounts, group memberships, privileges, workflow, notifications, deactivations, and authorizations.;Access Control (AC);;;aws;;PASS;IAM Role AWSReservedSSO_AdministratorAccess_8c8dbb6dc8164670 accessed Bedrock 9 days ago (threshold: 60 days).;arn:aws:iam::<SANDBOX_ACCOUNT_ID>:role/aws-reserved/sso.amazonaws.com/ap-southeast-1/AWSReservedSSO_AdministratorAccess_8c8dbb6dc8164670;iam_role_access_not_stale_to_bedrock;False;AWSReservedSSO_AdministratorAccess_8c8dbb6dc8164670;NIST-800-53-Revision-4;National Institute of Standards and Technology (NIST) 800-53 Revision 4;
aws;NIST 800-53 is a regulatory standard that defines the minimum baseline of security controls for all U.S. federal information systems except those related to national security. The controls defined in this standard are customizable and address a diverse set of security and privacy requirements.;<SANDBOX_ACCOUNT_ID>;ap-southeast-7;2026-08-29 00:18:02.370487;ac_6;The organization employs the principle of least privilege, allowing only authorized accesses for users (or processes acting on behalf of users) which are necessary to accomplish assigned tasks in accordance with organizational missions and business functions.;Access Control (AC);;;aws;;PASS;IAM Role AWSReservedSSO_AdministratorAccess_8c8dbb6dc8164670 accessed Bedrock 9 days ago (threshold: 60 days).;arn:aws:iam::<SANDBOX_ACCOUNT_ID>:role/aws-reserved/sso.amazonaws.com/ap-southeast-1/AWSReservedSSO_AdministratorAccess_8c8dbb6dc8164670;iam_role_access_not_stale_to_bedrock;False;AWSReservedSSO_AdministratorAccess_8c8dbb6dc8164670;NIST-800-53-Revision-4;National Institute of Standards and Technology (NIST) 800-53 Revision 4;
aws;NIST 800-53 is a regulatory standard that defines the minimum baseline of security controls for all U.S. federal information systems except those related to national security. The controls defined in this standard are customizable and address a diverse set of security and privacy requirements.;<SANDBOX_ACCOUNT_ID>;ap-southeast-7;2026-08-29 00:18:02.370487;ac_2_1;Access control policies (e.g., identity or role-based policies, control matrices, and cryptography) control access between active entities or subjects (i.e., users or processes acting on behalf of users) and passive entities or objects (e.g., devices, files, records, and domains) in systems. Access enforcement mechanisms can be employed at the application and service level to provide increased information security. Other systems include systems internal and external to the organization. This requirement focuses on account management for systems and applications. The definition of and enforcement of access authorizations, other than those determined by account type (e.g., privileged verses non-privileged) are addressed in requirement 3.1.2.;Access Control (AC);Account Management (AC-2);;aws;;PASS;IAM Role AWSServiceRoleForResourceExplorer accessed Bedrock 1 days ago (threshold: 60 days).;arn:aws:iam::<SANDBOX_ACCOUNT_ID>:role/aws-service-role/resource-explorer-2.amazonaws.com/AWSServiceRoleForResourceExplorer;iam_role_access_not_stale_to_bedrock;False;AWSServiceRoleForResourceExplorer;NIST-800-53-Revision-4;National Institute of Standards and Technology (NIST) 800-53 Revision 4;
aws;NIST 800-53 is a regulatory standard that defines the minimum baseline of security controls for all U.S. federal information systems except those related to national security. The controls defined in this standard are customizable and address a diverse set of security and privacy requirements.;<SANDBOX_ACCOUNT_ID>;ap-southeast-7;2026-08-29 00:18:02.370487;ac_2_3;The information system automatically disables inactive accounts after 90 days for user accounts.;Access Control (AC);Account Management (AC-2);;aws;;PASS;IAM Role AWSServiceRoleForResourceExplorer accessed Bedrock 1 days ago (threshold: 60 days).;arn:aws:iam::<SANDBOX_ACCOUNT_ID>:role/aws-service-role/resource-explorer-2.amazonaws.com/AWSServiceRoleForResourceExplorer;iam_role_access_not_stale_to_bedrock;False;AWSServiceRoleForResourceExplorer;NIST-800-53-Revision-4;National Institute of Standards and Technology (NIST) 800-53 Revision 4;
aws;NIST 800-53 is a regulatory standard that defines the minimum baseline of security controls for all U.S. federal information systems except those related to national security. The controls defined in this standard are customizable and address a diverse set of security and privacy requirements.;<SANDBOX_ACCOUNT_ID>;ap-southeast-7;2026-08-29 00:18:02.370487;ac_2;Manage system accounts, group memberships, privileges, workflow, notifications, deactivations, and authorizations.;Access Control (AC);;;aws;;PASS;IAM Role AWSServiceRoleForResourceExplorer accessed Bedrock 1 days ago (threshold: 60 days).;arn:aws:iam::<SANDBOX_ACCOUNT_ID>:role/aws-service-role/resource-explorer-2.amazonaws.com/AWSServiceRoleForResourceExplorer;iam_role_access_not_stale_to_bedrock;False;AWSServiceRoleForResourceExplorer;NIST-800-53-Revision-4;National Institute of Standards and Technology (NIST) 800-53 Revision 4;
aws;NIST 800-53 is a regulatory standard that defines the minimum baseline of security controls for all U.S. federal information systems except those related to national security. The controls defined in this standard are customizable and address a diverse set of security and privacy requirements.;<SANDBOX_ACCOUNT_ID>;ap-southeast-7;2026-08-29 00:18:02.370487;ac_6;The organization employs the principle of least privilege, allowing only authorized accesses for users (or processes acting on behalf of users) which are necessary to accomplish assigned tasks in accordance with organizational missions and business functions.;Access Control (AC);;;aws;;PASS;IAM Role AWSServiceRoleForResourceExplorer accessed Bedrock 1 days ago (threshold: 60 days).;arn:aws:iam::<SANDBOX_ACCOUNT_ID>:role/aws-service-role/resource-explorer-2.amazonaws.com/AWSServiceRoleForResourceExplorer;iam_role_access_not_stale_to_bedrock;False;AWSServiceRoleForResourceExplorer;NIST-800-53-Revision-4;National Institute of Standards and Technology (NIST) 800-53 Revision 4;
aws;NIST 800-53 is a regulatory standard that defines the minimum baseline of security controls for all U.S. federal information systems except those related to national security. The controls defined in this standard are customizable and address a diverse set of security and privacy requirements.;<SANDBOX_ACCOUNT_ID>;ap-southeast-7;2026-08-29 00:18:02.370487;ac_2_1;Access control policies (e.g., identity or role-based policies, control matrices, and cryptography) control access between active entities or subjects (i.e., users or processes acting on behalf of users) and passive entities or objects (e.g., devices, files, records, and domains) in systems. Access enforcement mechanisms can be employed at the application and service level to provide increased information security. Other systems include systems internal and external to the organization. This requirement focuses on account management for systems and applications. The definition of and enforcement of access authorizations, other than those determined by account type (e.g., privileged verses non-privileged) are addressed in requirement 3.1.2.;Access Control (AC);Account Management (AC-2);;aws;;FAIL;IAM Role AWSServiceRoleForSupport has Bedrock permissions but has never used them.;arn:aws:iam::<SANDBOX_ACCOUNT_ID>:role/aws-service-role/support.amazonaws.com/AWSServiceRoleForSupport;iam_role_access_not_stale_to_bedrock;False;AWSServiceRoleForSupport;NIST-800-53-Revision-4;National Institute of Standards and Technology (NIST) 800-53 Revision 4;
aws;NIST 800-53 is a regulatory standard that defines the minimum baseline of security controls for all U.S. federal information systems except those related to national security. The controls defined in this standard are customizable and address a diverse set of security and privacy requirements.;<SANDBOX_ACCOUNT_ID>;ap-southeast-7;2026-08-29 00:18:02.370487;ac_2_3;The information system automatically disables inactive accounts after 90 days for user accounts.;Access Control (AC);Account Management (AC-2);;aws;;FAIL;IAM Role AWSServiceRoleForSupport has Bedrock permissions but has never used them.;arn:aws:iam::<SANDBOX_ACCOUNT_ID>:role/aws-service-role/support.amazonaws.com/AWSServiceRoleForSupport;iam_role_access_not_stale_to_bedrock;False;AWSServiceRoleForSupport;NIST-800-53-Revision-4;National Institute of Standards and Technology (NIST) 800-53 Revision 4;
aws;NIST 800-53 is a regulatory standard that defines the minimum baseline of security controls for all U.S. federal information systems except those related to national security. The controls defined in this standard are customizable and address a diverse set of security and privacy requirements.;<SANDBOX_ACCOUNT_ID>;ap-southeast-7;2026-08-29 00:18:02.370487;ac_2;Manage system accounts, group memberships, privileges, workflow, notifications, deactivations, and authorizations.;Access Control (AC);;;aws;;FAIL;IAM Role AWSServiceRoleForSupport has Bedrock permissions but has never used them.;arn:aws:iam::<SANDBOX_ACCOUNT_ID>:role/aws-service-role/support.amazonaws.com/AWSServiceRoleForSupport;iam_role_access_not_stale_to_bedrock;False;AWSServiceRoleForSupport;NIST-800-53-Revision-4;National Institute of Standards and Technology (NIST) 800-53 Revision 4;
aws;NIST 800-53 is a regulatory standard that defines the minimum baseline of security controls for all U.S. federal information systems except those related to national security. The controls defined in this standard are customizable and address a diverse set of security and privacy requirements.;<SANDBOX_ACCOUNT_ID>;ap-southeast-7;2026-08-29 00:18:02.370487;ac_6;The organization employs the principle of least privilege, allowing only authorized accesses for users (or processes acting on behalf of users) which are necessary to accomplish assigned tasks in accordance with organizational missions and business functions.;Access Control (AC);;;aws;;FAIL;IAM Role AWSServiceRoleForSupport has Bedrock permissions but has never used them.;arn:aws:iam::<SANDBOX_ACCOUNT_ID>:role/aws-service-role/support.amazonaws.com/AWSServiceRoleForSupport;iam_role_access_not_stale_to_bedrock;False;AWSServiceRoleForSupport;NIST-800-53-Revision-4;National Institute of Standards and Technology (NIST) 800-53 Revision 4;
aws;NIST 800-53 is a regulatory standard that defines the minimum baseline of security controls for all U.S. federal information systems except those related to national security. The controls defined in this standard are customizable and address a diverse set of security and privacy requirements.;<SANDBOX_ACCOUNT_ID>;ap-southeast-7;2026-08-29 00:18:02.370487;ac_2_1;Access control policies (e.g., identity or role-based policies, control matrices, and cryptography) control access between active entities or subjects (i.e., users or processes acting on behalf of users) and passive entities or objects (e.g., devices, files, records, and domains) in systems. Access enforcement mechanisms can be employed at the application and service level to provide increased information security. Other systems include systems internal and external to the organization. This requirement focuses on account management for systems and applications. The definition of and enforcement of access authorizations, other than those determined by account type (e.g., privileged verses non-privileged) are addressed in requirement 3.1.2.;Access Control (AC);Account Management (AC-2);;aws;;FAIL;IAM Role OrganizationAccountAccessRole has Bedrock permissions but has never used them.;arn:aws:iam::<SANDBOX_ACCOUNT_ID>:role/OrganizationAccountAccessRole;iam_role_access_not_stale_to_bedrock;False;OrganizationAccountAccessRole;NIST-800-53-Revision-4;National Institute of Standards and Technology (NIST) 800-53 Revision 4;
aws;NIST 800-53 is a regulatory standard that defines the minimum baseline of security controls for all U.S. federal information systems except those related to national security. The controls defined in this standard are customizable and address a diverse set of security and privacy requirements.;<SANDBOX_ACCOUNT_ID>;ap-southeast-7;2026-08-29 00:18:02.370487;ac_2_3;The information system automatically disables inactive accounts after 90 days for user accounts.;Access Control (AC);Account Management (AC-2);;aws;;FAIL;IAM Role OrganizationAccountAccessRole has Bedrock permissions but has never used them.;arn:aws:iam::<SANDBOX_ACCOUNT_ID>:role/OrganizationAccountAccessRole;iam_role_access_not_stale_to_bedrock;False;OrganizationAccountAccessRole;NIST-800-53-Revision-4;National Institute of Standards and Technology (NIST) 800-53 Revision 4;
aws;NIST 800-53 is a regulatory standard that defines the minimum baseline of security controls for all U.S. federal information systems except those related to national security. The controls defined in this standard are customizable and address a diverse set of security and privacy requirements.;<SANDBOX_ACCOUNT_ID>;ap-southeast-7;2026-08-29 00:18:02.370487;ac_2;Manage system accounts, group memberships, privileges, workflow, notifications, deactivations, and authorizations.;Access Control (AC);;;aws;;FAIL;IAM Role OrganizationAccountAccessRole has Bedrock permissions but has never used them.;arn:aws:iam::<SANDBOX_ACCOUNT_ID>:role/OrganizationAccountAccessRole;iam_role_access_not_stale_to_bedrock;False;OrganizationAccountAccessRole;NIST-800-53-Revision-4;National Institute of Standards and Technology (NIST) 800-53 Revision 4;
aws;NIST 800-53 is a regulatory standard that defines the minimum baseline of security controls for all U.S. federal information systems except those related to national security. The controls defined in this standard are customizable and address a diverse set of security and privacy requirements.;<SANDBOX_ACCOUNT_ID>;ap-southeast-7;2026-08-29 00:18:02.370487;ac_6;The organization employs the principle of least privilege, allowing only authorized accesses for users (or processes acting on behalf of users) which are necessary to accomplish assigned tasks in accordance with organizational missions and business functions.;Access Control (AC);;;aws;;FAIL;IAM Role OrganizationAccountAccessRole has Bedrock permissions but has never used them.;arn:aws:iam::<SANDBOX_ACCOUNT_ID>:role/OrganizationAccountAccessRole;iam_role_access_not_stale_to_bedrock;False;OrganizationAccountAccessRole;NIST-800-53-Revision-4;National Institute of Standards and Technology (NIST) 800-53 Revision 4;
aws;NIST 800-53 is a regulatory standard that defines the minimum baseline of security controls for all U.S. federal information systems except those related to national security. The controls defined in this standard are customizable and address a diverse set of security and privacy requirements.;<SANDBOX_ACCOUNT_ID>;ap-southeast-7;2026-08-29 00:18:02.370487;ia_2_1;The information system implements multi-factor authentication for network access to privileged accounts.;Identification and Authentication (IA);Identification and Authentication (Organizational users) (IA-2);;iam;;FAIL;MFA is not enabled for root account.;arn:aws:iam::<SANDBOX_ACCOUNT_ID>:mfa;iam_root_hardware_mfa_enabled;False;<root_account>;NIST-800-53-Revision-4;National Institute of Standards and Technology (NIST) 800-53 Revision 4;
aws;NIST 800-53 is a regulatory standard that defines the minimum baseline of security controls for all U.S. federal information systems except those related to national security. The controls defined in this standard are customizable and address a diverse set of security and privacy requirements.;<SANDBOX_ACCOUNT_ID>;ap-southeast-7;2026-08-29 00:18:02.370487;ia_2_11;The information system implements multifactor authentication for remote access to privileged and non-privileged accounts such that one of the factors is provided by a device separate from the system gaining access and the device meets [Assignment: organization-defined strength of mechanism requirements].;Identification and Authentication (IA);Identification and Authentication (Organizational users) (IA-2);;iam;;FAIL;MFA is not enabled for root account.;arn:aws:iam::<SANDBOX_ACCOUNT_ID>:mfa;iam_root_hardware_mfa_enabled;False;<root_account>;NIST-800-53-Revision-4;National Institute of Standards and Technology (NIST) 800-53 Revision 4;
aws;NIST 800-53 is a regulatory standard that defines the minimum baseline of security controls for all U.S. federal information systems except those related to national security. The controls defined in this standard are customizable and address a diverse set of security and privacy requirements.;<SANDBOX_ACCOUNT_ID>;ap-southeast-7;2026-08-29 00:18:02.370487;ac_2;Manage system accounts, group memberships, privileges, workflow, notifications, deactivations, and authorizations.;Access Control (AC);;;aws;;FAIL;MFA is not enabled for root account.;arn:aws:iam::<SANDBOX_ACCOUNT_ID>:root;iam_root_mfa_enabled;False;<root_account>;NIST-800-53-Revision-4;National Institute of Standards and Technology (NIST) 800-53 Revision 4;
aws;NIST 800-53 is a regulatory standard that defines the minimum baseline of security controls for all U.S. federal information systems except those related to national security. The controls defined in this standard are customizable and address a diverse set of security and privacy requirements.;<SANDBOX_ACCOUNT_ID>;ap-southeast-7;2026-08-29 00:18:02.370487;ia_2_1;The information system implements multi-factor authentication for network access to privileged accounts.;Identification and Authentication (IA);Identification and Authentication (Organizational users) (IA-2);;iam;;FAIL;MFA is not enabled for root account.;arn:aws:iam::<SANDBOX_ACCOUNT_ID>:root;iam_root_mfa_enabled;False;<root_account>;NIST-800-53-Revision-4;National Institute of Standards and Technology (NIST) 800-53 Revision 4;
aws;NIST 800-53 is a regulatory standard that defines the minimum baseline of security controls for all U.S. federal information systems except those related to national security. The controls defined in this standard are customizable and address a diverse set of security and privacy requirements.;<SANDBOX_ACCOUNT_ID>;ap-southeast-7;2026-08-29 00:18:02.370487;ia_2_11;The information system implements multifactor authentication for remote access to privileged and non-privileged accounts such that one of the factors is provided by a device separate from the system gaining access and the device meets [Assignment: organization-defined strength of mechanism requirements].;Identification and Authentication (IA);Identification and Authentication (Organizational users) (IA-2);;iam;;FAIL;MFA is not enabled for root account.;arn:aws:iam::<SANDBOX_ACCOUNT_ID>:root;iam_root_mfa_enabled;False;<root_account>;NIST-800-53-Revision-4;National Institute of Standards and Technology (NIST) 800-53 Revision 4;
aws;NIST 800-53 is a regulatory standard that defines the minimum baseline of security controls for all U.S. federal information systems except those related to national security. The controls defined in this standard are customizable and address a diverse set of security and privacy requirements.;<SANDBOX_ACCOUNT_ID>;ap-southeast-7;2026-08-29 00:18:02.370487;ac_2_1;Access control policies (e.g., identity or role-based policies, control matrices, and cryptography) control access between active entities or subjects (i.e., users or processes acting on behalf of users) and passive entities or objects (e.g., devices, files, records, and domains) in systems. Access enforcement mechanisms can be employed at the application and service level to provide increased information security. Other systems include systems internal and external to the organization. This requirement focuses on account management for systems and applications. The definition of and enforcement of access authorizations, other than those determined by account type (e.g., privileged verses non-privileged) are addressed in requirement 3.1.2.;Access Control (AC);Account Management (AC-2);;aws;;PASS;User <root_account> does not have access keys.;arn:aws:iam::<SANDBOX_ACCOUNT_ID>:root;iam_rotate_access_key_90_days;False;<root_account>;NIST-800-53-Revision-4;National Institute of Standards and Technology (NIST) 800-53 Revision 4;
aws;NIST 800-53 is a regulatory standard that defines the minimum baseline of security controls for all U.S. federal information systems except those related to national security. The controls defined in this standard are customizable and address a diverse set of security and privacy requirements.;<SANDBOX_ACCOUNT_ID>;ap-southeast-7;2026-08-29 00:18:02.370487;ac_2;Manage system accounts, group memberships, privileges, workflow, notifications, deactivations, and authorizations.;Access Control (AC);;;aws;;PASS;User <root_account> does not have access keys.;arn:aws:iam::<SANDBOX_ACCOUNT_ID>:root;iam_rotate_access_key_90_days;False;<root_account>;NIST-800-53-Revision-4;National Institute of Standards and Technology (NIST) 800-53 Revision 4;
aws;NIST 800-53 is a regulatory standard that defines the minimum baseline of security controls for all U.S. federal information systems except those related to national security. The controls defined in this standard are customizable and address a diverse set of security and privacy requirements.;<SANDBOX_ACCOUNT_ID>;ap-southeast-7;2026-08-29 00:18:02.370487;ac_2_1;Access control policies (e.g., identity or role-based policies, control matrices, and cryptography) control access between active entities or subjects (i.e., users or processes acting on behalf of users) and passive entities or objects (e.g., devices, files, records, and domains) in systems. Access enforcement mechanisms can be employed at the application and service level to provide increased information security. Other systems include systems internal and external to the organization. This requirement focuses on account management for systems and applications. The definition of and enforcement of access authorizations, other than those determined by account type (e.g., privileged verses non-privileged) are addressed in requirement 3.1.2.;Access Control (AC);Account Management (AC-2);;aws;;PASS;User <root_account> does not have access keys.;arn:aws:iam::<SANDBOX_ACCOUNT_ID>:root;iam_user_accesskey_unused;False;<root_account>;NIST-800-53-Revision-4;National Institute of Standards and Technology (NIST) 800-53 Revision 4;
aws;NIST 800-53 is a regulatory standard that defines the minimum baseline of security controls for all U.S. federal information systems except those related to national security. The controls defined in this standard are customizable and address a diverse set of security and privacy requirements.;<SANDBOX_ACCOUNT_ID>;ap-southeast-7;2026-08-29 00:18:02.370487;ac_2_3;The information system automatically disables inactive accounts after 90 days for user accounts.;Access Control (AC);Account Management (AC-2);;aws;;PASS;User <root_account> does not have access keys.;arn:aws:iam::<SANDBOX_ACCOUNT_ID>:root;iam_user_accesskey_unused;False;<root_account>;NIST-800-53-Revision-4;National Institute of Standards and Technology (NIST) 800-53 Revision 4;
aws;NIST 800-53 is a regulatory standard that defines the minimum baseline of security controls for all U.S. federal information systems except those related to national security. The controls defined in this standard are customizable and address a diverse set of security and privacy requirements.;<SANDBOX_ACCOUNT_ID>;ap-southeast-7;2026-08-29 00:18:02.370487;ac_2;Manage system accounts, group memberships, privileges, workflow, notifications, deactivations, and authorizations.;Access Control (AC);;;aws;;PASS;User <root_account> does not have access keys.;arn:aws:iam::<SANDBOX_ACCOUNT_ID>:root;iam_user_accesskey_unused;False;<root_account>;NIST-800-53-Revision-4;National Institute of Standards and Technology (NIST) 800-53 Revision 4;
aws;NIST 800-53 is a regulatory standard that defines the minimum baseline of security controls for all U.S. federal information systems except those related to national security. The controls defined in this standard are customizable and address a diverse set of security and privacy requirements.;<SANDBOX_ACCOUNT_ID>;ap-southeast-7;2026-08-29 00:18:02.370487;ac_3;The information system enforces approved authorizations for logical access to information and system resources in accordance with applicable access control policies.;Access Control (AC);;;aws;;PASS;User <root_account> does not have access keys.;arn:aws:iam::<SANDBOX_ACCOUNT_ID>:root;iam_user_accesskey_unused;False;<root_account>;NIST-800-53-Revision-4;National Institute of Standards and Technology (NIST) 800-53 Revision 4;
aws;NIST 800-53 is a regulatory standard that defines the minimum baseline of security controls for all U.S. federal information systems except those related to national security. The controls defined in this standard are customizable and address a diverse set of security and privacy requirements.;<SANDBOX_ACCOUNT_ID>;ap-southeast-7;2026-08-29 00:18:02.370487;ac_6;The organization employs the principle of least privilege, allowing only authorized accesses for users (or processes acting on behalf of users) which are necessary to accomplish assigned tasks in accordance with organizational missions and business functions.;Access Control (AC);;;aws;;PASS;User <root_account> does not have access keys.;arn:aws:iam::<SANDBOX_ACCOUNT_ID>:root;iam_user_accesskey_unused;False;<root_account>;NIST-800-53-Revision-4;National Institute of Standards and Technology (NIST) 800-53 Revision 4;
aws;NIST 800-53 is a regulatory standard that defines the minimum baseline of security controls for all U.S. federal information systems except those related to national security. The controls defined in this standard are customizable and address a diverse set of security and privacy requirements.;<SANDBOX_ACCOUNT_ID>;ap-southeast-7;2026-08-29 00:18:02.370487;sc_7_3;The organization limits the number of external network connections to the information system.;System and Communications Protection (SC);Boundary Protection (SC-7);;aws;;FAIL;Block Public Access is not configured for the account <SANDBOX_ACCOUNT_ID>.;arn:aws:s3:ap-southeast-7:<SANDBOX_ACCOUNT_ID>:account;s3_account_level_public_access_blocks;False;<SANDBOX_ACCOUNT_ID>;NIST-800-53-Revision-4;National Institute of Standards and Technology (NIST) 800-53 Revision 4;
aws;NIST 800-53 is a regulatory standard that defines the minimum baseline of security controls for all U.S. federal information systems except those related to national security. The controls defined in this standard are customizable and address a diverse set of security and privacy requirements.;<SANDBOX_ACCOUNT_ID>;ap-southeast-7;2026-08-29 00:18:02.370487;sc_7;"The information system: a. Monitors and controls communications at the external boundary of the system and at key internal boundaries within the system; b. Implements subnetworks for publicly accessible system components that are [Selection: physically; logically] separated from internal organizational networks; and c. Connects to external networks or information systems only through managed interfaces consisting of boundary protection devices arranged in accordance with an organizational security architecture.";System and Communications Protection (SC);;;aws;;FAIL;Block Public Access is not configured for the account <SANDBOX_ACCOUNT_ID>.;arn:aws:s3:ap-southeast-7:<SANDBOX_ACCOUNT_ID>:account;s3_account_level_public_access_blocks;False;<SANDBOX_ACCOUNT_ID>;NIST-800-53-Revision-4;National Institute of Standards and Technology (NIST) 800-53 Revision 4;
aws;NIST 800-53 is a regulatory standard that defines the minimum baseline of security controls for all U.S. federal information systems except those related to national security. The controls defined in this standard are customizable and address a diverse set of security and privacy requirements.;<SANDBOX_ACCOUNT_ID>;ap-southeast-7;2026-08-29 00:18:02.370487;sc_28;"The information system protects the [Selection (one or more): confidentiality; integrity] of [Assignment: organization-defined information at rest].";System and Communications Protection (SC);;;aws;;PASS;S3 Bucket range-cloudtrail-<SANDBOX_ACCOUNT_ID> has Server Side Encryption with AES256.;arn:aws:s3:::range-cloudtrail-<SANDBOX_ACCOUNT_ID>;s3_bucket_default_encryption;False;range-cloudtrail-<SANDBOX_ACCOUNT_ID>;NIST-800-53-Revision-4;National Institute of Standards and Technology (NIST) 800-53 Revision 4;
aws;NIST 800-53 is a regulatory standard that defines the minimum baseline of security controls for all U.S. federal information systems except those related to national security. The controls defined in this standard are customizable and address a diverse set of security and privacy requirements.;<SANDBOX_ACCOUNT_ID>;ap-southeast-7;2026-08-29 00:18:02.370487;sc_28;"The information system protects the [Selection (one or more): confidentiality; integrity] of [Assignment: organization-defined information at rest].";System and Communications Protection (SC);;;aws;;PASS;S3 Bucket range-customer-data-<SANDBOX_ACCOUNT_ID> has Server Side Encryption with AES256.;arn:aws:s3:::range-customer-data-<SANDBOX_ACCOUNT_ID>;s3_bucket_default_encryption;False;range-customer-data-<SANDBOX_ACCOUNT_ID>;NIST-800-53-Revision-4;National Institute of Standards and Technology (NIST) 800-53 Revision 4;
aws;NIST 800-53 is a regulatory standard that defines the minimum baseline of security controls for all U.S. federal information systems except those related to national security. The controls defined in this standard are customizable and address a diverse set of security and privacy requirements.;<SANDBOX_ACCOUNT_ID>;ap-southeast-7;2026-08-29 00:18:02.370487;sc_28;"The information system protects the [Selection (one or more): confidentiality; integrity] of [Assignment: organization-defined information at rest].";System and Communications Protection (SC);;;aws;;PASS;S3 Bucket stratus-red-team-ct-stop-bucket-arzkiholin has Server Side Encryption with AES256.;arn:aws:s3:::stratus-red-team-ct-stop-bucket-arzkiholin;s3_bucket_default_encryption;False;stratus-red-team-ct-stop-bucket-arzkiholin;NIST-800-53-Revision-4;National Institute of Standards and Technology (NIST) 800-53 Revision 4;
aws;NIST 800-53 is a regulatory standard that defines the minimum baseline of security controls for all U.S. federal information systems except those related to national security. The controls defined in this standard are customizable and address a diverse set of security and privacy requirements.;<SANDBOX_ACCOUNT_ID>;ap-southeast-7;2026-08-29 00:18:02.370487;cp_10;The organization provides for the recovery and reconstitution of the information system to a known state after a disruption, compromise, or failure.;Contingency Planning (CP);;;aws;;FAIL;S3 Bucket range-cloudtrail-<SANDBOX_ACCOUNT_ID> has versioning disabled.;arn:aws:s3:::range-cloudtrail-<SANDBOX_ACCOUNT_ID>;s3_bucket_object_versioning;False;range-cloudtrail-<SANDBOX_ACCOUNT_ID>;NIST-800-53-Revision-4;National Institute of Standards and Technology (NIST) 800-53 Revision 4;
aws;NIST 800-53 is a regulatory standard that defines the minimum baseline of security controls for all U.S. federal information systems except those related to national security. The controls defined in this standard are customizable and address a diverse set of security and privacy requirements.;<SANDBOX_ACCOUNT_ID>;ap-southeast-7;2026-08-29 00:18:02.370487;si_12;The organization handles and retains information within the information system and information output from the system in accordance with applicable federal laws, Executive Orders, directives, policies, regulations, standards, and operational requirements.;System and Information Integrity (SI);;;aws;;FAIL;S3 Bucket range-cloudtrail-<SANDBOX_ACCOUNT_ID> has versioning disabled.;arn:aws:s3:::range-cloudtrail-<SANDBOX_ACCOUNT_ID>;s3_bucket_object_versioning;False;range-cloudtrail-<SANDBOX_ACCOUNT_ID>;NIST-800-53-Revision-4;National Institute of Standards and Technology (NIST) 800-53 Revision 4;
aws;NIST 800-53 is a regulatory standard that defines the minimum baseline of security controls for all U.S. federal information systems except those related to national security. The controls defined in this standard are customizable and address a diverse set of security and privacy requirements.;<SANDBOX_ACCOUNT_ID>;ap-southeast-7;2026-08-29 00:18:02.370487;cp_10;The organization provides for the recovery and reconstitution of the information system to a known state after a disruption, compromise, or failure.;Contingency Planning (CP);;;aws;;FAIL;S3 Bucket range-customer-data-<SANDBOX_ACCOUNT_ID> has versioning disabled.;arn:aws:s3:::range-customer-data-<SANDBOX_ACCOUNT_ID>;s3_bucket_object_versioning;False;range-customer-data-<SANDBOX_ACCOUNT_ID>;NIST-800-53-Revision-4;National Institute of Standards and Technology (NIST) 800-53 Revision 4;
aws;NIST 800-53 is a regulatory standard that defines the minimum baseline of security controls for all U.S. federal information systems except those related to national security. The controls defined in this standard are customizable and address a diverse set of security and privacy requirements.;<SANDBOX_ACCOUNT_ID>;ap-southeast-7;2026-08-29 00:18:02.370487;si_12;The organization handles and retains information within the information system and information output from the system in accordance with applicable federal laws, Executive Orders, directives, policies, regulations, standards, and operational requirements.;System and Information Integrity (SI);;;aws;;FAIL;S3 Bucket range-customer-data-<SANDBOX_ACCOUNT_ID> has versioning disabled.;arn:aws:s3:::range-customer-data-<SANDBOX_ACCOUNT_ID>;s3_bucket_object_versioning;False;range-customer-data-<SANDBOX_ACCOUNT_ID>;NIST-800-53-Revision-4;National Institute of Standards and Technology (NIST) 800-53 Revision 4;
aws;NIST 800-53 is a regulatory standard that defines the minimum baseline of security controls for all U.S. federal information systems except those related to national security. The controls defined in this standard are customizable and address a diverse set of security and privacy requirements.;<SANDBOX_ACCOUNT_ID>;ap-southeast-7;2026-08-29 00:18:02.370487;cp_10;The organization provides for the recovery and reconstitution of the information system to a known state after a disruption, compromise, or failure.;Contingency Planning (CP);;;aws;;FAIL;S3 Bucket stratus-red-team-ct-stop-bucket-arzkiholin has versioning disabled.;arn:aws:s3:::stratus-red-team-ct-stop-bucket-arzkiholin;s3_bucket_object_versioning;False;stratus-red-team-ct-stop-bucket-arzkiholin;NIST-800-53-Revision-4;National Institute of Standards and Technology (NIST) 800-53 Revision 4;
aws;NIST 800-53 is a regulatory standard that defines the minimum baseline of security controls for all U.S. federal information systems except those related to national security. The controls defined in this standard are customizable and address a diverse set of security and privacy requirements.;<SANDBOX_ACCOUNT_ID>;ap-southeast-7;2026-08-29 00:18:02.370487;si_12;The organization handles and retains information within the information system and information output from the system in accordance with applicable federal laws, Executive Orders, directives, policies, regulations, standards, and operational requirements.;System and Information Integrity (SI);;;aws;;FAIL;S3 Bucket stratus-red-team-ct-stop-bucket-arzkiholin has versioning disabled.;arn:aws:s3:::stratus-red-team-ct-stop-bucket-arzkiholin;s3_bucket_object_versioning;False;stratus-red-team-ct-stop-bucket-arzkiholin;NIST-800-53-Revision-4;National Institute of Standards and Technology (NIST) 800-53 Revision 4;
aws;NIST 800-53 is a regulatory standard that defines the minimum baseline of security controls for all U.S. federal information systems except those related to national security. The controls defined in this standard are customizable and address a diverse set of security and privacy requirements.;<SANDBOX_ACCOUNT_ID>;ap-southeast-7;2026-08-29 00:18:02.370487;ac_3;The information system enforces approved authorizations for logical access to information and system resources in accordance with applicable access control policies.;Access Control (AC);;;aws;;PASS;S3 public access blocked at bucket level for range-cloudtrail-<SANDBOX_ACCOUNT_ID>.;arn:aws:s3:::range-cloudtrail-<SANDBOX_ACCOUNT_ID>;s3_bucket_policy_public_write_access;False;range-cloudtrail-<SANDBOX_ACCOUNT_ID>;NIST-800-53-Revision-4;National Institute of Standards and Technology (NIST) 800-53 Revision 4;
aws;NIST 800-53 is a regulatory standard that defines the minimum baseline of security controls for all U.S. federal information systems except those related to national security. The controls defined in this standard are customizable and address a diverse set of security and privacy requirements.;<SANDBOX_ACCOUNT_ID>;ap-southeast-7;2026-08-29 00:18:02.370487;ac_4;The information system enforces approved authorizations for controlling the flow of information within the system and between interconnected systems based on organization-defined information flow control policies.;Access Control (AC);;;aws;;PASS;S3 public access blocked at bucket level for range-cloudtrail-<SANDBOX_ACCOUNT_ID>.;arn:aws:s3:::range-cloudtrail-<SANDBOX_ACCOUNT_ID>;s3_bucket_policy_public_write_access;False;range-cloudtrail-<SANDBOX_ACCOUNT_ID>;NIST-800-53-Revision-4;National Institute of Standards and Technology (NIST) 800-53 Revision 4;
aws;NIST 800-53 is a regulatory standard that defines the minimum baseline of security controls for all U.S. federal information systems except those related to national security. The controls defined in this standard are customizable and address a diverse set of security and privacy requirements.;<SANDBOX_ACCOUNT_ID>;ap-southeast-7;2026-08-29 00:18:02.370487;ac_6;The organization employs the principle of least privilege, allowing only authorized accesses for users (or processes acting on behalf of users) which are necessary to accomplish assigned tasks in accordance with organizational missions and business functions.;Access Control (AC);;;aws;;PASS;S3 public access blocked at bucket level for range-cloudtrail-<SANDBOX_ACCOUNT_ID>.;arn:aws:s3:::range-cloudtrail-<SANDBOX_ACCOUNT_ID>;s3_bucket_policy_public_write_access;False;range-cloudtrail-<SANDBOX_ACCOUNT_ID>;NIST-800-53-Revision-4;National Institute of Standards and Technology (NIST) 800-53 Revision 4;
aws;NIST 800-53 is a regulatory standard that defines the minimum baseline of security controls for all U.S. federal information systems except those related to national security. The controls defined in this standard are customizable and address a diverse set of security and privacy requirements.;<SANDBOX_ACCOUNT_ID>;ap-southeast-7;2026-08-29 00:18:02.370487;ac_21;Facilitate information sharing. Enable authorized users to grant access to partners.;Access Control (AC);;;aws;;PASS;S3 public access blocked at bucket level for range-cloudtrail-<SANDBOX_ACCOUNT_ID>.;arn:aws:s3:::range-cloudtrail-<SANDBOX_ACCOUNT_ID>;s3_bucket_policy_public_write_access;False;range-cloudtrail-<SANDBOX_ACCOUNT_ID>;NIST-800-53-Revision-4;National Institute of Standards and Technology (NIST) 800-53 Revision 4;
aws;NIST 800-53 is a regulatory standard that defines the minimum baseline of security controls for all U.S. federal information systems except those related to national security. The controls defined in this standard are customizable and address a diverse set of security and privacy requirements.;<SANDBOX_ACCOUNT_ID>;ap-southeast-7;2026-08-29 00:18:02.370487;sc_7_3;The organization limits the number of external network connections to the information system.;System and Communications Protection (SC);Boundary Protection (SC-7);;aws;;PASS;S3 public access blocked at bucket level for range-cloudtrail-<SANDBOX_ACCOUNT_ID>.;arn:aws:s3:::range-cloudtrail-<SANDBOX_ACCOUNT_ID>;s3_bucket_policy_public_write_access;False;range-cloudtrail-<SANDBOX_ACCOUNT_ID>;NIST-800-53-Revision-4;National Institute of Standards and Technology (NIST) 800-53 Revision 4;
aws;NIST 800-53 is a regulatory standard that defines the minimum baseline of security controls for all U.S. federal information systems except those related to national security. The controls defined in this standard are customizable and address a diverse set of security and privacy requirements.;<SANDBOX_ACCOUNT_ID>;ap-southeast-7;2026-08-29 00:18:02.370487;sc_7;"The information system: a. Monitors and controls communications at the external boundary of the system and at key internal boundaries within the system; b. Implements subnetworks for publicly accessible system components that are [Selection: physically; logically] separated from internal organizational networks; and c. Connects to external networks or information systems only through managed interfaces consisting of boundary protection devices arranged in accordance with an organizational security architecture.";System and Communications Protection (SC);;;aws;;PASS;S3 public access blocked at bucket level for range-cloudtrail-<SANDBOX_ACCOUNT_ID>.;arn:aws:s3:::range-cloudtrail-<SANDBOX_ACCOUNT_ID>;s3_bucket_policy_public_write_access;False;range-cloudtrail-<SANDBOX_ACCOUNT_ID>;NIST-800-53-Revision-4;National Institute of Standards and Technology (NIST) 800-53 Revision 4;
aws;NIST 800-53 is a regulatory standard that defines the minimum baseline of security controls for all U.S. federal information systems except those related to national security. The controls defined in this standard are customizable and address a diverse set of security and privacy requirements.;<SANDBOX_ACCOUNT_ID>;ap-southeast-7;2026-08-29 00:18:02.370487;ac_3;The information system enforces approved authorizations for logical access to information and system resources in accordance with applicable access control policies.;Access Control (AC);;;aws;;PASS;S3 public access blocked at bucket level for range-customer-data-<SANDBOX_ACCOUNT_ID>.;arn:aws:s3:::range-customer-data-<SANDBOX_ACCOUNT_ID>;s3_bucket_policy_public_write_access;False;range-customer-data-<SANDBOX_ACCOUNT_ID>;NIST-800-53-Revision-4;National Institute of Standards and Technology (NIST) 800-53 Revision 4;
aws;NIST 800-53 is a regulatory standard that defines the minimum baseline of security controls for all U.S. federal information systems except those related to national security. The controls defined in this standard are customizable and address a diverse set of security and privacy requirements.;<SANDBOX_ACCOUNT_ID>;ap-southeast-7;2026-08-29 00:18:02.370487;ac_4;The information system enforces approved authorizations for controlling the flow of information within the system and between interconnected systems based on organization-defined information flow control policies.;Access Control (AC);;;aws;;PASS;S3 public access blocked at bucket level for range-customer-data-<SANDBOX_ACCOUNT_ID>.;arn:aws:s3:::range-customer-data-<SANDBOX_ACCOUNT_ID>;s3_bucket_policy_public_write_access;False;range-customer-data-<SANDBOX_ACCOUNT_ID>;NIST-800-53-Revision-4;National Institute of Standards and Technology (NIST) 800-53 Revision 4;
aws;NIST 800-53 is a regulatory standard that defines the minimum baseline of security controls for all U.S. federal information systems except those related to national security. The controls defined in this standard are customizable and address a diverse set of security and privacy requirements.;<SANDBOX_ACCOUNT_ID>;ap-southeast-7;2026-08-29 00:18:02.370487;ac_6;The organization employs the principle of least privilege, allowing only authorized accesses for users (or processes acting on behalf of users) which are necessary to accomplish assigned tasks in accordance with organizational missions and business functions.;Access Control (AC);;;aws;;PASS;S3 public access blocked at bucket level for range-customer-data-<SANDBOX_ACCOUNT_ID>.;arn:aws:s3:::range-customer-data-<SANDBOX_ACCOUNT_ID>;s3_bucket_policy_public_write_access;False;range-customer-data-<SANDBOX_ACCOUNT_ID>;NIST-800-53-Revision-4;National Institute of Standards and Technology (NIST) 800-53 Revision 4;
aws;NIST 800-53 is a regulatory standard that defines the minimum baseline of security controls for all U.S. federal information systems except those related to national security. The controls defined in this standard are customizable and address a diverse set of security and privacy requirements.;<SANDBOX_ACCOUNT_ID>;ap-southeast-7;2026-08-29 00:18:02.370487;ac_21;Facilitate information sharing. Enable authorized users to grant access to partners.;Access Control (AC);;;aws;;PASS;S3 public access blocked at bucket level for range-customer-data-<SANDBOX_ACCOUNT_ID>.;arn:aws:s3:::range-customer-data-<SANDBOX_ACCOUNT_ID>;s3_bucket_policy_public_write_access;False;range-customer-data-<SANDBOX_ACCOUNT_ID>;NIST-800-53-Revision-4;National Institute of Standards and Technology (NIST) 800-53 Revision 4;
aws;NIST 800-53 is a regulatory standard that defines the minimum baseline of security controls for all U.S. federal information systems except those related to national security. The controls defined in this standard are customizable and address a diverse set of security and privacy requirements.;<SANDBOX_ACCOUNT_ID>;ap-southeast-7;2026-08-29 00:18:02.370487;sc_7_3;The organization limits the number of external network connections to the information system.;System and Communications Protection (SC);Boundary Protection (SC-7);;aws;;PASS;S3 public access blocked at bucket level for range-customer-data-<SANDBOX_ACCOUNT_ID>.;arn:aws:s3:::range-customer-data-<SANDBOX_ACCOUNT_ID>;s3_bucket_policy_public_write_access;False;range-customer-data-<SANDBOX_ACCOUNT_ID>;NIST-800-53-Revision-4;National Institute of Standards and Technology (NIST) 800-53 Revision 4;
aws;NIST 800-53 is a regulatory standard that defines the minimum baseline of security controls for all U.S. federal information systems except those related to national security. The controls defined in this standard are customizable and address a diverse set of security and privacy requirements.;<SANDBOX_ACCOUNT_ID>;ap-southeast-7;2026-08-29 00:18:02.370487;sc_7;"The information system: a. Monitors and controls communications at the external boundary of the system and at key internal boundaries within the system; b. Implements subnetworks for publicly accessible system components that are [Selection: physically; logically] separated from internal organizational networks; and c. Connects to external networks or information systems only through managed interfaces consisting of boundary protection devices arranged in accordance with an organizational security architecture.";System and Communications Protection (SC);;;aws;;PASS;S3 public access blocked at bucket level for range-customer-data-<SANDBOX_ACCOUNT_ID>.;arn:aws:s3:::range-customer-data-<SANDBOX_ACCOUNT_ID>;s3_bucket_policy_public_write_access;False;range-customer-data-<SANDBOX_ACCOUNT_ID>;NIST-800-53-Revision-4;National Institute of Standards and Technology (NIST) 800-53 Revision 4;
aws;NIST 800-53 is a regulatory standard that defines the minimum baseline of security controls for all U.S. federal information systems except those related to national security. The controls defined in this standard are customizable and address a diverse set of security and privacy requirements.;<SANDBOX_ACCOUNT_ID>;ap-southeast-7;2026-08-29 00:18:02.370487;ac_3;The information system enforces approved authorizations for logical access to information and system resources in accordance with applicable access control policies.;Access Control (AC);;;aws;;PASS;S3 public access blocked at bucket level for stratus-red-team-ct-stop-bucket-arzkiholin.;arn:aws:s3:::stratus-red-team-ct-stop-bucket-arzkiholin;s3_bucket_policy_public_write_access;False;stratus-red-team-ct-stop-bucket-arzkiholin;NIST-800-53-Revision-4;National Institute of Standards and Technology (NIST) 800-53 Revision 4;
aws;NIST 800-53 is a regulatory standard that defines the minimum baseline of security controls for all U.S. federal information systems except those related to national security. The controls defined in this standard are customizable and address a diverse set of security and privacy requirements.;<SANDBOX_ACCOUNT_ID>;ap-southeast-7;2026-08-29 00:18:02.370487;ac_4;The information system enforces approved authorizations for controlling the flow of information within the system and between interconnected systems based on organization-defined information flow control policies.;Access Control (AC);;;aws;;PASS;S3 public access blocked at bucket level for stratus-red-team-ct-stop-bucket-arzkiholin.;arn:aws:s3:::stratus-red-team-ct-stop-bucket-arzkiholin;s3_bucket_policy_public_write_access;False;stratus-red-team-ct-stop-bucket-arzkiholin;NIST-800-53-Revision-4;National Institute of Standards and Technology (NIST) 800-53 Revision 4;
aws;NIST 800-53 is a regulatory standard that defines the minimum baseline of security controls for all U.S. federal information systems except those related to national security. The controls defined in this standard are customizable and address a diverse set of security and privacy requirements.;<SANDBOX_ACCOUNT_ID>;ap-southeast-7;2026-08-29 00:18:02.370487;ac_6;The organization employs the principle of least privilege, allowing only authorized accesses for users (or processes acting on behalf of users) which are necessary to accomplish assigned tasks in accordance with organizational missions and business functions.;Access Control (AC);;;aws;;PASS;S3 public access blocked at bucket level for stratus-red-team-ct-stop-bucket-arzkiholin.;arn:aws:s3:::stratus-red-team-ct-stop-bucket-arzkiholin;s3_bucket_policy_public_write_access;False;stratus-red-team-ct-stop-bucket-arzkiholin;NIST-800-53-Revision-4;National Institute of Standards and Technology (NIST) 800-53 Revision 4;
aws;NIST 800-53 is a regulatory standard that defines the minimum baseline of security controls for all U.S. federal information systems except those related to national security. The controls defined in this standard are customizable and address a diverse set of security and privacy requirements.;<SANDBOX_ACCOUNT_ID>;ap-southeast-7;2026-08-29 00:18:02.370487;ac_21;Facilitate information sharing. Enable authorized users to grant access to partners.;Access Control (AC);;;aws;;PASS;S3 public access blocked at bucket level for stratus-red-team-ct-stop-bucket-arzkiholin.;arn:aws:s3:::stratus-red-team-ct-stop-bucket-arzkiholin;s3_bucket_policy_public_write_access;False;stratus-red-team-ct-stop-bucket-arzkiholin;NIST-800-53-Revision-4;National Institute of Standards and Technology (NIST) 800-53 Revision 4;
aws;NIST 800-53 is a regulatory standard that defines the minimum baseline of security controls for all U.S. federal information systems except those related to national security. The controls defined in this standard are customizable and address a diverse set of security and privacy requirements.;<SANDBOX_ACCOUNT_ID>;ap-southeast-7;2026-08-29 00:18:02.370487;sc_7_3;The organization limits the number of external network connections to the information system.;System and Communications Protection (SC);Boundary Protection (SC-7);;aws;;PASS;S3 public access blocked at bucket level for stratus-red-team-ct-stop-bucket-arzkiholin.;arn:aws:s3:::stratus-red-team-ct-stop-bucket-arzkiholin;s3_bucket_policy_public_write_access;False;stratus-red-team-ct-stop-bucket-arzkiholin;NIST-800-53-Revision-4;National Institute of Standards and Technology (NIST) 800-53 Revision 4;
aws;NIST 800-53 is a regulatory standard that defines the minimum baseline of security controls for all U.S. federal information systems except those related to national security. The controls defined in this standard are customizable and address a diverse set of security and privacy requirements.;<SANDBOX_ACCOUNT_ID>;ap-southeast-7;2026-08-29 00:18:02.370487;sc_7;"The information system: a. Monitors and controls communications at the external boundary of the system and at key internal boundaries within the system; b. Implements subnetworks for publicly accessible system components that are [Selection: physically; logically] separated from internal organizational networks; and c. Connects to external networks or information systems only through managed interfaces consisting of boundary protection devices arranged in accordance with an organizational security architecture.";System and Communications Protection (SC);;;aws;;PASS;S3 public access blocked at bucket level for stratus-red-team-ct-stop-bucket-arzkiholin.;arn:aws:s3:::stratus-red-team-ct-stop-bucket-arzkiholin;s3_bucket_policy_public_write_access;False;stratus-red-team-ct-stop-bucket-arzkiholin;NIST-800-53-Revision-4;National Institute of Standards and Technology (NIST) 800-53 Revision 4;
aws;NIST 800-53 is a regulatory standard that defines the minimum baseline of security controls for all U.S. federal information systems except those related to national security. The controls defined in this standard are customizable and address a diverse set of security and privacy requirements.;<SANDBOX_ACCOUNT_ID>;ap-southeast-7;2026-08-29 00:18:02.370487;ac_3;The information system enforces approved authorizations for logical access to information and system resources in accordance with applicable access control policies.;Access Control (AC);;;aws;;PASS;S3 Bucket range-cloudtrail-<SANDBOX_ACCOUNT_ID> is not public.;arn:aws:s3:::range-cloudtrail-<SANDBOX_ACCOUNT_ID>;s3_bucket_public_access;False;range-cloudtrail-<SANDBOX_ACCOUNT_ID>;NIST-800-53-Revision-4;National Institute of Standards and Technology (NIST) 800-53 Revision 4;
aws;NIST 800-53 is a regulatory standard that defines the minimum baseline of security controls for all U.S. federal information systems except those related to national security. The controls defined in this standard are customizable and address a diverse set of security and privacy requirements.;<SANDBOX_ACCOUNT_ID>;ap-southeast-7;2026-08-29 00:18:02.370487;ac_4;The information system enforces approved authorizations for controlling the flow of information within the system and between interconnected systems based on organization-defined information flow control policies.;Access Control (AC);;;aws;;PASS;S3 Bucket range-cloudtrail-<SANDBOX_ACCOUNT_ID> is not public.;arn:aws:s3:::range-cloudtrail-<SANDBOX_ACCOUNT_ID>;s3_bucket_public_access;False;range-cloudtrail-<SANDBOX_ACCOUNT_ID>;NIST-800-53-Revision-4;National Institute of Standards and Technology (NIST) 800-53 Revision 4;
aws;NIST 800-53 is a regulatory standard that defines the minimum baseline of security controls for all U.S. federal information systems except those related to national security. The controls defined in this standard are customizable and address a diverse set of security and privacy requirements.;<SANDBOX_ACCOUNT_ID>;ap-southeast-7;2026-08-29 00:18:02.370487;ac_6;The organization employs the principle of least privilege, allowing only authorized accesses for users (or processes acting on behalf of users) which are necessary to accomplish assigned tasks in accordance with organizational missions and business functions.;Access Control (AC);;;aws;;PASS;S3 Bucket range-cloudtrail-<SANDBOX_ACCOUNT_ID> is not public.;arn:aws:s3:::range-cloudtrail-<SANDBOX_ACCOUNT_ID>;s3_bucket_public_access;False;range-cloudtrail-<SANDBOX_ACCOUNT_ID>;NIST-800-53-Revision-4;National Institute of Standards and Technology (NIST) 800-53 Revision 4;
aws;NIST 800-53 is a regulatory standard that defines the minimum baseline of security controls for all U.S. federal information systems except those related to national security. The controls defined in this standard are customizable and address a diverse set of security and privacy requirements.;<SANDBOX_ACCOUNT_ID>;ap-southeast-7;2026-08-29 00:18:02.370487;ac_21;Facilitate information sharing. Enable authorized users to grant access to partners.;Access Control (AC);;;aws;;PASS;S3 Bucket range-cloudtrail-<SANDBOX_ACCOUNT_ID> is not public.;arn:aws:s3:::range-cloudtrail-<SANDBOX_ACCOUNT_ID>;s3_bucket_public_access;False;range-cloudtrail-<SANDBOX_ACCOUNT_ID>;NIST-800-53-Revision-4;National Institute of Standards and Technology (NIST) 800-53 Revision 4;
aws;NIST 800-53 is a regulatory standard that defines the minimum baseline of security controls for all U.S. federal information systems except those related to national security. The controls defined in this standard are customizable and address a diverse set of security and privacy requirements.;<SANDBOX_ACCOUNT_ID>;ap-southeast-7;2026-08-29 00:18:02.370487;sc_7_3;The organization limits the number of external network connections to the information system.;System and Communications Protection (SC);Boundary Protection (SC-7);;aws;;PASS;S3 Bucket range-cloudtrail-<SANDBOX_ACCOUNT_ID> is not public.;arn:aws:s3:::range-cloudtrail-<SANDBOX_ACCOUNT_ID>;s3_bucket_public_access;False;range-cloudtrail-<SANDBOX_ACCOUNT_ID>;NIST-800-53-Revision-4;National Institute of Standards and Technology (NIST) 800-53 Revision 4;
aws;NIST 800-53 is a regulatory standard that defines the minimum baseline of security controls for all U.S. federal information systems except those related to national security. The controls defined in this standard are customizable and address a diverse set of security and privacy requirements.;<SANDBOX_ACCOUNT_ID>;ap-southeast-7;2026-08-29 00:18:02.370487;sc_7;"The information system: a. Monitors and controls communications at the external boundary of the system and at key internal boundaries within the system; b. Implements subnetworks for publicly accessible system components that are [Selection: physically; logically] separated from internal organizational networks; and c. Connects to external networks or information systems only through managed interfaces consisting of boundary protection devices arranged in accordance with an organizational security architecture.";System and Communications Protection (SC);;;aws;;PASS;S3 Bucket range-cloudtrail-<SANDBOX_ACCOUNT_ID> is not public.;arn:aws:s3:::range-cloudtrail-<SANDBOX_ACCOUNT_ID>;s3_bucket_public_access;False;range-cloudtrail-<SANDBOX_ACCOUNT_ID>;NIST-800-53-Revision-4;National Institute of Standards and Technology (NIST) 800-53 Revision 4;
aws;NIST 800-53 is a regulatory standard that defines the minimum baseline of security controls for all U.S. federal information systems except those related to national security. The controls defined in this standard are customizable and address a diverse set of security and privacy requirements.;<SANDBOX_ACCOUNT_ID>;ap-southeast-7;2026-08-29 00:18:02.370487;ac_3;The information system enforces approved authorizations for logical access to information and system resources in accordance with applicable access control policies.;Access Control (AC);;;aws;;PASS;S3 Bucket range-customer-data-<SANDBOX_ACCOUNT_ID> is not public.;arn:aws:s3:::range-customer-data-<SANDBOX_ACCOUNT_ID>;s3_bucket_public_access;False;range-customer-data-<SANDBOX_ACCOUNT_ID>;NIST-800-53-Revision-4;National Institute of Standards and Technology (NIST) 800-53 Revision 4;
aws;NIST 800-53 is a regulatory standard that defines the minimum baseline of security controls for all U.S. federal information systems except those related to national security. The controls defined in this standard are customizable and address a diverse set of security and privacy requirements.;<SANDBOX_ACCOUNT_ID>;ap-southeast-7;2026-08-29 00:18:02.370487;ac_4;The information system enforces approved authorizations for controlling the flow of information within the system and between interconnected systems based on organization-defined information flow control policies.;Access Control (AC);;;aws;;PASS;S3 Bucket range-customer-data-<SANDBOX_ACCOUNT_ID> is not public.;arn:aws:s3:::range-customer-data-<SANDBOX_ACCOUNT_ID>;s3_bucket_public_access;False;range-customer-data-<SANDBOX_ACCOUNT_ID>;NIST-800-53-Revision-4;National Institute of Standards and Technology (NIST) 800-53 Revision 4;
aws;NIST 800-53 is a regulatory standard that defines the minimum baseline of security controls for all U.S. federal information systems except those related to national security. The controls defined in this standard are customizable and address a diverse set of security and privacy requirements.;<SANDBOX_ACCOUNT_ID>;ap-southeast-7;2026-08-29 00:18:02.370487;ac_6;The organization employs the principle of least privilege, allowing only authorized accesses for users (or processes acting on behalf of users) which are necessary to accomplish assigned tasks in accordance with organizational missions and business functions.;Access Control (AC);;;aws;;PASS;S3 Bucket range-customer-data-<SANDBOX_ACCOUNT_ID> is not public.;arn:aws:s3:::range-customer-data-<SANDBOX_ACCOUNT_ID>;s3_bucket_public_access;False;range-customer-data-<SANDBOX_ACCOUNT_ID>;NIST-800-53-Revision-4;National Institute of Standards and Technology (NIST) 800-53 Revision 4;
aws;NIST 800-53 is a regulatory standard that defines the minimum baseline of security controls for all U.S. federal information systems except those related to national security. The controls defined in this standard are customizable and address a diverse set of security and privacy requirements.;<SANDBOX_ACCOUNT_ID>;ap-southeast-7;2026-08-29 00:18:02.370487;ac_21;Facilitate information sharing. Enable authorized users to grant access to partners.;Access Control (AC);;;aws;;PASS;S3 Bucket range-customer-data-<SANDBOX_ACCOUNT_ID> is not public.;arn:aws:s3:::range-customer-data-<SANDBOX_ACCOUNT_ID>;s3_bucket_public_access;False;range-customer-data-<SANDBOX_ACCOUNT_ID>;NIST-800-53-Revision-4;National Institute of Standards and Technology (NIST) 800-53 Revision 4;
aws;NIST 800-53 is a regulatory standard that defines the minimum baseline of security controls for all U.S. federal information systems except those related to national security. The controls defined in this standard are customizable and address a diverse set of security and privacy requirements.;<SANDBOX_ACCOUNT_ID>;ap-southeast-7;2026-08-29 00:18:02.370487;sc_7_3;The organization limits the number of external network connections to the information system.;System and Communications Protection (SC);Boundary Protection (SC-7);;aws;;PASS;S3 Bucket range-customer-data-<SANDBOX_ACCOUNT_ID> is not public.;arn:aws:s3:::range-customer-data-<SANDBOX_ACCOUNT_ID>;s3_bucket_public_access;False;range-customer-data-<SANDBOX_ACCOUNT_ID>;NIST-800-53-Revision-4;National Institute of Standards and Technology (NIST) 800-53 Revision 4;
aws;NIST 800-53 is a regulatory standard that defines the minimum baseline of security controls for all U.S. federal information systems except those related to national security. The controls defined in this standard are customizable and address a diverse set of security and privacy requirements.;<SANDBOX_ACCOUNT_ID>;ap-southeast-7;2026-08-29 00:18:02.370487;sc_7;"The information system: a. Monitors and controls communications at the external boundary of the system and at key internal boundaries within the system; b. Implements subnetworks for publicly accessible system components that are [Selection: physically; logically] separated from internal organizational networks; and c. Connects to external networks or information systems only through managed interfaces consisting of boundary protection devices arranged in accordance with an organizational security architecture.";System and Communications Protection (SC);;;aws;;PASS;S3 Bucket range-customer-data-<SANDBOX_ACCOUNT_ID> is not public.;arn:aws:s3:::range-customer-data-<SANDBOX_ACCOUNT_ID>;s3_bucket_public_access;False;range-customer-data-<SANDBOX_ACCOUNT_ID>;NIST-800-53-Revision-4;National Institute of Standards and Technology (NIST) 800-53 Revision 4;
aws;NIST 800-53 is a regulatory standard that defines the minimum baseline of security controls for all U.S. federal information systems except those related to national security. The controls defined in this standard are customizable and address a diverse set of security and privacy requirements.;<SANDBOX_ACCOUNT_ID>;ap-southeast-7;2026-08-29 00:18:02.370487;ac_3;The information system enforces approved authorizations for logical access to information and system resources in accordance with applicable access control policies.;Access Control (AC);;;aws;;PASS;S3 Bucket stratus-red-team-ct-stop-bucket-arzkiholin is not public.;arn:aws:s3:::stratus-red-team-ct-stop-bucket-arzkiholin;s3_bucket_public_access;False;stratus-red-team-ct-stop-bucket-arzkiholin;NIST-800-53-Revision-4;National Institute of Standards and Technology (NIST) 800-53 Revision 4;
aws;NIST 800-53 is a regulatory standard that defines the minimum baseline of security controls for all U.S. federal information systems except those related to national security. The controls defined in this standard are customizable and address a diverse set of security and privacy requirements.;<SANDBOX_ACCOUNT_ID>;ap-southeast-7;2026-08-29 00:18:02.370487;ac_4;The information system enforces approved authorizations for controlling the flow of information within the system and between interconnected systems based on organization-defined information flow control policies.;Access Control (AC);;;aws;;PASS;S3 Bucket stratus-red-team-ct-stop-bucket-arzkiholin is not public.;arn:aws:s3:::stratus-red-team-ct-stop-bucket-arzkiholin;s3_bucket_public_access;False;stratus-red-team-ct-stop-bucket-arzkiholin;NIST-800-53-Revision-4;National Institute of Standards and Technology (NIST) 800-53 Revision 4;
aws;NIST 800-53 is a regulatory standard that defines the minimum baseline of security controls for all U.S. federal information systems except those related to national security. The controls defined in this standard are customizable and address a diverse set of security and privacy requirements.;<SANDBOX_ACCOUNT_ID>;ap-southeast-7;2026-08-29 00:18:02.370487;ac_6;The organization employs the principle of least privilege, allowing only authorized accesses for users (or processes acting on behalf of users) which are necessary to accomplish assigned tasks in accordance with organizational missions and business functions.;Access Control (AC);;;aws;;PASS;S3 Bucket stratus-red-team-ct-stop-bucket-arzkiholin is not public.;arn:aws:s3:::stratus-red-team-ct-stop-bucket-arzkiholin;s3_bucket_public_access;False;stratus-red-team-ct-stop-bucket-arzkiholin;NIST-800-53-Revision-4;National Institute of Standards and Technology (NIST) 800-53 Revision 4;
aws;NIST 800-53 is a regulatory standard that defines the minimum baseline of security controls for all U.S. federal information systems except those related to national security. The controls defined in this standard are customizable and address a diverse set of security and privacy requirements.;<SANDBOX_ACCOUNT_ID>;ap-southeast-7;2026-08-29 00:18:02.370487;ac_21;Facilitate information sharing. Enable authorized users to grant access to partners.;Access Control (AC);;;aws;;PASS;S3 Bucket stratus-red-team-ct-stop-bucket-arzkiholin is not public.;arn:aws:s3:::stratus-red-team-ct-stop-bucket-arzkiholin;s3_bucket_public_access;False;stratus-red-team-ct-stop-bucket-arzkiholin;NIST-800-53-Revision-4;National Institute of Standards and Technology (NIST) 800-53 Revision 4;
aws;NIST 800-53 is a regulatory standard that defines the minimum baseline of security controls for all U.S. federal information systems except those related to national security. The controls defined in this standard are customizable and address a diverse set of security and privacy requirements.;<SANDBOX_ACCOUNT_ID>;ap-southeast-7;2026-08-29 00:18:02.370487;sc_7_3;The organization limits the number of external network connections to the information system.;System and Communications Protection (SC);Boundary Protection (SC-7);;aws;;PASS;S3 Bucket stratus-red-team-ct-stop-bucket-arzkiholin is not public.;arn:aws:s3:::stratus-red-team-ct-stop-bucket-arzkiholin;s3_bucket_public_access;False;stratus-red-team-ct-stop-bucket-arzkiholin;NIST-800-53-Revision-4;National Institute of Standards and Technology (NIST) 800-53 Revision 4;
aws;NIST 800-53 is a regulatory standard that defines the minimum baseline of security controls for all U.S. federal information systems except those related to national security. The controls defined in this standard are customizable and address a diverse set of security and privacy requirements.;<SANDBOX_ACCOUNT_ID>;ap-southeast-7;2026-08-29 00:18:02.370487;sc_7;"The information system: a. Monitors and controls communications at the external boundary of the system and at key internal boundaries within the system; b. Implements subnetworks for publicly accessible system components that are [Selection: physically; logically] separated from internal organizational networks; and c. Connects to external networks or information systems only through managed interfaces consisting of boundary protection devices arranged in accordance with an organizational security architecture.";System and Communications Protection (SC);;;aws;;PASS;S3 Bucket stratus-red-team-ct-stop-bucket-arzkiholin is not public.;arn:aws:s3:::stratus-red-team-ct-stop-bucket-arzkiholin;s3_bucket_public_access;False;stratus-red-team-ct-stop-bucket-arzkiholin;NIST-800-53-Revision-4;National Institute of Standards and Technology (NIST) 800-53 Revision 4;
aws;NIST 800-53 is a regulatory standard that defines the minimum baseline of security controls for all U.S. federal information systems except those related to national security. The controls defined in this standard are customizable and address a diverse set of security and privacy requirements.;<SANDBOX_ACCOUNT_ID>;ap-southeast-7;2026-08-29 00:18:02.370487;ac_17_2;The information system implements cryptographic mechanisms to protect the confidentiality and integrity of remote access sessions.;Access Control (AC);;;aws;;FAIL;S3 Bucket range-cloudtrail-<SANDBOX_ACCOUNT_ID> allows requests over insecure transport in the bucket policy.;arn:aws:s3:::range-cloudtrail-<SANDBOX_ACCOUNT_ID>;s3_bucket_secure_transport_policy;False;range-cloudtrail-<SANDBOX_ACCOUNT_ID>;NIST-800-53-Revision-4;National Institute of Standards and Technology (NIST) 800-53 Revision 4;
aws;NIST 800-53 is a regulatory standard that defines the minimum baseline of security controls for all U.S. federal information systems except those related to national security. The controls defined in this standard are customizable and address a diverse set of security and privacy requirements.;<SANDBOX_ACCOUNT_ID>;ap-southeast-7;2026-08-29 00:18:02.370487;sc_7;"The information system: a. Monitors and controls communications at the external boundary of the system and at key internal boundaries within the system; b. Implements subnetworks for publicly accessible system components that are [Selection: physically; logically] separated from internal organizational networks; and c. Connects to external networks or information systems only through managed interfaces consisting of boundary protection devices arranged in accordance with an organizational security architecture.";System and Communications Protection (SC);;;aws;;FAIL;S3 Bucket range-cloudtrail-<SANDBOX_ACCOUNT_ID> allows requests over insecure transport in the bucket policy.;arn:aws:s3:::range-cloudtrail-<SANDBOX_ACCOUNT_ID>;s3_bucket_secure_transport_policy;False;range-cloudtrail-<SANDBOX_ACCOUNT_ID>;NIST-800-53-Revision-4;National Institute of Standards and Technology (NIST) 800-53 Revision 4;
aws;NIST 800-53 is a regulatory standard that defines the minimum baseline of security controls for all U.S. federal information systems except those related to national security. The controls defined in this standard are customizable and address a diverse set of security and privacy requirements.;<SANDBOX_ACCOUNT_ID>;ap-southeast-7;2026-08-29 00:18:02.370487;sc_8_1;"The information system implements cryptographic mechanisms to [Selection (one or more): prevent unauthorized disclosure of information; detect changes to information] during transmission unless otherwise protected by [Assignment: organization-defined alternative physical safeguards].";System and Communications Protection (SC);Transmission Confidentiality And Integrity (SC-8);;aws;;FAIL;S3 Bucket range-cloudtrail-<SANDBOX_ACCOUNT_ID> allows requests over insecure transport in the bucket policy.;arn:aws:s3:::range-cloudtrail-<SANDBOX_ACCOUNT_ID>;s3_bucket_secure_transport_policy;False;range-cloudtrail-<SANDBOX_ACCOUNT_ID>;NIST-800-53-Revision-4;National Institute of Standards and Technology (NIST) 800-53 Revision 4;
aws;NIST 800-53 is a regulatory standard that defines the minimum baseline of security controls for all U.S. federal information systems except those related to national security. The controls defined in this standard are customizable and address a diverse set of security and privacy requirements.;<SANDBOX_ACCOUNT_ID>;ap-southeast-7;2026-08-29 00:18:02.370487;sc_8;"The information system protects the [Selection (one or more): confidentiality; integrity] of transmitted information.";System and Communications Protection (SC);;;aws;;FAIL;S3 Bucket range-cloudtrail-<SANDBOX_ACCOUNT_ID> allows requests over insecure transport in the bucket policy.;arn:aws:s3:::range-cloudtrail-<SANDBOX_ACCOUNT_ID>;s3_bucket_secure_transport_policy;False;range-cloudtrail-<SANDBOX_ACCOUNT_ID>;NIST-800-53-Revision-4;National Institute of Standards and Technology (NIST) 800-53 Revision 4;
aws;NIST 800-53 is a regulatory standard that defines the minimum baseline of security controls for all U.S. federal information systems except those related to national security. The controls defined in this standard are customizable and address a diverse set of security and privacy requirements.;<SANDBOX_ACCOUNT_ID>;ap-southeast-7;2026-08-29 00:18:02.370487;ac_17_2;The information system implements cryptographic mechanisms to protect the confidentiality and integrity of remote access sessions.;Access Control (AC);;;aws;;FAIL;S3 Bucket range-customer-data-<SANDBOX_ACCOUNT_ID> allows requests over insecure transport in the bucket policy.;arn:aws:s3:::range-customer-data-<SANDBOX_ACCOUNT_ID>;s3_bucket_secure_transport_policy;False;range-customer-data-<SANDBOX_ACCOUNT_ID>;NIST-800-53-Revision-4;National Institute of Standards and Technology (NIST) 800-53 Revision 4;
aws;NIST 800-53 is a regulatory standard that defines the minimum baseline of security controls for all U.S. federal information systems except those related to national security. The controls defined in this standard are customizable and address a diverse set of security and privacy requirements.;<SANDBOX_ACCOUNT_ID>;ap-southeast-7;2026-08-29 00:18:02.370487;sc_7;"The information system: a. Monitors and controls communications at the external boundary of the system and at key internal boundaries within the system; b. Implements subnetworks for publicly accessible system components that are [Selection: physically; logically] separated from internal organizational networks; and c. Connects to external networks or information systems only through managed interfaces consisting of boundary protection devices arranged in accordance with an organizational security architecture.";System and Communications Protection (SC);;;aws;;FAIL;S3 Bucket range-customer-data-<SANDBOX_ACCOUNT_ID> allows requests over insecure transport in the bucket policy.;arn:aws:s3:::range-customer-data-<SANDBOX_ACCOUNT_ID>;s3_bucket_secure_transport_policy;False;range-customer-data-<SANDBOX_ACCOUNT_ID>;NIST-800-53-Revision-4;National Institute of Standards and Technology (NIST) 800-53 Revision 4;
aws;NIST 800-53 is a regulatory standard that defines the minimum baseline of security controls for all U.S. federal information systems except those related to national security. The controls defined in this standard are customizable and address a diverse set of security and privacy requirements.;<SANDBOX_ACCOUNT_ID>;ap-southeast-7;2026-08-29 00:18:02.370487;sc_8_1;"The information system implements cryptographic mechanisms to [Selection (one or more): prevent unauthorized disclosure of information; detect changes to information] during transmission unless otherwise protected by [Assignment: organization-defined alternative physical safeguards].";System and Communications Protection (SC);Transmission Confidentiality And Integrity (SC-8);;aws;;FAIL;S3 Bucket range-customer-data-<SANDBOX_ACCOUNT_ID> allows requests over insecure transport in the bucket policy.;arn:aws:s3:::range-customer-data-<SANDBOX_ACCOUNT_ID>;s3_bucket_secure_transport_policy;False;range-customer-data-<SANDBOX_ACCOUNT_ID>;NIST-800-53-Revision-4;National Institute of Standards and Technology (NIST) 800-53 Revision 4;
aws;NIST 800-53 is a regulatory standard that defines the minimum baseline of security controls for all U.S. federal information systems except those related to national security. The controls defined in this standard are customizable and address a diverse set of security and privacy requirements.;<SANDBOX_ACCOUNT_ID>;ap-southeast-7;2026-08-29 00:18:02.370487;sc_8;"The information system protects the [Selection (one or more): confidentiality; integrity] of transmitted information.";System and Communications Protection (SC);;;aws;;FAIL;S3 Bucket range-customer-data-<SANDBOX_ACCOUNT_ID> allows requests over insecure transport in the bucket policy.;arn:aws:s3:::range-customer-data-<SANDBOX_ACCOUNT_ID>;s3_bucket_secure_transport_policy;False;range-customer-data-<SANDBOX_ACCOUNT_ID>;NIST-800-53-Revision-4;National Institute of Standards and Technology (NIST) 800-53 Revision 4;
aws;NIST 800-53 is a regulatory standard that defines the minimum baseline of security controls for all U.S. federal information systems except those related to national security. The controls defined in this standard are customizable and address a diverse set of security and privacy requirements.;<SANDBOX_ACCOUNT_ID>;ap-southeast-7;2026-08-29 00:18:02.370487;ac_17_2;The information system implements cryptographic mechanisms to protect the confidentiality and integrity of remote access sessions.;Access Control (AC);;;aws;;FAIL;S3 Bucket stratus-red-team-ct-stop-bucket-arzkiholin allows requests over insecure transport in the bucket policy.;arn:aws:s3:::stratus-red-team-ct-stop-bucket-arzkiholin;s3_bucket_secure_transport_policy;False;stratus-red-team-ct-stop-bucket-arzkiholin;NIST-800-53-Revision-4;National Institute of Standards and Technology (NIST) 800-53 Revision 4;
aws;NIST 800-53 is a regulatory standard that defines the minimum baseline of security controls for all U.S. federal information systems except those related to national security. The controls defined in this standard are customizable and address a diverse set of security and privacy requirements.;<SANDBOX_ACCOUNT_ID>;ap-southeast-7;2026-08-29 00:18:02.370487;sc_7;"The information system: a. Monitors and controls communications at the external boundary of the system and at key internal boundaries within the system; b. Implements subnetworks for publicly accessible system components that are [Selection: physically; logically] separated from internal organizational networks; and c. Connects to external networks or information systems only through managed interfaces consisting of boundary protection devices arranged in accordance with an organizational security architecture.";System and Communications Protection (SC);;;aws;;FAIL;S3 Bucket stratus-red-team-ct-stop-bucket-arzkiholin allows requests over insecure transport in the bucket policy.;arn:aws:s3:::stratus-red-team-ct-stop-bucket-arzkiholin;s3_bucket_secure_transport_policy;False;stratus-red-team-ct-stop-bucket-arzkiholin;NIST-800-53-Revision-4;National Institute of Standards and Technology (NIST) 800-53 Revision 4;
aws;NIST 800-53 is a regulatory standard that defines the minimum baseline of security controls for all U.S. federal information systems except those related to national security. The controls defined in this standard are customizable and address a diverse set of security and privacy requirements.;<SANDBOX_ACCOUNT_ID>;ap-southeast-7;2026-08-29 00:18:02.370487;sc_8_1;"The information system implements cryptographic mechanisms to [Selection (one or more): prevent unauthorized disclosure of information; detect changes to information] during transmission unless otherwise protected by [Assignment: organization-defined alternative physical safeguards].";System and Communications Protection (SC);Transmission Confidentiality And Integrity (SC-8);;aws;;FAIL;S3 Bucket stratus-red-team-ct-stop-bucket-arzkiholin allows requests over insecure transport in the bucket policy.;arn:aws:s3:::stratus-red-team-ct-stop-bucket-arzkiholin;s3_bucket_secure_transport_policy;False;stratus-red-team-ct-stop-bucket-arzkiholin;NIST-800-53-Revision-4;National Institute of Standards and Technology (NIST) 800-53 Revision 4;
aws;NIST 800-53 is a regulatory standard that defines the minimum baseline of security controls for all U.S. federal information systems except those related to national security. The controls defined in this standard are customizable and address a diverse set of security and privacy requirements.;<SANDBOX_ACCOUNT_ID>;ap-southeast-7;2026-08-29 00:18:02.370487;sc_8;"The information system protects the [Selection (one or more): confidentiality; integrity] of transmitted information.";System and Communications Protection (SC);;;aws;;FAIL;S3 Bucket stratus-red-team-ct-stop-bucket-arzkiholin allows requests over insecure transport in the bucket policy.;arn:aws:s3:::stratus-red-team-ct-stop-bucket-arzkiholin;s3_bucket_secure_transport_policy;False;stratus-red-team-ct-stop-bucket-arzkiholin;NIST-800-53-Revision-4;National Institute of Standards and Technology (NIST) 800-53 Revision 4;
aws;NIST 800-53 is a regulatory standard that defines the minimum baseline of security controls for all U.S. federal information systems except those related to national security. The controls defined in this standard are customizable and address a diverse set of security and privacy requirements.;<SANDBOX_ACCOUNT_ID>;ap-southeast-7;2026-08-29 00:18:02.370487;ac_2;Manage system accounts, group memberships, privileges, workflow, notifications, deactivations, and authorizations.;Access Control (AC);;;aws;;FAIL;S3 Bucket range-cloudtrail-<SANDBOX_ACCOUNT_ID> has server access logging disabled.;arn:aws:s3:::range-cloudtrail-<SANDBOX_ACCOUNT_ID>;s3_bucket_server_access_logging_enabled;False;range-cloudtrail-<SANDBOX_ACCOUNT_ID>;NIST-800-53-Revision-4;National Institute of Standards and Technology (NIST) 800-53 Revision 4;
aws;NIST 800-53 is a regulatory standard that defines the minimum baseline of security controls for all U.S. federal information systems except those related to national security. The controls defined in this standard are customizable and address a diverse set of security and privacy requirements.;<SANDBOX_ACCOUNT_ID>;ap-southeast-7;2026-08-29 00:18:02.370487;au_2;Automate security audit function with other organizational entities. Enable mutual support of audit of auditable events.;Audit and Accountability (AU);;;aws;;FAIL;S3 Bucket range-cloudtrail-<SANDBOX_ACCOUNT_ID> has server access logging disabled.;arn:aws:s3:::range-cloudtrail-<SANDBOX_ACCOUNT_ID>;s3_bucket_server_access_logging_enabled;False;range-cloudtrail-<SANDBOX_ACCOUNT_ID>;NIST-800-53-Revision-4;National Institute of Standards and Technology (NIST) 800-53 Revision 4;
aws;NIST 800-53 is a regulatory standard that defines the minimum baseline of security controls for all U.S. federal information systems except those related to national security. The controls defined in this standard are customizable and address a diverse set of security and privacy requirements.;<SANDBOX_ACCOUNT_ID>;ap-southeast-7;2026-08-29 00:18:02.370487;au_3;The information system generates audit records containing information that establishes what type of event occurred, when the event occurred, where the event occurred, the source of the event, the outcome of the event, and the identity of any individuals or subjects associated with the event.;Audit and Accountability (AU);;;aws;;FAIL;S3 Bucket range-cloudtrail-<SANDBOX_ACCOUNT_ID> has server access logging disabled.;arn:aws:s3:::range-cloudtrail-<SANDBOX_ACCOUNT_ID>;s3_bucket_server_access_logging_enabled;False;range-cloudtrail-<SANDBOX_ACCOUNT_ID>;NIST-800-53-Revision-4;National Institute of Standards and Technology (NIST) 800-53 Revision 4;
aws;NIST 800-53 is a regulatory standard that defines the minimum baseline of security controls for all U.S. federal information systems except those related to national security. The controls defined in this standard are customizable and address a diverse set of security and privacy requirements.;<SANDBOX_ACCOUNT_ID>;ap-southeast-7;2026-08-29 00:18:02.370487;au_12;Audit events defined in AU-2. Allow trusted personnel to select which events to audit. Generate audit records for events.;Audit and Accountability (AU);;;aws;;FAIL;S3 Bucket range-cloudtrail-<SANDBOX_ACCOUNT_ID> has server access logging disabled.;arn:aws:s3:::range-cloudtrail-<SANDBOX_ACCOUNT_ID>;s3_bucket_server_access_logging_enabled;False;range-cloudtrail-<SANDBOX_ACCOUNT_ID>;NIST-800-53-Revision-4;National Institute of Standards and Technology (NIST) 800-53 Revision 4;
aws;NIST 800-53 is a regulatory standard that defines the minimum baseline of security controls for all U.S. federal information systems except those related to national security. The controls defined in this standard are customizable and address a diverse set of security and privacy requirements.;<SANDBOX_ACCOUNT_ID>;ap-southeast-7;2026-08-29 00:18:02.370487;ac_2;Manage system accounts, group memberships, privileges, workflow, notifications, deactivations, and authorizations.;Access Control (AC);;;aws;;FAIL;S3 Bucket range-customer-data-<SANDBOX_ACCOUNT_ID> has server access logging disabled.;arn:aws:s3:::range-customer-data-<SANDBOX_ACCOUNT_ID>;s3_bucket_server_access_logging_enabled;False;range-customer-data-<SANDBOX_ACCOUNT_ID>;NIST-800-53-Revision-4;National Institute of Standards and Technology (NIST) 800-53 Revision 4;
aws;NIST 800-53 is a regulatory standard that defines the minimum baseline of security controls for all U.S. federal information systems except those related to national security. The controls defined in this standard are customizable and address a diverse set of security and privacy requirements.;<SANDBOX_ACCOUNT_ID>;ap-southeast-7;2026-08-29 00:18:02.370487;au_2;Automate security audit function with other organizational entities. Enable mutual support of audit of auditable events.;Audit and Accountability (AU);;;aws;;FAIL;S3 Bucket range-customer-data-<SANDBOX_ACCOUNT_ID> has server access logging disabled.;arn:aws:s3:::range-customer-data-<SANDBOX_ACCOUNT_ID>;s3_bucket_server_access_logging_enabled;False;range-customer-data-<SANDBOX_ACCOUNT_ID>;NIST-800-53-Revision-4;National Institute of Standards and Technology (NIST) 800-53 Revision 4;
aws;NIST 800-53 is a regulatory standard that defines the minimum baseline of security controls for all U.S. federal information systems except those related to national security. The controls defined in this standard are customizable and address a diverse set of security and privacy requirements.;<SANDBOX_ACCOUNT_ID>;ap-southeast-7;2026-08-29 00:18:02.370487;au_3;The information system generates audit records containing information that establishes what type of event occurred, when the event occurred, where the event occurred, the source of the event, the outcome of the event, and the identity of any individuals or subjects associated with the event.;Audit and Accountability (AU);;;aws;;FAIL;S3 Bucket range-customer-data-<SANDBOX_ACCOUNT_ID> has server access logging disabled.;arn:aws:s3:::range-customer-data-<SANDBOX_ACCOUNT_ID>;s3_bucket_server_access_logging_enabled;False;range-customer-data-<SANDBOX_ACCOUNT_ID>;NIST-800-53-Revision-4;National Institute of Standards and Technology (NIST) 800-53 Revision 4;
aws;NIST 800-53 is a regulatory standard that defines the minimum baseline of security controls for all U.S. federal information systems except those related to national security. The controls defined in this standard are customizable and address a diverse set of security and privacy requirements.;<SANDBOX_ACCOUNT_ID>;ap-southeast-7;2026-08-29 00:18:02.370487;au_12;Audit events defined in AU-2. Allow trusted personnel to select which events to audit. Generate audit records for events.;Audit and Accountability (AU);;;aws;;FAIL;S3 Bucket range-customer-data-<SANDBOX_ACCOUNT_ID> has server access logging disabled.;arn:aws:s3:::range-customer-data-<SANDBOX_ACCOUNT_ID>;s3_bucket_server_access_logging_enabled;False;range-customer-data-<SANDBOX_ACCOUNT_ID>;NIST-800-53-Revision-4;National Institute of Standards and Technology (NIST) 800-53 Revision 4;
aws;NIST 800-53 is a regulatory standard that defines the minimum baseline of security controls for all U.S. federal information systems except those related to national security. The controls defined in this standard are customizable and address a diverse set of security and privacy requirements.;<SANDBOX_ACCOUNT_ID>;ap-southeast-7;2026-08-29 00:18:02.370487;ac_2;Manage system accounts, group memberships, privileges, workflow, notifications, deactivations, and authorizations.;Access Control (AC);;;aws;;FAIL;S3 Bucket stratus-red-team-ct-stop-bucket-arzkiholin has server access logging disabled.;arn:aws:s3:::stratus-red-team-ct-stop-bucket-arzkiholin;s3_bucket_server_access_logging_enabled;False;stratus-red-team-ct-stop-bucket-arzkiholin;NIST-800-53-Revision-4;National Institute of Standards and Technology (NIST) 800-53 Revision 4;
aws;NIST 800-53 is a regulatory standard that defines the minimum baseline of security controls for all U.S. federal information systems except those related to national security. The controls defined in this standard are customizable and address a diverse set of security and privacy requirements.;<SANDBOX_ACCOUNT_ID>;ap-southeast-7;2026-08-29 00:18:02.370487;au_2;Automate security audit function with other organizational entities. Enable mutual support of audit of auditable events.;Audit and Accountability (AU);;;aws;;FAIL;S3 Bucket stratus-red-team-ct-stop-bucket-arzkiholin has server access logging disabled.;arn:aws:s3:::stratus-red-team-ct-stop-bucket-arzkiholin;s3_bucket_server_access_logging_enabled;False;stratus-red-team-ct-stop-bucket-arzkiholin;NIST-800-53-Revision-4;National Institute of Standards and Technology (NIST) 800-53 Revision 4;
aws;NIST 800-53 is a regulatory standard that defines the minimum baseline of security controls for all U.S. federal information systems except those related to national security. The controls defined in this standard are customizable and address a diverse set of security and privacy requirements.;<SANDBOX_ACCOUNT_ID>;ap-southeast-7;2026-08-29 00:18:02.370487;au_3;The information system generates audit records containing information that establishes what type of event occurred, when the event occurred, where the event occurred, the source of the event, the outcome of the event, and the identity of any individuals or subjects associated with the event.;Audit and Accountability (AU);;;aws;;FAIL;S3 Bucket stratus-red-team-ct-stop-bucket-arzkiholin has server access logging disabled.;arn:aws:s3:::stratus-red-team-ct-stop-bucket-arzkiholin;s3_bucket_server_access_logging_enabled;False;stratus-red-team-ct-stop-bucket-arzkiholin;NIST-800-53-Revision-4;National Institute of Standards and Technology (NIST) 800-53 Revision 4;
aws;NIST 800-53 is a regulatory standard that defines the minimum baseline of security controls for all U.S. federal information systems except those related to national security. The controls defined in this standard are customizable and address a diverse set of security and privacy requirements.;<SANDBOX_ACCOUNT_ID>;ap-southeast-7;2026-08-29 00:18:02.370487;au_12;Audit events defined in AU-2. Allow trusted personnel to select which events to audit. Generate audit records for events.;Audit and Accountability (AU);;;aws;;FAIL;S3 Bucket stratus-red-team-ct-stop-bucket-arzkiholin has server access logging disabled.;arn:aws:s3:::stratus-red-team-ct-stop-bucket-arzkiholin;s3_bucket_server_access_logging_enabled;False;stratus-red-team-ct-stop-bucket-arzkiholin;NIST-800-53-Revision-4;National Institute of Standards and Technology (NIST) 800-53 Revision 4;
aws;NIST 800-53 is a regulatory standard that defines the minimum baseline of security controls for all U.S. federal information systems except those related to national security. The controls defined in this standard are customizable and address a diverse set of security and privacy requirements.;<SANDBOX_ACCOUNT_ID>;ap-southeast-7;2026-08-29 00:18:02.370487;ac_2_1;Access control policies (e.g., identity or role-based policies, control matrices, and cryptography) control access between active entities or subjects (i.e., users or processes acting on behalf of users) and passive entities or objects (e.g., devices, files, records, and domains) in systems. Access enforcement mechanisms can be employed at the application and service level to provide increased information security. Other systems include systems internal and external to the organization. This requirement focuses on account management for systems and applications. The definition of and enforcement of access authorizations, other than those determined by account type (e.g., privileged verses non-privileged) are addressed in requirement 3.1.2.;Access Control (AC);Account Management (AC-2);;aws;;FAIL;Security Hub is not enabled.;arn:aws:securityhub:ap-southeast-7:<SANDBOX_ACCOUNT_ID>:hub/unknown;securityhub_enabled;False;hub/unknown;NIST-800-53-Revision-4;National Institute of Standards and Technology (NIST) 800-53 Revision 4;
aws;NIST 800-53 is a regulatory standard that defines the minimum baseline of security controls for all U.S. federal information systems except those related to national security. The controls defined in this standard are customizable and address a diverse set of security and privacy requirements.;<SANDBOX_ACCOUNT_ID>;ap-southeast-7;2026-08-29 00:18:02.370487;ac_2_4;The information system automatically audits account creation, modification, enabling, disabling, and removal actions, and notifies [Assignment: organization-defined personnel or roles].;Access Control (AC);Account Management (AC-2);;aws;;FAIL;Security Hub is not enabled.;arn:aws:securityhub:ap-southeast-7:<SANDBOX_ACCOUNT_ID>:hub/unknown;securityhub_enabled;False;hub/unknown;NIST-800-53-Revision-4;National Institute of Standards and Technology (NIST) 800-53 Revision 4;
aws;NIST 800-53 is a regulatory standard that defines the minimum baseline of security controls for all U.S. federal information systems except those related to national security. The controls defined in this standard are customizable and address a diverse set of security and privacy requirements.;<SANDBOX_ACCOUNT_ID>;ap-southeast-7;2026-08-29 00:18:02.370487;ac_2_12;Monitors and reports atypical usage of information system accounts to organization-defined personnel or roles.;Access Control (AC);Account Management (AC-2);;aws;;FAIL;Security Hub is not enabled.;arn:aws:securityhub:ap-southeast-7:<SANDBOX_ACCOUNT_ID>:hub/unknown;securityhub_enabled;False;hub/unknown;NIST-800-53-Revision-4;National Institute of Standards and Technology (NIST) 800-53 Revision 4;
aws;NIST 800-53 is a regulatory standard that defines the minimum baseline of security controls for all U.S. federal information systems except those related to national security. The controls defined in this standard are customizable and address a diverse set of security and privacy requirements.;<SANDBOX_ACCOUNT_ID>;ap-southeast-7;2026-08-29 00:18:02.370487;ac_2;Manage system accounts, group memberships, privileges, workflow, notifications, deactivations, and authorizations.;Access Control (AC);;;aws;;FAIL;Security Hub is not enabled.;arn:aws:securityhub:ap-southeast-7:<SANDBOX_ACCOUNT_ID>:hub/unknown;securityhub_enabled;False;hub/unknown;NIST-800-53-Revision-4;National Institute of Standards and Technology (NIST) 800-53 Revision 4;
aws;NIST 800-53 is a regulatory standard that defines the minimum baseline of security controls for all U.S. federal information systems except those related to national security. The controls defined in this standard are customizable and address a diverse set of security and privacy requirements.;<SANDBOX_ACCOUNT_ID>;ap-southeast-7;2026-08-29 00:18:02.370487;ac_17_1;The information system monitors and controls remote access methods.;Access Control (AC);;;aws;;FAIL;Security Hub is not enabled.;arn:aws:securityhub:ap-southeast-7:<SANDBOX_ACCOUNT_ID>:hub/unknown;securityhub_enabled;False;hub/unknown;NIST-800-53-Revision-4;National Institute of Standards and Technology (NIST) 800-53 Revision 4;
aws;NIST 800-53 is a regulatory standard that defines the minimum baseline of security controls for all U.S. federal information systems except those related to national security. The controls defined in this standard are customizable and address a diverse set of security and privacy requirements.;<SANDBOX_ACCOUNT_ID>;ap-southeast-7;2026-08-29 00:18:02.370487;au_6_1;The organization employs automated mechanisms to integrate audit review, analysis,and reporting processes to support organizational processes for investigation and response to suspicious activities.;Audit and Accountability (AU);Audit Review, Analysis And Reporting (AU-6);;aws;;FAIL;Security Hub is not enabled.;arn:aws:securityhub:ap-southeast-7:<SANDBOX_ACCOUNT_ID>:hub/unknown;securityhub_enabled;False;hub/unknown;NIST-800-53-Revision-4;National Institute of Standards and Technology (NIST) 800-53 Revision 4;
aws;NIST 800-53 is a regulatory standard that defines the minimum baseline of security controls for all U.S. federal information systems except those related to national security. The controls defined in this standard are customizable and address a diverse set of security and privacy requirements.;<SANDBOX_ACCOUNT_ID>;ap-southeast-7;2026-08-29 00:18:02.370487;au_6_3;The organization analyzes and correlates audit records across different repositories to gain organization-wide situational awareness.;Audit and Accountability (AU);Audit Review, Analysis And Reporting (AU-6);;aws;;FAIL;Security Hub is not enabled.;arn:aws:securityhub:ap-southeast-7:<SANDBOX_ACCOUNT_ID>:hub/unknown;securityhub_enabled;False;hub/unknown;NIST-800-53-Revision-4;National Institute of Standards and Technology (NIST) 800-53 Revision 4;
aws;NIST 800-53 is a regulatory standard that defines the minimum baseline of security controls for all U.S. federal information systems except those related to national security. The controls defined in this standard are customizable and address a diverse set of security and privacy requirements.;<SANDBOX_ACCOUNT_ID>;ap-southeast-7;2026-08-29 00:18:02.370487;ca_7;Continuously monitor configuration management processes. Determine security impact, environment and operational risks.;Security Assessment And Authorization (CA);;;aws;;FAIL;Security Hub is not enabled.;arn:aws:securityhub:ap-southeast-7:<SANDBOX_ACCOUNT_ID>:hub/unknown;securityhub_enabled;False;hub/unknown;NIST-800-53-Revision-4;National Institute of Standards and Technology (NIST) 800-53 Revision 4;
aws;NIST 800-53 is a regulatory standard that defines the minimum baseline of security controls for all U.S. federal information systems except those related to national security. The controls defined in this standard are customizable and address a diverse set of security and privacy requirements.;<SANDBOX_ACCOUNT_ID>;ap-southeast-7;2026-08-29 00:18:02.370487;sa_10;"The organization requires the developer of the information system, system component, or information system service to: a. Perform configuration management during system, component, or service [Selection (one or more): design; development; implementation; operation]; b. Document, manage, and control the integrity of changes to [Assignment: organization-defined configuration items under configuration management]; c. Implement only organization-approved changes to the system, component, or service; d. Document approved changes to the system, component, or service and the potential security impacts of such changes; and e. Track security flaws and flaw resolution within the system, component, or service and report findings to [Assignment: organization-defined personnel].";System and Services Acquisition (SA);;;aws;;FAIL;Security Hub is not enabled.;arn:aws:securityhub:ap-southeast-7:<SANDBOX_ACCOUNT_ID>:hub/unknown;securityhub_enabled;False;hub/unknown;NIST-800-53-Revision-4;National Institute of Standards and Technology (NIST) 800-53 Revision 4;
aws;NIST 800-53 is a regulatory standard that defines the minimum baseline of security controls for all U.S. federal information systems except those related to national security. The controls defined in this standard are customizable and address a diverse set of security and privacy requirements.;<SANDBOX_ACCOUNT_ID>;ap-southeast-7;2026-08-29 00:18:02.370487;si_4_2;The organization employs automated tools to support near real-time analysis of events.;System and Information Integrity (SI);Information System Monitoring (SI-4);;aws;;FAIL;Security Hub is not enabled.;arn:aws:securityhub:ap-southeast-7:<SANDBOX_ACCOUNT_ID>:hub/unknown;securityhub_enabled;False;hub/unknown;NIST-800-53-Revision-4;National Institute of Standards and Technology (NIST) 800-53 Revision 4;
aws;NIST 800-53 is a regulatory standard that defines the minimum baseline of security controls for all U.S. federal information systems except those related to national security. The controls defined in this standard are customizable and address a diverse set of security and privacy requirements.;<SANDBOX_ACCOUNT_ID>;ap-southeast-7;2026-08-29 00:18:02.370487;si_4_4;The information system monitors inbound and outbound communications traffic continuously for unusual or unauthorized activities or conditions.;System and Information Integrity (SI);Information System Monitoring (SI-4);;aws;;FAIL;Security Hub is not enabled.;arn:aws:securityhub:ap-southeast-7:<SANDBOX_ACCOUNT_ID>:hub/unknown;securityhub_enabled;False;hub/unknown;NIST-800-53-Revision-4;National Institute of Standards and Technology (NIST) 800-53 Revision 4;
aws;NIST 800-53 is a regulatory standard that defines the minimum baseline of security controls for all U.S. federal information systems except those related to national security. The controls defined in this standard are customizable and address a diverse set of security and privacy requirements.;<SANDBOX_ACCOUNT_ID>;ap-southeast-7;2026-08-29 00:18:02.370487;si_4_5;The information system alerts organization-defined personnel or roles when the following indications of compromise or potential compromise occur: [Assignment: organization-defined compromise indicators].;System and Information Integrity (SI);Information System Monitoring (SI-4);;aws;;FAIL;Security Hub is not enabled.;arn:aws:securityhub:ap-southeast-7:<SANDBOX_ACCOUNT_ID>:hub/unknown;securityhub_enabled;False;hub/unknown;NIST-800-53-Revision-4;National Institute of Standards and Technology (NIST) 800-53 Revision 4;
aws;NIST 800-53 is a regulatory standard that defines the minimum baseline of security controls for all U.S. federal information systems except those related to national security. The controls defined in this standard are customizable and address a diverse set of security and privacy requirements.;<SANDBOX_ACCOUNT_ID>;ap-southeast-7;2026-08-29 00:18:02.370487;si_4_16;The organization correlates information from monitoring tools employed throughout the information system.;System and Information Integrity (SI);Information System Monitoring (SI-4);;aws;;FAIL;Security Hub is not enabled.;arn:aws:securityhub:ap-southeast-7:<SANDBOX_ACCOUNT_ID>:hub/unknown;securityhub_enabled;False;hub/unknown;NIST-800-53-Revision-4;National Institute of Standards and Technology (NIST) 800-53 Revision 4;
aws;NIST 800-53 is a regulatory standard that defines the minimum baseline of security controls for all U.S. federal information systems except those related to national security. The controls defined in this standard are customizable and address a diverse set of security and privacy requirements.;<SANDBOX_ACCOUNT_ID>;ap-southeast-7;2026-08-29 00:18:02.370487;si_4;"The organization: a.Monitors the information system to detect: 1. Attacks and indicators of potential attacks in accordance with [Assignment: organization-defined monitoring objectives]; and 2.Unauthorized local, network, and remote connections; b. Identifies unauthorized use of the information system through [Assignment: organization-defined techniques and methods]; c. Deploys monitoring devices: 1. Strategically within the information system to collect organization-determined essential information; and 2. At ad hoc locations within the system to track specific types of transactions of interest to the organization; d. Protects information obtained from intrusion-monitoring tools from unauthorized access, modification, and deletion; e. Heightens the level of information system monitoring activity whenever there is an indication of increased risk to organizational operations and assets, individuals, other organizations, or the Nation based on law enforcement information, intelligence information, or other credible sources of information; f. Obtains legal opinion with regard to information system monitoring activities in accordance with applicable federal laws, Executive Orders, directives, policies, or regulations; and g. Provides [Assignment: organization-defined information system monitoring information] to [Assignment: organization-defined personnel or roles] [Selection (one or more): as needed; [Assignment: organization-defined frequency]].";System and Information Integrity (SI);;;aws;;FAIL;Security Hub is not enabled.;arn:aws:securityhub:ap-southeast-7:<SANDBOX_ACCOUNT_ID>:hub/unknown;securityhub_enabled;False;hub/unknown;NIST-800-53-Revision-4;National Institute of Standards and Technology (NIST) 800-53 Revision 4;
aws;NIST 800-53 is a regulatory standard that defines the minimum baseline of security controls for all U.S. federal information systems except those related to national security. The controls defined in this standard are customizable and address a diverse set of security and privacy requirements.;<SANDBOX_ACCOUNT_ID>;ap-southeast-7;2026-08-29 00:18:02.370487;sc_28;"The information system protects the [Selection (one or more): confidentiality; integrity] of [Assignment: organization-defined information at rest].";System and Communications Protection (SC);;;aws;;FAIL;SNS topic range-responders is not encrypted.;arn:aws:sns:ap-southeast-7:<SANDBOX_ACCOUNT_ID>:range-responders;sns_topics_kms_encryption_at_rest_enabled;False;range-responders;NIST-800-53-Revision-4;National Institute of Standards and Technology (NIST) 800-53 Revision 4;
aws;NIST 800-53 is a regulatory standard that defines the minimum baseline of security controls for all U.S. federal information systems except those related to national security. The controls defined in this standard are customizable and address a diverse set of security and privacy requirements.;;;2026-08-29 00:18:02.370487;ac_17_3;The information system routes all remote accesses through organization-defined managed network access control points.;Access Control (AC);;;vpc;;MANUAL;Manual check;manual_check;manual;False;Manual check;NIST-800-53-Revision-4;National Institute of Standards and Technology (NIST) 800-53 Revision 4;
aws;NIST 800-53 is a regulatory standard that defines the minimum baseline of security controls for all U.S. federal information systems except those related to national security. The controls defined in this standard are customizable and address a diverse set of security and privacy requirements.;;;2026-08-29 00:18:02.370487;au_9_2;The information system backs up audit records [Assignment: organization-defined frequency] onto a physically different system or system component than the system or component being audited.;Audit and Accountability (AU);Protection of Audit Information (AU-9);;s3;;MANUAL;Manual check;manual_check;manual;False;Manual check;NIST-800-53-Revision-4;National Institute of Standards and Technology (NIST) 800-53 Revision 4;
aws;NIST 800-53 is a regulatory standard that defines the minimum baseline of security controls for all U.S. federal information systems except those related to national security. The controls defined in this standard are customizable and address a diverse set of security and privacy requirements.;;;2026-08-29 00:18:02.370487;ia_5_7;The organization ensures that unencrypted static authenticators are not embedded in applications or access scripts or stored on function keys.;Identification and Authentication (IA);Authenticator Management (IA-5);;codebuild;;MANUAL;Manual check;manual_check;manual;False;Manual check;NIST-800-53-Revision-4;National Institute of Standards and Technology (NIST) 800-53 Revision 4;
aws;NIST 800-53 is a regulatory standard that defines the minimum baseline of security controls for all U.S. federal information systems except those related to national security. The controls defined in this standard are customizable and address a diverse set of security and privacy requirements.;;;2026-08-29 00:18:02.370487;sc_4;The information system prevents unauthorized and unintended information transfer via shared system resources.;System and Communications Protection (SC);;;ebs;;MANUAL;Manual check;manual_check;manual;False;Manual check;NIST-800-53-Revision-4;National Institute of Standards and Technology (NIST) 800-53 Revision 4;
aws;NIST 800-53 is a regulatory standard that defines the minimum baseline of security controls for all U.S. federal information systems except those related to national security. The controls defined in this standard are customizable and address a diverse set of security and privacy requirements.;;;2026-08-29 00:18:02.370487;sc_23;The information system protects the authenticity of communications sessions.;System and Communications Protection (SC);;;elb;;MANUAL;Manual check;manual_check;manual;False;Manual check;NIST-800-53-Revision-4;National Institute of Standards and Technology (NIST) 800-53 Revision 4;
