PROVIDER;DESCRIPTION;ACCOUNTID;REGION;ASSESSMENTDATE;REQUIREMENTS_ID;REQUIREMENTS_NAME;REQUIREMENTS_DESCRIPTION;REQUIREMENTS_ATTRIBUTES_CATEGORY;REQUIREMENTS_ATTRIBUTES_OBJETIVE_ID;REQUIREMENTS_ATTRIBUTES_OBJETIVE_NAME;REQUIREMENTS_ATTRIBUTES_CHECK_SUMMARY;STATUS;STATUSEXTENDED;RESOURCEID;CHECKID;MUTED;RESOURCENAME;FRAMEWORK;NAME
aws;ISO (the International Organization for Standardization) and IEC (the International Electrotechnical Commission) form the specialized system for worldwide standardization. National bodies that are members of ISO or IEC participate in the development of International Standards through technical committees established by the respective organization to deal with particular fields of technical activity. ISO and IEC technical committees collaborate in fields of mutual interest. Other international organizations, governmental and non-governmental, in liaison with ISO and IEC, also take part in the work.;<SANDBOX_ACCOUNT_ID>;ap-southeast-7;2026-08-29 00:18:02.370487;A.8.3;Information Access Restriction;Access to information and other associated assets should be restricted in accordance with the established topic-specific policy on access control.;A.8 Technological controls;A.8.3;Information Access Restriction;Access to information and other associated assets should be restricted in accordance with the established topic-specific policy on access control.;FAIL;IAM Access Analyzer in account <SANDBOX_ACCOUNT_ID> is not enabled.;arn:aws:accessanalyzer:ap-southeast-7:<SANDBOX_ACCOUNT_ID>:analyzer/unknown;accessanalyzer_enabled;False;analyzer/unknown;ISO27001;ISO/IEC 27001 Information Security Management Standard 2022
aws;ISO (the International Organization for Standardization) and IEC (the International Electrotechnical Commission) form the specialized system for worldwide standardization. National bodies that are members of ISO or IEC participate in the development of International Standards through technical committees established by the respective organization to deal with particular fields of technical activity. ISO and IEC technical committees collaborate in fields of mutual interest. Other international organizations, governmental and non-governmental, in liaison with ISO and IEC, also take part in the work.;<SANDBOX_ACCOUNT_ID>;ap-southeast-7;2026-08-29 00:18:02.370487;A.5.5;Contact With Authorities;The organisation should establish and maintain contact with relevant authorities.;A.5 Organizational controls;A.5.5;Contact With Authorities;The organisation should establish and maintain contact with relevant authorities.;MANUAL;Login to the AWS Console. Choose your account name on the top right of the window -> My Account -> Contact Information.;arn:aws:iam::<SANDBOX_ACCOUNT_ID>:root;account_maintain_current_contact_details;False;<SANDBOX_ACCOUNT_ID>;ISO27001;ISO/IEC 27001 Information Security Management Standard 2022
aws;ISO (the International Organization for Standardization) and IEC (the International Electrotechnical Commission) form the specialized system for worldwide standardization. National bodies that are members of ISO or IEC participate in the development of International Standards through technical committees established by the respective organization to deal with particular fields of technical activity. ISO and IEC technical committees collaborate in fields of mutual interest. Other international organizations, governmental and non-governmental, in liaison with ISO and IEC, also take part in the work.;<SANDBOX_ACCOUNT_ID>;ap-southeast-7;2026-08-29 00:18:02.370487;A.5.6;Contact With Special Interest Groups;The organisation should establish and maintain contact with special interest groups or other specialist security forums and professional associations.;A.5 Organizational controls;A.5.6;Contact With Special Interest Groups;The organisation should establish and maintain contact with special interest groups or other specialist security forums and professional associations.;FAIL;SECURITY, BILLING and OPERATIONS contacts not found or they are not different between each other and between ROOT contact.;arn:aws:iam::<SANDBOX_ACCOUNT_ID>:root;account_maintain_different_contact_details_to_security_billing_and_operations;False;<SANDBOX_ACCOUNT_ID>;ISO27001;ISO/IEC 27001 Information Security Management Standard 2022
aws;ISO (the International Organization for Standardization) and IEC (the International Electrotechnical Commission) form the specialized system for worldwide standardization. National bodies that are members of ISO or IEC participate in the development of International Standards through technical committees established by the respective organization to deal with particular fields of technical activity. ISO and IEC technical committees collaborate in fields of mutual interest. Other international organizations, governmental and non-governmental, in liaison with ISO and IEC, also take part in the work.;<SANDBOX_ACCOUNT_ID>;ap-southeast-7;2026-08-29 00:18:02.370487;A.5.5;Contact With Authorities;The organisation should establish and maintain contact with relevant authorities.;A.5 Organizational controls;A.5.5;Contact With Authorities;The organisation should establish and maintain contact with relevant authorities.;MANUAL;Login to the AWS Console. Choose your account name on the top right of the window -> My Account -> Alternate Contacts -> Security Section.;arn:aws:iam::<SANDBOX_ACCOUNT_ID>:root;account_security_contact_information_is_registered;False;<SANDBOX_ACCOUNT_ID>;ISO27001;ISO/IEC 27001 Information Security Management Standard 2022
aws;ISO (the International Organization for Standardization) and IEC (the International Electrotechnical Commission) form the specialized system for worldwide standardization. National bodies that are members of ISO or IEC participate in the development of International Standards through technical committees established by the respective organization to deal with particular fields of technical activity. ISO and IEC technical committees collaborate in fields of mutual interest. Other international organizations, governmental and non-governmental, in liaison with ISO and IEC, also take part in the work.;<SANDBOX_ACCOUNT_ID>;ap-southeast-7;2026-08-29 00:18:02.370487;A.8.20;Network Security;Networks and network devices should be secured, managed and controlled to protect information in systems and applications.;A.8 Technological controls;A.8.20;Network Security;Networks and network devices should be secured, managed and controlled to protect information in systems and applications.;FAIL;Lambda function range-responder is not inside a VPC;arn:aws:lambda:ap-southeast-7:<SANDBOX_ACCOUNT_ID>:function:range-responder;awslambda_function_inside_vpc;False;range-responder;ISO27001;ISO/IEC 27001 Information Security Management Standard 2022
aws;ISO (the International Organization for Standardization) and IEC (the International Electrotechnical Commission) form the specialized system for worldwide standardization. National bodies that are members of ISO or IEC participate in the development of International Standards through technical committees established by the respective organization to deal with particular fields of technical activity. ISO and IEC technical committees collaborate in fields of mutual interest. Other international organizations, governmental and non-governmental, in liaison with ISO and IEC, also take part in the work.;<SANDBOX_ACCOUNT_ID>;ap-southeast-7;2026-08-29 00:18:02.370487;A.8.21;Security of Network Services;Security mechanisms, service levels and service requirements of network services should be identified, implemented and monitored.;A.8 Technological controls;A.8.21;Security of Network Services;Security mechanisms, service levels and service requirements of network services should be identified, implemented and monitored.;FAIL;Lambda function range-responder is not inside a VPC;arn:aws:lambda:ap-southeast-7:<SANDBOX_ACCOUNT_ID>:function:range-responder;awslambda_function_inside_vpc;False;range-responder;ISO27001;ISO/IEC 27001 Information Security Management Standard 2022
aws;ISO (the International Organization for Standardization) and IEC (the International Electrotechnical Commission) form the specialized system for worldwide standardization. National bodies that are members of ISO or IEC participate in the development of International Standards through technical committees established by the respective organization to deal with particular fields of technical activity. ISO and IEC technical committees collaborate in fields of mutual interest. Other international organizations, governmental and non-governmental, in liaison with ISO and IEC, also take part in the work.;<SANDBOX_ACCOUNT_ID>;ap-southeast-7;2026-08-29 00:18:02.370487;A.8.22;Segregation of Networks;Security mechanisms, service levels and service requirements of network services should be identified, implemented and monitored.;A.8 Technological controls;A.8.22;Segregation of Networks;Security mechanisms, service levels and service requirements of network services should be identified, implemented and monitored.;FAIL;Lambda function range-responder is not inside a VPC;arn:aws:lambda:ap-southeast-7:<SANDBOX_ACCOUNT_ID>:function:range-responder;awslambda_function_inside_vpc;False;range-responder;ISO27001;ISO/IEC 27001 Information Security Management Standard 2022
aws;ISO (the International Organization for Standardization) and IEC (the International Electrotechnical Commission) form the specialized system for worldwide standardization. National bodies that are members of ISO or IEC participate in the development of International Standards through technical committees established by the respective organization to deal with particular fields of technical activity. ISO and IEC technical committees collaborate in fields of mutual interest. Other international organizations, governmental and non-governmental, in liaison with ISO and IEC, also take part in the work.;<SANDBOX_ACCOUNT_ID>;ap-southeast-7;2026-08-29 00:18:02.370487;A.8.15;Logging;Logs that record activities, exceptions, faults and other relevant events should be produced, stored, protected and analysed.;A.8 Technological controls;A.8.15;Logging;Logs that record activities, exceptions, faults and other relevant events should be produced, stored, protected and analysed.;FAIL;Lambda function range-responder is not recorded by CloudTrail.;arn:aws:lambda:ap-southeast-7:<SANDBOX_ACCOUNT_ID>:function:range-responder;awslambda_function_invoke_api_operations_cloudtrail_logging_enabled;False;range-responder;ISO27001;ISO/IEC 27001 Information Security Management Standard 2022
aws;ISO (the International Organization for Standardization) and IEC (the International Electrotechnical Commission) form the specialized system for worldwide standardization. National bodies that are members of ISO or IEC participate in the development of International Standards through technical committees established by the respective organization to deal with particular fields of technical activity. ISO and IEC technical committees collaborate in fields of mutual interest. Other international organizations, governmental and non-governmental, in liaison with ISO and IEC, also take part in the work.;<SANDBOX_ACCOUNT_ID>;ap-southeast-7;2026-08-29 00:18:02.370487;A.8.1;User Endpoint Devices;Information stored on, processed by or accessible via user endpoint devices should be protected.;A.8 Technological controls;A.8.1;User Endpoint Devices;Information stored on, processed by or accessible via user endpoint devices should be protected.;PASS;Lambda function range-responder has a resource-based policy without public access.;arn:aws:lambda:ap-southeast-7:<SANDBOX_ACCOUNT_ID>:function:range-responder;awslambda_function_not_publicly_accessible;False;range-responder;ISO27001;ISO/IEC 27001 Information Security Management Standard 2022
aws;ISO (the International Organization for Standardization) and IEC (the International Electrotechnical Commission) form the specialized system for worldwide standardization. National bodies that are members of ISO or IEC participate in the development of International Standards through technical committees established by the respective organization to deal with particular fields of technical activity. ISO and IEC technical committees collaborate in fields of mutual interest. Other international organizations, governmental and non-governmental, in liaison with ISO and IEC, also take part in the work.;<SANDBOX_ACCOUNT_ID>;ap-southeast-7;2026-08-29 00:18:02.370487;A.8.13;Information Backup;Backup copies of information, software and systems should be maintained and regularly tested in accordance with the agreed topic-specific policy on backup.;A.8 Technological controls;A.8.13;Information Backup;Backup copies of information, software and systems should be maintained and regularly tested in accordance with the agreed topic-specific policy on backup.;FAIL;No Backup Vault exist.;arn:aws:backup:ap-southeast-7:<SANDBOX_ACCOUNT_ID>:backup-vault;backup_vaults_exist;False;<SANDBOX_ACCOUNT_ID>;ISO27001;ISO/IEC 27001 Information Security Management Standard 2022
aws;ISO (the International Organization for Standardization) and IEC (the International Electrotechnical Commission) form the specialized system for worldwide standardization. National bodies that are members of ISO or IEC participate in the development of International Standards through technical committees established by the respective organization to deal with particular fields of technical activity. ISO and IEC technical committees collaborate in fields of mutual interest. Other international organizations, governmental and non-governmental, in liaison with ISO and IEC, also take part in the work.;<SANDBOX_ACCOUNT_ID>;ap-southeast-7;2026-08-29 00:18:02.370487;A.8.2;Privileged Access Rights;The allocation and use of privileged access rights should be restricted and managed.;A.8 Technological controls;A.8.2;Privileged Access Rights;The allocation and use of privileged access rights should be restricted and managed.;PASS;IAM Role AWSReservedSSO_AdministratorAccess_8c8dbb6dc8164670 does not have AmazonBedrockFullAccess policy attached.;arn:aws:iam::<SANDBOX_ACCOUNT_ID>:role/aws-reserved/sso.amazonaws.com/ap-southeast-1/AWSReservedSSO_AdministratorAccess_8c8dbb6dc8164670;bedrock_full_access_policy_attached;False;AWSReservedSSO_AdministratorAccess_8c8dbb6dc8164670;ISO27001;ISO/IEC 27001 Information Security Management Standard 2022
aws;ISO (the International Organization for Standardization) and IEC (the International Electrotechnical Commission) form the specialized system for worldwide standardization. National bodies that are members of ISO or IEC participate in the development of International Standards through technical committees established by the respective organization to deal with particular fields of technical activity. ISO and IEC technical committees collaborate in fields of mutual interest. Other international organizations, governmental and non-governmental, in liaison with ISO and IEC, also take part in the work.;<SANDBOX_ACCOUNT_ID>;ap-southeast-7;2026-08-29 00:18:02.370487;A.8.2;Privileged Access Rights;The allocation and use of privileged access rights should be restricted and managed.;A.8 Technological controls;A.8.2;Privileged Access Rights;The allocation and use of privileged access rights should be restricted and managed.;PASS;IAM Role OrganizationAccountAccessRole does not have AmazonBedrockFullAccess policy attached.;arn:aws:iam::<SANDBOX_ACCOUNT_ID>:role/OrganizationAccountAccessRole;bedrock_full_access_policy_attached;False;OrganizationAccountAccessRole;ISO27001;ISO/IEC 27001 Information Security Management Standard 2022
aws;ISO (the International Organization for Standardization) and IEC (the International Electrotechnical Commission) form the specialized system for worldwide standardization. National bodies that are members of ISO or IEC participate in the development of International Standards through technical committees established by the respective organization to deal with particular fields of technical activity. ISO and IEC technical committees collaborate in fields of mutual interest. Other international organizations, governmental and non-governmental, in liaison with ISO and IEC, also take part in the work.;<SANDBOX_ACCOUNT_ID>;ap-southeast-7;2026-08-29 00:18:02.370487;A.8.2;Privileged Access Rights;The allocation and use of privileged access rights should be restricted and managed.;A.8 Technological controls;A.8.2;Privileged Access Rights;The allocation and use of privileged access rights should be restricted and managed.;PASS;IAM Role range-app-deploy-role does not have AmazonBedrockFullAccess policy attached.;arn:aws:iam::<SANDBOX_ACCOUNT_ID>:role/range-app-deploy-role;bedrock_full_access_policy_attached;False;range-app-deploy-role;ISO27001;ISO/IEC 27001 Information Security Management Standard 2022
aws;ISO (the International Organization for Standardization) and IEC (the International Electrotechnical Commission) form the specialized system for worldwide standardization. National bodies that are members of ISO or IEC participate in the development of International Standards through technical committees established by the respective organization to deal with particular fields of technical activity. ISO and IEC technical committees collaborate in fields of mutual interest. Other international organizations, governmental and non-governmental, in liaison with ISO and IEC, also take part in the work.;<SANDBOX_ACCOUNT_ID>;ap-southeast-7;2026-08-29 00:18:02.370487;A.8.15;Logging;Logs that record activities, exceptions, faults and other relevant events should be produced, stored, protected and analysed.;A.8 Technological controls;A.8.15;Logging;Logs that record activities, exceptions, faults and other relevant events should be produced, stored, protected and analysed.;FAIL;Bedrock Model Invocation Logging is disabled.;arn:aws:bedrock:ap-southeast-7:<SANDBOX_ACCOUNT_ID>:model-invocation-logging;bedrock_model_invocation_logging_enabled;False;model-invocation-logging;ISO27001;ISO/IEC 27001 Information Security Management Standard 2022
aws;ISO (the International Organization for Standardization) and IEC (the International Electrotechnical Commission) form the specialized system for worldwide standardization. National bodies that are members of ISO or IEC participate in the development of International Standards through technical committees established by the respective organization to deal with particular fields of technical activity. ISO and IEC technical committees collaborate in fields of mutual interest. Other international organizations, governmental and non-governmental, in liaison with ISO and IEC, also take part in the work.;<SANDBOX_ACCOUNT_ID>;ap-southeast-7;2026-08-29 00:18:02.370487;A.8.15;Logging;Logs that record activities, exceptions, faults and other relevant events should be produced, stored, protected and analysed.;A.8 Technological controls;A.8.15;Logging;Logs that record activities, exceptions, faults and other relevant events should be produced, stored, protected and analysed.;PASS;Trail lz-org-trail from home region ap-southeast-7 has management events enabled to log Amazon Bedrock control-plane API calls.;arn:aws:cloudtrail:ap-southeast-7:<MANAGEMENT_ACCOUNT_ID>:trail/lz-org-trail;cloudtrail_bedrock_logging_enabled;False;lz-org-trail;ISO27001;ISO/IEC 27001 Information Security Management Standard 2022
aws;ISO (the International Organization for Standardization) and IEC (the International Electrotechnical Commission) form the specialized system for worldwide standardization. National bodies that are members of ISO or IEC participate in the development of International Standards through technical committees established by the respective organization to deal with particular fields of technical activity. ISO and IEC technical committees collaborate in fields of mutual interest. Other international organizations, governmental and non-governmental, in liaison with ISO and IEC, also take part in the work.;<SANDBOX_ACCOUNT_ID>;ap-southeast-7;2026-08-29 00:18:02.370487;A.8.15;Logging;Logs that record activities, exceptions, faults and other relevant events should be produced, stored, protected and analysed.;A.8 Technological controls;A.8.15;Logging;Logs that record activities, exceptions, faults and other relevant events should be produced, stored, protected and analysed.;PASS;Trail range-trail from home region ap-southeast-7 has management events enabled to log Amazon Bedrock control-plane API calls.;arn:aws:cloudtrail:ap-southeast-7:<SANDBOX_ACCOUNT_ID>:trail/range-trail;cloudtrail_bedrock_logging_enabled;False;range-trail;ISO27001;ISO/IEC 27001 Information Security Management Standard 2022
aws;ISO (the International Organization for Standardization) and IEC (the International Electrotechnical Commission) form the specialized system for worldwide standardization. National bodies that are members of ISO or IEC participate in the development of International Standards through technical committees established by the respective organization to deal with particular fields of technical activity. ISO and IEC technical committees collaborate in fields of mutual interest. Other international organizations, governmental and non-governmental, in liaison with ISO and IEC, also take part in the work.;<SANDBOX_ACCOUNT_ID>;ap-southeast-7;2026-08-29 00:18:02.370487;A.8.15;Logging;Logs that record activities, exceptions, faults and other relevant events should be produced, stored, protected and analysed.;A.8 Technological controls;A.8.15;Logging;Logs that record activities, exceptions, faults and other relevant events should be produced, stored, protected and analysed.;PASS;Trail stratus-red-team-ct-stop-trail-arzkiholin from home region ap-southeast-7 has management events enabled to log Amazon Bedrock control-plane API calls.;arn:aws:cloudtrail:ap-southeast-7:<SANDBOX_ACCOUNT_ID>:trail/stratus-red-team-ct-stop-trail-arzkiholin;cloudtrail_bedrock_logging_enabled;False;stratus-red-team-ct-stop-trail-arzkiholin;ISO27001;ISO/IEC 27001 Information Security Management Standard 2022
aws;ISO (the International Organization for Standardization) and IEC (the International Electrotechnical Commission) form the specialized system for worldwide standardization. National bodies that are members of ISO or IEC participate in the development of International Standards through technical committees established by the respective organization to deal with particular fields of technical activity. ISO and IEC technical committees collaborate in fields of mutual interest. Other international organizations, governmental and non-governmental, in liaison with ISO and IEC, also take part in the work.;<SANDBOX_ACCOUNT_ID>;ap-southeast-7;2026-08-29 00:18:02.370487;A.8.15;Logging;Logs that record activities, exceptions, faults and other relevant events should be produced, stored, protected and analysed.;A.8 Technological controls;A.8.15;Logging;Logs that record activities, exceptions, faults and other relevant events should be produced, stored, protected and analysed.;FAIL;Multiregion trail lz-org-trail has not been logging in the last 24h or is not configured to deliver logs.;arn:aws:cloudtrail:ap-southeast-7:<MANAGEMENT_ACCOUNT_ID>:trail/lz-org-trail;cloudtrail_cloudwatch_logging_enabled;False;lz-org-trail;ISO27001;ISO/IEC 27001 Information Security Management Standard 2022
aws;ISO (the International Organization for Standardization) and IEC (the International Electrotechnical Commission) form the specialized system for worldwide standardization. National bodies that are members of ISO or IEC participate in the development of International Standards through technical committees established by the respective organization to deal with particular fields of technical activity. ISO and IEC technical committees collaborate in fields of mutual interest. Other international organizations, governmental and non-governmental, in liaison with ISO and IEC, also take part in the work.;<SANDBOX_ACCOUNT_ID>;ap-southeast-7;2026-08-29 00:18:02.370487;A.8.16;Monitoring Activities;Networks, systems and applications should be monitored for anomalous behaviour and appropriate actions taken to evaluate potential information security incidents.;A.8 Technological controls;A.8.16;Monitoring Activities;Networks, systems and applications should be monitored for anomalous behaviour and appropriate actions taken to evaluate potential information security incidents.;FAIL;Multiregion trail lz-org-trail has not been logging in the last 24h or is not configured to deliver logs.;arn:aws:cloudtrail:ap-southeast-7:<MANAGEMENT_ACCOUNT_ID>:trail/lz-org-trail;cloudtrail_cloudwatch_logging_enabled;False;lz-org-trail;ISO27001;ISO/IEC 27001 Information Security Management Standard 2022
aws;ISO (the International Organization for Standardization) and IEC (the International Electrotechnical Commission) form the specialized system for worldwide standardization. National bodies that are members of ISO or IEC participate in the development of International Standards through technical committees established by the respective organization to deal with particular fields of technical activity. ISO and IEC technical committees collaborate in fields of mutual interest. Other international organizations, governmental and non-governmental, in liaison with ISO and IEC, also take part in the work.;<SANDBOX_ACCOUNT_ID>;ap-southeast-7;2026-08-29 00:18:02.370487;A.8.15;Logging;Logs that record activities, exceptions, faults and other relevant events should be produced, stored, protected and analysed.;A.8 Technological controls;A.8.15;Logging;Logs that record activities, exceptions, faults and other relevant events should be produced, stored, protected and analysed.;PASS;Multiregion trail range-trail has been logging in the last 24h.;arn:aws:cloudtrail:ap-southeast-7:<SANDBOX_ACCOUNT_ID>:trail/range-trail;cloudtrail_cloudwatch_logging_enabled;False;range-trail;ISO27001;ISO/IEC 27001 Information Security Management Standard 2022
aws;ISO (the International Organization for Standardization) and IEC (the International Electrotechnical Commission) form the specialized system for worldwide standardization. National bodies that are members of ISO or IEC participate in the development of International Standards through technical committees established by the respective organization to deal with particular fields of technical activity. ISO and IEC technical committees collaborate in fields of mutual interest. Other international organizations, governmental and non-governmental, in liaison with ISO and IEC, also take part in the work.;<SANDBOX_ACCOUNT_ID>;ap-southeast-7;2026-08-29 00:18:02.370487;A.8.16;Monitoring Activities;Networks, systems and applications should be monitored for anomalous behaviour and appropriate actions taken to evaluate potential information security incidents.;A.8 Technological controls;A.8.16;Monitoring Activities;Networks, systems and applications should be monitored for anomalous behaviour and appropriate actions taken to evaluate potential information security incidents.;PASS;Multiregion trail range-trail has been logging in the last 24h.;arn:aws:cloudtrail:ap-southeast-7:<SANDBOX_ACCOUNT_ID>:trail/range-trail;cloudtrail_cloudwatch_logging_enabled;False;range-trail;ISO27001;ISO/IEC 27001 Information Security Management Standard 2022
aws;ISO (the International Organization for Standardization) and IEC (the International Electrotechnical Commission) form the specialized system for worldwide standardization. National bodies that are members of ISO or IEC participate in the development of International Standards through technical committees established by the respective organization to deal with particular fields of technical activity. ISO and IEC technical committees collaborate in fields of mutual interest. Other international organizations, governmental and non-governmental, in liaison with ISO and IEC, also take part in the work.;<SANDBOX_ACCOUNT_ID>;ap-southeast-7;2026-08-29 00:18:02.370487;A.8.15;Logging;Logs that record activities, exceptions, faults and other relevant events should be produced, stored, protected and analysed.;A.8 Technological controls;A.8.15;Logging;Logs that record activities, exceptions, faults and other relevant events should be produced, stored, protected and analysed.;FAIL;Single region trail stratus-red-team-ct-stop-trail-arzkiholin has not been logging in the last 24h or is not configured to deliver logs.;arn:aws:cloudtrail:ap-southeast-7:<SANDBOX_ACCOUNT_ID>:trail/stratus-red-team-ct-stop-trail-arzkiholin;cloudtrail_cloudwatch_logging_enabled;False;stratus-red-team-ct-stop-trail-arzkiholin;ISO27001;ISO/IEC 27001 Information Security Management Standard 2022
aws;ISO (the International Organization for Standardization) and IEC (the International Electrotechnical Commission) form the specialized system for worldwide standardization. National bodies that are members of ISO or IEC participate in the development of International Standards through technical committees established by the respective organization to deal with particular fields of technical activity. ISO and IEC technical committees collaborate in fields of mutual interest. Other international organizations, governmental and non-governmental, in liaison with ISO and IEC, also take part in the work.;<SANDBOX_ACCOUNT_ID>;ap-southeast-7;2026-08-29 00:18:02.370487;A.8.16;Monitoring Activities;Networks, systems and applications should be monitored for anomalous behaviour and appropriate actions taken to evaluate potential information security incidents.;A.8 Technological controls;A.8.16;Monitoring Activities;Networks, systems and applications should be monitored for anomalous behaviour and appropriate actions taken to evaluate potential information security incidents.;FAIL;Single region trail stratus-red-team-ct-stop-trail-arzkiholin has not been logging in the last 24h or is not configured to deliver logs.;arn:aws:cloudtrail:ap-southeast-7:<SANDBOX_ACCOUNT_ID>:trail/stratus-red-team-ct-stop-trail-arzkiholin;cloudtrail_cloudwatch_logging_enabled;False;stratus-red-team-ct-stop-trail-arzkiholin;ISO27001;ISO/IEC 27001 Information Security Management Standard 2022
aws;ISO (the International Organization for Standardization) and IEC (the International Electrotechnical Commission) form the specialized system for worldwide standardization. National bodies that are members of ISO or IEC participate in the development of International Standards through technical committees established by the respective organization to deal with particular fields of technical activity. ISO and IEC technical committees collaborate in fields of mutual interest. Other international organizations, governmental and non-governmental, in liaison with ISO and IEC, also take part in the work.;<SANDBOX_ACCOUNT_ID>;ap-southeast-7;2026-08-29 00:18:02.370487;A.8.11;Data Masking;Data masking should be used in accordance with the organisation’s topic-specific policy on access control and other related topic-specific policies, and business requirements, taking applicable legislation into consideration.;A.8 Technological controls;A.8.11;Data Masking;Data masking should be used in accordance with the organisation’s topic-specific policy on access control and other related topic-specific policies, and business requirements, taking applicable legislation into consideration.;FAIL;Multiregion trail lz-org-trail has encryption disabled.;arn:aws:cloudtrail:ap-southeast-7:<MANAGEMENT_ACCOUNT_ID>:trail/lz-org-trail;cloudtrail_kms_encryption_enabled;False;lz-org-trail;ISO27001;ISO/IEC 27001 Information Security Management Standard 2022
aws;ISO (the International Organization for Standardization) and IEC (the International Electrotechnical Commission) form the specialized system for worldwide standardization. National bodies that are members of ISO or IEC participate in the development of International Standards through technical committees established by the respective organization to deal with particular fields of technical activity. ISO and IEC technical committees collaborate in fields of mutual interest. Other international organizations, governmental and non-governmental, in liaison with ISO and IEC, also take part in the work.;<SANDBOX_ACCOUNT_ID>;ap-southeast-7;2026-08-29 00:18:02.370487;A.8.15;Logging;Logs that record activities, exceptions, faults and other relevant events should be produced, stored, protected and analysed.;A.8 Technological controls;A.8.15;Logging;Logs that record activities, exceptions, faults and other relevant events should be produced, stored, protected and analysed.;FAIL;Multiregion trail lz-org-trail has encryption disabled.;arn:aws:cloudtrail:ap-southeast-7:<MANAGEMENT_ACCOUNT_ID>:trail/lz-org-trail;cloudtrail_kms_encryption_enabled;False;lz-org-trail;ISO27001;ISO/IEC 27001 Information Security Management Standard 2022
aws;ISO (the International Organization for Standardization) and IEC (the International Electrotechnical Commission) form the specialized system for worldwide standardization. National bodies that are members of ISO or IEC participate in the development of International Standards through technical committees established by the respective organization to deal with particular fields of technical activity. ISO and IEC technical committees collaborate in fields of mutual interest. Other international organizations, governmental and non-governmental, in liaison with ISO and IEC, also take part in the work.;<SANDBOX_ACCOUNT_ID>;ap-southeast-7;2026-08-29 00:18:02.370487;A.8.16;Monitoring Activities;Networks, systems and applications should be monitored for anomalous behaviour and appropriate actions taken to evaluate potential information security incidents.;A.8 Technological controls;A.8.16;Monitoring Activities;Networks, systems and applications should be monitored for anomalous behaviour and appropriate actions taken to evaluate potential information security incidents.;FAIL;Multiregion trail lz-org-trail has encryption disabled.;arn:aws:cloudtrail:ap-southeast-7:<MANAGEMENT_ACCOUNT_ID>:trail/lz-org-trail;cloudtrail_kms_encryption_enabled;False;lz-org-trail;ISO27001;ISO/IEC 27001 Information Security Management Standard 2022
aws;ISO (the International Organization for Standardization) and IEC (the International Electrotechnical Commission) form the specialized system for worldwide standardization. National bodies that are members of ISO or IEC participate in the development of International Standards through technical committees established by the respective organization to deal with particular fields of technical activity. ISO and IEC technical committees collaborate in fields of mutual interest. Other international organizations, governmental and non-governmental, in liaison with ISO and IEC, also take part in the work.;<SANDBOX_ACCOUNT_ID>;ap-southeast-7;2026-08-29 00:18:02.370487;A.8.24;Use of Cryptography;Rules for the effective use of cryptography, including cryptographic key management, should be defined and implemented.;A.8 Technological controls;A.8.24;Use of Cryptography;Rules for the effective use of cryptography, including cryptographic key management, should be defined and implemented.;FAIL;Multiregion trail lz-org-trail has encryption disabled.;arn:aws:cloudtrail:ap-southeast-7:<MANAGEMENT_ACCOUNT_ID>:trail/lz-org-trail;cloudtrail_kms_encryption_enabled;False;lz-org-trail;ISO27001;ISO/IEC 27001 Information Security Management Standard 2022
aws;ISO (the International Organization for Standardization) and IEC (the International Electrotechnical Commission) form the specialized system for worldwide standardization. National bodies that are members of ISO or IEC participate in the development of International Standards through technical committees established by the respective organization to deal with particular fields of technical activity. ISO and IEC technical committees collaborate in fields of mutual interest. Other international organizations, governmental and non-governmental, in liaison with ISO and IEC, also take part in the work.;<SANDBOX_ACCOUNT_ID>;ap-southeast-7;2026-08-29 00:18:02.370487;A.8.11;Data Masking;Data masking should be used in accordance with the organisation’s topic-specific policy on access control and other related topic-specific policies, and business requirements, taking applicable legislation into consideration.;A.8 Technological controls;A.8.11;Data Masking;Data masking should be used in accordance with the organisation’s topic-specific policy on access control and other related topic-specific policies, and business requirements, taking applicable legislation into consideration.;FAIL;Multiregion trail range-trail has encryption disabled.;arn:aws:cloudtrail:ap-southeast-7:<SANDBOX_ACCOUNT_ID>:trail/range-trail;cloudtrail_kms_encryption_enabled;False;range-trail;ISO27001;ISO/IEC 27001 Information Security Management Standard 2022
aws;ISO (the International Organization for Standardization) and IEC (the International Electrotechnical Commission) form the specialized system for worldwide standardization. National bodies that are members of ISO or IEC participate in the development of International Standards through technical committees established by the respective organization to deal with particular fields of technical activity. ISO and IEC technical committees collaborate in fields of mutual interest. Other international organizations, governmental and non-governmental, in liaison with ISO and IEC, also take part in the work.;<SANDBOX_ACCOUNT_ID>;ap-southeast-7;2026-08-29 00:18:02.370487;A.8.15;Logging;Logs that record activities, exceptions, faults and other relevant events should be produced, stored, protected and analysed.;A.8 Technological controls;A.8.15;Logging;Logs that record activities, exceptions, faults and other relevant events should be produced, stored, protected and analysed.;FAIL;Multiregion trail range-trail has encryption disabled.;arn:aws:cloudtrail:ap-southeast-7:<SANDBOX_ACCOUNT_ID>:trail/range-trail;cloudtrail_kms_encryption_enabled;False;range-trail;ISO27001;ISO/IEC 27001 Information Security Management Standard 2022
aws;ISO (the International Organization for Standardization) and IEC (the International Electrotechnical Commission) form the specialized system for worldwide standardization. National bodies that are members of ISO or IEC participate in the development of International Standards through technical committees established by the respective organization to deal with particular fields of technical activity. ISO and IEC technical committees collaborate in fields of mutual interest. Other international organizations, governmental and non-governmental, in liaison with ISO and IEC, also take part in the work.;<SANDBOX_ACCOUNT_ID>;ap-southeast-7;2026-08-29 00:18:02.370487;A.8.16;Monitoring Activities;Networks, systems and applications should be monitored for anomalous behaviour and appropriate actions taken to evaluate potential information security incidents.;A.8 Technological controls;A.8.16;Monitoring Activities;Networks, systems and applications should be monitored for anomalous behaviour and appropriate actions taken to evaluate potential information security incidents.;FAIL;Multiregion trail range-trail has encryption disabled.;arn:aws:cloudtrail:ap-southeast-7:<SANDBOX_ACCOUNT_ID>:trail/range-trail;cloudtrail_kms_encryption_enabled;False;range-trail;ISO27001;ISO/IEC 27001 Information Security Management Standard 2022
aws;ISO (the International Organization for Standardization) and IEC (the International Electrotechnical Commission) form the specialized system for worldwide standardization. National bodies that are members of ISO or IEC participate in the development of International Standards through technical committees established by the respective organization to deal with particular fields of technical activity. ISO and IEC technical committees collaborate in fields of mutual interest. Other international organizations, governmental and non-governmental, in liaison with ISO and IEC, also take part in the work.;<SANDBOX_ACCOUNT_ID>;ap-southeast-7;2026-08-29 00:18:02.370487;A.8.24;Use of Cryptography;Rules for the effective use of cryptography, including cryptographic key management, should be defined and implemented.;A.8 Technological controls;A.8.24;Use of Cryptography;Rules for the effective use of cryptography, including cryptographic key management, should be defined and implemented.;FAIL;Multiregion trail range-trail has encryption disabled.;arn:aws:cloudtrail:ap-southeast-7:<SANDBOX_ACCOUNT_ID>:trail/range-trail;cloudtrail_kms_encryption_enabled;False;range-trail;ISO27001;ISO/IEC 27001 Information Security Management Standard 2022
aws;ISO (the International Organization for Standardization) and IEC (the International Electrotechnical Commission) form the specialized system for worldwide standardization. National bodies that are members of ISO or IEC participate in the development of International Standards through technical committees established by the respective organization to deal with particular fields of technical activity. ISO and IEC technical committees collaborate in fields of mutual interest. Other international organizations, governmental and non-governmental, in liaison with ISO and IEC, also take part in the work.;<SANDBOX_ACCOUNT_ID>;ap-southeast-7;2026-08-29 00:18:02.370487;A.8.11;Data Masking;Data masking should be used in accordance with the organisation’s topic-specific policy on access control and other related topic-specific policies, and business requirements, taking applicable legislation into consideration.;A.8 Technological controls;A.8.11;Data Masking;Data masking should be used in accordance with the organisation’s topic-specific policy on access control and other related topic-specific policies, and business requirements, taking applicable legislation into consideration.;FAIL;Single region trail stratus-red-team-ct-stop-trail-arzkiholin has encryption disabled.;arn:aws:cloudtrail:ap-southeast-7:<SANDBOX_ACCOUNT_ID>:trail/stratus-red-team-ct-stop-trail-arzkiholin;cloudtrail_kms_encryption_enabled;False;stratus-red-team-ct-stop-trail-arzkiholin;ISO27001;ISO/IEC 27001 Information Security Management Standard 2022
aws;ISO (the International Organization for Standardization) and IEC (the International Electrotechnical Commission) form the specialized system for worldwide standardization. National bodies that are members of ISO or IEC participate in the development of International Standards through technical committees established by the respective organization to deal with particular fields of technical activity. ISO and IEC technical committees collaborate in fields of mutual interest. Other international organizations, governmental and non-governmental, in liaison with ISO and IEC, also take part in the work.;<SANDBOX_ACCOUNT_ID>;ap-southeast-7;2026-08-29 00:18:02.370487;A.8.15;Logging;Logs that record activities, exceptions, faults and other relevant events should be produced, stored, protected and analysed.;A.8 Technological controls;A.8.15;Logging;Logs that record activities, exceptions, faults and other relevant events should be produced, stored, protected and analysed.;FAIL;Single region trail stratus-red-team-ct-stop-trail-arzkiholin has encryption disabled.;arn:aws:cloudtrail:ap-southeast-7:<SANDBOX_ACCOUNT_ID>:trail/stratus-red-team-ct-stop-trail-arzkiholin;cloudtrail_kms_encryption_enabled;False;stratus-red-team-ct-stop-trail-arzkiholin;ISO27001;ISO/IEC 27001 Information Security Management Standard 2022
aws;ISO (the International Organization for Standardization) and IEC (the International Electrotechnical Commission) form the specialized system for worldwide standardization. National bodies that are members of ISO or IEC participate in the development of International Standards through technical committees established by the respective organization to deal with particular fields of technical activity. ISO and IEC technical committees collaborate in fields of mutual interest. Other international organizations, governmental and non-governmental, in liaison with ISO and IEC, also take part in the work.;<SANDBOX_ACCOUNT_ID>;ap-southeast-7;2026-08-29 00:18:02.370487;A.8.16;Monitoring Activities;Networks, systems and applications should be monitored for anomalous behaviour and appropriate actions taken to evaluate potential information security incidents.;A.8 Technological controls;A.8.16;Monitoring Activities;Networks, systems and applications should be monitored for anomalous behaviour and appropriate actions taken to evaluate potential information security incidents.;FAIL;Single region trail stratus-red-team-ct-stop-trail-arzkiholin has encryption disabled.;arn:aws:cloudtrail:ap-southeast-7:<SANDBOX_ACCOUNT_ID>:trail/stratus-red-team-ct-stop-trail-arzkiholin;cloudtrail_kms_encryption_enabled;False;stratus-red-team-ct-stop-trail-arzkiholin;ISO27001;ISO/IEC 27001 Information Security Management Standard 2022
aws;ISO (the International Organization for Standardization) and IEC (the International Electrotechnical Commission) form the specialized system for worldwide standardization. National bodies that are members of ISO or IEC participate in the development of International Standards through technical committees established by the respective organization to deal with particular fields of technical activity. ISO and IEC technical committees collaborate in fields of mutual interest. Other international organizations, governmental and non-governmental, in liaison with ISO and IEC, also take part in the work.;<SANDBOX_ACCOUNT_ID>;ap-southeast-7;2026-08-29 00:18:02.370487;A.8.24;Use of Cryptography;Rules for the effective use of cryptography, including cryptographic key management, should be defined and implemented.;A.8 Technological controls;A.8.24;Use of Cryptography;Rules for the effective use of cryptography, including cryptographic key management, should be defined and implemented.;FAIL;Single region trail stratus-red-team-ct-stop-trail-arzkiholin has encryption disabled.;arn:aws:cloudtrail:ap-southeast-7:<SANDBOX_ACCOUNT_ID>:trail/stratus-red-team-ct-stop-trail-arzkiholin;cloudtrail_kms_encryption_enabled;False;stratus-red-team-ct-stop-trail-arzkiholin;ISO27001;ISO/IEC 27001 Information Security Management Standard 2022
aws;ISO (the International Organization for Standardization) and IEC (the International Electrotechnical Commission) form the specialized system for worldwide standardization. National bodies that are members of ISO or IEC participate in the development of International Standards through technical committees established by the respective organization to deal with particular fields of technical activity. ISO and IEC technical committees collaborate in fields of mutual interest. Other international organizations, governmental and non-governmental, in liaison with ISO and IEC, also take part in the work.;<SANDBOX_ACCOUNT_ID>;ap-southeast-7;2026-08-29 00:18:02.370487;A.8.15;Logging;Logs that record activities, exceptions, faults and other relevant events should be produced, stored, protected and analysed.;A.8 Technological controls;A.8.15;Logging;Logs that record activities, exceptions, faults and other relevant events should be produced, stored, protected and analysed.;PASS;Multiregion trail lz-org-trail has log file validation enabled.;arn:aws:cloudtrail:ap-southeast-7:<MANAGEMENT_ACCOUNT_ID>:trail/lz-org-trail;cloudtrail_log_file_validation_enabled;False;lz-org-trail;ISO27001;ISO/IEC 27001 Information Security Management Standard 2022
aws;ISO (the International Organization for Standardization) and IEC (the International Electrotechnical Commission) form the specialized system for worldwide standardization. National bodies that are members of ISO or IEC participate in the development of International Standards through technical committees established by the respective organization to deal with particular fields of technical activity. ISO and IEC technical committees collaborate in fields of mutual interest. Other international organizations, governmental and non-governmental, in liaison with ISO and IEC, also take part in the work.;<SANDBOX_ACCOUNT_ID>;ap-southeast-7;2026-08-29 00:18:02.370487;A.8.16;Monitoring Activities;Networks, systems and applications should be monitored for anomalous behaviour and appropriate actions taken to evaluate potential information security incidents.;A.8 Technological controls;A.8.16;Monitoring Activities;Networks, systems and applications should be monitored for anomalous behaviour and appropriate actions taken to evaluate potential information security incidents.;PASS;Multiregion trail lz-org-trail has log file validation enabled.;arn:aws:cloudtrail:ap-southeast-7:<MANAGEMENT_ACCOUNT_ID>:trail/lz-org-trail;cloudtrail_log_file_validation_enabled;False;lz-org-trail;ISO27001;ISO/IEC 27001 Information Security Management Standard 2022
aws;ISO (the International Organization for Standardization) and IEC (the International Electrotechnical Commission) form the specialized system for worldwide standardization. National bodies that are members of ISO or IEC participate in the development of International Standards through technical committees established by the respective organization to deal with particular fields of technical activity. ISO and IEC technical committees collaborate in fields of mutual interest. Other international organizations, governmental and non-governmental, in liaison with ISO and IEC, also take part in the work.;<SANDBOX_ACCOUNT_ID>;ap-southeast-7;2026-08-29 00:18:02.370487;A.8.15;Logging;Logs that record activities, exceptions, faults and other relevant events should be produced, stored, protected and analysed.;A.8 Technological controls;A.8.15;Logging;Logs that record activities, exceptions, faults and other relevant events should be produced, stored, protected and analysed.;PASS;Multiregion trail range-trail has log file validation enabled.;arn:aws:cloudtrail:ap-southeast-7:<SANDBOX_ACCOUNT_ID>:trail/range-trail;cloudtrail_log_file_validation_enabled;False;range-trail;ISO27001;ISO/IEC 27001 Information Security Management Standard 2022
aws;ISO (the International Organization for Standardization) and IEC (the International Electrotechnical Commission) form the specialized system for worldwide standardization. National bodies that are members of ISO or IEC participate in the development of International Standards through technical committees established by the respective organization to deal with particular fields of technical activity. ISO and IEC technical committees collaborate in fields of mutual interest. Other international organizations, governmental and non-governmental, in liaison with ISO and IEC, also take part in the work.;<SANDBOX_ACCOUNT_ID>;ap-southeast-7;2026-08-29 00:18:02.370487;A.8.16;Monitoring Activities;Networks, systems and applications should be monitored for anomalous behaviour and appropriate actions taken to evaluate potential information security incidents.;A.8 Technological controls;A.8.16;Monitoring Activities;Networks, systems and applications should be monitored for anomalous behaviour and appropriate actions taken to evaluate potential information security incidents.;PASS;Multiregion trail range-trail has log file validation enabled.;arn:aws:cloudtrail:ap-southeast-7:<SANDBOX_ACCOUNT_ID>:trail/range-trail;cloudtrail_log_file_validation_enabled;False;range-trail;ISO27001;ISO/IEC 27001 Information Security Management Standard 2022
aws;ISO (the International Organization for Standardization) and IEC (the International Electrotechnical Commission) form the specialized system for worldwide standardization. National bodies that are members of ISO or IEC participate in the development of International Standards through technical committees established by the respective organization to deal with particular fields of technical activity. ISO and IEC technical committees collaborate in fields of mutual interest. Other international organizations, governmental and non-governmental, in liaison with ISO and IEC, also take part in the work.;<SANDBOX_ACCOUNT_ID>;ap-southeast-7;2026-08-29 00:18:02.370487;A.8.15;Logging;Logs that record activities, exceptions, faults and other relevant events should be produced, stored, protected and analysed.;A.8 Technological controls;A.8.15;Logging;Logs that record activities, exceptions, faults and other relevant events should be produced, stored, protected and analysed.;FAIL;Single region trail stratus-red-team-ct-stop-trail-arzkiholin has log file validation disabled.;arn:aws:cloudtrail:ap-southeast-7:<SANDBOX_ACCOUNT_ID>:trail/stratus-red-team-ct-stop-trail-arzkiholin;cloudtrail_log_file_validation_enabled;False;stratus-red-team-ct-stop-trail-arzkiholin;ISO27001;ISO/IEC 27001 Information Security Management Standard 2022
aws;ISO (the International Organization for Standardization) and IEC (the International Electrotechnical Commission) form the specialized system for worldwide standardization. National bodies that are members of ISO or IEC participate in the development of International Standards through technical committees established by the respective organization to deal with particular fields of technical activity. ISO and IEC technical committees collaborate in fields of mutual interest. Other international organizations, governmental and non-governmental, in liaison with ISO and IEC, also take part in the work.;<SANDBOX_ACCOUNT_ID>;ap-southeast-7;2026-08-29 00:18:02.370487;A.8.16;Monitoring Activities;Networks, systems and applications should be monitored for anomalous behaviour and appropriate actions taken to evaluate potential information security incidents.;A.8 Technological controls;A.8.16;Monitoring Activities;Networks, systems and applications should be monitored for anomalous behaviour and appropriate actions taken to evaluate potential information security incidents.;FAIL;Single region trail stratus-red-team-ct-stop-trail-arzkiholin has log file validation disabled.;arn:aws:cloudtrail:ap-southeast-7:<SANDBOX_ACCOUNT_ID>:trail/stratus-red-team-ct-stop-trail-arzkiholin;cloudtrail_log_file_validation_enabled;False;stratus-red-team-ct-stop-trail-arzkiholin;ISO27001;ISO/IEC 27001 Information Security Management Standard 2022
aws;ISO (the International Organization for Standardization) and IEC (the International Electrotechnical Commission) form the specialized system for worldwide standardization. National bodies that are members of ISO or IEC participate in the development of International Standards through technical committees established by the respective organization to deal with particular fields of technical activity. ISO and IEC technical committees collaborate in fields of mutual interest. Other international organizations, governmental and non-governmental, in liaison with ISO and IEC, also take part in the work.;<SANDBOX_ACCOUNT_ID>;ap-southeast-7;2026-08-29 00:18:02.370487;A.8.15;Logging;Logs that record activities, exceptions, faults and other relevant events should be produced, stored, protected and analysed.;A.8 Technological controls;A.8.15;Logging;Logs that record activities, exceptions, faults and other relevant events should be produced, stored, protected and analysed.;MANUAL;Trail lz-org-trail is delivering logs to bucket lz-org-cloudtrail-logs-<LOG_ARCHIVE_ACCOUNT_ID> which is a cross-account bucket or out of Prowler's audit scope, please check it manually.;arn:aws:cloudtrail:ap-southeast-7:<MANAGEMENT_ACCOUNT_ID>:trail/lz-org-trail;cloudtrail_logs_s3_bucket_access_logging_enabled;False;lz-org-trail;ISO27001;ISO/IEC 27001 Information Security Management Standard 2022
aws;ISO (the International Organization for Standardization) and IEC (the International Electrotechnical Commission) form the specialized system for worldwide standardization. National bodies that are members of ISO or IEC participate in the development of International Standards through technical committees established by the respective organization to deal with particular fields of technical activity. ISO and IEC technical committees collaborate in fields of mutual interest. Other international organizations, governmental and non-governmental, in liaison with ISO and IEC, also take part in the work.;<SANDBOX_ACCOUNT_ID>;ap-southeast-7;2026-08-29 00:18:02.370487;A.8.16;Monitoring Activities;Networks, systems and applications should be monitored for anomalous behaviour and appropriate actions taken to evaluate potential information security incidents.;A.8 Technological controls;A.8.16;Monitoring Activities;Networks, systems and applications should be monitored for anomalous behaviour and appropriate actions taken to evaluate potential information security incidents.;MANUAL;Trail lz-org-trail is delivering logs to bucket lz-org-cloudtrail-logs-<LOG_ARCHIVE_ACCOUNT_ID> which is a cross-account bucket or out of Prowler's audit scope, please check it manually.;arn:aws:cloudtrail:ap-southeast-7:<MANAGEMENT_ACCOUNT_ID>:trail/lz-org-trail;cloudtrail_logs_s3_bucket_access_logging_enabled;False;lz-org-trail;ISO27001;ISO/IEC 27001 Information Security Management Standard 2022
aws;ISO (the International Organization for Standardization) and IEC (the International Electrotechnical Commission) form the specialized system for worldwide standardization. National bodies that are members of ISO or IEC participate in the development of International Standards through technical committees established by the respective organization to deal with particular fields of technical activity. ISO and IEC technical committees collaborate in fields of mutual interest. Other international organizations, governmental and non-governmental, in liaison with ISO and IEC, also take part in the work.;<SANDBOX_ACCOUNT_ID>;ap-southeast-7;2026-08-29 00:18:02.370487;A.8.15;Logging;Logs that record activities, exceptions, faults and other relevant events should be produced, stored, protected and analysed.;A.8 Technological controls;A.8.15;Logging;Logs that record activities, exceptions, faults and other relevant events should be produced, stored, protected and analysed.;FAIL;Multiregion Trail range-trail S3 bucket access logging is not enabled for bucket range-cloudtrail-<SANDBOX_ACCOUNT_ID>.;arn:aws:cloudtrail:ap-southeast-7:<SANDBOX_ACCOUNT_ID>:trail/range-trail;cloudtrail_logs_s3_bucket_access_logging_enabled;False;range-trail;ISO27001;ISO/IEC 27001 Information Security Management Standard 2022
aws;ISO (the International Organization for Standardization) and IEC (the International Electrotechnical Commission) form the specialized system for worldwide standardization. National bodies that are members of ISO or IEC participate in the development of International Standards through technical committees established by the respective organization to deal with particular fields of technical activity. ISO and IEC technical committees collaborate in fields of mutual interest. Other international organizations, governmental and non-governmental, in liaison with ISO and IEC, also take part in the work.;<SANDBOX_ACCOUNT_ID>;ap-southeast-7;2026-08-29 00:18:02.370487;A.8.16;Monitoring Activities;Networks, systems and applications should be monitored for anomalous behaviour and appropriate actions taken to evaluate potential information security incidents.;A.8 Technological controls;A.8.16;Monitoring Activities;Networks, systems and applications should be monitored for anomalous behaviour and appropriate actions taken to evaluate potential information security incidents.;FAIL;Multiregion Trail range-trail S3 bucket access logging is not enabled for bucket range-cloudtrail-<SANDBOX_ACCOUNT_ID>.;arn:aws:cloudtrail:ap-southeast-7:<SANDBOX_ACCOUNT_ID>:trail/range-trail;cloudtrail_logs_s3_bucket_access_logging_enabled;False;range-trail;ISO27001;ISO/IEC 27001 Information Security Management Standard 2022
aws;ISO (the International Organization for Standardization) and IEC (the International Electrotechnical Commission) form the specialized system for worldwide standardization. National bodies that are members of ISO or IEC participate in the development of International Standards through technical committees established by the respective organization to deal with particular fields of technical activity. ISO and IEC technical committees collaborate in fields of mutual interest. Other international organizations, governmental and non-governmental, in liaison with ISO and IEC, also take part in the work.;<SANDBOX_ACCOUNT_ID>;ap-southeast-7;2026-08-29 00:18:02.370487;A.8.15;Logging;Logs that record activities, exceptions, faults and other relevant events should be produced, stored, protected and analysed.;A.8 Technological controls;A.8.15;Logging;Logs that record activities, exceptions, faults and other relevant events should be produced, stored, protected and analysed.;FAIL;Single region Trail stratus-red-team-ct-stop-trail-arzkiholin S3 bucket access logging is not enabled for bucket stratus-red-team-ct-stop-bucket-arzkiholin.;arn:aws:cloudtrail:ap-southeast-7:<SANDBOX_ACCOUNT_ID>:trail/stratus-red-team-ct-stop-trail-arzkiholin;cloudtrail_logs_s3_bucket_access_logging_enabled;False;stratus-red-team-ct-stop-trail-arzkiholin;ISO27001;ISO/IEC 27001 Information Security Management Standard 2022
aws;ISO (the International Organization for Standardization) and IEC (the International Electrotechnical Commission) form the specialized system for worldwide standardization. National bodies that are members of ISO or IEC participate in the development of International Standards through technical committees established by the respective organization to deal with particular fields of technical activity. ISO and IEC technical committees collaborate in fields of mutual interest. Other international organizations, governmental and non-governmental, in liaison with ISO and IEC, also take part in the work.;<SANDBOX_ACCOUNT_ID>;ap-southeast-7;2026-08-29 00:18:02.370487;A.8.16;Monitoring Activities;Networks, systems and applications should be monitored for anomalous behaviour and appropriate actions taken to evaluate potential information security incidents.;A.8 Technological controls;A.8.16;Monitoring Activities;Networks, systems and applications should be monitored for anomalous behaviour and appropriate actions taken to evaluate potential information security incidents.;FAIL;Single region Trail stratus-red-team-ct-stop-trail-arzkiholin S3 bucket access logging is not enabled for bucket stratus-red-team-ct-stop-bucket-arzkiholin.;arn:aws:cloudtrail:ap-southeast-7:<SANDBOX_ACCOUNT_ID>:trail/stratus-red-team-ct-stop-trail-arzkiholin;cloudtrail_logs_s3_bucket_access_logging_enabled;False;stratus-red-team-ct-stop-trail-arzkiholin;ISO27001;ISO/IEC 27001 Information Security Management Standard 2022
aws;ISO (the International Organization for Standardization) and IEC (the International Electrotechnical Commission) form the specialized system for worldwide standardization. National bodies that are members of ISO or IEC participate in the development of International Standards through technical committees established by the respective organization to deal with particular fields of technical activity. ISO and IEC technical committees collaborate in fields of mutual interest. Other international organizations, governmental and non-governmental, in liaison with ISO and IEC, also take part in the work.;<SANDBOX_ACCOUNT_ID>;ap-southeast-7;2026-08-29 00:18:02.370487;A.8.1;User Endpoint Devices;Information stored on, processed by or accessible via user endpoint devices should be protected.;A.8 Technological controls;A.8.1;User Endpoint Devices;Information stored on, processed by or accessible via user endpoint devices should be protected.;MANUAL;Trail lz-org-trail bucket (lz-org-cloudtrail-logs-<LOG_ARCHIVE_ACCOUNT_ID>) is a cross-account bucket or out of Prowler's audit scope, please check it manually.;arn:aws:cloudtrail:ap-southeast-7:<MANAGEMENT_ACCOUNT_ID>:trail/lz-org-trail;cloudtrail_logs_s3_bucket_is_not_publicly_accessible;False;lz-org-trail;ISO27001;ISO/IEC 27001 Information Security Management Standard 2022
aws;ISO (the International Organization for Standardization) and IEC (the International Electrotechnical Commission) form the specialized system for worldwide standardization. National bodies that are members of ISO or IEC participate in the development of International Standards through technical committees established by the respective organization to deal with particular fields of technical activity. ISO and IEC technical committees collaborate in fields of mutual interest. Other international organizations, governmental and non-governmental, in liaison with ISO and IEC, also take part in the work.;<SANDBOX_ACCOUNT_ID>;ap-southeast-7;2026-08-29 00:18:02.370487;A.8.15;Logging;Logs that record activities, exceptions, faults and other relevant events should be produced, stored, protected and analysed.;A.8 Technological controls;A.8.15;Logging;Logs that record activities, exceptions, faults and other relevant events should be produced, stored, protected and analysed.;MANUAL;Trail lz-org-trail bucket (lz-org-cloudtrail-logs-<LOG_ARCHIVE_ACCOUNT_ID>) is a cross-account bucket or out of Prowler's audit scope, please check it manually.;arn:aws:cloudtrail:ap-southeast-7:<MANAGEMENT_ACCOUNT_ID>:trail/lz-org-trail;cloudtrail_logs_s3_bucket_is_not_publicly_accessible;False;lz-org-trail;ISO27001;ISO/IEC 27001 Information Security Management Standard 2022
aws;ISO (the International Organization for Standardization) and IEC (the International Electrotechnical Commission) form the specialized system for worldwide standardization. National bodies that are members of ISO or IEC participate in the development of International Standards through technical committees established by the respective organization to deal with particular fields of technical activity. ISO and IEC technical committees collaborate in fields of mutual interest. Other international organizations, governmental and non-governmental, in liaison with ISO and IEC, also take part in the work.;<SANDBOX_ACCOUNT_ID>;ap-southeast-7;2026-08-29 00:18:02.370487;A.8.16;Monitoring Activities;Networks, systems and applications should be monitored for anomalous behaviour and appropriate actions taken to evaluate potential information security incidents.;A.8 Technological controls;A.8.16;Monitoring Activities;Networks, systems and applications should be monitored for anomalous behaviour and appropriate actions taken to evaluate potential information security incidents.;MANUAL;Trail lz-org-trail bucket (lz-org-cloudtrail-logs-<LOG_ARCHIVE_ACCOUNT_ID>) is a cross-account bucket or out of Prowler's audit scope, please check it manually.;arn:aws:cloudtrail:ap-southeast-7:<MANAGEMENT_ACCOUNT_ID>:trail/lz-org-trail;cloudtrail_logs_s3_bucket_is_not_publicly_accessible;False;lz-org-trail;ISO27001;ISO/IEC 27001 Information Security Management Standard 2022
aws;ISO (the International Organization for Standardization) and IEC (the International Electrotechnical Commission) form the specialized system for worldwide standardization. National bodies that are members of ISO or IEC participate in the development of International Standards through technical committees established by the respective organization to deal with particular fields of technical activity. ISO and IEC technical committees collaborate in fields of mutual interest. Other international organizations, governmental and non-governmental, in liaison with ISO and IEC, also take part in the work.;<SANDBOX_ACCOUNT_ID>;ap-southeast-7;2026-08-29 00:18:02.370487;A.8.1;User Endpoint Devices;Information stored on, processed by or accessible via user endpoint devices should be protected.;A.8 Technological controls;A.8.1;User Endpoint Devices;Information stored on, processed by or accessible via user endpoint devices should be protected.;PASS;S3 Bucket range-cloudtrail-<SANDBOX_ACCOUNT_ID> from multiregion trail range-trail is not publicly accessible.;arn:aws:cloudtrail:ap-southeast-7:<SANDBOX_ACCOUNT_ID>:trail/range-trail;cloudtrail_logs_s3_bucket_is_not_publicly_accessible;False;range-trail;ISO27001;ISO/IEC 27001 Information Security Management Standard 2022
aws;ISO (the International Organization for Standardization) and IEC (the International Electrotechnical Commission) form the specialized system for worldwide standardization. National bodies that are members of ISO or IEC participate in the development of International Standards through technical committees established by the respective organization to deal with particular fields of technical activity. ISO and IEC technical committees collaborate in fields of mutual interest. Other international organizations, governmental and non-governmental, in liaison with ISO and IEC, also take part in the work.;<SANDBOX_ACCOUNT_ID>;ap-southeast-7;2026-08-29 00:18:02.370487;A.8.15;Logging;Logs that record activities, exceptions, faults and other relevant events should be produced, stored, protected and analysed.;A.8 Technological controls;A.8.15;Logging;Logs that record activities, exceptions, faults and other relevant events should be produced, stored, protected and analysed.;PASS;S3 Bucket range-cloudtrail-<SANDBOX_ACCOUNT_ID> from multiregion trail range-trail is not publicly accessible.;arn:aws:cloudtrail:ap-southeast-7:<SANDBOX_ACCOUNT_ID>:trail/range-trail;cloudtrail_logs_s3_bucket_is_not_publicly_accessible;False;range-trail;ISO27001;ISO/IEC 27001 Information Security Management Standard 2022
aws;ISO (the International Organization for Standardization) and IEC (the International Electrotechnical Commission) form the specialized system for worldwide standardization. National bodies that are members of ISO or IEC participate in the development of International Standards through technical committees established by the respective organization to deal with particular fields of technical activity. ISO and IEC technical committees collaborate in fields of mutual interest. Other international organizations, governmental and non-governmental, in liaison with ISO and IEC, also take part in the work.;<SANDBOX_ACCOUNT_ID>;ap-southeast-7;2026-08-29 00:18:02.370487;A.8.16;Monitoring Activities;Networks, systems and applications should be monitored for anomalous behaviour and appropriate actions taken to evaluate potential information security incidents.;A.8 Technological controls;A.8.16;Monitoring Activities;Networks, systems and applications should be monitored for anomalous behaviour and appropriate actions taken to evaluate potential information security incidents.;PASS;S3 Bucket range-cloudtrail-<SANDBOX_ACCOUNT_ID> from multiregion trail range-trail is not publicly accessible.;arn:aws:cloudtrail:ap-southeast-7:<SANDBOX_ACCOUNT_ID>:trail/range-trail;cloudtrail_logs_s3_bucket_is_not_publicly_accessible;False;range-trail;ISO27001;ISO/IEC 27001 Information Security Management Standard 2022
aws;ISO (the International Organization for Standardization) and IEC (the International Electrotechnical Commission) form the specialized system for worldwide standardization. National bodies that are members of ISO or IEC participate in the development of International Standards through technical committees established by the respective organization to deal with particular fields of technical activity. ISO and IEC technical committees collaborate in fields of mutual interest. Other international organizations, governmental and non-governmental, in liaison with ISO and IEC, also take part in the work.;<SANDBOX_ACCOUNT_ID>;ap-southeast-7;2026-08-29 00:18:02.370487;A.8.1;User Endpoint Devices;Information stored on, processed by or accessible via user endpoint devices should be protected.;A.8 Technological controls;A.8.1;User Endpoint Devices;Information stored on, processed by or accessible via user endpoint devices should be protected.;PASS;S3 Bucket stratus-red-team-ct-stop-bucket-arzkiholin from single region trail stratus-red-team-ct-stop-trail-arzkiholin is not publicly accessible.;arn:aws:cloudtrail:ap-southeast-7:<SANDBOX_ACCOUNT_ID>:trail/stratus-red-team-ct-stop-trail-arzkiholin;cloudtrail_logs_s3_bucket_is_not_publicly_accessible;False;stratus-red-team-ct-stop-trail-arzkiholin;ISO27001;ISO/IEC 27001 Information Security Management Standard 2022
aws;ISO (the International Organization for Standardization) and IEC (the International Electrotechnical Commission) form the specialized system for worldwide standardization. National bodies that are members of ISO or IEC participate in the development of International Standards through technical committees established by the respective organization to deal with particular fields of technical activity. ISO and IEC technical committees collaborate in fields of mutual interest. Other international organizations, governmental and non-governmental, in liaison with ISO and IEC, also take part in the work.;<SANDBOX_ACCOUNT_ID>;ap-southeast-7;2026-08-29 00:18:02.370487;A.8.15;Logging;Logs that record activities, exceptions, faults and other relevant events should be produced, stored, protected and analysed.;A.8 Technological controls;A.8.15;Logging;Logs that record activities, exceptions, faults and other relevant events should be produced, stored, protected and analysed.;PASS;S3 Bucket stratus-red-team-ct-stop-bucket-arzkiholin from single region trail stratus-red-team-ct-stop-trail-arzkiholin is not publicly accessible.;arn:aws:cloudtrail:ap-southeast-7:<SANDBOX_ACCOUNT_ID>:trail/stratus-red-team-ct-stop-trail-arzkiholin;cloudtrail_logs_s3_bucket_is_not_publicly_accessible;False;stratus-red-team-ct-stop-trail-arzkiholin;ISO27001;ISO/IEC 27001 Information Security Management Standard 2022
aws;ISO (the International Organization for Standardization) and IEC (the International Electrotechnical Commission) form the specialized system for worldwide standardization. National bodies that are members of ISO or IEC participate in the development of International Standards through technical committees established by the respective organization to deal with particular fields of technical activity. ISO and IEC technical committees collaborate in fields of mutual interest. Other international organizations, governmental and non-governmental, in liaison with ISO and IEC, also take part in the work.;<SANDBOX_ACCOUNT_ID>;ap-southeast-7;2026-08-29 00:18:02.370487;A.8.16;Monitoring Activities;Networks, systems and applications should be monitored for anomalous behaviour and appropriate actions taken to evaluate potential information security incidents.;A.8 Technological controls;A.8.16;Monitoring Activities;Networks, systems and applications should be monitored for anomalous behaviour and appropriate actions taken to evaluate potential information security incidents.;PASS;S3 Bucket stratus-red-team-ct-stop-bucket-arzkiholin from single region trail stratus-red-team-ct-stop-trail-arzkiholin is not publicly accessible.;arn:aws:cloudtrail:ap-southeast-7:<SANDBOX_ACCOUNT_ID>:trail/stratus-red-team-ct-stop-trail-arzkiholin;cloudtrail_logs_s3_bucket_is_not_publicly_accessible;False;stratus-red-team-ct-stop-trail-arzkiholin;ISO27001;ISO/IEC 27001 Information Security Management Standard 2022
aws;ISO (the International Organization for Standardization) and IEC (the International Electrotechnical Commission) form the specialized system for worldwide standardization. National bodies that are members of ISO or IEC participate in the development of International Standards through technical committees established by the respective organization to deal with particular fields of technical activity. ISO and IEC technical committees collaborate in fields of mutual interest. Other international organizations, governmental and non-governmental, in liaison with ISO and IEC, also take part in the work.;<SANDBOX_ACCOUNT_ID>;ap-southeast-7;2026-08-29 00:18:02.370487;A.8.15;Logging;Logs that record activities, exceptions, faults and other relevant events should be produced, stored, protected and analysed.;A.8 Technological controls;A.8.15;Logging;Logs that record activities, exceptions, faults and other relevant events should be produced, stored, protected and analysed.;PASS;Trail lz-org-trail from home region ap-southeast-7 is multi-region, is logging and have management events enabled.;arn:aws:cloudtrail:ap-southeast-7:<MANAGEMENT_ACCOUNT_ID>:trail/lz-org-trail;cloudtrail_multi_region_enabled_logging_management_events;False;lz-org-trail;ISO27001;ISO/IEC 27001 Information Security Management Standard 2022
aws;ISO (the International Organization for Standardization) and IEC (the International Electrotechnical Commission) form the specialized system for worldwide standardization. National bodies that are members of ISO or IEC participate in the development of International Standards through technical committees established by the respective organization to deal with particular fields of technical activity. ISO and IEC technical committees collaborate in fields of mutual interest. Other international organizations, governmental and non-governmental, in liaison with ISO and IEC, also take part in the work.;<SANDBOX_ACCOUNT_ID>;ap-southeast-7;2026-08-29 00:18:02.370487;A.8.16;Monitoring Activities;Networks, systems and applications should be monitored for anomalous behaviour and appropriate actions taken to evaluate potential information security incidents.;A.8 Technological controls;A.8.16;Monitoring Activities;Networks, systems and applications should be monitored for anomalous behaviour and appropriate actions taken to evaluate potential information security incidents.;PASS;Trail lz-org-trail from home region ap-southeast-7 is multi-region, is logging and have management events enabled.;arn:aws:cloudtrail:ap-southeast-7:<MANAGEMENT_ACCOUNT_ID>:trail/lz-org-trail;cloudtrail_multi_region_enabled_logging_management_events;False;lz-org-trail;ISO27001;ISO/IEC 27001 Information Security Management Standard 2022
aws;ISO (the International Organization for Standardization) and IEC (the International Electrotechnical Commission) form the specialized system for worldwide standardization. National bodies that are members of ISO or IEC participate in the development of International Standards through technical committees established by the respective organization to deal with particular fields of technical activity. ISO and IEC technical committees collaborate in fields of mutual interest. Other international organizations, governmental and non-governmental, in liaison with ISO and IEC, also take part in the work.;<SANDBOX_ACCOUNT_ID>;ap-southeast-7;2026-08-29 00:18:02.370487;A.8.15;Logging;Logs that record activities, exceptions, faults and other relevant events should be produced, stored, protected and analysed.;A.8 Technological controls;A.8.15;Logging;Logs that record activities, exceptions, faults and other relevant events should be produced, stored, protected and analysed.;FAIL;No CloudTrail trails have a data event to record all S3 object-level API operations.;arn:aws:cloudtrail:ap-southeast-7:<SANDBOX_ACCOUNT_ID>:trail;cloudtrail_s3_dataevents_read_enabled;False;<SANDBOX_ACCOUNT_ID>;ISO27001;ISO/IEC 27001 Information Security Management Standard 2022
aws;ISO (the International Organization for Standardization) and IEC (the International Electrotechnical Commission) form the specialized system for worldwide standardization. National bodies that are members of ISO or IEC participate in the development of International Standards through technical committees established by the respective organization to deal with particular fields of technical activity. ISO and IEC technical committees collaborate in fields of mutual interest. Other international organizations, governmental and non-governmental, in liaison with ISO and IEC, also take part in the work.;<SANDBOX_ACCOUNT_ID>;ap-southeast-7;2026-08-29 00:18:02.370487;A.8.16;Monitoring Activities;Networks, systems and applications should be monitored for anomalous behaviour and appropriate actions taken to evaluate potential information security incidents.;A.8 Technological controls;A.8.16;Monitoring Activities;Networks, systems and applications should be monitored for anomalous behaviour and appropriate actions taken to evaluate potential information security incidents.;FAIL;No CloudTrail trails have a data event to record all S3 object-level API operations.;arn:aws:cloudtrail:ap-southeast-7:<SANDBOX_ACCOUNT_ID>:trail;cloudtrail_s3_dataevents_read_enabled;False;<SANDBOX_ACCOUNT_ID>;ISO27001;ISO/IEC 27001 Information Security Management Standard 2022
aws;ISO (the International Organization for Standardization) and IEC (the International Electrotechnical Commission) form the specialized system for worldwide standardization. National bodies that are members of ISO or IEC participate in the development of International Standards through technical committees established by the respective organization to deal with particular fields of technical activity. ISO and IEC technical committees collaborate in fields of mutual interest. Other international organizations, governmental and non-governmental, in liaison with ISO and IEC, also take part in the work.;<SANDBOX_ACCOUNT_ID>;ap-southeast-7;2026-08-29 00:18:02.370487;A.8.15;Logging;Logs that record activities, exceptions, faults and other relevant events should be produced, stored, protected and analysed.;A.8 Technological controls;A.8.15;Logging;Logs that record activities, exceptions, faults and other relevant events should be produced, stored, protected and analysed.;FAIL;No CloudTrail trails have a data event to record all S3 object-level API operations.;arn:aws:cloudtrail:ap-southeast-7:<SANDBOX_ACCOUNT_ID>:trail;cloudtrail_s3_dataevents_write_enabled;False;<SANDBOX_ACCOUNT_ID>;ISO27001;ISO/IEC 27001 Information Security Management Standard 2022
aws;ISO (the International Organization for Standardization) and IEC (the International Electrotechnical Commission) form the specialized system for worldwide standardization. National bodies that are members of ISO or IEC participate in the development of International Standards through technical committees established by the respective organization to deal with particular fields of technical activity. ISO and IEC technical committees collaborate in fields of mutual interest. Other international organizations, governmental and non-governmental, in liaison with ISO and IEC, also take part in the work.;<SANDBOX_ACCOUNT_ID>;ap-southeast-7;2026-08-29 00:18:02.370487;A.8.16;Monitoring Activities;Networks, systems and applications should be monitored for anomalous behaviour and appropriate actions taken to evaluate potential information security incidents.;A.8 Technological controls;A.8.16;Monitoring Activities;Networks, systems and applications should be monitored for anomalous behaviour and appropriate actions taken to evaluate potential information security incidents.;FAIL;No CloudTrail trails have a data event to record all S3 object-level API operations.;arn:aws:cloudtrail:ap-southeast-7:<SANDBOX_ACCOUNT_ID>:trail;cloudtrail_s3_dataevents_write_enabled;False;<SANDBOX_ACCOUNT_ID>;ISO27001;ISO/IEC 27001 Information Security Management Standard 2022
aws;ISO (the International Organization for Standardization) and IEC (the International Electrotechnical Commission) form the specialized system for worldwide standardization. National bodies that are members of ISO or IEC participate in the development of International Standards through technical committees established by the respective organization to deal with particular fields of technical activity. ISO and IEC technical committees collaborate in fields of mutual interest. Other international organizations, governmental and non-governmental, in liaison with ISO and IEC, also take part in the work.;<SANDBOX_ACCOUNT_ID>;ap-southeast-7;2026-08-29 00:18:02.370487;A.8.15;Logging;Logs that record activities, exceptions, faults and other relevant events should be produced, stored, protected and analysed.;A.8 Technological controls;A.8.15;Logging;Logs that record activities, exceptions, faults and other relevant events should be produced, stored, protected and analysed.;FAIL;No CloudWatch log groups found with metric filters or alarms associated.;arn:aws:logs:ap-southeast-7:<SANDBOX_ACCOUNT_ID>:log-group;cloudwatch_changes_to_network_acls_alarm_configured;False;<SANDBOX_ACCOUNT_ID>;ISO27001;ISO/IEC 27001 Information Security Management Standard 2022
aws;ISO (the International Organization for Standardization) and IEC (the International Electrotechnical Commission) form the specialized system for worldwide standardization. National bodies that are members of ISO or IEC participate in the development of International Standards through technical committees established by the respective organization to deal with particular fields of technical activity. ISO and IEC technical committees collaborate in fields of mutual interest. Other international organizations, governmental and non-governmental, in liaison with ISO and IEC, also take part in the work.;<SANDBOX_ACCOUNT_ID>;ap-southeast-7;2026-08-29 00:18:02.370487;A.8.16;Monitoring Activities;Networks, systems and applications should be monitored for anomalous behaviour and appropriate actions taken to evaluate potential information security incidents.;A.8 Technological controls;A.8.16;Monitoring Activities;Networks, systems and applications should be monitored for anomalous behaviour and appropriate actions taken to evaluate potential information security incidents.;FAIL;No CloudWatch log groups found with metric filters or alarms associated.;arn:aws:logs:ap-southeast-7:<SANDBOX_ACCOUNT_ID>:log-group;cloudwatch_changes_to_network_acls_alarm_configured;False;<SANDBOX_ACCOUNT_ID>;ISO27001;ISO/IEC 27001 Information Security Management Standard 2022
aws;ISO (the International Organization for Standardization) and IEC (the International Electrotechnical Commission) form the specialized system for worldwide standardization. National bodies that are members of ISO or IEC participate in the development of International Standards through technical committees established by the respective organization to deal with particular fields of technical activity. ISO and IEC technical committees collaborate in fields of mutual interest. Other international organizations, governmental and non-governmental, in liaison with ISO and IEC, also take part in the work.;<SANDBOX_ACCOUNT_ID>;ap-southeast-7;2026-08-29 00:18:02.370487;A.8.15;Logging;Logs that record activities, exceptions, faults and other relevant events should be produced, stored, protected and analysed.;A.8 Technological controls;A.8.15;Logging;Logs that record activities, exceptions, faults and other relevant events should be produced, stored, protected and analysed.;FAIL;No CloudWatch log groups found with metric filters or alarms associated.;arn:aws:logs:ap-southeast-7:<SANDBOX_ACCOUNT_ID>:log-group;cloudwatch_changes_to_network_gateways_alarm_configured;False;<SANDBOX_ACCOUNT_ID>;ISO27001;ISO/IEC 27001 Information Security Management Standard 2022
aws;ISO (the International Organization for Standardization) and IEC (the International Electrotechnical Commission) form the specialized system for worldwide standardization. National bodies that are members of ISO or IEC participate in the development of International Standards through technical committees established by the respective organization to deal with particular fields of technical activity. ISO and IEC technical committees collaborate in fields of mutual interest. Other international organizations, governmental and non-governmental, in liaison with ISO and IEC, also take part in the work.;<SANDBOX_ACCOUNT_ID>;ap-southeast-7;2026-08-29 00:18:02.370487;A.8.16;Monitoring Activities;Networks, systems and applications should be monitored for anomalous behaviour and appropriate actions taken to evaluate potential information security incidents.;A.8 Technological controls;A.8.16;Monitoring Activities;Networks, systems and applications should be monitored for anomalous behaviour and appropriate actions taken to evaluate potential information security incidents.;FAIL;No CloudWatch log groups found with metric filters or alarms associated.;arn:aws:logs:ap-southeast-7:<SANDBOX_ACCOUNT_ID>:log-group;cloudwatch_changes_to_network_gateways_alarm_configured;False;<SANDBOX_ACCOUNT_ID>;ISO27001;ISO/IEC 27001 Information Security Management Standard 2022
aws;ISO (the International Organization for Standardization) and IEC (the International Electrotechnical Commission) form the specialized system for worldwide standardization. National bodies that are members of ISO or IEC participate in the development of International Standards through technical committees established by the respective organization to deal with particular fields of technical activity. ISO and IEC technical committees collaborate in fields of mutual interest. Other international organizations, governmental and non-governmental, in liaison with ISO and IEC, also take part in the work.;<SANDBOX_ACCOUNT_ID>;ap-southeast-7;2026-08-29 00:18:02.370487;A.8.15;Logging;Logs that record activities, exceptions, faults and other relevant events should be produced, stored, protected and analysed.;A.8 Technological controls;A.8.15;Logging;Logs that record activities, exceptions, faults and other relevant events should be produced, stored, protected and analysed.;FAIL;No CloudWatch log groups found with metric filters or alarms associated.;arn:aws:logs:ap-southeast-7:<SANDBOX_ACCOUNT_ID>:log-group;cloudwatch_changes_to_vpcs_alarm_configured;False;<SANDBOX_ACCOUNT_ID>;ISO27001;ISO/IEC 27001 Information Security Management Standard 2022
aws;ISO (the International Organization for Standardization) and IEC (the International Electrotechnical Commission) form the specialized system for worldwide standardization. National bodies that are members of ISO or IEC participate in the development of International Standards through technical committees established by the respective organization to deal with particular fields of technical activity. ISO and IEC technical committees collaborate in fields of mutual interest. Other international organizations, governmental and non-governmental, in liaison with ISO and IEC, also take part in the work.;<SANDBOX_ACCOUNT_ID>;ap-southeast-7;2026-08-29 00:18:02.370487;A.8.16;Monitoring Activities;Networks, systems and applications should be monitored for anomalous behaviour and appropriate actions taken to evaluate potential information security incidents.;A.8 Technological controls;A.8.16;Monitoring Activities;Networks, systems and applications should be monitored for anomalous behaviour and appropriate actions taken to evaluate potential information security incidents.;FAIL;No CloudWatch log groups found with metric filters or alarms associated.;arn:aws:logs:ap-southeast-7:<SANDBOX_ACCOUNT_ID>:log-group;cloudwatch_changes_to_vpcs_alarm_configured;False;<SANDBOX_ACCOUNT_ID>;ISO27001;ISO/IEC 27001 Information Security Management Standard 2022
aws;ISO (the International Organization for Standardization) and IEC (the International Electrotechnical Commission) form the specialized system for worldwide standardization. National bodies that are members of ISO or IEC participate in the development of International Standards through technical committees established by the respective organization to deal with particular fields of technical activity. ISO and IEC technical committees collaborate in fields of mutual interest. Other international organizations, governmental and non-governmental, in liaison with ISO and IEC, also take part in the work.;<SANDBOX_ACCOUNT_ID>;ap-southeast-7;2026-08-29 00:18:02.370487;A.8.20;Network Security;Networks and network devices should be secured, managed and controlled to protect information in systems and applications.;A.8 Technological controls;A.8.20;Network Security;Networks and network devices should be secured, managed and controlled to protect information in systems and applications.;FAIL;No CloudWatch log groups found with metric filters or alarms associated.;arn:aws:logs:ap-southeast-7:<SANDBOX_ACCOUNT_ID>:log-group;cloudwatch_changes_to_vpcs_alarm_configured;False;<SANDBOX_ACCOUNT_ID>;ISO27001;ISO/IEC 27001 Information Security Management Standard 2022
aws;ISO (the International Organization for Standardization) and IEC (the International Electrotechnical Commission) form the specialized system for worldwide standardization. National bodies that are members of ISO or IEC participate in the development of International Standards through technical committees established by the respective organization to deal with particular fields of technical activity. ISO and IEC technical committees collaborate in fields of mutual interest. Other international organizations, governmental and non-governmental, in liaison with ISO and IEC, also take part in the work.;<SANDBOX_ACCOUNT_ID>;ap-southeast-7;2026-08-29 00:18:02.370487;A.8.21;Security of Network Services;Security mechanisms, service levels and service requirements of network services should be identified, implemented and monitored.;A.8 Technological controls;A.8.21;Security of Network Services;Security mechanisms, service levels and service requirements of network services should be identified, implemented and monitored.;FAIL;No CloudWatch log groups found with metric filters or alarms associated.;arn:aws:logs:ap-southeast-7:<SANDBOX_ACCOUNT_ID>:log-group;cloudwatch_changes_to_vpcs_alarm_configured;False;<SANDBOX_ACCOUNT_ID>;ISO27001;ISO/IEC 27001 Information Security Management Standard 2022
aws;ISO (the International Organization for Standardization) and IEC (the International Electrotechnical Commission) form the specialized system for worldwide standardization. National bodies that are members of ISO or IEC participate in the development of International Standards through technical committees established by the respective organization to deal with particular fields of technical activity. ISO and IEC technical committees collaborate in fields of mutual interest. Other international organizations, governmental and non-governmental, in liaison with ISO and IEC, also take part in the work.;<SANDBOX_ACCOUNT_ID>;ap-southeast-7;2026-08-29 00:18:02.370487;A.8.22;Segregation of Networks;Security mechanisms, service levels and service requirements of network services should be identified, implemented and monitored.;A.8 Technological controls;A.8.22;Segregation of Networks;Security mechanisms, service levels and service requirements of network services should be identified, implemented and monitored.;FAIL;No CloudWatch log groups found with metric filters or alarms associated.;arn:aws:logs:ap-southeast-7:<SANDBOX_ACCOUNT_ID>:log-group;cloudwatch_changes_to_vpcs_alarm_configured;False;<SANDBOX_ACCOUNT_ID>;ISO27001;ISO/IEC 27001 Information Security Management Standard 2022
aws;ISO (the International Organization for Standardization) and IEC (the International Electrotechnical Commission) form the specialized system for worldwide standardization. National bodies that are members of ISO or IEC participate in the development of International Standards through technical committees established by the respective organization to deal with particular fields of technical activity. ISO and IEC technical committees collaborate in fields of mutual interest. Other international organizations, governmental and non-governmental, in liaison with ISO and IEC, also take part in the work.;<SANDBOX_ACCOUNT_ID>;ap-southeast-7;2026-08-29 00:18:02.370487;A.8.11;Data Masking;Data masking should be used in accordance with the organisation’s topic-specific policy on access control and other related topic-specific policies, and business requirements, taking applicable legislation into consideration.;A.8 Technological controls;A.8.11;Data Masking;Data masking should be used in accordance with the organisation’s topic-specific policy on access control and other related topic-specific policies, and business requirements, taking applicable legislation into consideration.;FAIL;Log Group /aws/lambda/range-responder does not have AWS KMS keys associated.;arn:aws:logs:ap-southeast-7:<SANDBOX_ACCOUNT_ID>:log-group:/aws/lambda/range-responder:*;cloudwatch_log_group_kms_encryption_enabled;False;/aws/lambda/range-responder;ISO27001;ISO/IEC 27001 Information Security Management Standard 2022
aws;ISO (the International Organization for Standardization) and IEC (the International Electrotechnical Commission) form the specialized system for worldwide standardization. National bodies that are members of ISO or IEC participate in the development of International Standards through technical committees established by the respective organization to deal with particular fields of technical activity. ISO and IEC technical committees collaborate in fields of mutual interest. Other international organizations, governmental and non-governmental, in liaison with ISO and IEC, also take part in the work.;<SANDBOX_ACCOUNT_ID>;ap-southeast-7;2026-08-29 00:18:02.370487;A.8.15;Logging;Logs that record activities, exceptions, faults and other relevant events should be produced, stored, protected and analysed.;A.8 Technological controls;A.8.15;Logging;Logs that record activities, exceptions, faults and other relevant events should be produced, stored, protected and analysed.;FAIL;Log Group /aws/lambda/range-responder does not have AWS KMS keys associated.;arn:aws:logs:ap-southeast-7:<SANDBOX_ACCOUNT_ID>:log-group:/aws/lambda/range-responder:*;cloudwatch_log_group_kms_encryption_enabled;False;/aws/lambda/range-responder;ISO27001;ISO/IEC 27001 Information Security Management Standard 2022
aws;ISO (the International Organization for Standardization) and IEC (the International Electrotechnical Commission) form the specialized system for worldwide standardization. National bodies that are members of ISO or IEC participate in the development of International Standards through technical committees established by the respective organization to deal with particular fields of technical activity. ISO and IEC technical committees collaborate in fields of mutual interest. Other international organizations, governmental and non-governmental, in liaison with ISO and IEC, also take part in the work.;<SANDBOX_ACCOUNT_ID>;ap-southeast-7;2026-08-29 00:18:02.370487;A.8.16;Monitoring Activities;Networks, systems and applications should be monitored for anomalous behaviour and appropriate actions taken to evaluate potential information security incidents.;A.8 Technological controls;A.8.16;Monitoring Activities;Networks, systems and applications should be monitored for anomalous behaviour and appropriate actions taken to evaluate potential information security incidents.;FAIL;Log Group /aws/lambda/range-responder does not have AWS KMS keys associated.;arn:aws:logs:ap-southeast-7:<SANDBOX_ACCOUNT_ID>:log-group:/aws/lambda/range-responder:*;cloudwatch_log_group_kms_encryption_enabled;False;/aws/lambda/range-responder;ISO27001;ISO/IEC 27001 Information Security Management Standard 2022
aws;ISO (the International Organization for Standardization) and IEC (the International Electrotechnical Commission) form the specialized system for worldwide standardization. National bodies that are members of ISO or IEC participate in the development of International Standards through technical committees established by the respective organization to deal with particular fields of technical activity. ISO and IEC technical committees collaborate in fields of mutual interest. Other international organizations, governmental and non-governmental, in liaison with ISO and IEC, also take part in the work.;<SANDBOX_ACCOUNT_ID>;ap-southeast-7;2026-08-29 00:18:02.370487;A.8.24;Use of Cryptography;Rules for the effective use of cryptography, including cryptographic key management, should be defined and implemented.;A.8 Technological controls;A.8.24;Use of Cryptography;Rules for the effective use of cryptography, including cryptographic key management, should be defined and implemented.;FAIL;Log Group /aws/lambda/range-responder does not have AWS KMS keys associated.;arn:aws:logs:ap-southeast-7:<SANDBOX_ACCOUNT_ID>:log-group:/aws/lambda/range-responder:*;cloudwatch_log_group_kms_encryption_enabled;False;/aws/lambda/range-responder;ISO27001;ISO/IEC 27001 Information Security Management Standard 2022
aws;ISO (the International Organization for Standardization) and IEC (the International Electrotechnical Commission) form the specialized system for worldwide standardization. National bodies that are members of ISO or IEC participate in the development of International Standards through technical committees established by the respective organization to deal with particular fields of technical activity. ISO and IEC technical committees collaborate in fields of mutual interest. Other international organizations, governmental and non-governmental, in liaison with ISO and IEC, also take part in the work.;<SANDBOX_ACCOUNT_ID>;ap-southeast-7;2026-08-29 00:18:02.370487;A.8.11;Data Masking;Data masking should be used in accordance with the organisation’s topic-specific policy on access control and other related topic-specific policies, and business requirements, taking applicable legislation into consideration.;A.8 Technological controls;A.8.11;Data Masking;Data masking should be used in accordance with the organisation’s topic-specific policy on access control and other related topic-specific policies, and business requirements, taking applicable legislation into consideration.;FAIL;Log Group /aws/cloudtrail/range does not have AWS KMS keys associated.;arn:aws:logs:ap-southeast-7:<SANDBOX_ACCOUNT_ID>:log-group:/aws/cloudtrail/range:*;cloudwatch_log_group_kms_encryption_enabled;False;/aws/cloudtrail/range;ISO27001;ISO/IEC 27001 Information Security Management Standard 2022
aws;ISO (the International Organization for Standardization) and IEC (the International Electrotechnical Commission) form the specialized system for worldwide standardization. National bodies that are members of ISO or IEC participate in the development of International Standards through technical committees established by the respective organization to deal with particular fields of technical activity. ISO and IEC technical committees collaborate in fields of mutual interest. Other international organizations, governmental and non-governmental, in liaison with ISO and IEC, also take part in the work.;<SANDBOX_ACCOUNT_ID>;ap-southeast-7;2026-08-29 00:18:02.370487;A.8.15;Logging;Logs that record activities, exceptions, faults and other relevant events should be produced, stored, protected and analysed.;A.8 Technological controls;A.8.15;Logging;Logs that record activities, exceptions, faults and other relevant events should be produced, stored, protected and analysed.;FAIL;Log Group /aws/cloudtrail/range does not have AWS KMS keys associated.;arn:aws:logs:ap-southeast-7:<SANDBOX_ACCOUNT_ID>:log-group:/aws/cloudtrail/range:*;cloudwatch_log_group_kms_encryption_enabled;False;/aws/cloudtrail/range;ISO27001;ISO/IEC 27001 Information Security Management Standard 2022
aws;ISO (the International Organization for Standardization) and IEC (the International Electrotechnical Commission) form the specialized system for worldwide standardization. National bodies that are members of ISO or IEC participate in the development of International Standards through technical committees established by the respective organization to deal with particular fields of technical activity. ISO and IEC technical committees collaborate in fields of mutual interest. Other international organizations, governmental and non-governmental, in liaison with ISO and IEC, also take part in the work.;<SANDBOX_ACCOUNT_ID>;ap-southeast-7;2026-08-29 00:18:02.370487;A.8.16;Monitoring Activities;Networks, systems and applications should be monitored for anomalous behaviour and appropriate actions taken to evaluate potential information security incidents.;A.8 Technological controls;A.8.16;Monitoring Activities;Networks, systems and applications should be monitored for anomalous behaviour and appropriate actions taken to evaluate potential information security incidents.;FAIL;Log Group /aws/cloudtrail/range does not have AWS KMS keys associated.;arn:aws:logs:ap-southeast-7:<SANDBOX_ACCOUNT_ID>:log-group:/aws/cloudtrail/range:*;cloudwatch_log_group_kms_encryption_enabled;False;/aws/cloudtrail/range;ISO27001;ISO/IEC 27001 Information Security Management Standard 2022
aws;ISO (the International Organization for Standardization) and IEC (the International Electrotechnical Commission) form the specialized system for worldwide standardization. National bodies that are members of ISO or IEC participate in the development of International Standards through technical committees established by the respective organization to deal with particular fields of technical activity. ISO and IEC technical committees collaborate in fields of mutual interest. Other international organizations, governmental and non-governmental, in liaison with ISO and IEC, also take part in the work.;<SANDBOX_ACCOUNT_ID>;ap-southeast-7;2026-08-29 00:18:02.370487;A.8.24;Use of Cryptography;Rules for the effective use of cryptography, including cryptographic key management, should be defined and implemented.;A.8 Technological controls;A.8.24;Use of Cryptography;Rules for the effective use of cryptography, including cryptographic key management, should be defined and implemented.;FAIL;Log Group /aws/cloudtrail/range does not have AWS KMS keys associated.;arn:aws:logs:ap-southeast-7:<SANDBOX_ACCOUNT_ID>:log-group:/aws/cloudtrail/range:*;cloudwatch_log_group_kms_encryption_enabled;False;/aws/cloudtrail/range;ISO27001;ISO/IEC 27001 Information Security Management Standard 2022
aws;ISO (the International Organization for Standardization) and IEC (the International Electrotechnical Commission) form the specialized system for worldwide standardization. National bodies that are members of ISO or IEC participate in the development of International Standards through technical committees established by the respective organization to deal with particular fields of technical activity. ISO and IEC technical committees collaborate in fields of mutual interest. Other international organizations, governmental and non-governmental, in liaison with ISO and IEC, also take part in the work.;<SANDBOX_ACCOUNT_ID>;ap-southeast-7;2026-08-29 00:18:02.370487;A.8.15;Logging;Logs that record activities, exceptions, faults and other relevant events should be produced, stored, protected and analysed.;A.8 Technological controls;A.8.15;Logging;Logs that record activities, exceptions, faults and other relevant events should be produced, stored, protected and analysed.;PASS;No secrets found in /aws/lambda/range-responder log group.;arn:aws:logs:ap-southeast-7:<SANDBOX_ACCOUNT_ID>:log-group:/aws/lambda/range-responder:*;cloudwatch_log_group_no_secrets_in_logs;False;/aws/lambda/range-responder;ISO27001;ISO/IEC 27001 Information Security Management Standard 2022
aws;ISO (the International Organization for Standardization) and IEC (the International Electrotechnical Commission) form the specialized system for worldwide standardization. National bodies that are members of ISO or IEC participate in the development of International Standards through technical committees established by the respective organization to deal with particular fields of technical activity. ISO and IEC technical committees collaborate in fields of mutual interest. Other international organizations, governmental and non-governmental, in liaison with ISO and IEC, also take part in the work.;<SANDBOX_ACCOUNT_ID>;ap-southeast-7;2026-08-29 00:18:02.370487;A.8.16;Monitoring Activities;Networks, systems and applications should be monitored for anomalous behaviour and appropriate actions taken to evaluate potential information security incidents.;A.8 Technological controls;A.8.16;Monitoring Activities;Networks, systems and applications should be monitored for anomalous behaviour and appropriate actions taken to evaluate potential information security incidents.;PASS;No secrets found in /aws/lambda/range-responder log group.;arn:aws:logs:ap-southeast-7:<SANDBOX_ACCOUNT_ID>:log-group:/aws/lambda/range-responder:*;cloudwatch_log_group_no_secrets_in_logs;False;/aws/lambda/range-responder;ISO27001;ISO/IEC 27001 Information Security Management Standard 2022
aws;ISO (the International Organization for Standardization) and IEC (the International Electrotechnical Commission) form the specialized system for worldwide standardization. National bodies that are members of ISO or IEC participate in the development of International Standards through technical committees established by the respective organization to deal with particular fields of technical activity. ISO and IEC technical committees collaborate in fields of mutual interest. Other international organizations, governmental and non-governmental, in liaison with ISO and IEC, also take part in the work.;<SANDBOX_ACCOUNT_ID>;ap-southeast-7;2026-08-29 00:18:02.370487;A.8.15;Logging;Logs that record activities, exceptions, faults and other relevant events should be produced, stored, protected and analysed.;A.8 Technological controls;A.8.15;Logging;Logs that record activities, exceptions, faults and other relevant events should be produced, stored, protected and analysed.;PASS;No secrets found in /aws/cloudtrail/range log group.;arn:aws:logs:ap-southeast-7:<SANDBOX_ACCOUNT_ID>:log-group:/aws/cloudtrail/range:*;cloudwatch_log_group_no_secrets_in_logs;False;/aws/cloudtrail/range;ISO27001;ISO/IEC 27001 Information Security Management Standard 2022
aws;ISO (the International Organization for Standardization) and IEC (the International Electrotechnical Commission) form the specialized system for worldwide standardization. National bodies that are members of ISO or IEC participate in the development of International Standards through technical committees established by the respective organization to deal with particular fields of technical activity. ISO and IEC technical committees collaborate in fields of mutual interest. Other international organizations, governmental and non-governmental, in liaison with ISO and IEC, also take part in the work.;<SANDBOX_ACCOUNT_ID>;ap-southeast-7;2026-08-29 00:18:02.370487;A.8.16;Monitoring Activities;Networks, systems and applications should be monitored for anomalous behaviour and appropriate actions taken to evaluate potential information security incidents.;A.8 Technological controls;A.8.16;Monitoring Activities;Networks, systems and applications should be monitored for anomalous behaviour and appropriate actions taken to evaluate potential information security incidents.;PASS;No secrets found in /aws/cloudtrail/range log group.;arn:aws:logs:ap-southeast-7:<SANDBOX_ACCOUNT_ID>:log-group:/aws/cloudtrail/range:*;cloudwatch_log_group_no_secrets_in_logs;False;/aws/cloudtrail/range;ISO27001;ISO/IEC 27001 Information Security Management Standard 2022
aws;ISO (the International Organization for Standardization) and IEC (the International Electrotechnical Commission) form the specialized system for worldwide standardization. National bodies that are members of ISO or IEC participate in the development of International Standards through technical committees established by the respective organization to deal with particular fields of technical activity. ISO and IEC technical committees collaborate in fields of mutual interest. Other international organizations, governmental and non-governmental, in liaison with ISO and IEC, also take part in the work.;<SANDBOX_ACCOUNT_ID>;ap-southeast-7;2026-08-29 00:18:02.370487;A.8.15;Logging;Logs that record activities, exceptions, faults and other relevant events should be produced, stored, protected and analysed.;A.8 Technological controls;A.8.15;Logging;Logs that record activities, exceptions, faults and other relevant events should be produced, stored, protected and analysed.;PASS;Log Group /aws/lambda/range-responder is not publicly accessible.;arn:aws:logs:ap-southeast-7:<SANDBOX_ACCOUNT_ID>:log-group:/aws/lambda/range-responder:*;cloudwatch_log_group_not_publicly_accessible;False;/aws/lambda/range-responder;ISO27001;ISO/IEC 27001 Information Security Management Standard 2022
aws;ISO (the International Organization for Standardization) and IEC (the International Electrotechnical Commission) form the specialized system for worldwide standardization. National bodies that are members of ISO or IEC participate in the development of International Standards through technical committees established by the respective organization to deal with particular fields of technical activity. ISO and IEC technical committees collaborate in fields of mutual interest. Other international organizations, governmental and non-governmental, in liaison with ISO and IEC, also take part in the work.;<SANDBOX_ACCOUNT_ID>;ap-southeast-7;2026-08-29 00:18:02.370487;A.8.16;Monitoring Activities;Networks, systems and applications should be monitored for anomalous behaviour and appropriate actions taken to evaluate potential information security incidents.;A.8 Technological controls;A.8.16;Monitoring Activities;Networks, systems and applications should be monitored for anomalous behaviour and appropriate actions taken to evaluate potential information security incidents.;PASS;Log Group /aws/lambda/range-responder is not publicly accessible.;arn:aws:logs:ap-southeast-7:<SANDBOX_ACCOUNT_ID>:log-group:/aws/lambda/range-responder:*;cloudwatch_log_group_not_publicly_accessible;False;/aws/lambda/range-responder;ISO27001;ISO/IEC 27001 Information Security Management Standard 2022
aws;ISO (the International Organization for Standardization) and IEC (the International Electrotechnical Commission) form the specialized system for worldwide standardization. National bodies that are members of ISO or IEC participate in the development of International Standards through technical committees established by the respective organization to deal with particular fields of technical activity. ISO and IEC technical committees collaborate in fields of mutual interest. Other international organizations, governmental and non-governmental, in liaison with ISO and IEC, also take part in the work.;<SANDBOX_ACCOUNT_ID>;ap-southeast-7;2026-08-29 00:18:02.370487;A.8.15;Logging;Logs that record activities, exceptions, faults and other relevant events should be produced, stored, protected and analysed.;A.8 Technological controls;A.8.15;Logging;Logs that record activities, exceptions, faults and other relevant events should be produced, stored, protected and analysed.;PASS;Log Group /aws/cloudtrail/range is not publicly accessible.;arn:aws:logs:ap-southeast-7:<SANDBOX_ACCOUNT_ID>:log-group:/aws/cloudtrail/range:*;cloudwatch_log_group_not_publicly_accessible;False;/aws/cloudtrail/range;ISO27001;ISO/IEC 27001 Information Security Management Standard 2022
aws;ISO (the International Organization for Standardization) and IEC (the International Electrotechnical Commission) form the specialized system for worldwide standardization. National bodies that are members of ISO or IEC participate in the development of International Standards through technical committees established by the respective organization to deal with particular fields of technical activity. ISO and IEC technical committees collaborate in fields of mutual interest. Other international organizations, governmental and non-governmental, in liaison with ISO and IEC, also take part in the work.;<SANDBOX_ACCOUNT_ID>;ap-southeast-7;2026-08-29 00:18:02.370487;A.8.16;Monitoring Activities;Networks, systems and applications should be monitored for anomalous behaviour and appropriate actions taken to evaluate potential information security incidents.;A.8 Technological controls;A.8.16;Monitoring Activities;Networks, systems and applications should be monitored for anomalous behaviour and appropriate actions taken to evaluate potential information security incidents.;PASS;Log Group /aws/cloudtrail/range is not publicly accessible.;arn:aws:logs:ap-southeast-7:<SANDBOX_ACCOUNT_ID>:log-group:/aws/cloudtrail/range:*;cloudwatch_log_group_not_publicly_accessible;False;/aws/cloudtrail/range;ISO27001;ISO/IEC 27001 Information Security Management Standard 2022
aws;ISO (the International Organization for Standardization) and IEC (the International Electrotechnical Commission) form the specialized system for worldwide standardization. National bodies that are members of ISO or IEC participate in the development of International Standards through technical committees established by the respective organization to deal with particular fields of technical activity. ISO and IEC technical committees collaborate in fields of mutual interest. Other international organizations, governmental and non-governmental, in liaison with ISO and IEC, also take part in the work.;<SANDBOX_ACCOUNT_ID>;ap-southeast-7;2026-08-29 00:18:02.370487;A.8.15;Logging;Logs that record activities, exceptions, faults and other relevant events should be produced, stored, protected and analysed.;A.8 Technological controls;A.8.15;Logging;Logs that record activities, exceptions, faults and other relevant events should be produced, stored, protected and analysed.;PASS;Log Group /aws/lambda/range-responder comply with 365 days retention period since it never expires.;arn:aws:logs:ap-southeast-7:<SANDBOX_ACCOUNT_ID>:log-group:/aws/lambda/range-responder:*;cloudwatch_log_group_retention_policy_specific_days_enabled;False;/aws/lambda/range-responder;ISO27001;ISO/IEC 27001 Information Security Management Standard 2022
aws;ISO (the International Organization for Standardization) and IEC (the International Electrotechnical Commission) form the specialized system for worldwide standardization. National bodies that are members of ISO or IEC participate in the development of International Standards through technical committees established by the respective organization to deal with particular fields of technical activity. ISO and IEC technical committees collaborate in fields of mutual interest. Other international organizations, governmental and non-governmental, in liaison with ISO and IEC, also take part in the work.;<SANDBOX_ACCOUNT_ID>;ap-southeast-7;2026-08-29 00:18:02.370487;A.8.16;Monitoring Activities;Networks, systems and applications should be monitored for anomalous behaviour and appropriate actions taken to evaluate potential information security incidents.;A.8 Technological controls;A.8.16;Monitoring Activities;Networks, systems and applications should be monitored for anomalous behaviour and appropriate actions taken to evaluate potential information security incidents.;PASS;Log Group /aws/lambda/range-responder comply with 365 days retention period since it never expires.;arn:aws:logs:ap-southeast-7:<SANDBOX_ACCOUNT_ID>:log-group:/aws/lambda/range-responder:*;cloudwatch_log_group_retention_policy_specific_days_enabled;False;/aws/lambda/range-responder;ISO27001;ISO/IEC 27001 Information Security Management Standard 2022
aws;ISO (the International Organization for Standardization) and IEC (the International Electrotechnical Commission) form the specialized system for worldwide standardization. National bodies that are members of ISO or IEC participate in the development of International Standards through technical committees established by the respective organization to deal with particular fields of technical activity. ISO and IEC technical committees collaborate in fields of mutual interest. Other international organizations, governmental and non-governmental, in liaison with ISO and IEC, also take part in the work.;<SANDBOX_ACCOUNT_ID>;ap-southeast-7;2026-08-29 00:18:02.370487;A.8.15;Logging;Logs that record activities, exceptions, faults and other relevant events should be produced, stored, protected and analysed.;A.8 Technological controls;A.8.15;Logging;Logs that record activities, exceptions, faults and other relevant events should be produced, stored, protected and analysed.;FAIL;Log Group /aws/cloudtrail/range has less than 365 days retention period (7 days).;arn:aws:logs:ap-southeast-7:<SANDBOX_ACCOUNT_ID>:log-group:/aws/cloudtrail/range:*;cloudwatch_log_group_retention_policy_specific_days_enabled;False;/aws/cloudtrail/range;ISO27001;ISO/IEC 27001 Information Security Management Standard 2022
aws;ISO (the International Organization for Standardization) and IEC (the International Electrotechnical Commission) form the specialized system for worldwide standardization. National bodies that are members of ISO or IEC participate in the development of International Standards through technical committees established by the respective organization to deal with particular fields of technical activity. ISO and IEC technical committees collaborate in fields of mutual interest. Other international organizations, governmental and non-governmental, in liaison with ISO and IEC, also take part in the work.;<SANDBOX_ACCOUNT_ID>;ap-southeast-7;2026-08-29 00:18:02.370487;A.8.16;Monitoring Activities;Networks, systems and applications should be monitored for anomalous behaviour and appropriate actions taken to evaluate potential information security incidents.;A.8 Technological controls;A.8.16;Monitoring Activities;Networks, systems and applications should be monitored for anomalous behaviour and appropriate actions taken to evaluate potential information security incidents.;FAIL;Log Group /aws/cloudtrail/range has less than 365 days retention period (7 days).;arn:aws:logs:ap-southeast-7:<SANDBOX_ACCOUNT_ID>:log-group:/aws/cloudtrail/range:*;cloudwatch_log_group_retention_policy_specific_days_enabled;False;/aws/cloudtrail/range;ISO27001;ISO/IEC 27001 Information Security Management Standard 2022
aws;ISO (the International Organization for Standardization) and IEC (the International Electrotechnical Commission) form the specialized system for worldwide standardization. National bodies that are members of ISO or IEC participate in the development of International Standards through technical committees established by the respective organization to deal with particular fields of technical activity. ISO and IEC technical committees collaborate in fields of mutual interest. Other international organizations, governmental and non-governmental, in liaison with ISO and IEC, also take part in the work.;<SANDBOX_ACCOUNT_ID>;ap-southeast-7;2026-08-29 00:18:02.370487;A.8.15;Logging;Logs that record activities, exceptions, faults and other relevant events should be produced, stored, protected and analysed.;A.8 Technological controls;A.8.15;Logging;Logs that record activities, exceptions, faults and other relevant events should be produced, stored, protected and analysed.;FAIL;No CloudWatch log groups found with metric filters or alarms associated.;arn:aws:logs:ap-southeast-7:<SANDBOX_ACCOUNT_ID>:log-group;cloudwatch_log_metric_filter_and_alarm_for_aws_config_configuration_changes_enabled;False;<SANDBOX_ACCOUNT_ID>;ISO27001;ISO/IEC 27001 Information Security Management Standard 2022
aws;ISO (the International Organization for Standardization) and IEC (the International Electrotechnical Commission) form the specialized system for worldwide standardization. National bodies that are members of ISO or IEC participate in the development of International Standards through technical committees established by the respective organization to deal with particular fields of technical activity. ISO and IEC technical committees collaborate in fields of mutual interest. Other international organizations, governmental and non-governmental, in liaison with ISO and IEC, also take part in the work.;<SANDBOX_ACCOUNT_ID>;ap-southeast-7;2026-08-29 00:18:02.370487;A.8.16;Monitoring Activities;Networks, systems and applications should be monitored for anomalous behaviour and appropriate actions taken to evaluate potential information security incidents.;A.8 Technological controls;A.8.16;Monitoring Activities;Networks, systems and applications should be monitored for anomalous behaviour and appropriate actions taken to evaluate potential information security incidents.;FAIL;No CloudWatch log groups found with metric filters or alarms associated.;arn:aws:logs:ap-southeast-7:<SANDBOX_ACCOUNT_ID>:log-group;cloudwatch_log_metric_filter_and_alarm_for_aws_config_configuration_changes_enabled;False;<SANDBOX_ACCOUNT_ID>;ISO27001;ISO/IEC 27001 Information Security Management Standard 2022
aws;ISO (the International Organization for Standardization) and IEC (the International Electrotechnical Commission) form the specialized system for worldwide standardization. National bodies that are members of ISO or IEC participate in the development of International Standards through technical committees established by the respective organization to deal with particular fields of technical activity. ISO and IEC technical committees collaborate in fields of mutual interest. Other international organizations, governmental and non-governmental, in liaison with ISO and IEC, also take part in the work.;<SANDBOX_ACCOUNT_ID>;ap-southeast-7;2026-08-29 00:18:02.370487;A.8.15;Logging;Logs that record activities, exceptions, faults and other relevant events should be produced, stored, protected and analysed.;A.8 Technological controls;A.8.15;Logging;Logs that record activities, exceptions, faults and other relevant events should be produced, stored, protected and analysed.;FAIL;No CloudWatch log groups found with metric filters or alarms associated.;arn:aws:logs:ap-southeast-7:<SANDBOX_ACCOUNT_ID>:log-group;cloudwatch_log_metric_filter_and_alarm_for_cloudtrail_configuration_changes_enabled;False;<SANDBOX_ACCOUNT_ID>;ISO27001;ISO/IEC 27001 Information Security Management Standard 2022
aws;ISO (the International Organization for Standardization) and IEC (the International Electrotechnical Commission) form the specialized system for worldwide standardization. National bodies that are members of ISO or IEC participate in the development of International Standards through technical committees established by the respective organization to deal with particular fields of technical activity. ISO and IEC technical committees collaborate in fields of mutual interest. Other international organizations, governmental and non-governmental, in liaison with ISO and IEC, also take part in the work.;<SANDBOX_ACCOUNT_ID>;ap-southeast-7;2026-08-29 00:18:02.370487;A.8.16;Monitoring Activities;Networks, systems and applications should be monitored for anomalous behaviour and appropriate actions taken to evaluate potential information security incidents.;A.8 Technological controls;A.8.16;Monitoring Activities;Networks, systems and applications should be monitored for anomalous behaviour and appropriate actions taken to evaluate potential information security incidents.;FAIL;No CloudWatch log groups found with metric filters or alarms associated.;arn:aws:logs:ap-southeast-7:<SANDBOX_ACCOUNT_ID>:log-group;cloudwatch_log_metric_filter_and_alarm_for_cloudtrail_configuration_changes_enabled;False;<SANDBOX_ACCOUNT_ID>;ISO27001;ISO/IEC 27001 Information Security Management Standard 2022
aws;ISO (the International Organization for Standardization) and IEC (the International Electrotechnical Commission) form the specialized system for worldwide standardization. National bodies that are members of ISO or IEC participate in the development of International Standards through technical committees established by the respective organization to deal with particular fields of technical activity. ISO and IEC technical committees collaborate in fields of mutual interest. Other international organizations, governmental and non-governmental, in liaison with ISO and IEC, also take part in the work.;<SANDBOX_ACCOUNT_ID>;ap-southeast-7;2026-08-29 00:18:02.370487;A.8.15;Logging;Logs that record activities, exceptions, faults and other relevant events should be produced, stored, protected and analysed.;A.8 Technological controls;A.8.15;Logging;Logs that record activities, exceptions, faults and other relevant events should be produced, stored, protected and analysed.;FAIL;No CloudWatch log groups found with metric filters or alarms associated.;arn:aws:logs:ap-southeast-7:<SANDBOX_ACCOUNT_ID>:log-group;cloudwatch_log_metric_filter_authentication_failures;False;<SANDBOX_ACCOUNT_ID>;ISO27001;ISO/IEC 27001 Information Security Management Standard 2022
aws;ISO (the International Organization for Standardization) and IEC (the International Electrotechnical Commission) form the specialized system for worldwide standardization. National bodies that are members of ISO or IEC participate in the development of International Standards through technical committees established by the respective organization to deal with particular fields of technical activity. ISO and IEC technical committees collaborate in fields of mutual interest. Other international organizations, governmental and non-governmental, in liaison with ISO and IEC, also take part in the work.;<SANDBOX_ACCOUNT_ID>;ap-southeast-7;2026-08-29 00:18:02.370487;A.8.16;Monitoring Activities;Networks, systems and applications should be monitored for anomalous behaviour and appropriate actions taken to evaluate potential information security incidents.;A.8 Technological controls;A.8.16;Monitoring Activities;Networks, systems and applications should be monitored for anomalous behaviour and appropriate actions taken to evaluate potential information security incidents.;FAIL;No CloudWatch log groups found with metric filters or alarms associated.;arn:aws:logs:ap-southeast-7:<SANDBOX_ACCOUNT_ID>:log-group;cloudwatch_log_metric_filter_authentication_failures;False;<SANDBOX_ACCOUNT_ID>;ISO27001;ISO/IEC 27001 Information Security Management Standard 2022
aws;ISO (the International Organization for Standardization) and IEC (the International Electrotechnical Commission) form the specialized system for worldwide standardization. National bodies that are members of ISO or IEC participate in the development of International Standards through technical committees established by the respective organization to deal with particular fields of technical activity. ISO and IEC technical committees collaborate in fields of mutual interest. Other international organizations, governmental and non-governmental, in liaison with ISO and IEC, also take part in the work.;<SANDBOX_ACCOUNT_ID>;ap-southeast-7;2026-08-29 00:18:02.370487;A.8.15;Logging;Logs that record activities, exceptions, faults and other relevant events should be produced, stored, protected and analysed.;A.8 Technological controls;A.8.15;Logging;Logs that record activities, exceptions, faults and other relevant events should be produced, stored, protected and analysed.;FAIL;No CloudWatch log groups found with metric filters or alarms associated.;arn:aws:logs:ap-southeast-7:<SANDBOX_ACCOUNT_ID>:log-group;cloudwatch_log_metric_filter_aws_organizations_changes;False;<SANDBOX_ACCOUNT_ID>;ISO27001;ISO/IEC 27001 Information Security Management Standard 2022
aws;ISO (the International Organization for Standardization) and IEC (the International Electrotechnical Commission) form the specialized system for worldwide standardization. National bodies that are members of ISO or IEC participate in the development of International Standards through technical committees established by the respective organization to deal with particular fields of technical activity. ISO and IEC technical committees collaborate in fields of mutual interest. Other international organizations, governmental and non-governmental, in liaison with ISO and IEC, also take part in the work.;<SANDBOX_ACCOUNT_ID>;ap-southeast-7;2026-08-29 00:18:02.370487;A.8.16;Monitoring Activities;Networks, systems and applications should be monitored for anomalous behaviour and appropriate actions taken to evaluate potential information security incidents.;A.8 Technological controls;A.8.16;Monitoring Activities;Networks, systems and applications should be monitored for anomalous behaviour and appropriate actions taken to evaluate potential information security incidents.;FAIL;No CloudWatch log groups found with metric filters or alarms associated.;arn:aws:logs:ap-southeast-7:<SANDBOX_ACCOUNT_ID>:log-group;cloudwatch_log_metric_filter_aws_organizations_changes;False;<SANDBOX_ACCOUNT_ID>;ISO27001;ISO/IEC 27001 Information Security Management Standard 2022
aws;ISO (the International Organization for Standardization) and IEC (the International Electrotechnical Commission) form the specialized system for worldwide standardization. National bodies that are members of ISO or IEC participate in the development of International Standards through technical committees established by the respective organization to deal with particular fields of technical activity. ISO and IEC technical committees collaborate in fields of mutual interest. Other international organizations, governmental and non-governmental, in liaison with ISO and IEC, also take part in the work.;<SANDBOX_ACCOUNT_ID>;ap-southeast-7;2026-08-29 00:18:02.370487;A.8.15;Logging;Logs that record activities, exceptions, faults and other relevant events should be produced, stored, protected and analysed.;A.8 Technological controls;A.8.15;Logging;Logs that record activities, exceptions, faults and other relevant events should be produced, stored, protected and analysed.;FAIL;No CloudWatch log groups found with metric filters or alarms associated.;arn:aws:logs:ap-southeast-7:<SANDBOX_ACCOUNT_ID>:log-group;cloudwatch_log_metric_filter_disable_or_scheduled_deletion_of_kms_cmk;False;<SANDBOX_ACCOUNT_ID>;ISO27001;ISO/IEC 27001 Information Security Management Standard 2022
aws;ISO (the International Organization for Standardization) and IEC (the International Electrotechnical Commission) form the specialized system for worldwide standardization. National bodies that are members of ISO or IEC participate in the development of International Standards through technical committees established by the respective organization to deal with particular fields of technical activity. ISO and IEC technical committees collaborate in fields of mutual interest. Other international organizations, governmental and non-governmental, in liaison with ISO and IEC, also take part in the work.;<SANDBOX_ACCOUNT_ID>;ap-southeast-7;2026-08-29 00:18:02.370487;A.8.16;Monitoring Activities;Networks, systems and applications should be monitored for anomalous behaviour and appropriate actions taken to evaluate potential information security incidents.;A.8 Technological controls;A.8.16;Monitoring Activities;Networks, systems and applications should be monitored for anomalous behaviour and appropriate actions taken to evaluate potential information security incidents.;FAIL;No CloudWatch log groups found with metric filters or alarms associated.;arn:aws:logs:ap-southeast-7:<SANDBOX_ACCOUNT_ID>:log-group;cloudwatch_log_metric_filter_disable_or_scheduled_deletion_of_kms_cmk;False;<SANDBOX_ACCOUNT_ID>;ISO27001;ISO/IEC 27001 Information Security Management Standard 2022
aws;ISO (the International Organization for Standardization) and IEC (the International Electrotechnical Commission) form the specialized system for worldwide standardization. National bodies that are members of ISO or IEC participate in the development of International Standards through technical committees established by the respective organization to deal with particular fields of technical activity. ISO and IEC technical committees collaborate in fields of mutual interest. Other international organizations, governmental and non-governmental, in liaison with ISO and IEC, also take part in the work.;<SANDBOX_ACCOUNT_ID>;ap-southeast-7;2026-08-29 00:18:02.370487;A.8.15;Logging;Logs that record activities, exceptions, faults and other relevant events should be produced, stored, protected and analysed.;A.8 Technological controls;A.8.15;Logging;Logs that record activities, exceptions, faults and other relevant events should be produced, stored, protected and analysed.;FAIL;No CloudWatch log groups found with metric filters or alarms associated.;arn:aws:logs:ap-southeast-7:<SANDBOX_ACCOUNT_ID>:log-group;cloudwatch_log_metric_filter_for_s3_bucket_policy_changes;False;<SANDBOX_ACCOUNT_ID>;ISO27001;ISO/IEC 27001 Information Security Management Standard 2022
aws;ISO (the International Organization for Standardization) and IEC (the International Electrotechnical Commission) form the specialized system for worldwide standardization. National bodies that are members of ISO or IEC participate in the development of International Standards through technical committees established by the respective organization to deal with particular fields of technical activity. ISO and IEC technical committees collaborate in fields of mutual interest. Other international organizations, governmental and non-governmental, in liaison with ISO and IEC, also take part in the work.;<SANDBOX_ACCOUNT_ID>;ap-southeast-7;2026-08-29 00:18:02.370487;A.8.16;Monitoring Activities;Networks, systems and applications should be monitored for anomalous behaviour and appropriate actions taken to evaluate potential information security incidents.;A.8 Technological controls;A.8.16;Monitoring Activities;Networks, systems and applications should be monitored for anomalous behaviour and appropriate actions taken to evaluate potential information security incidents.;FAIL;No CloudWatch log groups found with metric filters or alarms associated.;arn:aws:logs:ap-southeast-7:<SANDBOX_ACCOUNT_ID>:log-group;cloudwatch_log_metric_filter_for_s3_bucket_policy_changes;False;<SANDBOX_ACCOUNT_ID>;ISO27001;ISO/IEC 27001 Information Security Management Standard 2022
aws;ISO (the International Organization for Standardization) and IEC (the International Electrotechnical Commission) form the specialized system for worldwide standardization. National bodies that are members of ISO or IEC participate in the development of International Standards through technical committees established by the respective organization to deal with particular fields of technical activity. ISO and IEC technical committees collaborate in fields of mutual interest. Other international organizations, governmental and non-governmental, in liaison with ISO and IEC, also take part in the work.;<SANDBOX_ACCOUNT_ID>;ap-southeast-7;2026-08-29 00:18:02.370487;A.8.15;Logging;Logs that record activities, exceptions, faults and other relevant events should be produced, stored, protected and analysed.;A.8 Technological controls;A.8.15;Logging;Logs that record activities, exceptions, faults and other relevant events should be produced, stored, protected and analysed.;FAIL;No CloudWatch log groups found with metric filters or alarms associated.;arn:aws:logs:ap-southeast-7:<SANDBOX_ACCOUNT_ID>:log-group;cloudwatch_log_metric_filter_policy_changes;False;<SANDBOX_ACCOUNT_ID>;ISO27001;ISO/IEC 27001 Information Security Management Standard 2022
aws;ISO (the International Organization for Standardization) and IEC (the International Electrotechnical Commission) form the specialized system for worldwide standardization. National bodies that are members of ISO or IEC participate in the development of International Standards through technical committees established by the respective organization to deal with particular fields of technical activity. ISO and IEC technical committees collaborate in fields of mutual interest. Other international organizations, governmental and non-governmental, in liaison with ISO and IEC, also take part in the work.;<SANDBOX_ACCOUNT_ID>;ap-southeast-7;2026-08-29 00:18:02.370487;A.8.16;Monitoring Activities;Networks, systems and applications should be monitored for anomalous behaviour and appropriate actions taken to evaluate potential information security incidents.;A.8 Technological controls;A.8.16;Monitoring Activities;Networks, systems and applications should be monitored for anomalous behaviour and appropriate actions taken to evaluate potential information security incidents.;FAIL;No CloudWatch log groups found with metric filters or alarms associated.;arn:aws:logs:ap-southeast-7:<SANDBOX_ACCOUNT_ID>:log-group;cloudwatch_log_metric_filter_policy_changes;False;<SANDBOX_ACCOUNT_ID>;ISO27001;ISO/IEC 27001 Information Security Management Standard 2022
aws;ISO (the International Organization for Standardization) and IEC (the International Electrotechnical Commission) form the specialized system for worldwide standardization. National bodies that are members of ISO or IEC participate in the development of International Standards through technical committees established by the respective organization to deal with particular fields of technical activity. ISO and IEC technical committees collaborate in fields of mutual interest. Other international organizations, governmental and non-governmental, in liaison with ISO and IEC, also take part in the work.;<SANDBOX_ACCOUNT_ID>;ap-southeast-7;2026-08-29 00:18:02.370487;A.8.15;Logging;Logs that record activities, exceptions, faults and other relevant events should be produced, stored, protected and analysed.;A.8 Technological controls;A.8.15;Logging;Logs that record activities, exceptions, faults and other relevant events should be produced, stored, protected and analysed.;FAIL;No CloudWatch log groups found with metric filters or alarms associated.;arn:aws:logs:ap-southeast-7:<SANDBOX_ACCOUNT_ID>:log-group;cloudwatch_log_metric_filter_root_usage;False;<SANDBOX_ACCOUNT_ID>;ISO27001;ISO/IEC 27001 Information Security Management Standard 2022
aws;ISO (the International Organization for Standardization) and IEC (the International Electrotechnical Commission) form the specialized system for worldwide standardization. National bodies that are members of ISO or IEC participate in the development of International Standards through technical committees established by the respective organization to deal with particular fields of technical activity. ISO and IEC technical committees collaborate in fields of mutual interest. Other international organizations, governmental and non-governmental, in liaison with ISO and IEC, also take part in the work.;<SANDBOX_ACCOUNT_ID>;ap-southeast-7;2026-08-29 00:18:02.370487;A.8.16;Monitoring Activities;Networks, systems and applications should be monitored for anomalous behaviour and appropriate actions taken to evaluate potential information security incidents.;A.8 Technological controls;A.8.16;Monitoring Activities;Networks, systems and applications should be monitored for anomalous behaviour and appropriate actions taken to evaluate potential information security incidents.;FAIL;No CloudWatch log groups found with metric filters or alarms associated.;arn:aws:logs:ap-southeast-7:<SANDBOX_ACCOUNT_ID>:log-group;cloudwatch_log_metric_filter_root_usage;False;<SANDBOX_ACCOUNT_ID>;ISO27001;ISO/IEC 27001 Information Security Management Standard 2022
aws;ISO (the International Organization for Standardization) and IEC (the International Electrotechnical Commission) form the specialized system for worldwide standardization. National bodies that are members of ISO or IEC participate in the development of International Standards through technical committees established by the respective organization to deal with particular fields of technical activity. ISO and IEC technical committees collaborate in fields of mutual interest. Other international organizations, governmental and non-governmental, in liaison with ISO and IEC, also take part in the work.;<SANDBOX_ACCOUNT_ID>;ap-southeast-7;2026-08-29 00:18:02.370487;A.8.15;Logging;Logs that record activities, exceptions, faults and other relevant events should be produced, stored, protected and analysed.;A.8 Technological controls;A.8.15;Logging;Logs that record activities, exceptions, faults and other relevant events should be produced, stored, protected and analysed.;FAIL;No CloudWatch log groups found with metric filters or alarms associated.;arn:aws:logs:ap-southeast-7:<SANDBOX_ACCOUNT_ID>:log-group;cloudwatch_log_metric_filter_security_group_changes;False;<SANDBOX_ACCOUNT_ID>;ISO27001;ISO/IEC 27001 Information Security Management Standard 2022
aws;ISO (the International Organization for Standardization) and IEC (the International Electrotechnical Commission) form the specialized system for worldwide standardization. National bodies that are members of ISO or IEC participate in the development of International Standards through technical committees established by the respective organization to deal with particular fields of technical activity. ISO and IEC technical committees collaborate in fields of mutual interest. Other international organizations, governmental and non-governmental, in liaison with ISO and IEC, also take part in the work.;<SANDBOX_ACCOUNT_ID>;ap-southeast-7;2026-08-29 00:18:02.370487;A.8.16;Monitoring Activities;Networks, systems and applications should be monitored for anomalous behaviour and appropriate actions taken to evaluate potential information security incidents.;A.8 Technological controls;A.8.16;Monitoring Activities;Networks, systems and applications should be monitored for anomalous behaviour and appropriate actions taken to evaluate potential information security incidents.;FAIL;No CloudWatch log groups found with metric filters or alarms associated.;arn:aws:logs:ap-southeast-7:<SANDBOX_ACCOUNT_ID>:log-group;cloudwatch_log_metric_filter_security_group_changes;False;<SANDBOX_ACCOUNT_ID>;ISO27001;ISO/IEC 27001 Information Security Management Standard 2022
aws;ISO (the International Organization for Standardization) and IEC (the International Electrotechnical Commission) form the specialized system for worldwide standardization. National bodies that are members of ISO or IEC participate in the development of International Standards through technical committees established by the respective organization to deal with particular fields of technical activity. ISO and IEC technical committees collaborate in fields of mutual interest. Other international organizations, governmental and non-governmental, in liaison with ISO and IEC, also take part in the work.;<SANDBOX_ACCOUNT_ID>;ap-southeast-7;2026-08-29 00:18:02.370487;A.8.15;Logging;Logs that record activities, exceptions, faults and other relevant events should be produced, stored, protected and analysed.;A.8 Technological controls;A.8.15;Logging;Logs that record activities, exceptions, faults and other relevant events should be produced, stored, protected and analysed.;FAIL;No CloudWatch log groups found with metric filters or alarms associated.;arn:aws:logs:ap-southeast-7:<SANDBOX_ACCOUNT_ID>:log-group;cloudwatch_log_metric_filter_sign_in_without_mfa;False;<SANDBOX_ACCOUNT_ID>;ISO27001;ISO/IEC 27001 Information Security Management Standard 2022
aws;ISO (the International Organization for Standardization) and IEC (the International Electrotechnical Commission) form the specialized system for worldwide standardization. National bodies that are members of ISO or IEC participate in the development of International Standards through technical committees established by the respective organization to deal with particular fields of technical activity. ISO and IEC technical committees collaborate in fields of mutual interest. Other international organizations, governmental and non-governmental, in liaison with ISO and IEC, also take part in the work.;<SANDBOX_ACCOUNT_ID>;ap-southeast-7;2026-08-29 00:18:02.370487;A.8.16;Monitoring Activities;Networks, systems and applications should be monitored for anomalous behaviour and appropriate actions taken to evaluate potential information security incidents.;A.8 Technological controls;A.8.16;Monitoring Activities;Networks, systems and applications should be monitored for anomalous behaviour and appropriate actions taken to evaluate potential information security incidents.;FAIL;No CloudWatch log groups found with metric filters or alarms associated.;arn:aws:logs:ap-southeast-7:<SANDBOX_ACCOUNT_ID>:log-group;cloudwatch_log_metric_filter_sign_in_without_mfa;False;<SANDBOX_ACCOUNT_ID>;ISO27001;ISO/IEC 27001 Information Security Management Standard 2022
aws;ISO (the International Organization for Standardization) and IEC (the International Electrotechnical Commission) form the specialized system for worldwide standardization. National bodies that are members of ISO or IEC participate in the development of International Standards through technical committees established by the respective organization to deal with particular fields of technical activity. ISO and IEC technical committees collaborate in fields of mutual interest. Other international organizations, governmental and non-governmental, in liaison with ISO and IEC, also take part in the work.;<SANDBOX_ACCOUNT_ID>;ap-southeast-7;2026-08-29 00:18:02.370487;A.8.15;Logging;Logs that record activities, exceptions, faults and other relevant events should be produced, stored, protected and analysed.;A.8 Technological controls;A.8.15;Logging;Logs that record activities, exceptions, faults and other relevant events should be produced, stored, protected and analysed.;FAIL;No CloudWatch log groups found with metric filters or alarms associated.;arn:aws:logs:ap-southeast-7:<SANDBOX_ACCOUNT_ID>:log-group;cloudwatch_log_metric_filter_unauthorized_api_calls;False;<SANDBOX_ACCOUNT_ID>;ISO27001;ISO/IEC 27001 Information Security Management Standard 2022
aws;ISO (the International Organization for Standardization) and IEC (the International Electrotechnical Commission) form the specialized system for worldwide standardization. National bodies that are members of ISO or IEC participate in the development of International Standards through technical committees established by the respective organization to deal with particular fields of technical activity. ISO and IEC technical committees collaborate in fields of mutual interest. Other international organizations, governmental and non-governmental, in liaison with ISO and IEC, also take part in the work.;<SANDBOX_ACCOUNT_ID>;ap-southeast-7;2026-08-29 00:18:02.370487;A.8.16;Monitoring Activities;Networks, systems and applications should be monitored for anomalous behaviour and appropriate actions taken to evaluate potential information security incidents.;A.8 Technological controls;A.8.16;Monitoring Activities;Networks, systems and applications should be monitored for anomalous behaviour and appropriate actions taken to evaluate potential information security incidents.;FAIL;No CloudWatch log groups found with metric filters or alarms associated.;arn:aws:logs:ap-southeast-7:<SANDBOX_ACCOUNT_ID>:log-group;cloudwatch_log_metric_filter_unauthorized_api_calls;False;<SANDBOX_ACCOUNT_ID>;ISO27001;ISO/IEC 27001 Information Security Management Standard 2022
aws;ISO (the International Organization for Standardization) and IEC (the International Electrotechnical Commission) form the specialized system for worldwide standardization. National bodies that are members of ISO or IEC participate in the development of International Standards through technical committees established by the respective organization to deal with particular fields of technical activity. ISO and IEC technical committees collaborate in fields of mutual interest. Other international organizations, governmental and non-governmental, in liaison with ISO and IEC, also take part in the work.;<SANDBOX_ACCOUNT_ID>;ap-southeast-7;2026-08-29 00:18:02.370487;A.5.16;Identity Management;The full lifecycle of identities should be managed.;A.5 Organizational controls;A.5.16;Identity Management;The full lifecycle of identities should be managed.;FAIL;AWS Config recorder <SANDBOX_ACCOUNT_ID> is disabled.;arn:aws:config:ap-southeast-7:<SANDBOX_ACCOUNT_ID>:recorder;config_recorder_all_regions_enabled;False;<SANDBOX_ACCOUNT_ID>;ISO27001;ISO/IEC 27001 Information Security Management Standard 2022
aws;ISO (the International Organization for Standardization) and IEC (the International Electrotechnical Commission) form the specialized system for worldwide standardization. National bodies that are members of ISO or IEC participate in the development of International Standards through technical committees established by the respective organization to deal with particular fields of technical activity. ISO and IEC technical committees collaborate in fields of mutual interest. Other international organizations, governmental and non-governmental, in liaison with ISO and IEC, also take part in the work.;<SANDBOX_ACCOUNT_ID>;ap-southeast-7;2026-08-29 00:18:02.370487;A.5.22;Monitor, Review And Change Management Of Supplier Services;The organisation should regularly monitor, review, evaluate and manage change in supplier information security practices and service delivery.;A.5 Organizational controls;A.5.22;Monitor, Review And Change Management Of Supplier Services;The organisation should regularly monitor, review, evaluate and manage change in supplier information security practices and service delivery.;FAIL;AWS Config recorder <SANDBOX_ACCOUNT_ID> is disabled.;arn:aws:config:ap-southeast-7:<SANDBOX_ACCOUNT_ID>:recorder;config_recorder_all_regions_enabled;False;<SANDBOX_ACCOUNT_ID>;ISO27001;ISO/IEC 27001 Information Security Management Standard 2022
aws;ISO (the International Organization for Standardization) and IEC (the International Electrotechnical Commission) form the specialized system for worldwide standardization. National bodies that are members of ISO or IEC participate in the development of International Standards through technical committees established by the respective organization to deal with particular fields of technical activity. ISO and IEC technical committees collaborate in fields of mutual interest. Other international organizations, governmental and non-governmental, in liaison with ISO and IEC, also take part in the work.;<SANDBOX_ACCOUNT_ID>;ap-southeast-7;2026-08-29 00:18:02.370487;A.8.20;Network Security;Networks and network devices should be secured, managed and controlled to protect information in systems and applications.;A.8 Technological controls;A.8.20;Network Security;Networks and network devices should be secured, managed and controlled to protect information in systems and applications.;PASS;Security group default (sg-0ecc0ae9f29baa402) was not created using the EC2 Launch Wizard.;arn:aws:ec2:ap-southeast-7:<SANDBOX_ACCOUNT_ID>:security-group/sg-0ecc0ae9f29baa402;ec2_securitygroup_from_launch_wizard;False;sg-0ecc0ae9f29baa402;ISO27001;ISO/IEC 27001 Information Security Management Standard 2022
aws;ISO (the International Organization for Standardization) and IEC (the International Electrotechnical Commission) form the specialized system for worldwide standardization. National bodies that are members of ISO or IEC participate in the development of International Standards through technical committees established by the respective organization to deal with particular fields of technical activity. ISO and IEC technical committees collaborate in fields of mutual interest. Other international organizations, governmental and non-governmental, in liaison with ISO and IEC, also take part in the work.;<SANDBOX_ACCOUNT_ID>;ap-southeast-7;2026-08-29 00:18:02.370487;A.8.21;Security of Network Services;Security mechanisms, service levels and service requirements of network services should be identified, implemented and monitored.;A.8 Technological controls;A.8.21;Security of Network Services;Security mechanisms, service levels and service requirements of network services should be identified, implemented and monitored.;PASS;Security group default (sg-0ecc0ae9f29baa402) was not created using the EC2 Launch Wizard.;arn:aws:ec2:ap-southeast-7:<SANDBOX_ACCOUNT_ID>:security-group/sg-0ecc0ae9f29baa402;ec2_securitygroup_from_launch_wizard;False;sg-0ecc0ae9f29baa402;ISO27001;ISO/IEC 27001 Information Security Management Standard 2022
aws;ISO (the International Organization for Standardization) and IEC (the International Electrotechnical Commission) form the specialized system for worldwide standardization. National bodies that are members of ISO or IEC participate in the development of International Standards through technical committees established by the respective organization to deal with particular fields of technical activity. ISO and IEC technical committees collaborate in fields of mutual interest. Other international organizations, governmental and non-governmental, in liaison with ISO and IEC, also take part in the work.;<SANDBOX_ACCOUNT_ID>;ap-southeast-7;2026-08-29 00:18:02.370487;A.8.22;Segregation of Networks;Security mechanisms, service levels and service requirements of network services should be identified, implemented and monitored.;A.8 Technological controls;A.8.22;Segregation of Networks;Security mechanisms, service levels and service requirements of network services should be identified, implemented and monitored.;PASS;Security group default (sg-0ecc0ae9f29baa402) was not created using the EC2 Launch Wizard.;arn:aws:ec2:ap-southeast-7:<SANDBOX_ACCOUNT_ID>:security-group/sg-0ecc0ae9f29baa402;ec2_securitygroup_from_launch_wizard;False;sg-0ecc0ae9f29baa402;ISO27001;ISO/IEC 27001 Information Security Management Standard 2022
aws;ISO (the International Organization for Standardization) and IEC (the International Electrotechnical Commission) form the specialized system for worldwide standardization. National bodies that are members of ISO or IEC participate in the development of International Standards through technical committees established by the respective organization to deal with particular fields of technical activity. ISO and IEC technical committees collaborate in fields of mutual interest. Other international organizations, governmental and non-governmental, in liaison with ISO and IEC, also take part in the work.;<SANDBOX_ACCOUNT_ID>;ap-southeast-7;2026-08-29 00:18:02.370487;A.8.20;Network Security;Networks and network devices should be secured, managed and controlled to protect information in systems and applications.;A.8 Technological controls;A.8.20;Network Security;Networks and network devices should be secured, managed and controlled to protect information in systems and applications.;PASS;Security group default (sg-0ecc0ae9f29baa402) has 1 inbound rules and 1 outbound rules.;arn:aws:ec2:ap-southeast-7:<SANDBOX_ACCOUNT_ID>:security-group/sg-0ecc0ae9f29baa402;ec2_securitygroup_with_many_ingress_egress_rules;False;sg-0ecc0ae9f29baa402;ISO27001;ISO/IEC 27001 Information Security Management Standard 2022
aws;ISO (the International Organization for Standardization) and IEC (the International Electrotechnical Commission) form the specialized system for worldwide standardization. National bodies that are members of ISO or IEC participate in the development of International Standards through technical committees established by the respective organization to deal with particular fields of technical activity. ISO and IEC technical committees collaborate in fields of mutual interest. Other international organizations, governmental and non-governmental, in liaison with ISO and IEC, also take part in the work.;<SANDBOX_ACCOUNT_ID>;ap-southeast-7;2026-08-29 00:18:02.370487;A.8.21;Security of Network Services;Security mechanisms, service levels and service requirements of network services should be identified, implemented and monitored.;A.8 Technological controls;A.8.21;Security of Network Services;Security mechanisms, service levels and service requirements of network services should be identified, implemented and monitored.;PASS;Security group default (sg-0ecc0ae9f29baa402) has 1 inbound rules and 1 outbound rules.;arn:aws:ec2:ap-southeast-7:<SANDBOX_ACCOUNT_ID>:security-group/sg-0ecc0ae9f29baa402;ec2_securitygroup_with_many_ingress_egress_rules;False;sg-0ecc0ae9f29baa402;ISO27001;ISO/IEC 27001 Information Security Management Standard 2022
aws;ISO (the International Organization for Standardization) and IEC (the International Electrotechnical Commission) form the specialized system for worldwide standardization. National bodies that are members of ISO or IEC participate in the development of International Standards through technical committees established by the respective organization to deal with particular fields of technical activity. ISO and IEC technical committees collaborate in fields of mutual interest. Other international organizations, governmental and non-governmental, in liaison with ISO and IEC, also take part in the work.;<SANDBOX_ACCOUNT_ID>;ap-southeast-7;2026-08-29 00:18:02.370487;A.8.22;Segregation of Networks;Security mechanisms, service levels and service requirements of network services should be identified, implemented and monitored.;A.8 Technological controls;A.8.22;Segregation of Networks;Security mechanisms, service levels and service requirements of network services should be identified, implemented and monitored.;PASS;Security group default (sg-0ecc0ae9f29baa402) has 1 inbound rules and 1 outbound rules.;arn:aws:ec2:ap-southeast-7:<SANDBOX_ACCOUNT_ID>:security-group/sg-0ecc0ae9f29baa402;ec2_securitygroup_with_many_ingress_egress_rules;False;sg-0ecc0ae9f29baa402;ISO27001;ISO/IEC 27001 Information Security Management Standard 2022
aws;ISO (the International Organization for Standardization) and IEC (the International Electrotechnical Commission) form the specialized system for worldwide standardization. National bodies that are members of ISO or IEC participate in the development of International Standards through technical committees established by the respective organization to deal with particular fields of technical activity. ISO and IEC technical committees collaborate in fields of mutual interest. Other international organizations, governmental and non-governmental, in liaison with ISO and IEC, also take part in the work.;<SANDBOX_ACCOUNT_ID>;ap-southeast-7;2026-08-29 00:18:02.370487;A.8.1;User Endpoint Devices;Information stored on, processed by or accessible via user endpoint devices should be protected.;A.8 Technological controls;A.8.1;User Endpoint Devices;Information stored on, processed by or accessible via user endpoint devices should be protected.;PASS;EMR Account has Block Public Access enabled.;arn:aws:elasticmapreduce:ap-southeast-7:<SANDBOX_ACCOUNT_ID>:cluster;emr_cluster_account_public_block_enabled;False;<SANDBOX_ACCOUNT_ID>;ISO27001;ISO/IEC 27001 Information Security Management Standard 2022
aws;ISO (the International Organization for Standardization) and IEC (the International Electrotechnical Commission) form the specialized system for worldwide standardization. National bodies that are members of ISO or IEC participate in the development of International Standards through technical committees established by the respective organization to deal with particular fields of technical activity. ISO and IEC technical committees collaborate in fields of mutual interest. Other international organizations, governmental and non-governmental, in liaison with ISO and IEC, also take part in the work.;<SANDBOX_ACCOUNT_ID>;ap-southeast-7;2026-08-29 00:18:02.370487;A.5.25;Assessment And Decision On Information Security Events;The organisation should assess information security events and decide if they are to be categorised as information security incidents.;A.5 Organizational controls;A.5.25;Assessment And Decision On Information Security Events;The organisation should assess information security events and decide if they are to be categorised as information security incidents.;PASS;GuardDuty detector c0cfc223468df81e40fec5257649bb70 is centrally managed by account <SECURITY_ACCOUNT_ID>.;arn:aws:guardduty:ap-southeast-7:<SANDBOX_ACCOUNT_ID>:detector/c0cfc223468df81e40fec5257649bb70;guardduty_centrally_managed;False;c0cfc223468df81e40fec5257649bb70;ISO27001;ISO/IEC 27001 Information Security Management Standard 2022
aws;ISO (the International Organization for Standardization) and IEC (the International Electrotechnical Commission) form the specialized system for worldwide standardization. National bodies that are members of ISO or IEC participate in the development of International Standards through technical committees established by the respective organization to deal with particular fields of technical activity. ISO and IEC technical committees collaborate in fields of mutual interest. Other international organizations, governmental and non-governmental, in liaison with ISO and IEC, also take part in the work.;<SANDBOX_ACCOUNT_ID>;ap-southeast-7;2026-08-29 00:18:02.370487;A.5.28;Collection Of Evidence;The organisation should establish and implement procedures for the identification, collection, acquisition and preservation of evidence related to information security events.;A.5 Organizational controls;A.5.28;Collection Of Evidence;The organisation should establish and implement procedures for the identification, collection, acquisition and preservation of evidence related to information security events.;PASS;GuardDuty detector c0cfc223468df81e40fec5257649bb70 is centrally managed by account <SECURITY_ACCOUNT_ID>.;arn:aws:guardduty:ap-southeast-7:<SANDBOX_ACCOUNT_ID>:detector/c0cfc223468df81e40fec5257649bb70;guardduty_centrally_managed;False;c0cfc223468df81e40fec5257649bb70;ISO27001;ISO/IEC 27001 Information Security Management Standard 2022
aws;ISO (the International Organization for Standardization) and IEC (the International Electrotechnical Commission) form the specialized system for worldwide standardization. National bodies that are members of ISO or IEC participate in the development of International Standards through technical committees established by the respective organization to deal with particular fields of technical activity. ISO and IEC technical committees collaborate in fields of mutual interest. Other international organizations, governmental and non-governmental, in liaison with ISO and IEC, also take part in the work.;<SANDBOX_ACCOUNT_ID>;ap-southeast-7;2026-08-29 00:18:02.370487;A.5.29;Information Security During Disruption;The organisation should plan how to maintain information security at an appropriate level during disruption.;A.5 Organizational controls;A.5.29;Information Security During Disruption;The organisation should plan how to maintain information security at an appropriate level during disruption.;PASS;GuardDuty detector c0cfc223468df81e40fec5257649bb70 is centrally managed by account <SECURITY_ACCOUNT_ID>.;arn:aws:guardduty:ap-southeast-7:<SANDBOX_ACCOUNT_ID>:detector/c0cfc223468df81e40fec5257649bb70;guardduty_centrally_managed;False;c0cfc223468df81e40fec5257649bb70;ISO27001;ISO/IEC 27001 Information Security Management Standard 2022
aws;ISO (the International Organization for Standardization) and IEC (the International Electrotechnical Commission) form the specialized system for worldwide standardization. National bodies that are members of ISO or IEC participate in the development of International Standards through technical committees established by the respective organization to deal with particular fields of technical activity. ISO and IEC technical committees collaborate in fields of mutual interest. Other international organizations, governmental and non-governmental, in liaison with ISO and IEC, also take part in the work.;<SANDBOX_ACCOUNT_ID>;ap-southeast-7;2026-08-29 00:18:02.370487;A.8.15;Logging;Logs that record activities, exceptions, faults and other relevant events should be produced, stored, protected and analysed.;A.8 Technological controls;A.8.15;Logging;Logs that record activities, exceptions, faults and other relevant events should be produced, stored, protected and analysed.;FAIL;GuardDuty detector c0cfc223468df81e40fec5257649bb70 does not have EKS Audit Log Monitoring enabled.;arn:aws:guardduty:ap-southeast-7:<SANDBOX_ACCOUNT_ID>:detector/c0cfc223468df81e40fec5257649bb70;guardduty_eks_audit_log_enabled;False;c0cfc223468df81e40fec5257649bb70;ISO27001;ISO/IEC 27001 Information Security Management Standard 2022
aws;ISO (the International Organization for Standardization) and IEC (the International Electrotechnical Commission) form the specialized system for worldwide standardization. National bodies that are members of ISO or IEC participate in the development of International Standards through technical committees established by the respective organization to deal with particular fields of technical activity. ISO and IEC technical committees collaborate in fields of mutual interest. Other international organizations, governmental and non-governmental, in liaison with ISO and IEC, also take part in the work.;<SANDBOX_ACCOUNT_ID>;ap-southeast-7;2026-08-29 00:18:02.370487;A.5.19;Information Security In Supplier Relationships;Processes and procedures should be defined and implemented to manage the information security risks associated with the use of supplier’s products or services.;A.5 Organizational controls;A.5.19;Information Security In Supplier Relationships;Processes and procedures should be defined and implemented to manage the information security risks associated with the use of supplier’s products or services.;PASS;GuardDuty detector c0cfc223468df81e40fec5257649bb70 enabled.;arn:aws:guardduty:ap-southeast-7:<SANDBOX_ACCOUNT_ID>:detector/c0cfc223468df81e40fec5257649bb70;guardduty_is_enabled;False;c0cfc223468df81e40fec5257649bb70;ISO27001;ISO/IEC 27001 Information Security Management Standard 2022
aws;ISO (the International Organization for Standardization) and IEC (the International Electrotechnical Commission) form the specialized system for worldwide standardization. National bodies that are members of ISO or IEC participate in the development of International Standards through technical committees established by the respective organization to deal with particular fields of technical activity. ISO and IEC technical committees collaborate in fields of mutual interest. Other international organizations, governmental and non-governmental, in liaison with ISO and IEC, also take part in the work.;<SANDBOX_ACCOUNT_ID>;ap-southeast-7;2026-08-29 00:18:02.370487;A.5.21;Managing Information Security In The ICT Supply Chain;Processes and procedures should be defined and implemented to manage the information security risks associated with the ICT products and services supply chain.;A.5 Organizational controls;A.5.21;Managing Information Security In The ICT Supply Chain;Processes and procedures should be defined and implemented to manage the information security risks associated with the ICT products and services supply chain.;PASS;GuardDuty detector c0cfc223468df81e40fec5257649bb70 enabled.;arn:aws:guardduty:ap-southeast-7:<SANDBOX_ACCOUNT_ID>:detector/c0cfc223468df81e40fec5257649bb70;guardduty_is_enabled;False;c0cfc223468df81e40fec5257649bb70;ISO27001;ISO/IEC 27001 Information Security Management Standard 2022
aws;ISO (the International Organization for Standardization) and IEC (the International Electrotechnical Commission) form the specialized system for worldwide standardization. National bodies that are members of ISO or IEC participate in the development of International Standards through technical committees established by the respective organization to deal with particular fields of technical activity. ISO and IEC technical committees collaborate in fields of mutual interest. Other international organizations, governmental and non-governmental, in liaison with ISO and IEC, also take part in the work.;<SANDBOX_ACCOUNT_ID>;ap-southeast-7;2026-08-29 00:18:02.370487;A.5.25;Assessment And Decision On Information Security Events;The organisation should assess information security events and decide if they are to be categorised as information security incidents.;A.5 Organizational controls;A.5.25;Assessment And Decision On Information Security Events;The organisation should assess information security events and decide if they are to be categorised as information security incidents.;PASS;GuardDuty detector c0cfc223468df81e40fec5257649bb70 enabled.;arn:aws:guardduty:ap-southeast-7:<SANDBOX_ACCOUNT_ID>:detector/c0cfc223468df81e40fec5257649bb70;guardduty_is_enabled;False;c0cfc223468df81e40fec5257649bb70;ISO27001;ISO/IEC 27001 Information Security Management Standard 2022
aws;ISO (the International Organization for Standardization) and IEC (the International Electrotechnical Commission) form the specialized system for worldwide standardization. National bodies that are members of ISO or IEC participate in the development of International Standards through technical committees established by the respective organization to deal with particular fields of technical activity. ISO and IEC technical committees collaborate in fields of mutual interest. Other international organizations, governmental and non-governmental, in liaison with ISO and IEC, also take part in the work.;<SANDBOX_ACCOUNT_ID>;ap-southeast-7;2026-08-29 00:18:02.370487;A.5.28;Collection Of Evidence;The organisation should establish and implement procedures for the identification, collection, acquisition and preservation of evidence related to information security events.;A.5 Organizational controls;A.5.28;Collection Of Evidence;The organisation should establish and implement procedures for the identification, collection, acquisition and preservation of evidence related to information security events.;PASS;GuardDuty detector c0cfc223468df81e40fec5257649bb70 enabled.;arn:aws:guardduty:ap-southeast-7:<SANDBOX_ACCOUNT_ID>:detector/c0cfc223468df81e40fec5257649bb70;guardduty_is_enabled;False;c0cfc223468df81e40fec5257649bb70;ISO27001;ISO/IEC 27001 Information Security Management Standard 2022
aws;ISO (the International Organization for Standardization) and IEC (the International Electrotechnical Commission) form the specialized system for worldwide standardization. National bodies that are members of ISO or IEC participate in the development of International Standards through technical committees established by the respective organization to deal with particular fields of technical activity. ISO and IEC technical committees collaborate in fields of mutual interest. Other international organizations, governmental and non-governmental, in liaison with ISO and IEC, also take part in the work.;<SANDBOX_ACCOUNT_ID>;ap-southeast-7;2026-08-29 00:18:02.370487;A.5.29;Information Security During Disruption;The organisation should plan how to maintain information security at an appropriate level during disruption.;A.5 Organizational controls;A.5.29;Information Security During Disruption;The organisation should plan how to maintain information security at an appropriate level during disruption.;PASS;GuardDuty detector c0cfc223468df81e40fec5257649bb70 enabled.;arn:aws:guardduty:ap-southeast-7:<SANDBOX_ACCOUNT_ID>:detector/c0cfc223468df81e40fec5257649bb70;guardduty_is_enabled;False;c0cfc223468df81e40fec5257649bb70;ISO27001;ISO/IEC 27001 Information Security Management Standard 2022
aws;ISO (the International Organization for Standardization) and IEC (the International Electrotechnical Commission) form the specialized system for worldwide standardization. National bodies that are members of ISO or IEC participate in the development of International Standards through technical committees established by the respective organization to deal with particular fields of technical activity. ISO and IEC technical committees collaborate in fields of mutual interest. Other international organizations, governmental and non-governmental, in liaison with ISO and IEC, also take part in the work.;<SANDBOX_ACCOUNT_ID>;ap-southeast-7;2026-08-29 00:18:02.370487;A.8.7;Protection Against Malware;Protection against malware should be implemented and supported by appropriate user awareness.;A.8 Technological controls;A.8.7;Protection Against Malware;Protection against malware should be implemented and supported by appropriate user awareness.;PASS;GuardDuty detector c0cfc223468df81e40fec5257649bb70 enabled.;arn:aws:guardduty:ap-southeast-7:<SANDBOX_ACCOUNT_ID>:detector/c0cfc223468df81e40fec5257649bb70;guardduty_is_enabled;False;c0cfc223468df81e40fec5257649bb70;ISO27001;ISO/IEC 27001 Information Security Management Standard 2022
aws;ISO (the International Organization for Standardization) and IEC (the International Electrotechnical Commission) form the specialized system for worldwide standardization. National bodies that are members of ISO or IEC participate in the development of International Standards through technical committees established by the respective organization to deal with particular fields of technical activity. ISO and IEC technical committees collaborate in fields of mutual interest. Other international organizations, governmental and non-governmental, in liaison with ISO and IEC, also take part in the work.;<SANDBOX_ACCOUNT_ID>;ap-southeast-7;2026-08-29 00:18:02.370487;A.8.9;Configuration Management;Configurations, including security configurations, of hardware, software, services and networks should be established, documented, implemented, monitored and reviewed.;A.8 Technological controls;A.8.9;Configuration Management;Configurations, including security configurations, of hardware, software, services and networks should be established, documented, implemented, monitored and reviewed.;PASS;GuardDuty detector c0cfc223468df81e40fec5257649bb70 enabled.;arn:aws:guardduty:ap-southeast-7:<SANDBOX_ACCOUNT_ID>:detector/c0cfc223468df81e40fec5257649bb70;guardduty_is_enabled;False;c0cfc223468df81e40fec5257649bb70;ISO27001;ISO/IEC 27001 Information Security Management Standard 2022
aws;ISO (the International Organization for Standardization) and IEC (the International Electrotechnical Commission) form the specialized system for worldwide standardization. National bodies that are members of ISO or IEC participate in the development of International Standards through technical committees established by the respective organization to deal with particular fields of technical activity. ISO and IEC technical committees collaborate in fields of mutual interest. Other international organizations, governmental and non-governmental, in liaison with ISO and IEC, also take part in the work.;<SANDBOX_ACCOUNT_ID>;ap-southeast-7;2026-08-29 00:18:02.370487;A.5.19;Information Security In Supplier Relationships;Processes and procedures should be defined and implemented to manage the information security risks associated with the use of supplier’s products or services.;A.5 Organizational controls;A.5.19;Information Security In Supplier Relationships;Processes and procedures should be defined and implemented to manage the information security risks associated with the use of supplier’s products or services.;FAIL;GuardDuty detector c0cfc223468df81e40fec5257649bb70 has 162 high severity findings.;arn:aws:guardduty:ap-southeast-7:<SANDBOX_ACCOUNT_ID>:detector/c0cfc223468df81e40fec5257649bb70;guardduty_no_high_severity_findings;False;c0cfc223468df81e40fec5257649bb70;ISO27001;ISO/IEC 27001 Information Security Management Standard 2022
aws;ISO (the International Organization for Standardization) and IEC (the International Electrotechnical Commission) form the specialized system for worldwide standardization. National bodies that are members of ISO or IEC participate in the development of International Standards through technical committees established by the respective organization to deal with particular fields of technical activity. ISO and IEC technical committees collaborate in fields of mutual interest. Other international organizations, governmental and non-governmental, in liaison with ISO and IEC, also take part in the work.;<SANDBOX_ACCOUNT_ID>;ap-southeast-7;2026-08-29 00:18:02.370487;A.5.21;Managing Information Security In The ICT Supply Chain;Processes and procedures should be defined and implemented to manage the information security risks associated with the ICT products and services supply chain.;A.5 Organizational controls;A.5.21;Managing Information Security In The ICT Supply Chain;Processes and procedures should be defined and implemented to manage the information security risks associated with the ICT products and services supply chain.;FAIL;GuardDuty detector c0cfc223468df81e40fec5257649bb70 has 162 high severity findings.;arn:aws:guardduty:ap-southeast-7:<SANDBOX_ACCOUNT_ID>:detector/c0cfc223468df81e40fec5257649bb70;guardduty_no_high_severity_findings;False;c0cfc223468df81e40fec5257649bb70;ISO27001;ISO/IEC 27001 Information Security Management Standard 2022
aws;ISO (the International Organization for Standardization) and IEC (the International Electrotechnical Commission) form the specialized system for worldwide standardization. National bodies that are members of ISO or IEC participate in the development of International Standards through technical committees established by the respective organization to deal with particular fields of technical activity. ISO and IEC technical committees collaborate in fields of mutual interest. Other international organizations, governmental and non-governmental, in liaison with ISO and IEC, also take part in the work.;<SANDBOX_ACCOUNT_ID>;ap-southeast-7;2026-08-29 00:18:02.370487;A.5.25;Assessment And Decision On Information Security Events;The organisation should assess information security events and decide if they are to be categorised as information security incidents.;A.5 Organizational controls;A.5.25;Assessment And Decision On Information Security Events;The organisation should assess information security events and decide if they are to be categorised as information security incidents.;FAIL;GuardDuty detector c0cfc223468df81e40fec5257649bb70 has 162 high severity findings.;arn:aws:guardduty:ap-southeast-7:<SANDBOX_ACCOUNT_ID>:detector/c0cfc223468df81e40fec5257649bb70;guardduty_no_high_severity_findings;False;c0cfc223468df81e40fec5257649bb70;ISO27001;ISO/IEC 27001 Information Security Management Standard 2022
aws;ISO (the International Organization for Standardization) and IEC (the International Electrotechnical Commission) form the specialized system for worldwide standardization. National bodies that are members of ISO or IEC participate in the development of International Standards through technical committees established by the respective organization to deal with particular fields of technical activity. ISO and IEC technical committees collaborate in fields of mutual interest. Other international organizations, governmental and non-governmental, in liaison with ISO and IEC, also take part in the work.;<SANDBOX_ACCOUNT_ID>;ap-southeast-7;2026-08-29 00:18:02.370487;A.5.28;Collection Of Evidence;The organisation should establish and implement procedures for the identification, collection, acquisition and preservation of evidence related to information security events.;A.5 Organizational controls;A.5.28;Collection Of Evidence;The organisation should establish and implement procedures for the identification, collection, acquisition and preservation of evidence related to information security events.;FAIL;GuardDuty detector c0cfc223468df81e40fec5257649bb70 has 162 high severity findings.;arn:aws:guardduty:ap-southeast-7:<SANDBOX_ACCOUNT_ID>:detector/c0cfc223468df81e40fec5257649bb70;guardduty_no_high_severity_findings;False;c0cfc223468df81e40fec5257649bb70;ISO27001;ISO/IEC 27001 Information Security Management Standard 2022
aws;ISO (the International Organization for Standardization) and IEC (the International Electrotechnical Commission) form the specialized system for worldwide standardization. National bodies that are members of ISO or IEC participate in the development of International Standards through technical committees established by the respective organization to deal with particular fields of technical activity. ISO and IEC technical committees collaborate in fields of mutual interest. Other international organizations, governmental and non-governmental, in liaison with ISO and IEC, also take part in the work.;<SANDBOX_ACCOUNT_ID>;ap-southeast-7;2026-08-29 00:18:02.370487;A.5.29;Information Security During Disruption;The organisation should plan how to maintain information security at an appropriate level during disruption.;A.5 Organizational controls;A.5.29;Information Security During Disruption;The organisation should plan how to maintain information security at an appropriate level during disruption.;FAIL;GuardDuty detector c0cfc223468df81e40fec5257649bb70 has 162 high severity findings.;arn:aws:guardduty:ap-southeast-7:<SANDBOX_ACCOUNT_ID>:detector/c0cfc223468df81e40fec5257649bb70;guardduty_no_high_severity_findings;False;c0cfc223468df81e40fec5257649bb70;ISO27001;ISO/IEC 27001 Information Security Management Standard 2022
aws;ISO (the International Organization for Standardization) and IEC (the International Electrotechnical Commission) form the specialized system for worldwide standardization. National bodies that are members of ISO or IEC participate in the development of International Standards through technical committees established by the respective organization to deal with particular fields of technical activity. ISO and IEC technical committees collaborate in fields of mutual interest. Other international organizations, governmental and non-governmental, in liaison with ISO and IEC, also take part in the work.;<SANDBOX_ACCOUNT_ID>;ap-southeast-7;2026-08-29 00:18:02.370487;A.8.7;Protection Against Malware;Protection against malware should be implemented and supported by appropriate user awareness.;A.8 Technological controls;A.8.7;Protection Against Malware;Protection against malware should be implemented and supported by appropriate user awareness.;FAIL;GuardDuty detector c0cfc223468df81e40fec5257649bb70 has 162 high severity findings.;arn:aws:guardduty:ap-southeast-7:<SANDBOX_ACCOUNT_ID>:detector/c0cfc223468df81e40fec5257649bb70;guardduty_no_high_severity_findings;False;c0cfc223468df81e40fec5257649bb70;ISO27001;ISO/IEC 27001 Information Security Management Standard 2022
aws;ISO (the International Organization for Standardization) and IEC (the International Electrotechnical Commission) form the specialized system for worldwide standardization. National bodies that are members of ISO or IEC participate in the development of International Standards through technical committees established by the respective organization to deal with particular fields of technical activity. ISO and IEC technical committees collaborate in fields of mutual interest. Other international organizations, governmental and non-governmental, in liaison with ISO and IEC, also take part in the work.;<SANDBOX_ACCOUNT_ID>;ap-southeast-7;2026-08-29 00:18:02.370487;A.8.9;Configuration Management;Configurations, including security configurations, of hardware, software, services and networks should be established, documented, implemented, monitored and reviewed.;A.8 Technological controls;A.8.9;Configuration Management;Configurations, including security configurations, of hardware, software, services and networks should be established, documented, implemented, monitored and reviewed.;FAIL;GuardDuty detector c0cfc223468df81e40fec5257649bb70 has 162 high severity findings.;arn:aws:guardduty:ap-southeast-7:<SANDBOX_ACCOUNT_ID>:detector/c0cfc223468df81e40fec5257649bb70;guardduty_no_high_severity_findings;False;c0cfc223468df81e40fec5257649bb70;ISO27001;ISO/IEC 27001 Information Security Management Standard 2022
aws;ISO (the International Organization for Standardization) and IEC (the International Electrotechnical Commission) form the specialized system for worldwide standardization. National bodies that are members of ISO or IEC participate in the development of International Standards through technical committees established by the respective organization to deal with particular fields of technical activity. ISO and IEC technical committees collaborate in fields of mutual interest. Other international organizations, governmental and non-governmental, in liaison with ISO and IEC, also take part in the work.;<SANDBOX_ACCOUNT_ID>;ap-southeast-7;2026-08-29 00:18:02.370487;A.5.15;Access Control;Rules to control physical and logical access to information and other associated assets should be established;A.5 Organizational controls;A.5.15;Access Control;Rules to control physical and logical access to information and other associated assets should be established;PASS;Root user in the account wasn't accessed in the last 1 days.;arn:aws:iam::<SANDBOX_ACCOUNT_ID>:root;iam_avoid_root_usage;False;<root_account>;ISO27001;ISO/IEC 27001 Information Security Management Standard 2022
aws;ISO (the International Organization for Standardization) and IEC (the International Electrotechnical Commission) form the specialized system for worldwide standardization. National bodies that are members of ISO or IEC participate in the development of International Standards through technical committees established by the respective organization to deal with particular fields of technical activity. ISO and IEC technical committees collaborate in fields of mutual interest. Other international organizations, governmental and non-governmental, in liaison with ISO and IEC, also take part in the work.;<SANDBOX_ACCOUNT_ID>;ap-southeast-7;2026-08-29 00:18:02.370487;A.5.18;Access Rights;Access rights to information and other associated assets should be provisioned, reviewed, modified and removed in accordance with the organisation’s topic-specific policy on and rules for access control.;A.5 Organizational controls;A.5.18;Access Rights;Access rights to information and other associated assets should be provisioned, reviewed, modified and removed in accordance with the organisation’s topic-specific policy on and rules for access control.;PASS;AWS policy AWSSSOServiceRolePolicy is attached but does not allow '*:*' administrative privileges.;arn:aws:iam::aws:policy/aws-service-role/AWSSSOServiceRolePolicy;iam_aws_attached_policy_no_administrative_privileges;False;AWSSSOServiceRolePolicy;ISO27001;ISO/IEC 27001 Information Security Management Standard 2022
aws;ISO (the International Organization for Standardization) and IEC (the International Electrotechnical Commission) form the specialized system for worldwide standardization. National bodies that are members of ISO or IEC participate in the development of International Standards through technical committees established by the respective organization to deal with particular fields of technical activity. ISO and IEC technical committees collaborate in fields of mutual interest. Other international organizations, governmental and non-governmental, in liaison with ISO and IEC, also take part in the work.;<SANDBOX_ACCOUNT_ID>;ap-southeast-7;2026-08-29 00:18:02.370487;A.8.2;Privileged Access Rights;The allocation and use of privileged access rights should be restricted and managed.;A.8 Technological controls;A.8.2;Privileged Access Rights;The allocation and use of privileged access rights should be restricted and managed.;PASS;AWS policy AWSSSOServiceRolePolicy is attached but does not allow '*:*' administrative privileges.;arn:aws:iam::aws:policy/aws-service-role/AWSSSOServiceRolePolicy;iam_aws_attached_policy_no_administrative_privileges;False;AWSSSOServiceRolePolicy;ISO27001;ISO/IEC 27001 Information Security Management Standard 2022
aws;ISO (the International Organization for Standardization) and IEC (the International Electrotechnical Commission) form the specialized system for worldwide standardization. National bodies that are members of ISO or IEC participate in the development of International Standards through technical committees established by the respective organization to deal with particular fields of technical activity. ISO and IEC technical committees collaborate in fields of mutual interest. Other international organizations, governmental and non-governmental, in liaison with ISO and IEC, also take part in the work.;<SANDBOX_ACCOUNT_ID>;ap-southeast-7;2026-08-29 00:18:02.370487;A.5.18;Access Rights;Access rights to information and other associated assets should be provisioned, reviewed, modified and removed in accordance with the organisation’s topic-specific policy on and rules for access control.;A.5 Organizational controls;A.5.18;Access Rights;Access rights to information and other associated assets should be provisioned, reviewed, modified and removed in accordance with the organisation’s topic-specific policy on and rules for access control.;PASS;AWS policy AWSOrganizationsServiceTrustPolicy is attached but does not allow '*:*' administrative privileges.;arn:aws:iam::aws:policy/aws-service-role/AWSOrganizationsServiceTrustPolicy;iam_aws_attached_policy_no_administrative_privileges;False;AWSOrganizationsServiceTrustPolicy;ISO27001;ISO/IEC 27001 Information Security Management Standard 2022
aws;ISO (the International Organization for Standardization) and IEC (the International Electrotechnical Commission) form the specialized system for worldwide standardization. National bodies that are members of ISO or IEC participate in the development of International Standards through technical committees established by the respective organization to deal with particular fields of technical activity. ISO and IEC technical committees collaborate in fields of mutual interest. Other international organizations, governmental and non-governmental, in liaison with ISO and IEC, also take part in the work.;<SANDBOX_ACCOUNT_ID>;ap-southeast-7;2026-08-29 00:18:02.370487;A.8.2;Privileged Access Rights;The allocation and use of privileged access rights should be restricted and managed.;A.8 Technological controls;A.8.2;Privileged Access Rights;The allocation and use of privileged access rights should be restricted and managed.;PASS;AWS policy AWSOrganizationsServiceTrustPolicy is attached but does not allow '*:*' administrative privileges.;arn:aws:iam::aws:policy/aws-service-role/AWSOrganizationsServiceTrustPolicy;iam_aws_attached_policy_no_administrative_privileges;False;AWSOrganizationsServiceTrustPolicy;ISO27001;ISO/IEC 27001 Information Security Management Standard 2022
aws;ISO (the International Organization for Standardization) and IEC (the International Electrotechnical Commission) form the specialized system for worldwide standardization. National bodies that are members of ISO or IEC participate in the development of International Standards through technical committees established by the respective organization to deal with particular fields of technical activity. ISO and IEC technical committees collaborate in fields of mutual interest. Other international organizations, governmental and non-governmental, in liaison with ISO and IEC, also take part in the work.;<SANDBOX_ACCOUNT_ID>;ap-southeast-7;2026-08-29 00:18:02.370487;A.5.18;Access Rights;Access rights to information and other associated assets should be provisioned, reviewed, modified and removed in accordance with the organisation’s topic-specific policy on and rules for access control.;A.5 Organizational controls;A.5.18;Access Rights;Access rights to information and other associated assets should be provisioned, reviewed, modified and removed in accordance with the organisation’s topic-specific policy on and rules for access control.;PASS;AWS policy AmazonGuardDutyServiceRolePolicy is attached but does not allow '*:*' administrative privileges.;arn:aws:iam::aws:policy/aws-service-role/AmazonGuardDutyServiceRolePolicy;iam_aws_attached_policy_no_administrative_privileges;False;AmazonGuardDutyServiceRolePolicy;ISO27001;ISO/IEC 27001 Information Security Management Standard 2022
aws;ISO (the International Organization for Standardization) and IEC (the International Electrotechnical Commission) form the specialized system for worldwide standardization. National bodies that are members of ISO or IEC participate in the development of International Standards through technical committees established by the respective organization to deal with particular fields of technical activity. ISO and IEC technical committees collaborate in fields of mutual interest. Other international organizations, governmental and non-governmental, in liaison with ISO and IEC, also take part in the work.;<SANDBOX_ACCOUNT_ID>;ap-southeast-7;2026-08-29 00:18:02.370487;A.8.2;Privileged Access Rights;The allocation and use of privileged access rights should be restricted and managed.;A.8 Technological controls;A.8.2;Privileged Access Rights;The allocation and use of privileged access rights should be restricted and managed.;PASS;AWS policy AmazonGuardDutyServiceRolePolicy is attached but does not allow '*:*' administrative privileges.;arn:aws:iam::aws:policy/aws-service-role/AmazonGuardDutyServiceRolePolicy;iam_aws_attached_policy_no_administrative_privileges;False;AmazonGuardDutyServiceRolePolicy;ISO27001;ISO/IEC 27001 Information Security Management Standard 2022
aws;ISO (the International Organization for Standardization) and IEC (the International Electrotechnical Commission) form the specialized system for worldwide standardization. National bodies that are members of ISO or IEC participate in the development of International Standards through technical committees established by the respective organization to deal with particular fields of technical activity. ISO and IEC technical committees collaborate in fields of mutual interest. Other international organizations, governmental and non-governmental, in liaison with ISO and IEC, also take part in the work.;<SANDBOX_ACCOUNT_ID>;ap-southeast-7;2026-08-29 00:18:02.370487;A.5.18;Access Rights;Access rights to information and other associated assets should be provisioned, reviewed, modified and removed in accordance with the organisation’s topic-specific policy on and rules for access control.;A.5 Organizational controls;A.5.18;Access Rights;Access rights to information and other associated assets should be provisioned, reviewed, modified and removed in accordance with the organisation’s topic-specific policy on and rules for access control.;PASS;AWS policy AWSTrustedAdvisorServiceRolePolicy is attached but does not allow '*:*' administrative privileges.;arn:aws:iam::aws:policy/aws-service-role/AWSTrustedAdvisorServiceRolePolicy;iam_aws_attached_policy_no_administrative_privileges;False;AWSTrustedAdvisorServiceRolePolicy;ISO27001;ISO/IEC 27001 Information Security Management Standard 2022
aws;ISO (the International Organization for Standardization) and IEC (the International Electrotechnical Commission) form the specialized system for worldwide standardization. National bodies that are members of ISO or IEC participate in the development of International Standards through technical committees established by the respective organization to deal with particular fields of technical activity. ISO and IEC technical committees collaborate in fields of mutual interest. Other international organizations, governmental and non-governmental, in liaison with ISO and IEC, also take part in the work.;<SANDBOX_ACCOUNT_ID>;ap-southeast-7;2026-08-29 00:18:02.370487;A.8.2;Privileged Access Rights;The allocation and use of privileged access rights should be restricted and managed.;A.8 Technological controls;A.8.2;Privileged Access Rights;The allocation and use of privileged access rights should be restricted and managed.;PASS;AWS policy AWSTrustedAdvisorServiceRolePolicy is attached but does not allow '*:*' administrative privileges.;arn:aws:iam::aws:policy/aws-service-role/AWSTrustedAdvisorServiceRolePolicy;iam_aws_attached_policy_no_administrative_privileges;False;AWSTrustedAdvisorServiceRolePolicy;ISO27001;ISO/IEC 27001 Information Security Management Standard 2022
aws;ISO (the International Organization for Standardization) and IEC (the International Electrotechnical Commission) form the specialized system for worldwide standardization. National bodies that are members of ISO or IEC participate in the development of International Standards through technical committees established by the respective organization to deal with particular fields of technical activity. ISO and IEC technical committees collaborate in fields of mutual interest. Other international organizations, governmental and non-governmental, in liaison with ISO and IEC, also take part in the work.;<SANDBOX_ACCOUNT_ID>;ap-southeast-7;2026-08-29 00:18:02.370487;A.5.18;Access Rights;Access rights to information and other associated assets should be provisioned, reviewed, modified and removed in accordance with the organisation’s topic-specific policy on and rules for access control.;A.5 Organizational controls;A.5.18;Access Rights;Access rights to information and other associated assets should be provisioned, reviewed, modified and removed in accordance with the organisation’s topic-specific policy on and rules for access control.;FAIL;AWS policy AdministratorAccess is attached and allows '*:*' administrative privileges.;arn:aws:iam::aws:policy/AdministratorAccess;iam_aws_attached_policy_no_administrative_privileges;False;AdministratorAccess;ISO27001;ISO/IEC 27001 Information Security Management Standard 2022
aws;ISO (the International Organization for Standardization) and IEC (the International Electrotechnical Commission) form the specialized system for worldwide standardization. National bodies that are members of ISO or IEC participate in the development of International Standards through technical committees established by the respective organization to deal with particular fields of technical activity. ISO and IEC technical committees collaborate in fields of mutual interest. Other international organizations, governmental and non-governmental, in liaison with ISO and IEC, also take part in the work.;<SANDBOX_ACCOUNT_ID>;ap-southeast-7;2026-08-29 00:18:02.370487;A.8.2;Privileged Access Rights;The allocation and use of privileged access rights should be restricted and managed.;A.8 Technological controls;A.8.2;Privileged Access Rights;The allocation and use of privileged access rights should be restricted and managed.;FAIL;AWS policy AdministratorAccess is attached and allows '*:*' administrative privileges.;arn:aws:iam::aws:policy/AdministratorAccess;iam_aws_attached_policy_no_administrative_privileges;False;AdministratorAccess;ISO27001;ISO/IEC 27001 Information Security Management Standard 2022
aws;ISO (the International Organization for Standardization) and IEC (the International Electrotechnical Commission) form the specialized system for worldwide standardization. National bodies that are members of ISO or IEC participate in the development of International Standards through technical committees established by the respective organization to deal with particular fields of technical activity. ISO and IEC technical committees collaborate in fields of mutual interest. Other international organizations, governmental and non-governmental, in liaison with ISO and IEC, also take part in the work.;<SANDBOX_ACCOUNT_ID>;ap-southeast-7;2026-08-29 00:18:02.370487;A.5.18;Access Rights;Access rights to information and other associated assets should be provisioned, reviewed, modified and removed in accordance with the organisation’s topic-specific policy on and rules for access control.;A.5 Organizational controls;A.5.18;Access Rights;Access rights to information and other associated assets should be provisioned, reviewed, modified and removed in accordance with the organisation’s topic-specific policy on and rules for access control.;PASS;AWS policy AWSSupportServiceRolePolicy is attached but does not allow '*:*' administrative privileges.;arn:aws:iam::aws:policy/aws-service-role/AWSSupportServiceRolePolicy;iam_aws_attached_policy_no_administrative_privileges;False;AWSSupportServiceRolePolicy;ISO27001;ISO/IEC 27001 Information Security Management Standard 2022
aws;ISO (the International Organization for Standardization) and IEC (the International Electrotechnical Commission) form the specialized system for worldwide standardization. National bodies that are members of ISO or IEC participate in the development of International Standards through technical committees established by the respective organization to deal with particular fields of technical activity. ISO and IEC technical committees collaborate in fields of mutual interest. Other international organizations, governmental and non-governmental, in liaison with ISO and IEC, also take part in the work.;<SANDBOX_ACCOUNT_ID>;ap-southeast-7;2026-08-29 00:18:02.370487;A.8.2;Privileged Access Rights;The allocation and use of privileged access rights should be restricted and managed.;A.8 Technological controls;A.8.2;Privileged Access Rights;The allocation and use of privileged access rights should be restricted and managed.;PASS;AWS policy AWSSupportServiceRolePolicy is attached but does not allow '*:*' administrative privileges.;arn:aws:iam::aws:policy/aws-service-role/AWSSupportServiceRolePolicy;iam_aws_attached_policy_no_administrative_privileges;False;AWSSupportServiceRolePolicy;ISO27001;ISO/IEC 27001 Information Security Management Standard 2022
aws;ISO (the International Organization for Standardization) and IEC (the International Electrotechnical Commission) form the specialized system for worldwide standardization. National bodies that are members of ISO or IEC participate in the development of International Standards through technical committees established by the respective organization to deal with particular fields of technical activity. ISO and IEC technical committees collaborate in fields of mutual interest. Other international organizations, governmental and non-governmental, in liaison with ISO and IEC, also take part in the work.;<SANDBOX_ACCOUNT_ID>;ap-southeast-7;2026-08-29 00:18:02.370487;A.5.18;Access Rights;Access rights to information and other associated assets should be provisioned, reviewed, modified and removed in accordance with the organisation’s topic-specific policy on and rules for access control.;A.5 Organizational controls;A.5.18;Access Rights;Access rights to information and other associated assets should be provisioned, reviewed, modified and removed in accordance with the organisation’s topic-specific policy on and rules for access control.;PASS;AWS policy CloudTrailServiceRolePolicy is attached but does not allow '*:*' administrative privileges.;arn:aws:iam::aws:policy/aws-service-role/CloudTrailServiceRolePolicy;iam_aws_attached_policy_no_administrative_privileges;False;CloudTrailServiceRolePolicy;ISO27001;ISO/IEC 27001 Information Security Management Standard 2022
aws;ISO (the International Organization for Standardization) and IEC (the International Electrotechnical Commission) form the specialized system for worldwide standardization. National bodies that are members of ISO or IEC participate in the development of International Standards through technical committees established by the respective organization to deal with particular fields of technical activity. ISO and IEC technical committees collaborate in fields of mutual interest. Other international organizations, governmental and non-governmental, in liaison with ISO and IEC, also take part in the work.;<SANDBOX_ACCOUNT_ID>;ap-southeast-7;2026-08-29 00:18:02.370487;A.8.2;Privileged Access Rights;The allocation and use of privileged access rights should be restricted and managed.;A.8 Technological controls;A.8.2;Privileged Access Rights;The allocation and use of privileged access rights should be restricted and managed.;PASS;AWS policy CloudTrailServiceRolePolicy is attached but does not allow '*:*' administrative privileges.;arn:aws:iam::aws:policy/aws-service-role/CloudTrailServiceRolePolicy;iam_aws_attached_policy_no_administrative_privileges;False;CloudTrailServiceRolePolicy;ISO27001;ISO/IEC 27001 Information Security Management Standard 2022
aws;ISO (the International Organization for Standardization) and IEC (the International Electrotechnical Commission) form the specialized system for worldwide standardization. National bodies that are members of ISO or IEC participate in the development of International Standards through technical committees established by the respective organization to deal with particular fields of technical activity. ISO and IEC technical committees collaborate in fields of mutual interest. Other international organizations, governmental and non-governmental, in liaison with ISO and IEC, also take part in the work.;<SANDBOX_ACCOUNT_ID>;ap-southeast-7;2026-08-29 00:18:02.370487;A.5.18;Access Rights;Access rights to information and other associated assets should be provisioned, reviewed, modified and removed in accordance with the organisation’s topic-specific policy on and rules for access control.;A.5 Organizational controls;A.5.18;Access Rights;Access rights to information and other associated assets should be provisioned, reviewed, modified and removed in accordance with the organisation’s topic-specific policy on and rules for access control.;PASS;AWS policy AWSResourceExplorerServiceRolePolicy is attached but does not allow '*:*' administrative privileges.;arn:aws:iam::aws:policy/aws-service-role/AWSResourceExplorerServiceRolePolicy;iam_aws_attached_policy_no_administrative_privileges;False;AWSResourceExplorerServiceRolePolicy;ISO27001;ISO/IEC 27001 Information Security Management Standard 2022
aws;ISO (the International Organization for Standardization) and IEC (the International Electrotechnical Commission) form the specialized system for worldwide standardization. National bodies that are members of ISO or IEC participate in the development of International Standards through technical committees established by the respective organization to deal with particular fields of technical activity. ISO and IEC technical committees collaborate in fields of mutual interest. Other international organizations, governmental and non-governmental, in liaison with ISO and IEC, also take part in the work.;<SANDBOX_ACCOUNT_ID>;ap-southeast-7;2026-08-29 00:18:02.370487;A.8.2;Privileged Access Rights;The allocation and use of privileged access rights should be restricted and managed.;A.8 Technological controls;A.8.2;Privileged Access Rights;The allocation and use of privileged access rights should be restricted and managed.;PASS;AWS policy AWSResourceExplorerServiceRolePolicy is attached but does not allow '*:*' administrative privileges.;arn:aws:iam::aws:policy/aws-service-role/AWSResourceExplorerServiceRolePolicy;iam_aws_attached_policy_no_administrative_privileges;False;AWSResourceExplorerServiceRolePolicy;ISO27001;ISO/IEC 27001 Information Security Management Standard 2022
aws;ISO (the International Organization for Standardization) and IEC (the International Electrotechnical Commission) form the specialized system for worldwide standardization. National bodies that are members of ISO or IEC participate in the development of International Standards through technical committees established by the respective organization to deal with particular fields of technical activity. ISO and IEC technical committees collaborate in fields of mutual interest. Other international organizations, governmental and non-governmental, in liaison with ISO and IEC, also take part in the work.;<SANDBOX_ACCOUNT_ID>;ap-southeast-7;2026-08-29 00:18:02.370487;A.5.18;Access Rights;Access rights to information and other associated assets should be provisioned, reviewed, modified and removed in accordance with the organisation’s topic-specific policy on and rules for access control.;A.5 Organizational controls;A.5.18;Access Rights;Access rights to information and other associated assets should be provisioned, reviewed, modified and removed in accordance with the organisation’s topic-specific policy on and rules for access control.;PASS;Inline policy range-app-deploy-policy attached to role range-app-deploy-role does not allow '*:*' administrative privileges.;arn:aws:iam::<SANDBOX_ACCOUNT_ID>:role/range-app-deploy-role;iam_inline_policy_no_administrative_privileges;False;range-app-deploy-role/range-app-deploy-policy;ISO27001;ISO/IEC 27001 Information Security Management Standard 2022
aws;ISO (the International Organization for Standardization) and IEC (the International Electrotechnical Commission) form the specialized system for worldwide standardization. National bodies that are members of ISO or IEC participate in the development of International Standards through technical committees established by the respective organization to deal with particular fields of technical activity. ISO and IEC technical committees collaborate in fields of mutual interest. Other international organizations, governmental and non-governmental, in liaison with ISO and IEC, also take part in the work.;<SANDBOX_ACCOUNT_ID>;ap-southeast-7;2026-08-29 00:18:02.370487;A.8.2;Privileged Access Rights;The allocation and use of privileged access rights should be restricted and managed.;A.8 Technological controls;A.8.2;Privileged Access Rights;The allocation and use of privileged access rights should be restricted and managed.;PASS;Inline policy range-app-deploy-policy attached to role range-app-deploy-role does not allow '*:*' administrative privileges.;arn:aws:iam::<SANDBOX_ACCOUNT_ID>:role/range-app-deploy-role;iam_inline_policy_no_administrative_privileges;False;range-app-deploy-role/range-app-deploy-policy;ISO27001;ISO/IEC 27001 Information Security Management Standard 2022
aws;ISO (the International Organization for Standardization) and IEC (the International Electrotechnical Commission) form the specialized system for worldwide standardization. National bodies that are members of ISO or IEC participate in the development of International Standards through technical committees established by the respective organization to deal with particular fields of technical activity. ISO and IEC technical committees collaborate in fields of mutual interest. Other international organizations, governmental and non-governmental, in liaison with ISO and IEC, also take part in the work.;<SANDBOX_ACCOUNT_ID>;ap-southeast-7;2026-08-29 00:18:02.370487;A.5.18;Access Rights;Access rights to information and other associated assets should be provisioned, reviewed, modified and removed in accordance with the organisation’s topic-specific policy on and rules for access control.;A.5 Organizational controls;A.5.18;Access Rights;Access rights to information and other associated assets should be provisioned, reviewed, modified and removed in accordance with the organisation’s topic-specific policy on and rules for access control.;PASS;Inline policy range-cloudtrail-to-cwl attached to role range-cloudtrail-to-cwl does not allow '*:*' administrative privileges.;arn:aws:iam::<SANDBOX_ACCOUNT_ID>:role/range-cloudtrail-to-cwl;iam_inline_policy_no_administrative_privileges;False;range-cloudtrail-to-cwl/range-cloudtrail-to-cwl;ISO27001;ISO/IEC 27001 Information Security Management Standard 2022
aws;ISO (the International Organization for Standardization) and IEC (the International Electrotechnical Commission) form the specialized system for worldwide standardization. National bodies that are members of ISO or IEC participate in the development of International Standards through technical committees established by the respective organization to deal with particular fields of technical activity. ISO and IEC technical committees collaborate in fields of mutual interest. Other international organizations, governmental and non-governmental, in liaison with ISO and IEC, also take part in the work.;<SANDBOX_ACCOUNT_ID>;ap-southeast-7;2026-08-29 00:18:02.370487;A.8.2;Privileged Access Rights;The allocation and use of privileged access rights should be restricted and managed.;A.8 Technological controls;A.8.2;Privileged Access Rights;The allocation and use of privileged access rights should be restricted and managed.;PASS;Inline policy range-cloudtrail-to-cwl attached to role range-cloudtrail-to-cwl does not allow '*:*' administrative privileges.;arn:aws:iam::<SANDBOX_ACCOUNT_ID>:role/range-cloudtrail-to-cwl;iam_inline_policy_no_administrative_privileges;False;range-cloudtrail-to-cwl/range-cloudtrail-to-cwl;ISO27001;ISO/IEC 27001 Information Security Management Standard 2022
aws;ISO (the International Organization for Standardization) and IEC (the International Electrotechnical Commission) form the specialized system for worldwide standardization. National bodies that are members of ISO or IEC participate in the development of International Standards through technical committees established by the respective organization to deal with particular fields of technical activity. ISO and IEC technical committees collaborate in fields of mutual interest. Other international organizations, governmental and non-governmental, in liaison with ISO and IEC, also take part in the work.;<SANDBOX_ACCOUNT_ID>;ap-southeast-7;2026-08-29 00:18:02.370487;A.5.18;Access Rights;Access rights to information and other associated assets should be provisioned, reviewed, modified and removed in accordance with the organisation’s topic-specific policy on and rules for access control.;A.5 Organizational controls;A.5.18;Access Rights;Access rights to information and other associated assets should be provisioned, reviewed, modified and removed in accordance with the organisation’s topic-specific policy on and rules for access control.;PASS;Inline policy range-responder attached to role range-responder does not allow '*:*' administrative privileges.;arn:aws:iam::<SANDBOX_ACCOUNT_ID>:role/range-responder;iam_inline_policy_no_administrative_privileges;False;range-responder/range-responder;ISO27001;ISO/IEC 27001 Information Security Management Standard 2022
aws;ISO (the International Organization for Standardization) and IEC (the International Electrotechnical Commission) form the specialized system for worldwide standardization. National bodies that are members of ISO or IEC participate in the development of International Standards through technical committees established by the respective organization to deal with particular fields of technical activity. ISO and IEC technical committees collaborate in fields of mutual interest. Other international organizations, governmental and non-governmental, in liaison with ISO and IEC, also take part in the work.;<SANDBOX_ACCOUNT_ID>;ap-southeast-7;2026-08-29 00:18:02.370487;A.8.2;Privileged Access Rights;The allocation and use of privileged access rights should be restricted and managed.;A.8 Technological controls;A.8.2;Privileged Access Rights;The allocation and use of privileged access rights should be restricted and managed.;PASS;Inline policy range-responder attached to role range-responder does not allow '*:*' administrative privileges.;arn:aws:iam::<SANDBOX_ACCOUNT_ID>:role/range-responder;iam_inline_policy_no_administrative_privileges;False;range-responder/range-responder;ISO27001;ISO/IEC 27001 Information Security Management Standard 2022
aws;ISO (the International Organization for Standardization) and IEC (the International Electrotechnical Commission) form the specialized system for worldwide standardization. National bodies that are members of ISO or IEC participate in the development of International Standards through technical committees established by the respective organization to deal with particular fields of technical activity. ISO and IEC technical committees collaborate in fields of mutual interest. Other international organizations, governmental and non-governmental, in liaison with ISO and IEC, also take part in the work.;<SANDBOX_ACCOUNT_ID>;ap-southeast-7;2026-08-29 00:18:02.370487;A.5.18;Access Rights;Access rights to information and other associated assets should be provisioned, reviewed, modified and removed in accordance with the organisation’s topic-specific policy on and rules for access control.;A.5 Organizational controls;A.5.18;Access Rights;Access rights to information and other associated assets should be provisioned, reviewed, modified and removed in accordance with the organisation’s topic-specific policy on and rules for access control.;PASS;Inline policy range-app-deploy-policy attached to role range-app-deploy-role does not allow 'aws-marketplace:Subscribe' on all resources.;arn:aws:iam::<SANDBOX_ACCOUNT_ID>:role/range-app-deploy-role;iam_inline_policy_no_wildcard_marketplace_subscribe;False;range-app-deploy-role/range-app-deploy-policy;ISO27001;ISO/IEC 27001 Information Security Management Standard 2022
aws;ISO (the International Organization for Standardization) and IEC (the International Electrotechnical Commission) form the specialized system for worldwide standardization. National bodies that are members of ISO or IEC participate in the development of International Standards through technical committees established by the respective organization to deal with particular fields of technical activity. ISO and IEC technical committees collaborate in fields of mutual interest. Other international organizations, governmental and non-governmental, in liaison with ISO and IEC, also take part in the work.;<SANDBOX_ACCOUNT_ID>;ap-southeast-7;2026-08-29 00:18:02.370487;A.8.2;Privileged Access Rights;The allocation and use of privileged access rights should be restricted and managed.;A.8 Technological controls;A.8.2;Privileged Access Rights;The allocation and use of privileged access rights should be restricted and managed.;PASS;Inline policy range-app-deploy-policy attached to role range-app-deploy-role does not allow 'aws-marketplace:Subscribe' on all resources.;arn:aws:iam::<SANDBOX_ACCOUNT_ID>:role/range-app-deploy-role;iam_inline_policy_no_wildcard_marketplace_subscribe;False;range-app-deploy-role/range-app-deploy-policy;ISO27001;ISO/IEC 27001 Information Security Management Standard 2022
aws;ISO (the International Organization for Standardization) and IEC (the International Electrotechnical Commission) form the specialized system for worldwide standardization. National bodies that are members of ISO or IEC participate in the development of International Standards through technical committees established by the respective organization to deal with particular fields of technical activity. ISO and IEC technical committees collaborate in fields of mutual interest. Other international organizations, governmental and non-governmental, in liaison with ISO and IEC, also take part in the work.;<SANDBOX_ACCOUNT_ID>;ap-southeast-7;2026-08-29 00:18:02.370487;A.5.18;Access Rights;Access rights to information and other associated assets should be provisioned, reviewed, modified and removed in accordance with the organisation’s topic-specific policy on and rules for access control.;A.5 Organizational controls;A.5.18;Access Rights;Access rights to information and other associated assets should be provisioned, reviewed, modified and removed in accordance with the organisation’s topic-specific policy on and rules for access control.;PASS;Inline policy range-cloudtrail-to-cwl attached to role range-cloudtrail-to-cwl does not allow 'aws-marketplace:Subscribe' on all resources.;arn:aws:iam::<SANDBOX_ACCOUNT_ID>:role/range-cloudtrail-to-cwl;iam_inline_policy_no_wildcard_marketplace_subscribe;False;range-cloudtrail-to-cwl/range-cloudtrail-to-cwl;ISO27001;ISO/IEC 27001 Information Security Management Standard 2022
aws;ISO (the International Organization for Standardization) and IEC (the International Electrotechnical Commission) form the specialized system for worldwide standardization. National bodies that are members of ISO or IEC participate in the development of International Standards through technical committees established by the respective organization to deal with particular fields of technical activity. ISO and IEC technical committees collaborate in fields of mutual interest. Other international organizations, governmental and non-governmental, in liaison with ISO and IEC, also take part in the work.;<SANDBOX_ACCOUNT_ID>;ap-southeast-7;2026-08-29 00:18:02.370487;A.8.2;Privileged Access Rights;The allocation and use of privileged access rights should be restricted and managed.;A.8 Technological controls;A.8.2;Privileged Access Rights;The allocation and use of privileged access rights should be restricted and managed.;PASS;Inline policy range-cloudtrail-to-cwl attached to role range-cloudtrail-to-cwl does not allow 'aws-marketplace:Subscribe' on all resources.;arn:aws:iam::<SANDBOX_ACCOUNT_ID>:role/range-cloudtrail-to-cwl;iam_inline_policy_no_wildcard_marketplace_subscribe;False;range-cloudtrail-to-cwl/range-cloudtrail-to-cwl;ISO27001;ISO/IEC 27001 Information Security Management Standard 2022
aws;ISO (the International Organization for Standardization) and IEC (the International Electrotechnical Commission) form the specialized system for worldwide standardization. National bodies that are members of ISO or IEC participate in the development of International Standards through technical committees established by the respective organization to deal with particular fields of technical activity. ISO and IEC technical committees collaborate in fields of mutual interest. Other international organizations, governmental and non-governmental, in liaison with ISO and IEC, also take part in the work.;<SANDBOX_ACCOUNT_ID>;ap-southeast-7;2026-08-29 00:18:02.370487;A.5.18;Access Rights;Access rights to information and other associated assets should be provisioned, reviewed, modified and removed in accordance with the organisation’s topic-specific policy on and rules for access control.;A.5 Organizational controls;A.5.18;Access Rights;Access rights to information and other associated assets should be provisioned, reviewed, modified and removed in accordance with the organisation’s topic-specific policy on and rules for access control.;PASS;Inline policy range-responder attached to role range-responder does not allow 'aws-marketplace:Subscribe' on all resources.;arn:aws:iam::<SANDBOX_ACCOUNT_ID>:role/range-responder;iam_inline_policy_no_wildcard_marketplace_subscribe;False;range-responder/range-responder;ISO27001;ISO/IEC 27001 Information Security Management Standard 2022
aws;ISO (the International Organization for Standardization) and IEC (the International Electrotechnical Commission) form the specialized system for worldwide standardization. National bodies that are members of ISO or IEC participate in the development of International Standards through technical committees established by the respective organization to deal with particular fields of technical activity. ISO and IEC technical committees collaborate in fields of mutual interest. Other international organizations, governmental and non-governmental, in liaison with ISO and IEC, also take part in the work.;<SANDBOX_ACCOUNT_ID>;ap-southeast-7;2026-08-29 00:18:02.370487;A.8.2;Privileged Access Rights;The allocation and use of privileged access rights should be restricted and managed.;A.8 Technological controls;A.8.2;Privileged Access Rights;The allocation and use of privileged access rights should be restricted and managed.;PASS;Inline policy range-responder attached to role range-responder does not allow 'aws-marketplace:Subscribe' on all resources.;arn:aws:iam::<SANDBOX_ACCOUNT_ID>:role/range-responder;iam_inline_policy_no_wildcard_marketplace_subscribe;False;range-responder/range-responder;ISO27001;ISO/IEC 27001 Information Security Management Standard 2022
aws;ISO (the International Organization for Standardization) and IEC (the International Electrotechnical Commission) form the specialized system for worldwide standardization. National bodies that are members of ISO or IEC participate in the development of International Standards through technical committees established by the respective organization to deal with particular fields of technical activity. ISO and IEC technical committees collaborate in fields of mutual interest. Other international organizations, governmental and non-governmental, in liaison with ISO and IEC, also take part in the work.;<SANDBOX_ACCOUNT_ID>;ap-southeast-7;2026-08-29 00:18:02.370487;A.5.15;Access Control;Rules to control physical and logical access to information and other associated assets should be established;A.5 Organizational controls;A.5.15;Access Control;Rules to control physical and logical access to information and other associated assets should be established;PASS;Root account does not have access keys.;arn:aws:iam::<SANDBOX_ACCOUNT_ID>:root;iam_no_root_access_key;False;<root_account>;ISO27001;ISO/IEC 27001 Information Security Management Standard 2022
aws;ISO (the International Organization for Standardization) and IEC (the International Electrotechnical Commission) form the specialized system for worldwide standardization. National bodies that are members of ISO or IEC participate in the development of International Standards through technical committees established by the respective organization to deal with particular fields of technical activity. ISO and IEC technical committees collaborate in fields of mutual interest. Other international organizations, governmental and non-governmental, in liaison with ISO and IEC, also take part in the work.;<SANDBOX_ACCOUNT_ID>;ap-southeast-7;2026-08-29 00:18:02.370487;A.5.15;Access Control;Rules to control physical and logical access to information and other associated assets should be established;A.5 Organizational controls;A.5.15;Access Control;Rules to control physical and logical access to information and other associated assets should be established;FAIL;Password expiration is not set.;arn:aws:iam:ap-southeast-7:<SANDBOX_ACCOUNT_ID>:password-policy;iam_password_policy_expires_passwords_within_90_days_or_less;False;<SANDBOX_ACCOUNT_ID>;ISO27001;ISO/IEC 27001 Information Security Management Standard 2022
aws;ISO (the International Organization for Standardization) and IEC (the International Electrotechnical Commission) form the specialized system for worldwide standardization. National bodies that are members of ISO or IEC participate in the development of International Standards through technical committees established by the respective organization to deal with particular fields of technical activity. ISO and IEC technical committees collaborate in fields of mutual interest. Other international organizations, governmental and non-governmental, in liaison with ISO and IEC, also take part in the work.;<SANDBOX_ACCOUNT_ID>;ap-southeast-7;2026-08-29 00:18:02.370487;A.5.15;Access Control;Rules to control physical and logical access to information and other associated assets should be established;A.5 Organizational controls;A.5.15;Access Control;Rules to control physical and logical access to information and other associated assets should be established;FAIL;IAM password policy does not require at least one lowercase letter.;arn:aws:iam:ap-southeast-7:<SANDBOX_ACCOUNT_ID>:password-policy;iam_password_policy_lowercase;False;<SANDBOX_ACCOUNT_ID>;ISO27001;ISO/IEC 27001 Information Security Management Standard 2022
aws;ISO (the International Organization for Standardization) and IEC (the International Electrotechnical Commission) form the specialized system for worldwide standardization. National bodies that are members of ISO or IEC participate in the development of International Standards through technical committees established by the respective organization to deal with particular fields of technical activity. ISO and IEC technical committees collaborate in fields of mutual interest. Other international organizations, governmental and non-governmental, in liaison with ISO and IEC, also take part in the work.;<SANDBOX_ACCOUNT_ID>;ap-southeast-7;2026-08-29 00:18:02.370487;A.5.15;Access Control;Rules to control physical and logical access to information and other associated assets should be established;A.5 Organizational controls;A.5.15;Access Control;Rules to control physical and logical access to information and other associated assets should be established;FAIL;IAM password policy does not require minimum length of 14 characters.;arn:aws:iam:ap-southeast-7:<SANDBOX_ACCOUNT_ID>:password-policy;iam_password_policy_minimum_length_14;False;<SANDBOX_ACCOUNT_ID>;ISO27001;ISO/IEC 27001 Information Security Management Standard 2022
aws;ISO (the International Organization for Standardization) and IEC (the International Electrotechnical Commission) form the specialized system for worldwide standardization. National bodies that are members of ISO or IEC participate in the development of International Standards through technical committees established by the respective organization to deal with particular fields of technical activity. ISO and IEC technical committees collaborate in fields of mutual interest. Other international organizations, governmental and non-governmental, in liaison with ISO and IEC, also take part in the work.;<SANDBOX_ACCOUNT_ID>;ap-southeast-7;2026-08-29 00:18:02.370487;A.5.15;Access Control;Rules to control physical and logical access to information and other associated assets should be established;A.5 Organizational controls;A.5.15;Access Control;Rules to control physical and logical access to information and other associated assets should be established;FAIL;IAM password policy does not require at least one number.;arn:aws:iam:ap-southeast-7:<SANDBOX_ACCOUNT_ID>:password-policy;iam_password_policy_number;False;<SANDBOX_ACCOUNT_ID>;ISO27001;ISO/IEC 27001 Information Security Management Standard 2022
aws;ISO (the International Organization for Standardization) and IEC (the International Electrotechnical Commission) form the specialized system for worldwide standardization. National bodies that are members of ISO or IEC participate in the development of International Standards through technical committees established by the respective organization to deal with particular fields of technical activity. ISO and IEC technical committees collaborate in fields of mutual interest. Other international organizations, governmental and non-governmental, in liaison with ISO and IEC, also take part in the work.;<SANDBOX_ACCOUNT_ID>;ap-southeast-7;2026-08-29 00:18:02.370487;A.5.15;Access Control;Rules to control physical and logical access to information and other associated assets should be established;A.5 Organizational controls;A.5.15;Access Control;Rules to control physical and logical access to information and other associated assets should be established;FAIL;IAM password policy reuse prevention is less than 24 or not set.;arn:aws:iam:ap-southeast-7:<SANDBOX_ACCOUNT_ID>:password-policy;iam_password_policy_reuse_24;False;<SANDBOX_ACCOUNT_ID>;ISO27001;ISO/IEC 27001 Information Security Management Standard 2022
aws;ISO (the International Organization for Standardization) and IEC (the International Electrotechnical Commission) form the specialized system for worldwide standardization. National bodies that are members of ISO or IEC participate in the development of International Standards through technical committees established by the respective organization to deal with particular fields of technical activity. ISO and IEC technical committees collaborate in fields of mutual interest. Other international organizations, governmental and non-governmental, in liaison with ISO and IEC, also take part in the work.;<SANDBOX_ACCOUNT_ID>;ap-southeast-7;2026-08-29 00:18:02.370487;A.5.15;Access Control;Rules to control physical and logical access to information and other associated assets should be established;A.5 Organizational controls;A.5.15;Access Control;Rules to control physical and logical access to information and other associated assets should be established;FAIL;IAM password policy does not require at least one symbol.;arn:aws:iam:ap-southeast-7:<SANDBOX_ACCOUNT_ID>:password-policy;iam_password_policy_symbol;False;<SANDBOX_ACCOUNT_ID>;ISO27001;ISO/IEC 27001 Information Security Management Standard 2022
aws;ISO (the International Organization for Standardization) and IEC (the International Electrotechnical Commission) form the specialized system for worldwide standardization. National bodies that are members of ISO or IEC participate in the development of International Standards through technical committees established by the respective organization to deal with particular fields of technical activity. ISO and IEC technical committees collaborate in fields of mutual interest. Other international organizations, governmental and non-governmental, in liaison with ISO and IEC, also take part in the work.;<SANDBOX_ACCOUNT_ID>;ap-southeast-7;2026-08-29 00:18:02.370487;A.5.15;Access Control;Rules to control physical and logical access to information and other associated assets should be established;A.5 Organizational controls;A.5.15;Access Control;Rules to control physical and logical access to information and other associated assets should be established;FAIL;IAM password policy does not require at least one uppercase letter.;arn:aws:iam:ap-southeast-7:<SANDBOX_ACCOUNT_ID>:password-policy;iam_password_policy_uppercase;False;<SANDBOX_ACCOUNT_ID>;ISO27001;ISO/IEC 27001 Information Security Management Standard 2022
aws;ISO (the International Organization for Standardization) and IEC (the International Electrotechnical Commission) form the specialized system for worldwide standardization. National bodies that are members of ISO or IEC participate in the development of International Standards through technical committees established by the respective organization to deal with particular fields of technical activity. ISO and IEC technical committees collaborate in fields of mutual interest. Other international organizations, governmental and non-governmental, in liaison with ISO and IEC, also take part in the work.;<SANDBOX_ACCOUNT_ID>;ap-southeast-7;2026-08-29 00:18:02.370487;A.5.15;Access Control;Rules to control physical and logical access to information and other associated assets should be established;A.5 Organizational controls;A.5.15;Access Control;Rules to control physical and logical access to information and other associated assets should be established;PASS;IAM Role AWSReservedSSO_AdministratorAccess_8c8dbb6dc8164670 accessed Bedrock 9 days ago (threshold: 60 days).;arn:aws:iam::<SANDBOX_ACCOUNT_ID>:role/aws-reserved/sso.amazonaws.com/ap-southeast-1/AWSReservedSSO_AdministratorAccess_8c8dbb6dc8164670;iam_role_access_not_stale_to_bedrock;False;AWSReservedSSO_AdministratorAccess_8c8dbb6dc8164670;ISO27001;ISO/IEC 27001 Information Security Management Standard 2022
aws;ISO (the International Organization for Standardization) and IEC (the International Electrotechnical Commission) form the specialized system for worldwide standardization. National bodies that are members of ISO or IEC participate in the development of International Standards through technical committees established by the respective organization to deal with particular fields of technical activity. ISO and IEC technical committees collaborate in fields of mutual interest. Other international organizations, governmental and non-governmental, in liaison with ISO and IEC, also take part in the work.;<SANDBOX_ACCOUNT_ID>;ap-southeast-7;2026-08-29 00:18:02.370487;A.5.15;Access Control;Rules to control physical and logical access to information and other associated assets should be established;A.5 Organizational controls;A.5.15;Access Control;Rules to control physical and logical access to information and other associated assets should be established;PASS;IAM Role AWSServiceRoleForResourceExplorer accessed Bedrock 1 days ago (threshold: 60 days).;arn:aws:iam::<SANDBOX_ACCOUNT_ID>:role/aws-service-role/resource-explorer-2.amazonaws.com/AWSServiceRoleForResourceExplorer;iam_role_access_not_stale_to_bedrock;False;AWSServiceRoleForResourceExplorer;ISO27001;ISO/IEC 27001 Information Security Management Standard 2022
aws;ISO (the International Organization for Standardization) and IEC (the International Electrotechnical Commission) form the specialized system for worldwide standardization. National bodies that are members of ISO or IEC participate in the development of International Standards through technical committees established by the respective organization to deal with particular fields of technical activity. ISO and IEC technical committees collaborate in fields of mutual interest. Other international organizations, governmental and non-governmental, in liaison with ISO and IEC, also take part in the work.;<SANDBOX_ACCOUNT_ID>;ap-southeast-7;2026-08-29 00:18:02.370487;A.5.15;Access Control;Rules to control physical and logical access to information and other associated assets should be established;A.5 Organizational controls;A.5.15;Access Control;Rules to control physical and logical access to information and other associated assets should be established;FAIL;IAM Role AWSServiceRoleForSupport has Bedrock permissions but has never used them.;arn:aws:iam::<SANDBOX_ACCOUNT_ID>:role/aws-service-role/support.amazonaws.com/AWSServiceRoleForSupport;iam_role_access_not_stale_to_bedrock;False;AWSServiceRoleForSupport;ISO27001;ISO/IEC 27001 Information Security Management Standard 2022
aws;ISO (the International Organization for Standardization) and IEC (the International Electrotechnical Commission) form the specialized system for worldwide standardization. National bodies that are members of ISO or IEC participate in the development of International Standards through technical committees established by the respective organization to deal with particular fields of technical activity. ISO and IEC technical committees collaborate in fields of mutual interest. Other international organizations, governmental and non-governmental, in liaison with ISO and IEC, also take part in the work.;<SANDBOX_ACCOUNT_ID>;ap-southeast-7;2026-08-29 00:18:02.370487;A.5.15;Access Control;Rules to control physical and logical access to information and other associated assets should be established;A.5 Organizational controls;A.5.15;Access Control;Rules to control physical and logical access to information and other associated assets should be established;FAIL;IAM Role OrganizationAccountAccessRole has Bedrock permissions but has never used them.;arn:aws:iam::<SANDBOX_ACCOUNT_ID>:role/OrganizationAccountAccessRole;iam_role_access_not_stale_to_bedrock;False;OrganizationAccountAccessRole;ISO27001;ISO/IEC 27001 Information Security Management Standard 2022
aws;ISO (the International Organization for Standardization) and IEC (the International Electrotechnical Commission) form the specialized system for worldwide standardization. National bodies that are members of ISO or IEC participate in the development of International Standards through technical committees established by the respective organization to deal with particular fields of technical activity. ISO and IEC technical committees collaborate in fields of mutual interest. Other international organizations, governmental and non-governmental, in liaison with ISO and IEC, also take part in the work.;<SANDBOX_ACCOUNT_ID>;ap-southeast-7;2026-08-29 00:18:02.370487;A.5.15;Access Control;Rules to control physical and logical access to information and other associated assets should be established;A.5 Organizational controls;A.5.15;Access Control;Rules to control physical and logical access to information and other associated assets should be established;FAIL;MFA is not enabled for root account.;arn:aws:iam::<SANDBOX_ACCOUNT_ID>:root;iam_root_mfa_enabled;False;<root_account>;ISO27001;ISO/IEC 27001 Information Security Management Standard 2022
aws;ISO (the International Organization for Standardization) and IEC (the International Electrotechnical Commission) form the specialized system for worldwide standardization. National bodies that are members of ISO or IEC participate in the development of International Standards through technical committees established by the respective organization to deal with particular fields of technical activity. ISO and IEC technical committees collaborate in fields of mutual interest. Other international organizations, governmental and non-governmental, in liaison with ISO and IEC, also take part in the work.;<SANDBOX_ACCOUNT_ID>;ap-southeast-7;2026-08-29 00:18:02.370487;A.5.17;Authentication Information;Allocation and management of authentication information should be controlled by a management process, including advising personnel on the appropriate handling of authentication information.;A.5 Organizational controls;A.5.17;Authentication Information;Allocation and management of authentication information should be controlled by a management process, including advising personnel on the appropriate handling of authentication information.;FAIL;MFA is not enabled for root account.;arn:aws:iam::<SANDBOX_ACCOUNT_ID>:root;iam_root_mfa_enabled;False;<root_account>;ISO27001;ISO/IEC 27001 Information Security Management Standard 2022
aws;ISO (the International Organization for Standardization) and IEC (the International Electrotechnical Commission) form the specialized system for worldwide standardization. National bodies that are members of ISO or IEC participate in the development of International Standards through technical committees established by the respective organization to deal with particular fields of technical activity. ISO and IEC technical committees collaborate in fields of mutual interest. Other international organizations, governmental and non-governmental, in liaison with ISO and IEC, also take part in the work.;<SANDBOX_ACCOUNT_ID>;ap-southeast-7;2026-08-29 00:18:02.370487;A.8.5;Secure Authentication;Secure authentication technologies and procedures should be implemented based on information access restrictions and the topic-specific policy on access control.;A.8 Technological controls;A.8.5;Secure Authentication;Secure authentication technologies and procedures should be implemented based on information access restrictions and the topic-specific policy on access control.;FAIL;MFA is not enabled for root account.;arn:aws:iam::<SANDBOX_ACCOUNT_ID>:root;iam_root_mfa_enabled;False;<root_account>;ISO27001;ISO/IEC 27001 Information Security Management Standard 2022
aws;ISO (the International Organization for Standardization) and IEC (the International Electrotechnical Commission) form the specialized system for worldwide standardization. National bodies that are members of ISO or IEC participate in the development of International Standards through technical committees established by the respective organization to deal with particular fields of technical activity. ISO and IEC technical committees collaborate in fields of mutual interest. Other international organizations, governmental and non-governmental, in liaison with ISO and IEC, also take part in the work.;<SANDBOX_ACCOUNT_ID>;ap-southeast-7;2026-08-29 00:18:02.370487;A.5.15;Access Control;Rules to control physical and logical access to information and other associated assets should be established;A.5 Organizational controls;A.5.15;Access Control;Rules to control physical and logical access to information and other associated assets should be established;PASS;User <root_account> does not have access keys.;arn:aws:iam::<SANDBOX_ACCOUNT_ID>:root;iam_rotate_access_key_90_days;False;<root_account>;ISO27001;ISO/IEC 27001 Information Security Management Standard 2022
aws;ISO (the International Organization for Standardization) and IEC (the International Electrotechnical Commission) form the specialized system for worldwide standardization. National bodies that are members of ISO or IEC participate in the development of International Standards through technical committees established by the respective organization to deal with particular fields of technical activity. ISO and IEC technical committees collaborate in fields of mutual interest. Other international organizations, governmental and non-governmental, in liaison with ISO and IEC, also take part in the work.;<SANDBOX_ACCOUNT_ID>;ap-southeast-7;2026-08-29 00:18:02.370487;A.5.3;Segregation of Duties;Conflicting duties and conflicting areas of responsibility should be segregated.;A.5 Organizational controls;A.5.3;Segregation of Duties;Conflicting duties and conflicting areas of responsibility should be segregated.;FAIL;SecurityAudit policy is not attached to any role.;arn:aws:iam::aws:policy/SecurityAudit;iam_securityaudit_role_created;False;SecurityAudit;ISO27001;ISO/IEC 27001 Information Security Management Standard 2022
aws;ISO (the International Organization for Standardization) and IEC (the International Electrotechnical Commission) form the specialized system for worldwide standardization. National bodies that are members of ISO or IEC participate in the development of International Standards through technical committees established by the respective organization to deal with particular fields of technical activity. ISO and IEC technical committees collaborate in fields of mutual interest. Other international organizations, governmental and non-governmental, in liaison with ISO and IEC, also take part in the work.;<SANDBOX_ACCOUNT_ID>;ap-southeast-7;2026-08-29 00:18:02.370487;A.5.15;Access Control;Rules to control physical and logical access to information and other associated assets should be established;A.5 Organizational controls;A.5.15;Access Control;Rules to control physical and logical access to information and other associated assets should be established;PASS;User <root_account> does not have access keys.;arn:aws:iam::<SANDBOX_ACCOUNT_ID>:root;iam_user_accesskey_unused;False;<root_account>;ISO27001;ISO/IEC 27001 Information Security Management Standard 2022
aws;ISO (the International Organization for Standardization) and IEC (the International Electrotechnical Commission) form the specialized system for worldwide standardization. National bodies that are members of ISO or IEC participate in the development of International Standards through technical committees established by the respective organization to deal with particular fields of technical activity. ISO and IEC technical committees collaborate in fields of mutual interest. Other international organizations, governmental and non-governmental, in liaison with ISO and IEC, also take part in the work.;<SANDBOX_ACCOUNT_ID>;ap-southeast-7;2026-08-29 00:18:02.370487;A.8.16;Monitoring Activities;Networks, systems and applications should be monitored for anomalous behaviour and appropriate actions taken to evaluate potential information security incidents.;A.8 Technological controls;A.8.16;Monitoring Activities;Networks, systems and applications should be monitored for anomalous behaviour and appropriate actions taken to evaluate potential information security incidents.;MANUAL;Cannot verify unknown-image attestation activity: no 'enclave_golden_pcr_values' configured. Set a golden PCR list in audit_config and re-run this check.;arn:aws:kms:ap-southeast-7:<SANDBOX_ACCOUNT_ID>:enclave-debug-attestation;kms_key_enclave_attestation_unknown_image;False;arn:aws:kms:ap-southeast-7:<SANDBOX_ACCOUNT_ID>:enclave-debug-attestation;ISO27001;ISO/IEC 27001 Information Security Management Standard 2022
aws;ISO (the International Organization for Standardization) and IEC (the International Electrotechnical Commission) form the specialized system for worldwide standardization. National bodies that are members of ISO or IEC participate in the development of International Standards through technical committees established by the respective organization to deal with particular fields of technical activity. ISO and IEC technical committees collaborate in fields of mutual interest. Other international organizations, governmental and non-governmental, in liaison with ISO and IEC, also take part in the work.;<SANDBOX_ACCOUNT_ID>;ap-southeast-7;2026-08-29 00:18:02.370487;A.8.16;Monitoring Activities;Networks, systems and applications should be monitored for anomalous behaviour and appropriate actions taken to evaluate potential information security incidents.;A.8 Technological controls;A.8.16;Monitoring Activities;Networks, systems and applications should be monitored for anomalous behaviour and appropriate actions taken to evaluate potential information security incidents.;MANUAL;"No KMS-from-enclave attestation events found in the last 2160h. Debug-mode status cannot be determined from available data; enclaves that never call KMS in the window are not observable via this check.";arn:aws:kms:ap-southeast-7:<SANDBOX_ACCOUNT_ID>:enclave-debug-attestation;kms_key_enclave_debug_attestation_detected;False;arn:aws:kms:ap-southeast-7:<SANDBOX_ACCOUNT_ID>:enclave-debug-attestation;ISO27001;ISO/IEC 27001 Information Security Management Standard 2022
aws;ISO (the International Organization for Standardization) and IEC (the International Electrotechnical Commission) form the specialized system for worldwide standardization. National bodies that are members of ISO or IEC participate in the development of International Standards through technical committees established by the respective organization to deal with particular fields of technical activity. ISO and IEC technical committees collaborate in fields of mutual interest. Other international organizations, governmental and non-governmental, in liaison with ISO and IEC, also take part in the work.;<SANDBOX_ACCOUNT_ID>;ap-southeast-7;2026-08-29 00:18:02.370487;A.8.3;Information Access Restriction;Access to information and other associated assets should be restricted in accordance with the established topic-specific policy on access control.;A.8 Technological controls;A.8.3;Information Access Restriction;Access to information and other associated assets should be restricted in accordance with the established topic-specific policy on access control.;PASS;AWS Organization <ORG_ID> contains this AWS account.;arn:aws:organizations::<MANAGEMENT_ACCOUNT_ID>:organization/<ORG_ID>;organizations_account_part_of_organizations;False;<ORG_ID>;ISO27001;ISO/IEC 27001 Information Security Management Standard 2022
aws;ISO (the International Organization for Standardization) and IEC (the International Electrotechnical Commission) form the specialized system for worldwide standardization. National bodies that are members of ISO or IEC participate in the development of International Standards through technical committees established by the respective organization to deal with particular fields of technical activity. ISO and IEC technical committees collaborate in fields of mutual interest. Other international organizations, governmental and non-governmental, in liaison with ISO and IEC, also take part in the work.;<SANDBOX_ACCOUNT_ID>;ap-southeast-7;2026-08-29 00:18:02.370487;A.8.1;User Endpoint Devices;Information stored on, processed by or accessible via user endpoint devices should be protected.;A.8 Technological controls;A.8.1;User Endpoint Devices;Information stored on, processed by or accessible via user endpoint devices should be protected.;FAIL;Block Public Access is not configured for the account <SANDBOX_ACCOUNT_ID>.;arn:aws:s3:ap-southeast-7:<SANDBOX_ACCOUNT_ID>:account;s3_account_level_public_access_blocks;False;<SANDBOX_ACCOUNT_ID>;ISO27001;ISO/IEC 27001 Information Security Management Standard 2022
aws;ISO (the International Organization for Standardization) and IEC (the International Electrotechnical Commission) form the specialized system for worldwide standardization. National bodies that are members of ISO or IEC participate in the development of International Standards through technical committees established by the respective organization to deal with particular fields of technical activity. ISO and IEC technical committees collaborate in fields of mutual interest. Other international organizations, governmental and non-governmental, in liaison with ISO and IEC, also take part in the work.;<SANDBOX_ACCOUNT_ID>;ap-southeast-7;2026-08-29 00:18:02.370487;A.8.14;Redundancy of information processing facilities;Information processing facilities should be implemented with redundancy sufficient to meet availability;A.8 Technological controls;A.8.14;Redundancy of information processing facilities;Information processing facilities should be implemented with redundancy sufficient to meet availability;FAIL;S3 Bucket range-cloudtrail-<SANDBOX_ACCOUNT_ID> does not have correct cross region replication configuration.;arn:aws:s3:::range-cloudtrail-<SANDBOX_ACCOUNT_ID>;s3_bucket_cross_region_replication;False;range-cloudtrail-<SANDBOX_ACCOUNT_ID>;ISO27001;ISO/IEC 27001 Information Security Management Standard 2022
aws;ISO (the International Organization for Standardization) and IEC (the International Electrotechnical Commission) form the specialized system for worldwide standardization. National bodies that are members of ISO or IEC participate in the development of International Standards through technical committees established by the respective organization to deal with particular fields of technical activity. ISO and IEC technical committees collaborate in fields of mutual interest. Other international organizations, governmental and non-governmental, in liaison with ISO and IEC, also take part in the work.;<SANDBOX_ACCOUNT_ID>;ap-southeast-7;2026-08-29 00:18:02.370487;A.8.14;Redundancy of information processing facilities;Information processing facilities should be implemented with redundancy sufficient to meet availability;A.8 Technological controls;A.8.14;Redundancy of information processing facilities;Information processing facilities should be implemented with redundancy sufficient to meet availability;FAIL;S3 Bucket range-customer-data-<SANDBOX_ACCOUNT_ID> does not have correct cross region replication configuration.;arn:aws:s3:::range-customer-data-<SANDBOX_ACCOUNT_ID>;s3_bucket_cross_region_replication;False;range-customer-data-<SANDBOX_ACCOUNT_ID>;ISO27001;ISO/IEC 27001 Information Security Management Standard 2022
aws;ISO (the International Organization for Standardization) and IEC (the International Electrotechnical Commission) form the specialized system for worldwide standardization. National bodies that are members of ISO or IEC participate in the development of International Standards through technical committees established by the respective organization to deal with particular fields of technical activity. ISO and IEC technical committees collaborate in fields of mutual interest. Other international organizations, governmental and non-governmental, in liaison with ISO and IEC, also take part in the work.;<SANDBOX_ACCOUNT_ID>;ap-southeast-7;2026-08-29 00:18:02.370487;A.8.14;Redundancy of information processing facilities;Information processing facilities should be implemented with redundancy sufficient to meet availability;A.8 Technological controls;A.8.14;Redundancy of information processing facilities;Information processing facilities should be implemented with redundancy sufficient to meet availability;FAIL;S3 Bucket stratus-red-team-ct-stop-bucket-arzkiholin does not have correct cross region replication configuration.;arn:aws:s3:::stratus-red-team-ct-stop-bucket-arzkiholin;s3_bucket_cross_region_replication;False;stratus-red-team-ct-stop-bucket-arzkiholin;ISO27001;ISO/IEC 27001 Information Security Management Standard 2022
aws;ISO (the International Organization for Standardization) and IEC (the International Electrotechnical Commission) form the specialized system for worldwide standardization. National bodies that are members of ISO or IEC participate in the development of International Standards through technical committees established by the respective organization to deal with particular fields of technical activity. ISO and IEC technical committees collaborate in fields of mutual interest. Other international organizations, governmental and non-governmental, in liaison with ISO and IEC, also take part in the work.;<SANDBOX_ACCOUNT_ID>;ap-southeast-7;2026-08-29 00:18:02.370487;A.8.11;Data Masking;Data masking should be used in accordance with the organisation’s topic-specific policy on access control and other related topic-specific policies, and business requirements, taking applicable legislation into consideration.;A.8 Technological controls;A.8.11;Data Masking;Data masking should be used in accordance with the organisation’s topic-specific policy on access control and other related topic-specific policies, and business requirements, taking applicable legislation into consideration.;PASS;S3 Bucket range-cloudtrail-<SANDBOX_ACCOUNT_ID> has Server Side Encryption with AES256.;arn:aws:s3:::range-cloudtrail-<SANDBOX_ACCOUNT_ID>;s3_bucket_default_encryption;False;range-cloudtrail-<SANDBOX_ACCOUNT_ID>;ISO27001;ISO/IEC 27001 Information Security Management Standard 2022
aws;ISO (the International Organization for Standardization) and IEC (the International Electrotechnical Commission) form the specialized system for worldwide standardization. National bodies that are members of ISO or IEC participate in the development of International Standards through technical committees established by the respective organization to deal with particular fields of technical activity. ISO and IEC technical committees collaborate in fields of mutual interest. Other international organizations, governmental and non-governmental, in liaison with ISO and IEC, also take part in the work.;<SANDBOX_ACCOUNT_ID>;ap-southeast-7;2026-08-29 00:18:02.370487;A.8.24;Use of Cryptography;Rules for the effective use of cryptography, including cryptographic key management, should be defined and implemented.;A.8 Technological controls;A.8.24;Use of Cryptography;Rules for the effective use of cryptography, including cryptographic key management, should be defined and implemented.;PASS;S3 Bucket range-cloudtrail-<SANDBOX_ACCOUNT_ID> has Server Side Encryption with AES256.;arn:aws:s3:::range-cloudtrail-<SANDBOX_ACCOUNT_ID>;s3_bucket_default_encryption;False;range-cloudtrail-<SANDBOX_ACCOUNT_ID>;ISO27001;ISO/IEC 27001 Information Security Management Standard 2022
aws;ISO (the International Organization for Standardization) and IEC (the International Electrotechnical Commission) form the specialized system for worldwide standardization. National bodies that are members of ISO or IEC participate in the development of International Standards through technical committees established by the respective organization to deal with particular fields of technical activity. ISO and IEC technical committees collaborate in fields of mutual interest. Other international organizations, governmental and non-governmental, in liaison with ISO and IEC, also take part in the work.;<SANDBOX_ACCOUNT_ID>;ap-southeast-7;2026-08-29 00:18:02.370487;A.8.11;Data Masking;Data masking should be used in accordance with the organisation’s topic-specific policy on access control and other related topic-specific policies, and business requirements, taking applicable legislation into consideration.;A.8 Technological controls;A.8.11;Data Masking;Data masking should be used in accordance with the organisation’s topic-specific policy on access control and other related topic-specific policies, and business requirements, taking applicable legislation into consideration.;PASS;S3 Bucket range-customer-data-<SANDBOX_ACCOUNT_ID> has Server Side Encryption with AES256.;arn:aws:s3:::range-customer-data-<SANDBOX_ACCOUNT_ID>;s3_bucket_default_encryption;False;range-customer-data-<SANDBOX_ACCOUNT_ID>;ISO27001;ISO/IEC 27001 Information Security Management Standard 2022
aws;ISO (the International Organization for Standardization) and IEC (the International Electrotechnical Commission) form the specialized system for worldwide standardization. National bodies that are members of ISO or IEC participate in the development of International Standards through technical committees established by the respective organization to deal with particular fields of technical activity. ISO and IEC technical committees collaborate in fields of mutual interest. Other international organizations, governmental and non-governmental, in liaison with ISO and IEC, also take part in the work.;<SANDBOX_ACCOUNT_ID>;ap-southeast-7;2026-08-29 00:18:02.370487;A.8.24;Use of Cryptography;Rules for the effective use of cryptography, including cryptographic key management, should be defined and implemented.;A.8 Technological controls;A.8.24;Use of Cryptography;Rules for the effective use of cryptography, including cryptographic key management, should be defined and implemented.;PASS;S3 Bucket range-customer-data-<SANDBOX_ACCOUNT_ID> has Server Side Encryption with AES256.;arn:aws:s3:::range-customer-data-<SANDBOX_ACCOUNT_ID>;s3_bucket_default_encryption;False;range-customer-data-<SANDBOX_ACCOUNT_ID>;ISO27001;ISO/IEC 27001 Information Security Management Standard 2022
aws;ISO (the International Organization for Standardization) and IEC (the International Electrotechnical Commission) form the specialized system for worldwide standardization. National bodies that are members of ISO or IEC participate in the development of International Standards through technical committees established by the respective organization to deal with particular fields of technical activity. ISO and IEC technical committees collaborate in fields of mutual interest. Other international organizations, governmental and non-governmental, in liaison with ISO and IEC, also take part in the work.;<SANDBOX_ACCOUNT_ID>;ap-southeast-7;2026-08-29 00:18:02.370487;A.8.11;Data Masking;Data masking should be used in accordance with the organisation’s topic-specific policy on access control and other related topic-specific policies, and business requirements, taking applicable legislation into consideration.;A.8 Technological controls;A.8.11;Data Masking;Data masking should be used in accordance with the organisation’s topic-specific policy on access control and other related topic-specific policies, and business requirements, taking applicable legislation into consideration.;PASS;S3 Bucket stratus-red-team-ct-stop-bucket-arzkiholin has Server Side Encryption with AES256.;arn:aws:s3:::stratus-red-team-ct-stop-bucket-arzkiholin;s3_bucket_default_encryption;False;stratus-red-team-ct-stop-bucket-arzkiholin;ISO27001;ISO/IEC 27001 Information Security Management Standard 2022
aws;ISO (the International Organization for Standardization) and IEC (the International Electrotechnical Commission) form the specialized system for worldwide standardization. National bodies that are members of ISO or IEC participate in the development of International Standards through technical committees established by the respective organization to deal with particular fields of technical activity. ISO and IEC technical committees collaborate in fields of mutual interest. Other international organizations, governmental and non-governmental, in liaison with ISO and IEC, also take part in the work.;<SANDBOX_ACCOUNT_ID>;ap-southeast-7;2026-08-29 00:18:02.370487;A.8.24;Use of Cryptography;Rules for the effective use of cryptography, including cryptographic key management, should be defined and implemented.;A.8 Technological controls;A.8.24;Use of Cryptography;Rules for the effective use of cryptography, including cryptographic key management, should be defined and implemented.;PASS;S3 Bucket stratus-red-team-ct-stop-bucket-arzkiholin has Server Side Encryption with AES256.;arn:aws:s3:::stratus-red-team-ct-stop-bucket-arzkiholin;s3_bucket_default_encryption;False;stratus-red-team-ct-stop-bucket-arzkiholin;ISO27001;ISO/IEC 27001 Information Security Management Standard 2022
aws;ISO (the International Organization for Standardization) and IEC (the International Electrotechnical Commission) form the specialized system for worldwide standardization. National bodies that are members of ISO or IEC participate in the development of International Standards through technical committees established by the respective organization to deal with particular fields of technical activity. ISO and IEC technical committees collaborate in fields of mutual interest. Other international organizations, governmental and non-governmental, in liaison with ISO and IEC, also take part in the work.;<SANDBOX_ACCOUNT_ID>;ap-southeast-7;2026-08-29 00:18:02.370487;A.8.11;Data Masking;Data masking should be used in accordance with the organisation’s topic-specific policy on access control and other related topic-specific policies, and business requirements, taking applicable legislation into consideration.;A.8 Technological controls;A.8.11;Data Masking;Data masking should be used in accordance with the organisation’s topic-specific policy on access control and other related topic-specific policies, and business requirements, taking applicable legislation into consideration.;FAIL;Server Side Encryption is not configured with kms for S3 Bucket range-cloudtrail-<SANDBOX_ACCOUNT_ID>.;arn:aws:s3:::range-cloudtrail-<SANDBOX_ACCOUNT_ID>;s3_bucket_kms_encryption;False;range-cloudtrail-<SANDBOX_ACCOUNT_ID>;ISO27001;ISO/IEC 27001 Information Security Management Standard 2022
aws;ISO (the International Organization for Standardization) and IEC (the International Electrotechnical Commission) form the specialized system for worldwide standardization. National bodies that are members of ISO or IEC participate in the development of International Standards through technical committees established by the respective organization to deal with particular fields of technical activity. ISO and IEC technical committees collaborate in fields of mutual interest. Other international organizations, governmental and non-governmental, in liaison with ISO and IEC, also take part in the work.;<SANDBOX_ACCOUNT_ID>;ap-southeast-7;2026-08-29 00:18:02.370487;A.8.24;Use of Cryptography;Rules for the effective use of cryptography, including cryptographic key management, should be defined and implemented.;A.8 Technological controls;A.8.24;Use of Cryptography;Rules for the effective use of cryptography, including cryptographic key management, should be defined and implemented.;FAIL;Server Side Encryption is not configured with kms for S3 Bucket range-cloudtrail-<SANDBOX_ACCOUNT_ID>.;arn:aws:s3:::range-cloudtrail-<SANDBOX_ACCOUNT_ID>;s3_bucket_kms_encryption;False;range-cloudtrail-<SANDBOX_ACCOUNT_ID>;ISO27001;ISO/IEC 27001 Information Security Management Standard 2022
aws;ISO (the International Organization for Standardization) and IEC (the International Electrotechnical Commission) form the specialized system for worldwide standardization. National bodies that are members of ISO or IEC participate in the development of International Standards through technical committees established by the respective organization to deal with particular fields of technical activity. ISO and IEC technical committees collaborate in fields of mutual interest. Other international organizations, governmental and non-governmental, in liaison with ISO and IEC, also take part in the work.;<SANDBOX_ACCOUNT_ID>;ap-southeast-7;2026-08-29 00:18:02.370487;A.8.11;Data Masking;Data masking should be used in accordance with the organisation’s topic-specific policy on access control and other related topic-specific policies, and business requirements, taking applicable legislation into consideration.;A.8 Technological controls;A.8.11;Data Masking;Data masking should be used in accordance with the organisation’s topic-specific policy on access control and other related topic-specific policies, and business requirements, taking applicable legislation into consideration.;FAIL;Server Side Encryption is not configured with kms for S3 Bucket range-customer-data-<SANDBOX_ACCOUNT_ID>.;arn:aws:s3:::range-customer-data-<SANDBOX_ACCOUNT_ID>;s3_bucket_kms_encryption;False;range-customer-data-<SANDBOX_ACCOUNT_ID>;ISO27001;ISO/IEC 27001 Information Security Management Standard 2022
aws;ISO (the International Organization for Standardization) and IEC (the International Electrotechnical Commission) form the specialized system for worldwide standardization. National bodies that are members of ISO or IEC participate in the development of International Standards through technical committees established by the respective organization to deal with particular fields of technical activity. ISO and IEC technical committees collaborate in fields of mutual interest. Other international organizations, governmental and non-governmental, in liaison with ISO and IEC, also take part in the work.;<SANDBOX_ACCOUNT_ID>;ap-southeast-7;2026-08-29 00:18:02.370487;A.8.24;Use of Cryptography;Rules for the effective use of cryptography, including cryptographic key management, should be defined and implemented.;A.8 Technological controls;A.8.24;Use of Cryptography;Rules for the effective use of cryptography, including cryptographic key management, should be defined and implemented.;FAIL;Server Side Encryption is not configured with kms for S3 Bucket range-customer-data-<SANDBOX_ACCOUNT_ID>.;arn:aws:s3:::range-customer-data-<SANDBOX_ACCOUNT_ID>;s3_bucket_kms_encryption;False;range-customer-data-<SANDBOX_ACCOUNT_ID>;ISO27001;ISO/IEC 27001 Information Security Management Standard 2022
aws;ISO (the International Organization for Standardization) and IEC (the International Electrotechnical Commission) form the specialized system for worldwide standardization. National bodies that are members of ISO or IEC participate in the development of International Standards through technical committees established by the respective organization to deal with particular fields of technical activity. ISO and IEC technical committees collaborate in fields of mutual interest. Other international organizations, governmental and non-governmental, in liaison with ISO and IEC, also take part in the work.;<SANDBOX_ACCOUNT_ID>;ap-southeast-7;2026-08-29 00:18:02.370487;A.8.11;Data Masking;Data masking should be used in accordance with the organisation’s topic-specific policy on access control and other related topic-specific policies, and business requirements, taking applicable legislation into consideration.;A.8 Technological controls;A.8.11;Data Masking;Data masking should be used in accordance with the organisation’s topic-specific policy on access control and other related topic-specific policies, and business requirements, taking applicable legislation into consideration.;FAIL;Server Side Encryption is not configured with kms for S3 Bucket stratus-red-team-ct-stop-bucket-arzkiholin.;arn:aws:s3:::stratus-red-team-ct-stop-bucket-arzkiholin;s3_bucket_kms_encryption;False;stratus-red-team-ct-stop-bucket-arzkiholin;ISO27001;ISO/IEC 27001 Information Security Management Standard 2022
aws;ISO (the International Organization for Standardization) and IEC (the International Electrotechnical Commission) form the specialized system for worldwide standardization. National bodies that are members of ISO or IEC participate in the development of International Standards through technical committees established by the respective organization to deal with particular fields of technical activity. ISO and IEC technical committees collaborate in fields of mutual interest. Other international organizations, governmental and non-governmental, in liaison with ISO and IEC, also take part in the work.;<SANDBOX_ACCOUNT_ID>;ap-southeast-7;2026-08-29 00:18:02.370487;A.8.24;Use of Cryptography;Rules for the effective use of cryptography, including cryptographic key management, should be defined and implemented.;A.8 Technological controls;A.8.24;Use of Cryptography;Rules for the effective use of cryptography, including cryptographic key management, should be defined and implemented.;FAIL;Server Side Encryption is not configured with kms for S3 Bucket stratus-red-team-ct-stop-bucket-arzkiholin.;arn:aws:s3:::stratus-red-team-ct-stop-bucket-arzkiholin;s3_bucket_kms_encryption;False;stratus-red-team-ct-stop-bucket-arzkiholin;ISO27001;ISO/IEC 27001 Information Security Management Standard 2022
aws;ISO (the International Organization for Standardization) and IEC (the International Electrotechnical Commission) form the specialized system for worldwide standardization. National bodies that are members of ISO or IEC participate in the development of International Standards through technical committees established by the respective organization to deal with particular fields of technical activity. ISO and IEC technical committees collaborate in fields of mutual interest. Other international organizations, governmental and non-governmental, in liaison with ISO and IEC, also take part in the work.;<SANDBOX_ACCOUNT_ID>;ap-southeast-7;2026-08-29 00:18:02.370487;A.8.10;Information Deletion;Information stored in information systems, devices or in any other storage media should be deleted when no longer required.;A.8 Technological controls;A.8.10;Information Deletion;Information stored in information systems, devices or in any other storage media should be deleted when no longer required.;PASS;S3 Bucket range-cloudtrail-<SANDBOX_ACCOUNT_ID> has a lifecycle configuration enabled.;arn:aws:s3:::range-cloudtrail-<SANDBOX_ACCOUNT_ID>;s3_bucket_lifecycle_enabled;False;range-cloudtrail-<SANDBOX_ACCOUNT_ID>;ISO27001;ISO/IEC 27001 Information Security Management Standard 2022
aws;ISO (the International Organization for Standardization) and IEC (the International Electrotechnical Commission) form the specialized system for worldwide standardization. National bodies that are members of ISO or IEC participate in the development of International Standards through technical committees established by the respective organization to deal with particular fields of technical activity. ISO and IEC technical committees collaborate in fields of mutual interest. Other international organizations, governmental and non-governmental, in liaison with ISO and IEC, also take part in the work.;<SANDBOX_ACCOUNT_ID>;ap-southeast-7;2026-08-29 00:18:02.370487;A.8.10;Information Deletion;Information stored in information systems, devices or in any other storage media should be deleted when no longer required.;A.8 Technological controls;A.8.10;Information Deletion;Information stored in information systems, devices or in any other storage media should be deleted when no longer required.;FAIL;S3 Bucket range-customer-data-<SANDBOX_ACCOUNT_ID> does not have a lifecycle configuration enabled.;arn:aws:s3:::range-customer-data-<SANDBOX_ACCOUNT_ID>;s3_bucket_lifecycle_enabled;False;range-customer-data-<SANDBOX_ACCOUNT_ID>;ISO27001;ISO/IEC 27001 Information Security Management Standard 2022
aws;ISO (the International Organization for Standardization) and IEC (the International Electrotechnical Commission) form the specialized system for worldwide standardization. National bodies that are members of ISO or IEC participate in the development of International Standards through technical committees established by the respective organization to deal with particular fields of technical activity. ISO and IEC technical committees collaborate in fields of mutual interest. Other international organizations, governmental and non-governmental, in liaison with ISO and IEC, also take part in the work.;<SANDBOX_ACCOUNT_ID>;ap-southeast-7;2026-08-29 00:18:02.370487;A.8.10;Information Deletion;Information stored in information systems, devices or in any other storage media should be deleted when no longer required.;A.8 Technological controls;A.8.10;Information Deletion;Information stored in information systems, devices or in any other storage media should be deleted when no longer required.;FAIL;S3 Bucket stratus-red-team-ct-stop-bucket-arzkiholin does not have a lifecycle configuration enabled.;arn:aws:s3:::stratus-red-team-ct-stop-bucket-arzkiholin;s3_bucket_lifecycle_enabled;False;stratus-red-team-ct-stop-bucket-arzkiholin;ISO27001;ISO/IEC 27001 Information Security Management Standard 2022
aws;ISO (the International Organization for Standardization) and IEC (the International Electrotechnical Commission) form the specialized system for worldwide standardization. National bodies that are members of ISO or IEC participate in the development of International Standards through technical committees established by the respective organization to deal with particular fields of technical activity. ISO and IEC technical committees collaborate in fields of mutual interest. Other international organizations, governmental and non-governmental, in liaison with ISO and IEC, also take part in the work.;<SANDBOX_ACCOUNT_ID>;ap-southeast-7;2026-08-29 00:18:02.370487;A.8.3;Information Access Restriction;Access to information and other associated assets should be restricted in accordance with the established topic-specific policy on access control.;A.8 Technological controls;A.8.3;Information Access Restriction;Access to information and other associated assets should be restricted in accordance with the established topic-specific policy on access control.;FAIL;S3 Bucket range-cloudtrail-<SANDBOX_ACCOUNT_ID> has versioning disabled.;arn:aws:s3:::range-cloudtrail-<SANDBOX_ACCOUNT_ID>;s3_bucket_object_versioning;False;range-cloudtrail-<SANDBOX_ACCOUNT_ID>;ISO27001;ISO/IEC 27001 Information Security Management Standard 2022
aws;ISO (the International Organization for Standardization) and IEC (the International Electrotechnical Commission) form the specialized system for worldwide standardization. National bodies that are members of ISO or IEC participate in the development of International Standards through technical committees established by the respective organization to deal with particular fields of technical activity. ISO and IEC technical committees collaborate in fields of mutual interest. Other international organizations, governmental and non-governmental, in liaison with ISO and IEC, also take part in the work.;<SANDBOX_ACCOUNT_ID>;ap-southeast-7;2026-08-29 00:18:02.370487;A.8.10;Information Deletion;Information stored in information systems, devices or in any other storage media should be deleted when no longer required.;A.8 Technological controls;A.8.10;Information Deletion;Information stored in information systems, devices or in any other storage media should be deleted when no longer required.;FAIL;S3 Bucket range-cloudtrail-<SANDBOX_ACCOUNT_ID> has versioning disabled.;arn:aws:s3:::range-cloudtrail-<SANDBOX_ACCOUNT_ID>;s3_bucket_object_versioning;False;range-cloudtrail-<SANDBOX_ACCOUNT_ID>;ISO27001;ISO/IEC 27001 Information Security Management Standard 2022
aws;ISO (the International Organization for Standardization) and IEC (the International Electrotechnical Commission) form the specialized system for worldwide standardization. National bodies that are members of ISO or IEC participate in the development of International Standards through technical committees established by the respective organization to deal with particular fields of technical activity. ISO and IEC technical committees collaborate in fields of mutual interest. Other international organizations, governmental and non-governmental, in liaison with ISO and IEC, also take part in the work.;<SANDBOX_ACCOUNT_ID>;ap-southeast-7;2026-08-29 00:18:02.370487;A.8.3;Information Access Restriction;Access to information and other associated assets should be restricted in accordance with the established topic-specific policy on access control.;A.8 Technological controls;A.8.3;Information Access Restriction;Access to information and other associated assets should be restricted in accordance with the established topic-specific policy on access control.;FAIL;S3 Bucket range-customer-data-<SANDBOX_ACCOUNT_ID> has versioning disabled.;arn:aws:s3:::range-customer-data-<SANDBOX_ACCOUNT_ID>;s3_bucket_object_versioning;False;range-customer-data-<SANDBOX_ACCOUNT_ID>;ISO27001;ISO/IEC 27001 Information Security Management Standard 2022
aws;ISO (the International Organization for Standardization) and IEC (the International Electrotechnical Commission) form the specialized system for worldwide standardization. National bodies that are members of ISO or IEC participate in the development of International Standards through technical committees established by the respective organization to deal with particular fields of technical activity. ISO and IEC technical committees collaborate in fields of mutual interest. Other international organizations, governmental and non-governmental, in liaison with ISO and IEC, also take part in the work.;<SANDBOX_ACCOUNT_ID>;ap-southeast-7;2026-08-29 00:18:02.370487;A.8.10;Information Deletion;Information stored in information systems, devices or in any other storage media should be deleted when no longer required.;A.8 Technological controls;A.8.10;Information Deletion;Information stored in information systems, devices or in any other storage media should be deleted when no longer required.;FAIL;S3 Bucket range-customer-data-<SANDBOX_ACCOUNT_ID> has versioning disabled.;arn:aws:s3:::range-customer-data-<SANDBOX_ACCOUNT_ID>;s3_bucket_object_versioning;False;range-customer-data-<SANDBOX_ACCOUNT_ID>;ISO27001;ISO/IEC 27001 Information Security Management Standard 2022
aws;ISO (the International Organization for Standardization) and IEC (the International Electrotechnical Commission) form the specialized system for worldwide standardization. National bodies that are members of ISO or IEC participate in the development of International Standards through technical committees established by the respective organization to deal with particular fields of technical activity. ISO and IEC technical committees collaborate in fields of mutual interest. Other international organizations, governmental and non-governmental, in liaison with ISO and IEC, also take part in the work.;<SANDBOX_ACCOUNT_ID>;ap-southeast-7;2026-08-29 00:18:02.370487;A.8.3;Information Access Restriction;Access to information and other associated assets should be restricted in accordance with the established topic-specific policy on access control.;A.8 Technological controls;A.8.3;Information Access Restriction;Access to information and other associated assets should be restricted in accordance with the established topic-specific policy on access control.;FAIL;S3 Bucket stratus-red-team-ct-stop-bucket-arzkiholin has versioning disabled.;arn:aws:s3:::stratus-red-team-ct-stop-bucket-arzkiholin;s3_bucket_object_versioning;False;stratus-red-team-ct-stop-bucket-arzkiholin;ISO27001;ISO/IEC 27001 Information Security Management Standard 2022
aws;ISO (the International Organization for Standardization) and IEC (the International Electrotechnical Commission) form the specialized system for worldwide standardization. National bodies that are members of ISO or IEC participate in the development of International Standards through technical committees established by the respective organization to deal with particular fields of technical activity. ISO and IEC technical committees collaborate in fields of mutual interest. Other international organizations, governmental and non-governmental, in liaison with ISO and IEC, also take part in the work.;<SANDBOX_ACCOUNT_ID>;ap-southeast-7;2026-08-29 00:18:02.370487;A.8.10;Information Deletion;Information stored in information systems, devices or in any other storage media should be deleted when no longer required.;A.8 Technological controls;A.8.10;Information Deletion;Information stored in information systems, devices or in any other storage media should be deleted when no longer required.;FAIL;S3 Bucket stratus-red-team-ct-stop-bucket-arzkiholin has versioning disabled.;arn:aws:s3:::stratus-red-team-ct-stop-bucket-arzkiholin;s3_bucket_object_versioning;False;stratus-red-team-ct-stop-bucket-arzkiholin;ISO27001;ISO/IEC 27001 Information Security Management Standard 2022
aws;ISO (the International Organization for Standardization) and IEC (the International Electrotechnical Commission) form the specialized system for worldwide standardization. National bodies that are members of ISO or IEC participate in the development of International Standards through technical committees established by the respective organization to deal with particular fields of technical activity. ISO and IEC technical committees collaborate in fields of mutual interest. Other international organizations, governmental and non-governmental, in liaison with ISO and IEC, also take part in the work.;<SANDBOX_ACCOUNT_ID>;ap-southeast-7;2026-08-29 00:18:02.370487;A.8.1;User Endpoint Devices;Information stored on, processed by or accessible via user endpoint devices should be protected.;A.8 Technological controls;A.8.1;User Endpoint Devices;Information stored on, processed by or accessible via user endpoint devices should be protected.;PASS;S3 public access blocked at bucket level for range-cloudtrail-<SANDBOX_ACCOUNT_ID>.;arn:aws:s3:::range-cloudtrail-<SANDBOX_ACCOUNT_ID>;s3_bucket_policy_public_write_access;False;range-cloudtrail-<SANDBOX_ACCOUNT_ID>;ISO27001;ISO/IEC 27001 Information Security Management Standard 2022
aws;ISO (the International Organization for Standardization) and IEC (the International Electrotechnical Commission) form the specialized system for worldwide standardization. National bodies that are members of ISO or IEC participate in the development of International Standards through technical committees established by the respective organization to deal with particular fields of technical activity. ISO and IEC technical committees collaborate in fields of mutual interest. Other international organizations, governmental and non-governmental, in liaison with ISO and IEC, also take part in the work.;<SANDBOX_ACCOUNT_ID>;ap-southeast-7;2026-08-29 00:18:02.370487;A.8.1;User Endpoint Devices;Information stored on, processed by or accessible via user endpoint devices should be protected.;A.8 Technological controls;A.8.1;User Endpoint Devices;Information stored on, processed by or accessible via user endpoint devices should be protected.;PASS;S3 public access blocked at bucket level for range-customer-data-<SANDBOX_ACCOUNT_ID>.;arn:aws:s3:::range-customer-data-<SANDBOX_ACCOUNT_ID>;s3_bucket_policy_public_write_access;False;range-customer-data-<SANDBOX_ACCOUNT_ID>;ISO27001;ISO/IEC 27001 Information Security Management Standard 2022
aws;ISO (the International Organization for Standardization) and IEC (the International Electrotechnical Commission) form the specialized system for worldwide standardization. National bodies that are members of ISO or IEC participate in the development of International Standards through technical committees established by the respective organization to deal with particular fields of technical activity. ISO and IEC technical committees collaborate in fields of mutual interest. Other international organizations, governmental and non-governmental, in liaison with ISO and IEC, also take part in the work.;<SANDBOX_ACCOUNT_ID>;ap-southeast-7;2026-08-29 00:18:02.370487;A.8.1;User Endpoint Devices;Information stored on, processed by or accessible via user endpoint devices should be protected.;A.8 Technological controls;A.8.1;User Endpoint Devices;Information stored on, processed by or accessible via user endpoint devices should be protected.;PASS;S3 public access blocked at bucket level for stratus-red-team-ct-stop-bucket-arzkiholin.;arn:aws:s3:::stratus-red-team-ct-stop-bucket-arzkiholin;s3_bucket_policy_public_write_access;False;stratus-red-team-ct-stop-bucket-arzkiholin;ISO27001;ISO/IEC 27001 Information Security Management Standard 2022
aws;ISO (the International Organization for Standardization) and IEC (the International Electrotechnical Commission) form the specialized system for worldwide standardization. National bodies that are members of ISO or IEC participate in the development of International Standards through technical committees established by the respective organization to deal with particular fields of technical activity. ISO and IEC technical committees collaborate in fields of mutual interest. Other international organizations, governmental and non-governmental, in liaison with ISO and IEC, also take part in the work.;<SANDBOX_ACCOUNT_ID>;ap-southeast-7;2026-08-29 00:18:02.370487;A.8.1;User Endpoint Devices;Information stored on, processed by or accessible via user endpoint devices should be protected.;A.8 Technological controls;A.8.1;User Endpoint Devices;Information stored on, processed by or accessible via user endpoint devices should be protected.;PASS;S3 Bucket range-cloudtrail-<SANDBOX_ACCOUNT_ID> is not public.;arn:aws:s3:::range-cloudtrail-<SANDBOX_ACCOUNT_ID>;s3_bucket_public_access;False;range-cloudtrail-<SANDBOX_ACCOUNT_ID>;ISO27001;ISO/IEC 27001 Information Security Management Standard 2022
aws;ISO (the International Organization for Standardization) and IEC (the International Electrotechnical Commission) form the specialized system for worldwide standardization. National bodies that are members of ISO or IEC participate in the development of International Standards through technical committees established by the respective organization to deal with particular fields of technical activity. ISO and IEC technical committees collaborate in fields of mutual interest. Other international organizations, governmental and non-governmental, in liaison with ISO and IEC, also take part in the work.;<SANDBOX_ACCOUNT_ID>;ap-southeast-7;2026-08-29 00:18:02.370487;A.8.1;User Endpoint Devices;Information stored on, processed by or accessible via user endpoint devices should be protected.;A.8 Technological controls;A.8.1;User Endpoint Devices;Information stored on, processed by or accessible via user endpoint devices should be protected.;PASS;S3 Bucket range-customer-data-<SANDBOX_ACCOUNT_ID> is not public.;arn:aws:s3:::range-customer-data-<SANDBOX_ACCOUNT_ID>;s3_bucket_public_access;False;range-customer-data-<SANDBOX_ACCOUNT_ID>;ISO27001;ISO/IEC 27001 Information Security Management Standard 2022
aws;ISO (the International Organization for Standardization) and IEC (the International Electrotechnical Commission) form the specialized system for worldwide standardization. National bodies that are members of ISO or IEC participate in the development of International Standards through technical committees established by the respective organization to deal with particular fields of technical activity. ISO and IEC technical committees collaborate in fields of mutual interest. Other international organizations, governmental and non-governmental, in liaison with ISO and IEC, also take part in the work.;<SANDBOX_ACCOUNT_ID>;ap-southeast-7;2026-08-29 00:18:02.370487;A.8.1;User Endpoint Devices;Information stored on, processed by or accessible via user endpoint devices should be protected.;A.8 Technological controls;A.8.1;User Endpoint Devices;Information stored on, processed by or accessible via user endpoint devices should be protected.;PASS;S3 Bucket stratus-red-team-ct-stop-bucket-arzkiholin is not public.;arn:aws:s3:::stratus-red-team-ct-stop-bucket-arzkiholin;s3_bucket_public_access;False;stratus-red-team-ct-stop-bucket-arzkiholin;ISO27001;ISO/IEC 27001 Information Security Management Standard 2022
aws;ISO (the International Organization for Standardization) and IEC (the International Electrotechnical Commission) form the specialized system for worldwide standardization. National bodies that are members of ISO or IEC participate in the development of International Standards through technical committees established by the respective organization to deal with particular fields of technical activity. ISO and IEC technical committees collaborate in fields of mutual interest. Other international organizations, governmental and non-governmental, in liaison with ISO and IEC, also take part in the work.;<SANDBOX_ACCOUNT_ID>;ap-southeast-7;2026-08-29 00:18:02.370487;A.8.15;Logging;Logs that record activities, exceptions, faults and other relevant events should be produced, stored, protected and analysed.;A.8 Technological controls;A.8.15;Logging;Logs that record activities, exceptions, faults and other relevant events should be produced, stored, protected and analysed.;FAIL;S3 Bucket range-cloudtrail-<SANDBOX_ACCOUNT_ID> has server access logging disabled.;arn:aws:s3:::range-cloudtrail-<SANDBOX_ACCOUNT_ID>;s3_bucket_server_access_logging_enabled;False;range-cloudtrail-<SANDBOX_ACCOUNT_ID>;ISO27001;ISO/IEC 27001 Information Security Management Standard 2022
aws;ISO (the International Organization for Standardization) and IEC (the International Electrotechnical Commission) form the specialized system for worldwide standardization. National bodies that are members of ISO or IEC participate in the development of International Standards through technical committees established by the respective organization to deal with particular fields of technical activity. ISO and IEC technical committees collaborate in fields of mutual interest. Other international organizations, governmental and non-governmental, in liaison with ISO and IEC, also take part in the work.;<SANDBOX_ACCOUNT_ID>;ap-southeast-7;2026-08-29 00:18:02.370487;A.8.15;Logging;Logs that record activities, exceptions, faults and other relevant events should be produced, stored, protected and analysed.;A.8 Technological controls;A.8.15;Logging;Logs that record activities, exceptions, faults and other relevant events should be produced, stored, protected and analysed.;FAIL;S3 Bucket range-customer-data-<SANDBOX_ACCOUNT_ID> has server access logging disabled.;arn:aws:s3:::range-customer-data-<SANDBOX_ACCOUNT_ID>;s3_bucket_server_access_logging_enabled;False;range-customer-data-<SANDBOX_ACCOUNT_ID>;ISO27001;ISO/IEC 27001 Information Security Management Standard 2022
aws;ISO (the International Organization for Standardization) and IEC (the International Electrotechnical Commission) form the specialized system for worldwide standardization. National bodies that are members of ISO or IEC participate in the development of International Standards through technical committees established by the respective organization to deal with particular fields of technical activity. ISO and IEC technical committees collaborate in fields of mutual interest. Other international organizations, governmental and non-governmental, in liaison with ISO and IEC, also take part in the work.;<SANDBOX_ACCOUNT_ID>;ap-southeast-7;2026-08-29 00:18:02.370487;A.8.15;Logging;Logs that record activities, exceptions, faults and other relevant events should be produced, stored, protected and analysed.;A.8 Technological controls;A.8.15;Logging;Logs that record activities, exceptions, faults and other relevant events should be produced, stored, protected and analysed.;FAIL;S3 Bucket stratus-red-team-ct-stop-bucket-arzkiholin has server access logging disabled.;arn:aws:s3:::stratus-red-team-ct-stop-bucket-arzkiholin;s3_bucket_server_access_logging_enabled;False;stratus-red-team-ct-stop-bucket-arzkiholin;ISO27001;ISO/IEC 27001 Information Security Management Standard 2022
aws;ISO (the International Organization for Standardization) and IEC (the International Electrotechnical Commission) form the specialized system for worldwide standardization. National bodies that are members of ISO or IEC participate in the development of International Standards through technical committees established by the respective organization to deal with particular fields of technical activity. ISO and IEC technical committees collaborate in fields of mutual interest. Other international organizations, governmental and non-governmental, in liaison with ISO and IEC, also take part in the work.;<SANDBOX_ACCOUNT_ID>;ap-southeast-7;2026-08-29 00:18:02.370487;A.5.1;Policies for information security;Information security policy and topic-specific policies should be defined, approved by management, published, communicated to and acknowledged by relevant personnel and relevant interested parties, and reviewed at planned intervals and if significant changes occur.;A.5 Organizational controls;A.5.1;Policies for information security;Information security policy and topic-specific policies should be defined, approved by management, published, communicated to and acknowledged by relevant personnel and relevant interested parties, and reviewed at planned intervals and if significant changes occur.;FAIL;Security Hub is not enabled.;arn:aws:securityhub:ap-southeast-7:<SANDBOX_ACCOUNT_ID>:hub/unknown;securityhub_enabled;False;hub/unknown;ISO27001;ISO/IEC 27001 Information Security Management Standard 2022
aws;ISO (the International Organization for Standardization) and IEC (the International Electrotechnical Commission) form the specialized system for worldwide standardization. National bodies that are members of ISO or IEC participate in the development of International Standards through technical committees established by the respective organization to deal with particular fields of technical activity. ISO and IEC technical committees collaborate in fields of mutual interest. Other international organizations, governmental and non-governmental, in liaison with ISO and IEC, also take part in the work.;<SANDBOX_ACCOUNT_ID>;ap-southeast-7;2026-08-29 00:18:02.370487;A.8.23;Web Filtering;Access to external websites should be managed to reduce exposure to malicious content.;A.8 Technological controls;A.8.23;Web Filtering;Access to external websites should be managed to reduce exposure to malicious content.;FAIL;Security Hub is not enabled.;arn:aws:securityhub:ap-southeast-7:<SANDBOX_ACCOUNT_ID>:hub/unknown;securityhub_enabled;False;hub/unknown;ISO27001;ISO/IEC 27001 Information Security Management Standard 2022
aws;ISO (the International Organization for Standardization) and IEC (the International Electrotechnical Commission) form the specialized system for worldwide standardization. National bodies that are members of ISO or IEC participate in the development of International Standards through technical committees established by the respective organization to deal with particular fields of technical activity. ISO and IEC technical committees collaborate in fields of mutual interest. Other international organizations, governmental and non-governmental, in liaison with ISO and IEC, also take part in the work.;<SANDBOX_ACCOUNT_ID>;ap-southeast-7;2026-08-29 00:18:02.370487;A.8.3;Information Access Restriction;Access to information and other associated assets should be restricted in accordance with the established topic-specific policy on access control.;A.8 Technological controls;A.8.3;Information Access Restriction;Access to information and other associated assets should be restricted in accordance with the established topic-specific policy on access control.;FAIL;SNS topic range-responders is not encrypted.;arn:aws:sns:ap-southeast-7:<SANDBOX_ACCOUNT_ID>:range-responders;sns_topics_kms_encryption_at_rest_enabled;False;range-responders;ISO27001;ISO/IEC 27001 Information Security Management Standard 2022
aws;ISO (the International Organization for Standardization) and IEC (the International Electrotechnical Commission) form the specialized system for worldwide standardization. National bodies that are members of ISO or IEC participate in the development of International Standards through technical committees established by the respective organization to deal with particular fields of technical activity. ISO and IEC technical committees collaborate in fields of mutual interest. Other international organizations, governmental and non-governmental, in liaison with ISO and IEC, also take part in the work.;<SANDBOX_ACCOUNT_ID>;ap-southeast-7;2026-08-29 00:18:02.370487;A.8.11;Data Masking;Data masking should be used in accordance with the organisation’s topic-specific policy on access control and other related topic-specific policies, and business requirements, taking applicable legislation into consideration.;A.8 Technological controls;A.8.11;Data Masking;Data masking should be used in accordance with the organisation’s topic-specific policy on access control and other related topic-specific policies, and business requirements, taking applicable legislation into consideration.;FAIL;SNS topic range-responders is not encrypted.;arn:aws:sns:ap-southeast-7:<SANDBOX_ACCOUNT_ID>:range-responders;sns_topics_kms_encryption_at_rest_enabled;False;range-responders;ISO27001;ISO/IEC 27001 Information Security Management Standard 2022
aws;ISO (the International Organization for Standardization) and IEC (the International Electrotechnical Commission) form the specialized system for worldwide standardization. National bodies that are members of ISO or IEC participate in the development of International Standards through technical committees established by the respective organization to deal with particular fields of technical activity. ISO and IEC technical committees collaborate in fields of mutual interest. Other international organizations, governmental and non-governmental, in liaison with ISO and IEC, also take part in the work.;<SANDBOX_ACCOUNT_ID>;ap-southeast-7;2026-08-29 00:18:02.370487;A.8.24;Use of Cryptography;Rules for the effective use of cryptography, including cryptographic key management, should be defined and implemented.;A.8 Technological controls;A.8.24;Use of Cryptography;Rules for the effective use of cryptography, including cryptographic key management, should be defined and implemented.;FAIL;SNS topic range-responders is not encrypted.;arn:aws:sns:ap-southeast-7:<SANDBOX_ACCOUNT_ID>:range-responders;sns_topics_kms_encryption_at_rest_enabled;False;range-responders;ISO27001;ISO/IEC 27001 Information Security Management Standard 2022
aws;ISO (the International Organization for Standardization) and IEC (the International Electrotechnical Commission) form the specialized system for worldwide standardization. National bodies that are members of ISO or IEC participate in the development of International Standards through technical committees established by the respective organization to deal with particular fields of technical activity. ISO and IEC technical committees collaborate in fields of mutual interest. Other international organizations, governmental and non-governmental, in liaison with ISO and IEC, also take part in the work.;<SANDBOX_ACCOUNT_ID>;ap-southeast-7;2026-08-29 00:18:02.370487;A.8.1;User Endpoint Devices;Information stored on, processed by or accessible via user endpoint devices should be protected.;A.8 Technological controls;A.8.1;User Endpoint Devices;Information stored on, processed by or accessible via user endpoint devices should be protected.;PASS;SNS topic range-responders is not public because its policy only allows access from the account <SANDBOX_ACCOUNT_ID>.;arn:aws:sns:ap-southeast-7:<SANDBOX_ACCOUNT_ID>:range-responders;sns_topics_not_publicly_accessible;False;range-responders;ISO27001;ISO/IEC 27001 Information Security Management Standard 2022
aws;ISO (the International Organization for Standardization) and IEC (the International Electrotechnical Commission) form the specialized system for worldwide standardization. National bodies that are members of ISO or IEC participate in the development of International Standards through technical committees established by the respective organization to deal with particular fields of technical activity. ISO and IEC technical committees collaborate in fields of mutual interest. Other international organizations, governmental and non-governmental, in liaison with ISO and IEC, also take part in the work.;<SANDBOX_ACCOUNT_ID>;ap-southeast-7;2026-08-29 00:18:02.370487;A.8.20;Network Security;Networks and network devices should be secured, managed and controlled to protect information in systems and applications.;A.8 Technological controls;A.8.20;Network Security;Networks and network devices should be secured, managed and controlled to protect information in systems and applications.;FAIL;VPCs found only in one region.;arn:aws:ec2:ap-southeast-7:<SANDBOX_ACCOUNT_ID>:vpc;vpc_different_regions;False;<SANDBOX_ACCOUNT_ID>;ISO27001;ISO/IEC 27001 Information Security Management Standard 2022
aws;ISO (the International Organization for Standardization) and IEC (the International Electrotechnical Commission) form the specialized system for worldwide standardization. National bodies that are members of ISO or IEC participate in the development of International Standards through technical committees established by the respective organization to deal with particular fields of technical activity. ISO and IEC technical committees collaborate in fields of mutual interest. Other international organizations, governmental and non-governmental, in liaison with ISO and IEC, also take part in the work.;<SANDBOX_ACCOUNT_ID>;ap-southeast-7;2026-08-29 00:18:02.370487;A.8.21;Security of Network Services;Security mechanisms, service levels and service requirements of network services should be identified, implemented and monitored.;A.8 Technological controls;A.8.21;Security of Network Services;Security mechanisms, service levels and service requirements of network services should be identified, implemented and monitored.;FAIL;VPCs found only in one region.;arn:aws:ec2:ap-southeast-7:<SANDBOX_ACCOUNT_ID>:vpc;vpc_different_regions;False;<SANDBOX_ACCOUNT_ID>;ISO27001;ISO/IEC 27001 Information Security Management Standard 2022
aws;ISO (the International Organization for Standardization) and IEC (the International Electrotechnical Commission) form the specialized system for worldwide standardization. National bodies that are members of ISO or IEC participate in the development of International Standards through technical committees established by the respective organization to deal with particular fields of technical activity. ISO and IEC technical committees collaborate in fields of mutual interest. Other international organizations, governmental and non-governmental, in liaison with ISO and IEC, also take part in the work.;<SANDBOX_ACCOUNT_ID>;ap-southeast-7;2026-08-29 00:18:02.370487;A.8.22;Segregation of Networks;Security mechanisms, service levels and service requirements of network services should be identified, implemented and monitored.;A.8 Technological controls;A.8.22;Segregation of Networks;Security mechanisms, service levels and service requirements of network services should be identified, implemented and monitored.;FAIL;VPCs found only in one region.;arn:aws:ec2:ap-southeast-7:<SANDBOX_ACCOUNT_ID>:vpc;vpc_different_regions;False;<SANDBOX_ACCOUNT_ID>;ISO27001;ISO/IEC 27001 Information Security Management Standard 2022
aws;ISO (the International Organization for Standardization) and IEC (the International Electrotechnical Commission) form the specialized system for worldwide standardization. National bodies that are members of ISO or IEC participate in the development of International Standards through technical committees established by the respective organization to deal with particular fields of technical activity. ISO and IEC technical committees collaborate in fields of mutual interest. Other international organizations, governmental and non-governmental, in liaison with ISO and IEC, also take part in the work.;;;2026-08-29 00:18:02.370487;A.5.2;Roles and Responsibilities;Information security roles and responsibilities should be defined and allocated according to the organisation needs.;A.5 Organizational controls;A.5.2;Roles and Responsibilities;Information security roles and responsibilities should be defined and allocated according to the organisation needs.;MANUAL;Manual check;manual_check;manual;False;Manual check;ISO27001;ISO/IEC 27001 Information Security Management Standard 2022
aws;ISO (the International Organization for Standardization) and IEC (the International Electrotechnical Commission) form the specialized system for worldwide standardization. National bodies that are members of ISO or IEC participate in the development of International Standards through technical committees established by the respective organization to deal with particular fields of technical activity. ISO and IEC technical committees collaborate in fields of mutual interest. Other international organizations, governmental and non-governmental, in liaison with ISO and IEC, also take part in the work.;;;2026-08-29 00:18:02.370487;A.5.4;Management Responsibilities;Management should require all personnel to apply information security in accordance with the established information security policy, topic-specific policies and procedures of the organization.;A.5 Organizational controls;A.5.4;Management Responsibilities;Management should require all personnel to apply information security in accordance with the established information security policy, topic-specific policies and procedures of the organization.;MANUAL;Manual check;manual_check;manual;False;Manual check;ISO27001;ISO/IEC 27001 Information Security Management Standard 2022
aws;ISO (the International Organization for Standardization) and IEC (the International Electrotechnical Commission) form the specialized system for worldwide standardization. National bodies that are members of ISO or IEC participate in the development of International Standards through technical committees established by the respective organization to deal with particular fields of technical activity. ISO and IEC technical committees collaborate in fields of mutual interest. Other international organizations, governmental and non-governmental, in liaison with ISO and IEC, also take part in the work.;;;2026-08-29 00:18:02.370487;A.5.8;Information Security In Project Management;Information security should be integrated into project management.;A.5 Organizational controls;A.5.8;Information Security In Project Management;Information security should be integrated into project management.;MANUAL;Manual check;manual_check;manual;False;Manual check;ISO27001;ISO/IEC 27001 Information Security Management Standard 2022
aws;ISO (the International Organization for Standardization) and IEC (the International Electrotechnical Commission) form the specialized system for worldwide standardization. National bodies that are members of ISO or IEC participate in the development of International Standards through technical committees established by the respective organization to deal with particular fields of technical activity. ISO and IEC technical committees collaborate in fields of mutual interest. Other international organizations, governmental and non-governmental, in liaison with ISO and IEC, also take part in the work.;;;2026-08-29 00:18:02.370487;A.5.9;Inventory Of Information And Other Associated Assets;An inventory of information and other associated assets, including owners, should be developed and maintained.;A.5 Organizational controls;A.5.9;Inventory Of Information And Other Associated Assets;An inventory of information and other associated assets, including owners, should be developed and maintained.;MANUAL;Manual check;manual_check;manual;False;Manual check;ISO27001;ISO/IEC 27001 Information Security Management Standard 2022
aws;ISO (the International Organization for Standardization) and IEC (the International Electrotechnical Commission) form the specialized system for worldwide standardization. National bodies that are members of ISO or IEC participate in the development of International Standards through technical committees established by the respective organization to deal with particular fields of technical activity. ISO and IEC technical committees collaborate in fields of mutual interest. Other international organizations, governmental and non-governmental, in liaison with ISO and IEC, also take part in the work.;;;2026-08-29 00:18:02.370487;A.5.10;Acceptable Use Of Information And Other Associated Assets;Rules for the acceptable use and procedures for handling information and other associated assets should be identified, documented and implemented.;A.5 Organizational controls;A.5.10;Acceptable Use Of Information And Other Associated Assets;Rules for the acceptable use and procedures for handling information and other associated assets should be identified, documented and implemented.;MANUAL;Manual check;manual_check;manual;False;Manual check;ISO27001;ISO/IEC 27001 Information Security Management Standard 2022
aws;ISO (the International Organization for Standardization) and IEC (the International Electrotechnical Commission) form the specialized system for worldwide standardization. National bodies that are members of ISO or IEC participate in the development of International Standards through technical committees established by the respective organization to deal with particular fields of technical activity. ISO and IEC technical committees collaborate in fields of mutual interest. Other international organizations, governmental and non-governmental, in liaison with ISO and IEC, also take part in the work.;;;2026-08-29 00:18:02.370487;A.5.11;Return Of Assets;Personnel and other interested parties as appropriate should return all the organisation’s assets in their possession upon change or termination of their employment, contract or agreement.;A.5 Organizational controls;A.5.11;Return Of Assets;Personnel and other interested parties as appropriate should return all the organisation’s assets in their possession upon change or termination of their employment, contract or agreement.;MANUAL;Manual check;manual_check;manual;False;Manual check;ISO27001;ISO/IEC 27001 Information Security Management Standard 2022
aws;ISO (the International Organization for Standardization) and IEC (the International Electrotechnical Commission) form the specialized system for worldwide standardization. National bodies that are members of ISO or IEC participate in the development of International Standards through technical committees established by the respective organization to deal with particular fields of technical activity. ISO and IEC technical committees collaborate in fields of mutual interest. Other international organizations, governmental and non-governmental, in liaison with ISO and IEC, also take part in the work.;;;2026-08-29 00:18:02.370487;A.5.12;Classification Of Information;Information should be classified according to the information security needs of the organisation based on confidentiality, integrity, availability and relevant interested party requirements.;A.5 Organizational controls;A.5.12;Classification Of Information;Information should be classified according to the information security needs of the organisation based on confidentiality, integrity, availability and relevant interested party requirements.;MANUAL;Manual check;manual_check;manual;False;Manual check;ISO27001;ISO/IEC 27001 Information Security Management Standard 2022
aws;ISO (the International Organization for Standardization) and IEC (the International Electrotechnical Commission) form the specialized system for worldwide standardization. National bodies that are members of ISO or IEC participate in the development of International Standards through technical committees established by the respective organization to deal with particular fields of technical activity. ISO and IEC technical committees collaborate in fields of mutual interest. Other international organizations, governmental and non-governmental, in liaison with ISO and IEC, also take part in the work.;;;2026-08-29 00:18:02.370487;A.5.14;Information Transfer;Information transfer rules, procedures, or agreements should be in place for all types of transfer facilities within the organisation and between the organisation and other parties.;A.5 Organizational controls;A.5.14;Information Transfer;Information transfer rules, procedures, or agreements should be in place for all types of transfer facilities within the organisation and between the organisation and other parties.;MANUAL;Manual check;manual_check;manual;False;Manual check;ISO27001;ISO/IEC 27001 Information Security Management Standard 2022
aws;ISO (the International Organization for Standardization) and IEC (the International Electrotechnical Commission) form the specialized system for worldwide standardization. National bodies that are members of ISO or IEC participate in the development of International Standards through technical committees established by the respective organization to deal with particular fields of technical activity. ISO and IEC technical committees collaborate in fields of mutual interest. Other international organizations, governmental and non-governmental, in liaison with ISO and IEC, also take part in the work.;;;2026-08-29 00:18:02.370487;A.5.20;Addressing Information Security Within Supplier Agreements;Relevant information security requirements should be established and agreed with each supplier based on the type of supplier relationship.;A.5 Organizational controls;A.5.20;Addressing Information Security Within Supplier Agreements;Relevant information security requirements should be established and agreed with each supplier based on the type of supplier relationship.;MANUAL;Manual check;manual_check;manual;False;Manual check;ISO27001;ISO/IEC 27001 Information Security Management Standard 2022
aws;ISO (the International Organization for Standardization) and IEC (the International Electrotechnical Commission) form the specialized system for worldwide standardization. National bodies that are members of ISO or IEC participate in the development of International Standards through technical committees established by the respective organization to deal with particular fields of technical activity. ISO and IEC technical committees collaborate in fields of mutual interest. Other international organizations, governmental and non-governmental, in liaison with ISO and IEC, also take part in the work.;;;2026-08-29 00:18:02.370487;A.5.23;Information Security For Use Of Cloud Services;Processes for acquisition, use, management and exit from cloud services should be established in accordance with the organisation’s information security requirements.;A.5 Organizational controls;A.5.23;Information Security For Use Of Cloud Services;Processes for acquisition, use, management and exit from cloud services should be established in accordance with the organisation’s information security requirements.;MANUAL;Manual check;manual_check;manual;False;Manual check;ISO27001;ISO/IEC 27001 Information Security Management Standard 2022
aws;ISO (the International Organization for Standardization) and IEC (the International Electrotechnical Commission) form the specialized system for worldwide standardization. National bodies that are members of ISO or IEC participate in the development of International Standards through technical committees established by the respective organization to deal with particular fields of technical activity. ISO and IEC technical committees collaborate in fields of mutual interest. Other international organizations, governmental and non-governmental, in liaison with ISO and IEC, also take part in the work.;;;2026-08-29 00:18:02.370487;A.5.24;Information Security Incident Management Planning and Preparation;The organization should plan and prepare for managing information security incidents by defining, establishing and communicating information security incident management processes, roles and responsibilities.;A.5 Organizational controls;A.5.24;Information Security Incident Management Planning and Preparation;The organization should plan and prepare for managing information security incidents by defining, establishing and communicating information security incident management processes, roles and responsibilities.;MANUAL;Manual check;manual_check;manual;False;Manual check;ISO27001;ISO/IEC 27001 Information Security Management Standard 2022
aws;ISO (the International Organization for Standardization) and IEC (the International Electrotechnical Commission) form the specialized system for worldwide standardization. National bodies that are members of ISO or IEC participate in the development of International Standards through technical committees established by the respective organization to deal with particular fields of technical activity. ISO and IEC technical committees collaborate in fields of mutual interest. Other international organizations, governmental and non-governmental, in liaison with ISO and IEC, also take part in the work.;;;2026-08-29 00:18:02.370487;A.5.27;Learning From Information Security Incidents;Knowledge gained from information security incidents should be used to strengthen and improve the information security controls.;A.5 Organizational controls;A.5.27;Learning From Information Security Incidents;Knowledge gained from information security incidents should be used to strengthen and improve the information security controls.;MANUAL;Manual check;manual_check;manual;False;Manual check;ISO27001;ISO/IEC 27001 Information Security Management Standard 2022
aws;ISO (the International Organization for Standardization) and IEC (the International Electrotechnical Commission) form the specialized system for worldwide standardization. National bodies that are members of ISO or IEC participate in the development of International Standards through technical committees established by the respective organization to deal with particular fields of technical activity. ISO and IEC technical committees collaborate in fields of mutual interest. Other international organizations, governmental and non-governmental, in liaison with ISO and IEC, also take part in the work.;;;2026-08-29 00:18:02.370487;A.5.30;Readiness For Business Continuity;ICT readiness should be planned, implemented, maintained and tested based on business continuity objectives and ICT continuity requirements. ;A.5 Organizational controls;A.5.30;Readiness For Business Continuity;ICT readiness should be planned, implemented, maintained and tested based on business continuity objectives and ICT continuity requirements. ;MANUAL;Manual check;manual_check;manual;False;Manual check;ISO27001;ISO/IEC 27001 Information Security Management Standard 2022
aws;ISO (the International Organization for Standardization) and IEC (the International Electrotechnical Commission) form the specialized system for worldwide standardization. National bodies that are members of ISO or IEC participate in the development of International Standards through technical committees established by the respective organization to deal with particular fields of technical activity. ISO and IEC technical committees collaborate in fields of mutual interest. Other international organizations, governmental and non-governmental, in liaison with ISO and IEC, also take part in the work.;;;2026-08-29 00:18:02.370487;A.5.31;Legal, statutory, regulatory and contractual requirements;Legal, statutory, regulatory and contractual requirements relevant to information security and the organisations approach to meet these requirements should be identified, documented and kept up to date. ;A.5 Organizational controls;A.5.31;Legal, statutory, regulatory and contractual requirements;Legal, statutory, regulatory and contractual requirements relevant to information security and the organisations approach to meet these requirements should be identified, documented and kept up to date. ;MANUAL;Manual check;manual_check;manual;False;Manual check;ISO27001;ISO/IEC 27001 Information Security Management Standard 2022
aws;ISO (the International Organization for Standardization) and IEC (the International Electrotechnical Commission) form the specialized system for worldwide standardization. National bodies that are members of ISO or IEC participate in the development of International Standards through technical committees established by the respective organization to deal with particular fields of technical activity. ISO and IEC technical committees collaborate in fields of mutual interest. Other international organizations, governmental and non-governmental, in liaison with ISO and IEC, also take part in the work.;;;2026-08-29 00:18:02.370487;A.5.32;Intellectual Property Rights;The organisation should implement appropriate procedures to protect intellectual property rights.  ;A.5 Organizational controls;A.5.32;Intellectual Property Rights;The organisation should implement appropriate procedures to protect intellectual property rights.  ;MANUAL;Manual check;manual_check;manual;False;Manual check;ISO27001;ISO/IEC 27001 Information Security Management Standard 2022
aws;ISO (the International Organization for Standardization) and IEC (the International Electrotechnical Commission) form the specialized system for worldwide standardization. National bodies that are members of ISO or IEC participate in the development of International Standards through technical committees established by the respective organization to deal with particular fields of technical activity. ISO and IEC technical committees collaborate in fields of mutual interest. Other international organizations, governmental and non-governmental, in liaison with ISO and IEC, also take part in the work.;;;2026-08-29 00:18:02.370487;A.5.33;Protection Of Records;Records should be protected from loss, destruction, falsification, unauthorised access and unauthorised release.;A.5 Organizational controls;A.5.33;Protection Of Records;Records should be protected from loss, destruction, falsification, unauthorised access and unauthorised release.;MANUAL;Manual check;manual_check;manual;False;Manual check;ISO27001;ISO/IEC 27001 Information Security Management Standard 2022
aws;ISO (the International Organization for Standardization) and IEC (the International Electrotechnical Commission) form the specialized system for worldwide standardization. National bodies that are members of ISO or IEC participate in the development of International Standards through technical committees established by the respective organization to deal with particular fields of technical activity. ISO and IEC technical committees collaborate in fields of mutual interest. Other international organizations, governmental and non-governmental, in liaison with ISO and IEC, also take part in the work.;;;2026-08-29 00:18:02.370487;A.5.34;Privacy And Protection Of PII;The organisation should identify and meet the requirements regarding the preservation of privacy and protection of PII according to applicable laws and regulations and contractual requirements.;A.5 Organizational controls;A.5.34;Privacy And Protection Of PII;The organisation should identify and meet the requirements regarding the preservation of privacy and protection of PII according to applicable laws and regulations and contractual requirements.;MANUAL;Manual check;manual_check;manual;False;Manual check;ISO27001;ISO/IEC 27001 Information Security Management Standard 2022
aws;ISO (the International Organization for Standardization) and IEC (the International Electrotechnical Commission) form the specialized system for worldwide standardization. National bodies that are members of ISO or IEC participate in the development of International Standards through technical committees established by the respective organization to deal with particular fields of technical activity. ISO and IEC technical committees collaborate in fields of mutual interest. Other international organizations, governmental and non-governmental, in liaison with ISO and IEC, also take part in the work.;;;2026-08-29 00:18:02.370487;A.5.35;Independent Review Of Information Security;The organisations approach to managing information security and its implementation including people, processes and technologies should be reviewed independently at planned intervals, or when significant changes occur. ;A.5 Organizational controls;A.5.35;Independent Review Of Information Security;The organisations approach to managing information security and its implementation including people, processes and technologies should be reviewed independently at planned intervals, or when significant changes occur. ;MANUAL;Manual check;manual_check;manual;False;Manual check;ISO27001;ISO/IEC 27001 Information Security Management Standard 2022
aws;ISO (the International Organization for Standardization) and IEC (the International Electrotechnical Commission) form the specialized system for worldwide standardization. National bodies that are members of ISO or IEC participate in the development of International Standards through technical committees established by the respective organization to deal with particular fields of technical activity. ISO and IEC technical committees collaborate in fields of mutual interest. Other international organizations, governmental and non-governmental, in liaison with ISO and IEC, also take part in the work.;;;2026-08-29 00:18:02.370487;A.5.36;Compliance With Policies, Rules And Standards For Information Security;Compliance with the organisations information security policy, topic-specific policies, rules and standards should be regularly reviewed. ;A.5 Organizational controls;A.5.36;Compliance With Policies, Rules And Standards For Information Security;Compliance with the organisations information security policy, topic-specific policies, rules and standards should be regularly reviewed. ;MANUAL;Manual check;manual_check;manual;False;Manual check;ISO27001;ISO/IEC 27001 Information Security Management Standard 2022
aws;ISO (the International Organization for Standardization) and IEC (the International Electrotechnical Commission) form the specialized system for worldwide standardization. National bodies that are members of ISO or IEC participate in the development of International Standards through technical committees established by the respective organization to deal with particular fields of technical activity. ISO and IEC technical committees collaborate in fields of mutual interest. Other international organizations, governmental and non-governmental, in liaison with ISO and IEC, also take part in the work.;;;2026-08-29 00:18:02.370487;A.5.37;Documented Operating Procedures;Operating procedures for information processing facilities should be documented and made available to personnel who need them. ;A.5 Organizational controls;A.5.37;Documented Operating Procedures;Operating procedures for information processing facilities should be documented and made available to personnel who need them. ;MANUAL;Manual check;manual_check;manual;False;Manual check;ISO27001;ISO/IEC 27001 Information Security Management Standard 2022
aws;ISO (the International Organization for Standardization) and IEC (the International Electrotechnical Commission) form the specialized system for worldwide standardization. National bodies that are members of ISO or IEC participate in the development of International Standards through technical committees established by the respective organization to deal with particular fields of technical activity. ISO and IEC technical committees collaborate in fields of mutual interest. Other international organizations, governmental and non-governmental, in liaison with ISO and IEC, also take part in the work.;;;2026-08-29 00:18:02.370487;A.6.1;Screening;Background verification checks on all candidates to become personnel should be carried out prior to joining the organisation and on an ongoing basis taking into consideration applicable laws, regulations and ethics and be proportional to the business requirements, the classification of the information to be accessed and the perceived risks. ;A.6 People controls;A.6.1;Screening;Background verification checks on all candidates to become personnel should be carried out prior to joining the organisation and on an ongoing basis taking into consideration applicable laws, regulations and ethics and be proportional to the business requirements, the classification of the information to be accessed and the perceived risks. ;MANUAL;Manual check;manual_check;manual;False;Manual check;ISO27001;ISO/IEC 27001 Information Security Management Standard 2022
aws;ISO (the International Organization for Standardization) and IEC (the International Electrotechnical Commission) form the specialized system for worldwide standardization. National bodies that are members of ISO or IEC participate in the development of International Standards through technical committees established by the respective organization to deal with particular fields of technical activity. ISO and IEC technical committees collaborate in fields of mutual interest. Other international organizations, governmental and non-governmental, in liaison with ISO and IEC, also take part in the work.;;;2026-08-29 00:18:02.370487;A.6.2;Terms and Conditions Of Employment;The employment contractual agreements should state the personnel’s and the organisations responsibilities for information security. ;A.6 People controls;A.6.2;Terms and Conditions Of Employment;The employment contractual agreements should state the personnel’s and the organisations responsibilities for information security. ;MANUAL;Manual check;manual_check;manual;False;Manual check;ISO27001;ISO/IEC 27001 Information Security Management Standard 2022
aws;ISO (the International Organization for Standardization) and IEC (the International Electrotechnical Commission) form the specialized system for worldwide standardization. National bodies that are members of ISO or IEC participate in the development of International Standards through technical committees established by the respective organization to deal with particular fields of technical activity. ISO and IEC technical committees collaborate in fields of mutual interest. Other international organizations, governmental and non-governmental, in liaison with ISO and IEC, also take part in the work.;;;2026-08-29 00:18:02.370487;A.6.3;Information Security Awareness, Education And Training;Personnel of the organisation and relevant interested parties should receive appropriate information security awareness, education and training and regular updates of the organisations information security policy, topic-specific policies and procedures, as relevant for their job function.;A.6 People controls;A.6.3;Information Security Awareness, Education And Training;Personnel of the organisation and relevant interested parties should receive appropriate information security awareness, education and training and regular updates of the organisations information security policy, topic-specific policies and procedures, as relevant for their job function.;MANUAL;Manual check;manual_check;manual;False;Manual check;ISO27001;ISO/IEC 27001 Information Security Management Standard 2022
aws;ISO (the International Organization for Standardization) and IEC (the International Electrotechnical Commission) form the specialized system for worldwide standardization. National bodies that are members of ISO or IEC participate in the development of International Standards through technical committees established by the respective organization to deal with particular fields of technical activity. ISO and IEC technical committees collaborate in fields of mutual interest. Other international organizations, governmental and non-governmental, in liaison with ISO and IEC, also take part in the work.;;;2026-08-29 00:18:02.370487;A.6.4;Disciplinary Process;A disciplinary process should be formalised and communicated to take actions against personnel and other relevant interested parties who have committed an information security policy violation.;A.6 People controls;A.6.4;Disciplinary Process;A disciplinary process should be formalised and communicated to take actions against personnel and other relevant interested parties who have committed an information security policy violation.;MANUAL;Manual check;manual_check;manual;False;Manual check;ISO27001;ISO/IEC 27001 Information Security Management Standard 2022
aws;ISO (the International Organization for Standardization) and IEC (the International Electrotechnical Commission) form the specialized system for worldwide standardization. National bodies that are members of ISO or IEC participate in the development of International Standards through technical committees established by the respective organization to deal with particular fields of technical activity. ISO and IEC technical committees collaborate in fields of mutual interest. Other international organizations, governmental and non-governmental, in liaison with ISO and IEC, also take part in the work.;;;2026-08-29 00:18:02.370487;A.6.5;Responsibilities After Termination Or Change Of Employment;Information security responsibilities and duties that remain valid after termination or change of employment should be defined, enforced and communicated to relevant personnel and other interested parties.;A.6 People controls;A.6.5;Responsibilities After Termination Or Change Of Employment;Information security responsibilities and duties that remain valid after termination or change of employment should be defined, enforced and communicated to relevant personnel and other interested parties.;MANUAL;Manual check;manual_check;manual;False;Manual check;ISO27001;ISO/IEC 27001 Information Security Management Standard 2022
aws;ISO (the International Organization for Standardization) and IEC (the International Electrotechnical Commission) form the specialized system for worldwide standardization. National bodies that are members of ISO or IEC participate in the development of International Standards through technical committees established by the respective organization to deal with particular fields of technical activity. ISO and IEC technical committees collaborate in fields of mutual interest. Other international organizations, governmental and non-governmental, in liaison with ISO and IEC, also take part in the work.;;;2026-08-29 00:18:02.370487;A.6.6;Confidentiality Or Non-Disclosure Agreements;Confidentiality or non-disclosure agreements reflecting the organisation’s needs for the protection of information should be identified, documented, regularly reviewed and signed by personnel and other relevant interested parties.;A.6 People controls;A.6.6;Confidentiality Or Non-Disclosure Agreements;Confidentiality or non-disclosure agreements reflecting the organisation’s needs for the protection of information should be identified, documented, regularly reviewed and signed by personnel and other relevant interested parties.;MANUAL;Manual check;manual_check;manual;False;Manual check;ISO27001;ISO/IEC 27001 Information Security Management Standard 2022
aws;ISO (the International Organization for Standardization) and IEC (the International Electrotechnical Commission) form the specialized system for worldwide standardization. National bodies that are members of ISO or IEC participate in the development of International Standards through technical committees established by the respective organization to deal with particular fields of technical activity. ISO and IEC technical committees collaborate in fields of mutual interest. Other international organizations, governmental and non-governmental, in liaison with ISO and IEC, also take part in the work.;;;2026-08-29 00:18:02.370487;A.6.7;Remote Working;Security measures should be implemented when personnel are working remotely to protect information accessed, processed or stored outside the organisation’s premises.;A.6 People controls;A.6.7;Remote Working;Security measures should be implemented when personnel are working remotely to protect information accessed, processed or stored outside the organisation’s premises.;MANUAL;Manual check;manual_check;manual;False;Manual check;ISO27001;ISO/IEC 27001 Information Security Management Standard 2022
aws;ISO (the International Organization for Standardization) and IEC (the International Electrotechnical Commission) form the specialized system for worldwide standardization. National bodies that are members of ISO or IEC participate in the development of International Standards through technical committees established by the respective organization to deal with particular fields of technical activity. ISO and IEC technical committees collaborate in fields of mutual interest. Other international organizations, governmental and non-governmental, in liaison with ISO and IEC, also take part in the work.;;;2026-08-29 00:18:02.370487;A.6.8;Information Security Event Reporting;The organisation should provide a mechanism for personnel to report observed or suspected information security events through appropriate channels in a timely manner.;A.6 People controls;A.6.8;Information Security Event Reporting;The organisation should provide a mechanism for personnel to report observed or suspected information security events through appropriate channels in a timely manner.;MANUAL;Manual check;manual_check;manual;False;Manual check;ISO27001;ISO/IEC 27001 Information Security Management Standard 2022
aws;ISO (the International Organization for Standardization) and IEC (the International Electrotechnical Commission) form the specialized system for worldwide standardization. National bodies that are members of ISO or IEC participate in the development of International Standards through technical committees established by the respective organization to deal with particular fields of technical activity. ISO and IEC technical committees collaborate in fields of mutual interest. Other international organizations, governmental and non-governmental, in liaison with ISO and IEC, also take part in the work.;;;2026-08-29 00:18:02.370487;A.7.1;Physical Security Perimeters;To prevent unauthorised physical access, damage and interference to the organisations information and other associated assets.;A.7 Physical controls;A.7.1;Physical Security Perimeters;To prevent unauthorised physical access, damage and interference to the organisations information and other associated assets.;MANUAL;Manual check;manual_check;manual;False;Manual check;ISO27001;ISO/IEC 27001 Information Security Management Standard 2022
aws;ISO (the International Organization for Standardization) and IEC (the International Electrotechnical Commission) form the specialized system for worldwide standardization. National bodies that are members of ISO or IEC participate in the development of International Standards through technical committees established by the respective organization to deal with particular fields of technical activity. ISO and IEC technical committees collaborate in fields of mutual interest. Other international organizations, governmental and non-governmental, in liaison with ISO and IEC, also take part in the work.;;;2026-08-29 00:18:02.370487;A.7.2;Physical Entry;Secure areas should be protected by appropriate entry controls and access points.;A.7 Physical controls;A.7.2;Physical Entry;Secure areas should be protected by appropriate entry controls and access points.;MANUAL;Manual check;manual_check;manual;False;Manual check;ISO27001;ISO/IEC 27001 Information Security Management Standard 2022
aws;ISO (the International Organization for Standardization) and IEC (the International Electrotechnical Commission) form the specialized system for worldwide standardization. National bodies that are members of ISO or IEC participate in the development of International Standards through technical committees established by the respective organization to deal with particular fields of technical activity. ISO and IEC technical committees collaborate in fields of mutual interest. Other international organizations, governmental and non-governmental, in liaison with ISO and IEC, also take part in the work.;;;2026-08-29 00:18:02.370487;A.7.3;Securing Offices, Rooms And Facilities;Physical security for offices, rooms and facilities should be designed and implemented.;A.7 Physical controls;A.7.3;Securing Offices, Rooms And Facilities;Physical security for offices, rooms and facilities should be designed and implemented.;MANUAL;Manual check;manual_check;manual;False;Manual check;ISO27001;ISO/IEC 27001 Information Security Management Standard 2022
aws;ISO (the International Organization for Standardization) and IEC (the International Electrotechnical Commission) form the specialized system for worldwide standardization. National bodies that are members of ISO or IEC participate in the development of International Standards through technical committees established by the respective organization to deal with particular fields of technical activity. ISO and IEC technical committees collaborate in fields of mutual interest. Other international organizations, governmental and non-governmental, in liaison with ISO and IEC, also take part in the work.;;;2026-08-29 00:18:02.370487;A.7.4;Physical Security Monitoring;Premises should be continuously monitored for unauthorised physical access.;A.7 Physical controls;A.7.4;Physical Security Monitoring;Premises should be continuously monitored for unauthorised physical access.;MANUAL;Manual check;manual_check;manual;False;Manual check;ISO27001;ISO/IEC 27001 Information Security Management Standard 2022
aws;ISO (the International Organization for Standardization) and IEC (the International Electrotechnical Commission) form the specialized system for worldwide standardization. National bodies that are members of ISO or IEC participate in the development of International Standards through technical committees established by the respective organization to deal with particular fields of technical activity. ISO and IEC technical committees collaborate in fields of mutual interest. Other international organizations, governmental and non-governmental, in liaison with ISO and IEC, also take part in the work.;;;2026-08-29 00:18:02.370487;A.7.5;Protecting Against Physical and Environmental Threats;Protection against physical and environmental threats, such as natural disasters and other intentional or unintentional physical threats to infrastructure should be designed and implemented.;A.7 Physical controls;A.7.5;Protecting Against Physical and Environmental Threats;Protection against physical and environmental threats, such as natural disasters and other intentional or unintentional physical threats to infrastructure should be designed and implemented.;MANUAL;Manual check;manual_check;manual;False;Manual check;ISO27001;ISO/IEC 27001 Information Security Management Standard 2022
aws;ISO (the International Organization for Standardization) and IEC (the International Electrotechnical Commission) form the specialized system for worldwide standardization. National bodies that are members of ISO or IEC participate in the development of International Standards through technical committees established by the respective organization to deal with particular fields of technical activity. ISO and IEC technical committees collaborate in fields of mutual interest. Other international organizations, governmental and non-governmental, in liaison with ISO and IEC, also take part in the work.;;;2026-08-29 00:18:02.370487;A.7.6;Working In Secure Areas;Security measures for working in secure areas should be designed and implemented.;A.7 Physical controls;A.7.6;Working In Secure Areas;Security measures for working in secure areas should be designed and implemented.;MANUAL;Manual check;manual_check;manual;False;Manual check;ISO27001;ISO/IEC 27001 Information Security Management Standard 2022
aws;ISO (the International Organization for Standardization) and IEC (the International Electrotechnical Commission) form the specialized system for worldwide standardization. National bodies that are members of ISO or IEC participate in the development of International Standards through technical committees established by the respective organization to deal with particular fields of technical activity. ISO and IEC technical committees collaborate in fields of mutual interest. Other international organizations, governmental and non-governmental, in liaison with ISO and IEC, also take part in the work.;;;2026-08-29 00:18:02.370487;A.7.7;Clear Desk And Clear Screen;Clear desk rules for papers and removable storage media and clear screen rules for information processing facilities should be defined and appropriately enforced.;A.7 Physical controls;A.7.7;Clear Desk And Clear Screen;Clear desk rules for papers and removable storage media and clear screen rules for information processing facilities should be defined and appropriately enforced.;MANUAL;Manual check;manual_check;manual;False;Manual check;ISO27001;ISO/IEC 27001 Information Security Management Standard 2022
aws;ISO (the International Organization for Standardization) and IEC (the International Electrotechnical Commission) form the specialized system for worldwide standardization. National bodies that are members of ISO or IEC participate in the development of International Standards through technical committees established by the respective organization to deal with particular fields of technical activity. ISO and IEC technical committees collaborate in fields of mutual interest. Other international organizations, governmental and non-governmental, in liaison with ISO and IEC, also take part in the work.;;;2026-08-29 00:18:02.370487;A.7.8;Equipment Siting And Protection;Equipment should be sited securely and protected.;A.7 Physical controls;A.7.8;Equipment Siting And Protection;Equipment should be sited securely and protected.;MANUAL;Manual check;manual_check;manual;False;Manual check;ISO27001;ISO/IEC 27001 Information Security Management Standard 2022
aws;ISO (the International Organization for Standardization) and IEC (the International Electrotechnical Commission) form the specialized system for worldwide standardization. National bodies that are members of ISO or IEC participate in the development of International Standards through technical committees established by the respective organization to deal with particular fields of technical activity. ISO and IEC technical committees collaborate in fields of mutual interest. Other international organizations, governmental and non-governmental, in liaison with ISO and IEC, also take part in the work.;;;2026-08-29 00:18:02.370487;A.7.9;Security Of Assets Off-Premises;Off-site assets should be protected.;A.7 Physical controls;A.7.9;Security Of Assets Off-Premises;Off-site assets should be protected.;MANUAL;Manual check;manual_check;manual;False;Manual check;ISO27001;ISO/IEC 27001 Information Security Management Standard 2022
aws;ISO (the International Organization for Standardization) and IEC (the International Electrotechnical Commission) form the specialized system for worldwide standardization. National bodies that are members of ISO or IEC participate in the development of International Standards through technical committees established by the respective organization to deal with particular fields of technical activity. ISO and IEC technical committees collaborate in fields of mutual interest. Other international organizations, governmental and non-governmental, in liaison with ISO and IEC, also take part in the work.;;;2026-08-29 00:18:02.370487;A.7.10;Storage Media;Storage media should be managed through their life cycle of acquisition, use, transportation and disposal in accordance with the organisations classification scheme and handling requirements.;A.7 Physical controls;A.7.10;Storage Media;Storage media should be managed through their life cycle of acquisition, use, transportation and disposal in accordance with the organisations classification scheme and handling requirements.;MANUAL;Manual check;manual_check;manual;False;Manual check;ISO27001;ISO/IEC 27001 Information Security Management Standard 2022
aws;ISO (the International Organization for Standardization) and IEC (the International Electrotechnical Commission) form the specialized system for worldwide standardization. National bodies that are members of ISO or IEC participate in the development of International Standards through technical committees established by the respective organization to deal with particular fields of technical activity. ISO and IEC technical committees collaborate in fields of mutual interest. Other international organizations, governmental and non-governmental, in liaison with ISO and IEC, also take part in the work.;;;2026-08-29 00:18:02.370487;A.7.11;Supporting Utilities;Information processing facilities should be protected from power failures and other disruptions caused by failures in supporting utilities.;A.7 Physical controls;A.7.11;Supporting Utilities;Information processing facilities should be protected from power failures and other disruptions caused by failures in supporting utilities.;MANUAL;Manual check;manual_check;manual;False;Manual check;ISO27001;ISO/IEC 27001 Information Security Management Standard 2022
aws;ISO (the International Organization for Standardization) and IEC (the International Electrotechnical Commission) form the specialized system for worldwide standardization. National bodies that are members of ISO or IEC participate in the development of International Standards through technical committees established by the respective organization to deal with particular fields of technical activity. ISO and IEC technical committees collaborate in fields of mutual interest. Other international organizations, governmental and non-governmental, in liaison with ISO and IEC, also take part in the work.;;;2026-08-29 00:18:02.370487;A.7.12;Cabling Security;Cables carrying power, data or supporting information services should be protected from interception;A.7 Physical controls;A.7.12;Cabling Security;Cables carrying power, data or supporting information services should be protected from interception;MANUAL;Manual check;manual_check;manual;False;Manual check;ISO27001;ISO/IEC 27001 Information Security Management Standard 2022
aws;ISO (the International Organization for Standardization) and IEC (the International Electrotechnical Commission) form the specialized system for worldwide standardization. National bodies that are members of ISO or IEC participate in the development of International Standards through technical committees established by the respective organization to deal with particular fields of technical activity. ISO and IEC technical committees collaborate in fields of mutual interest. Other international organizations, governmental and non-governmental, in liaison with ISO and IEC, also take part in the work.;;;2026-08-29 00:18:02.370487;A.7.13;Equipment Maintenance;Equipment should be maintained correctly to ensure availability, integrity and confidentiality of information.;A.7 Physical controls;A.7.13;Equipment Maintenance;Equipment should be maintained correctly to ensure availability, integrity and confidentiality of information.;MANUAL;Manual check;manual_check;manual;False;Manual check;ISO27001;ISO/IEC 27001 Information Security Management Standard 2022
aws;ISO (the International Organization for Standardization) and IEC (the International Electrotechnical Commission) form the specialized system for worldwide standardization. National bodies that are members of ISO or IEC participate in the development of International Standards through technical committees established by the respective organization to deal with particular fields of technical activity. ISO and IEC technical committees collaborate in fields of mutual interest. Other international organizations, governmental and non-governmental, in liaison with ISO and IEC, also take part in the work.;;;2026-08-29 00:18:02.370487;A.7.14;Secure Disposal Or Re-Use Of Equipment;Items of equipment containing storage media should be verified to ensure that any sensitive data and licensed software has been removed or securely overwritten prior to disposal or re-use.;A.7 Physical controls;A.7.14;Secure Disposal Or Re-Use Of Equipment;Items of equipment containing storage media should be verified to ensure that any sensitive data and licensed software has been removed or securely overwritten prior to disposal or re-use.;MANUAL;Manual check;manual_check;manual;False;Manual check;ISO27001;ISO/IEC 27001 Information Security Management Standard 2022
aws;ISO (the International Organization for Standardization) and IEC (the International Electrotechnical Commission) form the specialized system for worldwide standardization. National bodies that are members of ISO or IEC participate in the development of International Standards through technical committees established by the respective organization to deal with particular fields of technical activity. ISO and IEC technical committees collaborate in fields of mutual interest. Other international organizations, governmental and non-governmental, in liaison with ISO and IEC, also take part in the work.;;;2026-08-29 00:18:02.370487;A.8.6;Capacity Management;The use of resources should be monitored and adjusted in line with current and expected capacity requirements.;A.8 Technological controls;A.8.6;Capacity Management;The use of resources should be monitored and adjusted in line with current and expected capacity requirements.;MANUAL;Manual check;manual_check;manual;False;Manual check;ISO27001;ISO/IEC 27001 Information Security Management Standard 2022
aws;ISO (the International Organization for Standardization) and IEC (the International Electrotechnical Commission) form the specialized system for worldwide standardization. National bodies that are members of ISO or IEC participate in the development of International Standards through technical committees established by the respective organization to deal with particular fields of technical activity. ISO and IEC technical committees collaborate in fields of mutual interest. Other international organizations, governmental and non-governmental, in liaison with ISO and IEC, also take part in the work.;;;2026-08-29 00:18:02.370487;A.8.8;Management of Technical Vulnerabilities;Information about technical vulnerabilities of information systems in use should be obtained, the organisations exposure to such vulnerabilities should be evaluated and appropriate measures should be taken.;A.8 Technological controls;A.8.8;Management of Technical Vulnerabilities;Information about technical vulnerabilities of information systems in use should be obtained, the organisations exposure to such vulnerabilities should be evaluated and appropriate measures should be taken.;MANUAL;Manual check;manual_check;manual;False;Manual check;ISO27001;ISO/IEC 27001 Information Security Management Standard 2022
aws;ISO (the International Organization for Standardization) and IEC (the International Electrotechnical Commission) form the specialized system for worldwide standardization. National bodies that are members of ISO or IEC participate in the development of International Standards through technical committees established by the respective organization to deal with particular fields of technical activity. ISO and IEC technical committees collaborate in fields of mutual interest. Other international organizations, governmental and non-governmental, in liaison with ISO and IEC, also take part in the work.;;;2026-08-29 00:18:02.370487;A.8.17;Clock Synchronisation;The clocks of information processing systems used by the organisation should be synchronised to approved time sources.;A.8 Technological controls;A.8.17;Clock Synchronisation;The clocks of information processing systems used by the organisation should be synchronised to approved time sources.;MANUAL;Manual check;manual_check;manual;False;Manual check;ISO27001;ISO/IEC 27001 Information Security Management Standard 2022
aws;ISO (the International Organization for Standardization) and IEC (the International Electrotechnical Commission) form the specialized system for worldwide standardization. National bodies that are members of ISO or IEC participate in the development of International Standards through technical committees established by the respective organization to deal with particular fields of technical activity. ISO and IEC technical committees collaborate in fields of mutual interest. Other international organizations, governmental and non-governmental, in liaison with ISO and IEC, also take part in the work.;;;2026-08-29 00:18:02.370487;A.8.18;Use of Privileged Utility Programs;The use of utility programs that can be capable of overriding system and application controls should be restricted and tightly controlled;A.8 Technological controls;A.8.18;Use of Privileged Utility Programs;The use of utility programs that can be capable of overriding system and application controls should be restricted and tightly controlled;MANUAL;Manual check;manual_check;manual;False;Manual check;ISO27001;ISO/IEC 27001 Information Security Management Standard 2022
aws;ISO (the International Organization for Standardization) and IEC (the International Electrotechnical Commission) form the specialized system for worldwide standardization. National bodies that are members of ISO or IEC participate in the development of International Standards through technical committees established by the respective organization to deal with particular fields of technical activity. ISO and IEC technical committees collaborate in fields of mutual interest. Other international organizations, governmental and non-governmental, in liaison with ISO and IEC, also take part in the work.;;;2026-08-29 00:18:02.370487;A.8.19;Installation of Software on Operational Systems;Procedures and measures should be implemented to securely manage software installation on operational systems.;A.8 Technological controls;A.8.19;Installation of Software on Operational Systems;Procedures and measures should be implemented to securely manage software installation on operational systems.;MANUAL;Manual check;manual_check;manual;False;Manual check;ISO27001;ISO/IEC 27001 Information Security Management Standard 2022
aws;ISO (the International Organization for Standardization) and IEC (the International Electrotechnical Commission) form the specialized system for worldwide standardization. National bodies that are members of ISO or IEC participate in the development of International Standards through technical committees established by the respective organization to deal with particular fields of technical activity. ISO and IEC technical committees collaborate in fields of mutual interest. Other international organizations, governmental and non-governmental, in liaison with ISO and IEC, also take part in the work.;;;2026-08-29 00:18:02.370487;A.8.25;Secure Development Life Cycle;Rules for the secure development of software and systems should be established and applied.;A.8 Technological controls;A.8.25;Secure Development Life Cycle;Rules for the secure development of software and systems should be established and applied.;MANUAL;Manual check;manual_check;manual;False;Manual check;ISO27001;ISO/IEC 27001 Information Security Management Standard 2022
aws;ISO (the International Organization for Standardization) and IEC (the International Electrotechnical Commission) form the specialized system for worldwide standardization. National bodies that are members of ISO or IEC participate in the development of International Standards through technical committees established by the respective organization to deal with particular fields of technical activity. ISO and IEC technical committees collaborate in fields of mutual interest. Other international organizations, governmental and non-governmental, in liaison with ISO and IEC, also take part in the work.;;;2026-08-29 00:18:02.370487;A.8.26;Application Security Requirements;Information security requirements should be identified, specified and approved when developing or acquiring applications.;A.8 Technological controls;A.8.26;Application Security Requirements;Information security requirements should be identified, specified and approved when developing or acquiring applications.;MANUAL;Manual check;manual_check;manual;False;Manual check;ISO27001;ISO/IEC 27001 Information Security Management Standard 2022
aws;ISO (the International Organization for Standardization) and IEC (the International Electrotechnical Commission) form the specialized system for worldwide standardization. National bodies that are members of ISO or IEC participate in the development of International Standards through technical committees established by the respective organization to deal with particular fields of technical activity. ISO and IEC technical committees collaborate in fields of mutual interest. Other international organizations, governmental and non-governmental, in liaison with ISO and IEC, also take part in the work.;;;2026-08-29 00:18:02.370487;A.8.29;Security Testing in Development and Acceptance;Security testing processes should be defined and implemented in the development life cycle.;A.8 Technological controls;A.8.29;Security Testing in Development and Acceptance;Security testing processes should be defined and implemented in the development life cycle.;MANUAL;Manual check;manual_check;manual;False;Manual check;ISO27001;ISO/IEC 27001 Information Security Management Standard 2022
aws;ISO (the International Organization for Standardization) and IEC (the International Electrotechnical Commission) form the specialized system for worldwide standardization. National bodies that are members of ISO or IEC participate in the development of International Standards through technical committees established by the respective organization to deal with particular fields of technical activity. ISO and IEC technical committees collaborate in fields of mutual interest. Other international organizations, governmental and non-governmental, in liaison with ISO and IEC, also take part in the work.;;;2026-08-29 00:18:02.370487;A.8.30;Outsourced Development;The organisation should direct, monitor and review the activities related to outsourced system development.;A.8 Technological controls;A.8.30;Outsourced Development;The organisation should direct, monitor and review the activities related to outsourced system development.;MANUAL;Manual check;manual_check;manual;False;Manual check;ISO27001;ISO/IEC 27001 Information Security Management Standard 2022
aws;ISO (the International Organization for Standardization) and IEC (the International Electrotechnical Commission) form the specialized system for worldwide standardization. National bodies that are members of ISO or IEC participate in the development of International Standards through technical committees established by the respective organization to deal with particular fields of technical activity. ISO and IEC technical committees collaborate in fields of mutual interest. Other international organizations, governmental and non-governmental, in liaison with ISO and IEC, also take part in the work.;;;2026-08-29 00:18:02.370487;A.8.31;Separation of Development, Test and Production Environments;Development, testing and production environments should be separated and secured.;A.8 Technological controls;A.8.31;Separation of Development, Test and Production Environments;Development, testing and production environments should be separated and secured.;MANUAL;Manual check;manual_check;manual;False;Manual check;ISO27001;ISO/IEC 27001 Information Security Management Standard 2022
aws;ISO (the International Organization for Standardization) and IEC (the International Electrotechnical Commission) form the specialized system for worldwide standardization. National bodies that are members of ISO or IEC participate in the development of International Standards through technical committees established by the respective organization to deal with particular fields of technical activity. ISO and IEC technical committees collaborate in fields of mutual interest. Other international organizations, governmental and non-governmental, in liaison with ISO and IEC, also take part in the work.;;;2026-08-29 00:18:02.370487;A.8.32;Change Management;Changes to information processing facilities and information systems should be subject to change management procedures.;A.8 Technological controls;A.8.32;Change Management;Changes to information processing facilities and information systems should be subject to change management procedures.;MANUAL;Manual check;manual_check;manual;False;Manual check;ISO27001;ISO/IEC 27001 Information Security Management Standard 2022
aws;ISO (the International Organization for Standardization) and IEC (the International Electrotechnical Commission) form the specialized system for worldwide standardization. National bodies that are members of ISO or IEC participate in the development of International Standards through technical committees established by the respective organization to deal with particular fields of technical activity. ISO and IEC technical committees collaborate in fields of mutual interest. Other international organizations, governmental and non-governmental, in liaison with ISO and IEC, also take part in the work.;;;2026-08-29 00:18:02.370487;A.8.33;Test Information;Test information should be appropriately selected, protected and managed.;A.8 Technological controls;A.8.33;Test Information;Test information should be appropriately selected, protected and managed.;MANUAL;Manual check;manual_check;manual;False;Manual check;ISO27001;ISO/IEC 27001 Information Security Management Standard 2022
aws;ISO (the International Organization for Standardization) and IEC (the International Electrotechnical Commission) form the specialized system for worldwide standardization. National bodies that are members of ISO or IEC participate in the development of International Standards through technical committees established by the respective organization to deal with particular fields of technical activity. ISO and IEC technical committees collaborate in fields of mutual interest. Other international organizations, governmental and non-governmental, in liaison with ISO and IEC, also take part in the work.;;;2026-08-29 00:18:02.370487;A.8.34;Protection of Information Systems During Audit Testing;Audit tests and other assurance activities involving assessment of operational systems should be planned and agreed between the tester and appropriate management.;A.8 Technological controls;A.8.34;Protection of Information Systems During Audit Testing;Audit tests and other assurance activities involving assessment of operational systems should be planned and agreed between the tester and appropriate management.;MANUAL;Manual check;manual_check;manual;False;Manual check;ISO27001;ISO/IEC 27001 Information Security Management Standard 2022
